#                    1                    2                    3                    4                    5                    6                    7                    8                    9                   10                   11                   12                   13                   14                   15                   16                   17                   18                   19                   20                   21                   22                   23                   24                   25                   26
#               Time |           Sum c**2 |  === coeff_diab ===>
#               [fs] |                 [] |                 [] |
   0.000000000000E+000  1.000000000000E+000  0.000000000000E+000  0.000000000000E+000  1.000000000000E+000  0.000000000000E+000  0.000000000000E+000  0.000000000000E+000  0.000000000000E+000  0.000000000000E+000  0.000000000000E+000  0.000000000000E+000  0.000000000000E+000  0.000000000000E+000
   2.500000000000E-001  1.000000000000E+000 -2.688223561000E-006 -2.607249970946E-013  1.000001937075E+000 -1.814358750667E-010 -2.031631246899E-009  7.722354869349E-007  0.000000000000E+000  0.000000000000E+000  0.000000000000E+000  0.000000000000E+000  0.000000000000E+000  0.000000000000E+000
   5.000000000000E-001  1.000000000000E+000  2.551162821467E-005 -1.167869997092E-012  9.999566708921E-001 -6.503207648966E-010 -2.653758884203E-009  1.781308251497E-005  0.000000000000E+000  0.000000000000E+000  0.000000000000E+000  0.000000000000E+000  0.000000000000E+000  0.000000000000E+000
   7.500000000000E-001  1.000000000000E+000  1.248578250538E-004 -2.646356795530E-012  9.998375147862E-001 -1.055075317762E-009  6.963640714042E-009  3.760440121482E-005  0.000000000000E+000  0.000000000000E+000  0.000000000000E+000  0.000000000000E+000  0.000000000000E+000  0.000000000000E+000
   1.000000000000E+000  1.000000000000E+000  3.584743557249E-004 -4.695073564066E-011  9.996017800907E-001 -5.149839907924E-009  2.568677176876E-008  3.969702875451E-005  0.000000000000E+000  0.000000000000E+000  0.000000000000E+000  0.000000000000E+000  0.000000000000E+000  0.000000000000E+000
   1.250000000000E+000  1.000000000000E+000  8.795246647911E-004 -2.301552195048E-010  9.990846477845E-001 -5.150725630375E-009  4.071273151262E-008  3.580306290711E-005  0.000000000000E+000  0.000000000000E+000  0.000000000000E+000  0.000000000000E+000  0.000000000000E+000  0.000000000000E+000
   1.500000000000E+000  1.000000000000E+000  1.696870495784E-003 -2.552892009443E-010  9.982681511601E-001 -3.132563887032E-009  5.565154178609E-008  3.494118884327E-005  0.000000000000E+000  0.000000000000E+000  0.000000000000E+000  0.000000000000E+000  0.000000000000E+000  0.000000000000E+000
   1.750000000000E+000  1.000000000000E+000  2.754177909099E-003  1.176510402202E-010  9.972099673798E-001  6.717992433321E-010  6.906555221005E-008  3.580753387055E-005  0.000000000000E+000  0.000000000000E+000  0.000000000000E+000  0.000000000000E+000  0.000000000000E+000  0.000000000000E+000
   2.000000000000E+000  1.000000000000E+000  3.799428554207E-003  5.777974769748E-010  9.961640156258E-001  3.609221472895E-009  8.047849982028E-008  3.644930524739E-005  0.000000000000E+000  0.000000000000E+000  0.000000000000E+000  0.000000000000E+000  0.000000000000E+000  0.000000000000E+000
   2.250000000000E+000  1.000000000000E+000  4.459230176060E-003  8.241589084539E-010  9.955041136681E-001  5.793317945909E-009  8.845155225125E-008  3.653591436837E-005  0.000000000000E+000  0.000000000000E+000  0.000000000000E+000  0.000000000000E+000  0.000000000000E+000  0.000000000000E+000
   2.500000000000E+000  1.000000000000E+000  4.502106548072E-003  6.060047873411E-010  9.954614462788E-001  7.545978966988E-009  9.327171329568E-008  3.635006858404E-005  0.000000000000E+000  0.000000000000E+000  0.000000000000E+000  0.000000000000E+000  0.000000000000E+000  0.000000000000E+000
   2.750000000000E+000  1.000000000000E+000  4.237192127205E-003 -1.690951101042E-010  9.957265767401E-001  8.838925870655E-009  9.588340826810E-008  3.614388045036E-005  0.000000000000E+000  0.000000000000E+000  0.000000000000E+000  0.000000000000E+000  0.000000000000E+000  0.000000000000E+000
   3.000000000000E+000  1.000000000000E+000  4.043231185572E-003 -1.330419588021E-009  9.959206558213E-001  9.679279421316E-009  9.707601105172E-008  3.601336405113E-005  0.000000000000E+000  0.000000000000E+000  0.000000000000E+000  0.000000000000E+000  0.000000000000E+000  0.000000000000E+000
   3.250000000000E+000  1.000000000000E+000  4.172266233793E-003 -2.714633454188E-009  9.957916747986E-001  1.008075180271E-008  9.856173310486E-008  3.595795798460E-005  0.000000000000E+000  0.000000000000E+000  0.000000000000E+000  0.000000000000E+000  0.000000000000E+000  0.000000000000E+000
   3.500000000000E+000  1.000000000000E+000  3.652332399767E-003 -3.714755079002E-009  9.963115910305E-001  9.976082493295E-009  1.003420568020E-007  3.597618916669E-005  0.000000000000E+000  0.000000000000E+000  0.000000000000E+000  0.000000000000E+000  0.000000000000E+000  0.000000000000E+000
   3.750000000000E+000  1.000000000000E+000  2.867811389553E-001  1.545058322754E-001  8.131377595083E-001 -1.069652432592E-001 -2.055489800109E-001  5.808948694336E-002  0.000000000000E+000  0.000000000000E+000  0.000000000000E+000  0.000000000000E+000  0.000000000000E+000  0.000000000000E+000
   4.000000000000E+000  1.000000000000E+000  1.785005642324E-001  2.105706089136E-001  6.518161711549E-001 -3.377187037368E-002 -8.498032032208E-002  7.786484639507E-002  0.000000000000E+000  0.000000000000E+000  0.000000000000E+000  0.000000000000E+000  0.000000000000E+000  0.000000000000E+000
   4.250000000000E+000  1.000000000000E+000 -7.970952318216E-002 -1.431057725264E-002  1.123667824852E+000 -1.286218189621E-002 -1.114610748620E-002 -5.639427817132E-003  0.000000000000E+000  0.000000000000E+000  0.000000000000E+000  0.000000000000E+000  0.000000000000E+000  0.000000000000E+000
   4.500000000000E+000  1.000000000000E+000 -1.174839965486E-001 -3.418246550711E-003  1.117254976863E+000 -1.200328017681E-003  3.061114336575E-003  1.786504454550E-003  0.000000000000E+000  0.000000000000E+000  0.000000000000E+000  0.000000000000E+000  0.000000000000E+000  0.000000000000E+000
   4.750000000000E+000  1.000000000000E+000 -1.301912985520E-001 -4.050477479970E-003  1.129687296518E+000 -7.900721425895E-004  2.364762164709E-003  2.979796328377E-003  0.000000000000E+000  0.000000000000E+000  0.000000000000E+000  0.000000000000E+000  0.000000000000E+000  0.000000000000E+000
   5.000000000000E+000  1.000000000000E+000 -1.343341306329E-001 -3.925344332284E-003  1.133208147259E+000 -5.156628422522E-004  1.717852378602E-003  3.849148101781E-003  0.000000000000E+000  0.000000000000E+000  0.000000000000E+000  0.000000000000E+000  0.000000000000E+000  0.000000000000E+000
   5.250000000000E+000  1.000000000000E+000 -1.354430945306E-001 -3.269165324174E-003  1.133692803909E+000 -3.389799709885E-004  1.171140852945E-003  4.187315847444E-003  0.000000000000E+000  0.000000000000E+000  0.000000000000E+000  0.000000000000E+000  0.000000000000E+000  0.000000000000E+000
   5.500000000000E+000  1.000000000000E+000 -1.351115191524E-001 -2.375711622203E-003  1.133001388324E+000 -2.220856762476E-004  7.282314643223E-004  3.979669043630E-003  0.000000000000E+000  0.000000000000E+000  0.000000000000E+000  0.000000000000E+000  0.000000000000E+000  0.000000000000E+000
   5.750000000000E+000  1.000000000000E+000 -1.338227742381E-001 -1.494422554684E-003  1.131743401121E+000 -1.435600818584E-004  3.842587023728E-004  3.333109327785E-003  0.000000000000E+000  0.000000000000E+000  0.000000000000E+000  0.000000000000E+000  0.000000000000E+000  0.000000000000E+000
   6.000000000000E+000  1.000000000000E+000 -1.317027159752E-001 -7.648973180738E-004  1.129996459819E+000 -8.984810511338E-005  1.249845205707E-004  2.436031095437E-003  0.000000000000E+000  0.000000000000E+000  0.000000000000E+000  0.000000000000E+000  0.000000000000E+000  0.000000000000E+000
   6.250000000000E+000  1.000000000000E+000 -1.288113722413E-001 -2.252660740430E-004  1.127683718671E+000 -5.322562686210E-005 -6.524521786934E-005  1.471361120334E-003  0.000000000000E+000  0.000000000000E+000  0.000000000000E+000  0.000000000000E+000  0.000000000000E+000  0.000000000000E+000
   6.500000000000E+000  1.000000000000E+000 -1.251916494454E-001  1.528979211904E-004  1.124696112912E+000 -2.880725842590E-005 -2.019339416736E-004  5.733890331463E-004  0.000000000000E+000  0.000000000000E+000  0.000000000000E+000  0.000000000000E+000  0.000000000000E+000  0.000000000000E+000
   6.750000000000E+000  1.000000000000E+000 -1.208740710618E-001  4.249530115994E-004  1.120945578285E+000 -1.292630286904E-005 -2.988432025277E-004 -1.847002882876E-004  0.000000000000E+000  0.000000000000E+000  0.000000000000E+000  0.000000000000E+000  0.000000000000E+000  0.000000000000E+000
   7.000000000000E+000  1.000000000000E+000 -1.158763243919E-001  6.416217789720E-004  1.116387068124E+000 -2.816351714221E-006 -3.669448641187E-004 -7.825944945429E-004  0.000000000000E+000  0.000000000000E+000  0.000000000000E+000  0.000000000000E+000  0.000000000000E+000  0.000000000000E+000
   7.250000000000E+000  1.000000000000E+000 -1.102050993496E-001  8.338328654647E-004  1.111016187646E+000  3.610464418996E-006 -4.139159575570E-004 -1.234622898618E-003  0.000000000000E+000  0.000000000000E+000  0.000000000000E+000  0.000000000000E+000  0.000000000000E+000  0.000000000000E+000
   7.500000000000E+000  1.000000000000E+000 -1.038615324140E-001  1.010476886612E-003  1.104859461609E+000  7.741810539602E-006 -4.446037973784E-004 -1.571530714749E-003  0.000000000000E+000  0.000000000000E+000  0.000000000000E+000  0.000000000000E+000  0.000000000000E+000  0.000000000000E+000
   7.750000000000E+000  1.000000000000E+000 -9.684712080451E-002  1.165422143123E-003  1.097959156239E+000  1.044849444621E-005 -4.614287058413E-004 -1.826457391307E-003  0.000000000000E+000  0.000000000000E+000  0.000000000000E+000  0.000000000000E+000  0.000000000000E+000  0.000000000000E+000
   8.000000000000E+000  1.000000000000E+000 -8.916775635535E-002  1.285949022318E-003  1.090362359038E+000  1.212787574253E-005 -4.662460524893E-004 -2.026425092440E-003  0.000000000000E+000  0.000000000000E+000  0.000000000000E+000  0.000000000000E+000  0.000000000000E+000  0.000000000000E+000
   8.250000000000E+000  1.000000000000E+000 -8.083643809329E-002  1.361595719423E-003  1.082111432095E+000  1.301874438008E-005 -4.599671253015E-004 -2.189665743303E-003  0.000000000000E+000  0.000000000000E+000  0.000000000000E+000  0.000000000000E+000  0.000000000000E+000  0.000000000000E+000
   8.500000000000E+000  1.000000000000E+000 -7.187265133520E-002  1.387642553939E-003  1.073241241460E+000  1.322328660788E-005 -4.441352153614E-004 -2.325339306332E-003  0.000000000000E+000  0.000000000000E+000  0.000000000000E+000  0.000000000000E+000  0.000000000000E+000  0.000000000000E+000
   8.750000000000E+000  1.000000000000E+000 -6.230108859072E-002  1.366414790352E-003  1.063778708166E+000  1.285334575990E-005 -4.202463169125E-004 -2.436640820517E-003  0.000000000000E+000  0.000000000000E+000  0.000000000000E+000  0.000000000000E+000  0.000000000000E+000  0.000000000000E+000
   9.000000000000E+000  1.000000000000E+000 -5.214927534123E-002  1.305559869824E-003  1.053744557271E+000  1.204726925444E-005 -3.900704596812E-004 -2.522819077998E-003  0.000000000000E+000  0.000000000000E+000  0.000000000000E+000  0.000000000000E+000  0.000000000000E+000  0.000000000000E+000
   9.250000000000E+000  1.000000000000E+000 -4.144586187370E-002  1.215211280061E-003  1.043157095544E+000  1.094842397255E-005 -3.555104170767E-004 -2.581892637657E-003  0.000000000000E+000  0.000000000000E+000  0.000000000000E+000  0.000000000000E+000  0.000000000000E+000  0.000000000000E+000
   9.500000000000E+000  1.000000000000E+000 -3.021970870855E-002  1.105903044622E-003  1.032034458081E+000  9.730891260560E-006 -3.180679652889E-004 -2.612344824778E-003  0.000000000000E+000  0.000000000000E+000  0.000000000000E+000  0.000000000000E+000  0.000000000000E+000  0.000000000000E+000
   9.750000000000E+000  1.000000000000E+000 -1.849945762325E-002  9.862285122197E-004  1.020397966689E+000  8.524273839810E-006 -2.792757593360E-004 -2.614010144574E-003  0.000000000000E+000  0.000000000000E+000  0.000000000000E+000  0.000000000000E+000  0.000000000000E+000  0.000000000000E+000
   1.000000000000E+001  1.000000000000E+000 -6.314229268488E-003  8.628573886863E-004  1.008272625221E+000  7.431335000675E-006 -2.401372789900E-004 -2.588546984625E-003  0.000000000000E+000  0.000000000000E+000  0.000000000000E+000  0.000000000000E+000  0.000000000000E+000  0.000000000000E+000
   1.025000000000E+001  1.000000000000E+000  6.306155863555E-003  7.399585592682E-004  9.956879260926E-001  6.505143678480E-006 -2.015997111274E-004 -2.538965340603E-003  0.000000000000E+000  0.000000000000E+000  0.000000000000E+000  0.000000000000E+000  0.000000000000E+000  0.000000000000E+000
   1.050000000000E+001  1.000000000000E+000  1.933019199938E-002  6.200813035335E-004  9.826774263099E-001  5.773279204250E-006 -1.643625162022E-004 -2.469143613723E-003  0.000000000000E+000  0.000000000000E+000  0.000000000000E+000  0.000000000000E+000  0.000000000000E+000  0.000000000000E+000
   1.075000000000E+001  1.000000000000E+000  3.272459804891E-002  5.048215744872E-004  9.692775479195E-001  5.245348208208E-006 -1.289353316240E-004 -2.383267534559E-003  0.000000000000E+000  0.000000000000E+000  0.000000000000E+000  0.000000000000E+000  0.000000000000E+000  0.000000000000E+000
   1.100000000000E+001  1.000000000000E+000  4.645419142195E-002  3.951953984115E-004  9.555266750728E-001  4.908648665800E-006 -9.579417363347E-005 -2.285188571079E-003  0.000000000000E+000  0.000000000000E+000  0.000000000000E+000  0.000000000000E+000  0.000000000000E+000  0.000000000000E+000
   1.125000000000E+001  1.000000000000E+000  6.048236643905E-002  2.922022912921E-004  9.414642173283E-001  4.728175771524E-006 -6.528700569399E-005 -2.178202305346E-003  0.000000000000E+000  0.000000000000E+000  0.000000000000E+000  0.000000000000E+000  0.000000000000E+000  0.000000000000E+000
   1.150000000000E+001  1.000000000000E+000  7.477112940860E-002  1.968737327236E-004  9.271296347579E-001  4.688130148618E-006 -3.765882332688E-005 -2.064646123044E-003  0.000000000000E+000  0.000000000000E+000  0.000000000000E+000  0.000000000000E+000  0.000000000000E+000  0.000000000000E+000
   1.175000000000E+001  1.000000000000E+000  8.928206604705E-002  1.101985421323E-004  9.125621704983E-001  4.768200384612E-006 -1.307849837729E-005 -1.946109139554E-003  0.000000000000E+000  0.000000000000E+000  0.000000000000E+000  0.000000000000E+000  0.000000000000E+000  0.000000000000E+000
   1.200000000000E+001  1.000000000000E+000  1.039769093207E-001  3.303947502528E-005  8.978002317384E-001  4.949326830360E-006  8.372897054232E-006 -1.823491736634E-003  0.000000000000E+000  0.000000000000E+000  0.000000000000E+000  0.000000000000E+000  0.000000000000E+000  0.000000000000E+000
   1.225000000000E+001  1.000000000000E+000  1.188172078693E-001 -3.386832604315E-005  8.828818586571E-001  5.211581291770E-006  2.671279950449E-005 -1.697136481636E-003  0.000000000000E+000  0.000000000000E+000  0.000000000000E+000  0.000000000000E+000  0.000000000000E+000  0.000000000000E+000
   1.250000000000E+001  1.000000000000E+000  1.337655872192E-001 -9.008575438801E-005  8.678441772366E-001  5.538841741460E-006  4.202193541753E-005 -1.567229788149E-003  0.000000000000E+000  0.000000000000E+000  0.000000000000E+000  0.000000000000E+000  0.000000000000E+000  0.000000000000E+000
   1.275000000000E+001  1.000000000000E+000  1.487851250304E-001 -1.353813865995E-004  8.527238639237E-001  5.896820027893E-006  5.441080209579E-005 -1.433932425681E-003  0.000000000000E+000  0.000000000000E+000  0.000000000000E+000  0.000000000000E+000  0.000000000000E+000  0.000000000000E+000
   1.300000000000E+001  1.000000000000E+000  1.638399305564E-001 -1.699168868318E-004  8.375567982552E-001  6.291075427936E-006  6.409370460365E-005 -1.297209904801E-003  0.000000000000E+000  0.000000000000E+000  0.000000000000E+000  0.000000000000E+000  0.000000000000E+000  0.000000000000E+000
   1.325000000000E+001  1.000000000000E+000  1.788945921381E-001 -1.938683714334E-004  8.223786190296E-001  6.688711291625E-006  7.127954727022E-005 -1.157314006834E-003  0.000000000000E+000  0.000000000000E+000  0.000000000000E+000  0.000000000000E+000  0.000000000000E+000  0.000000000000E+000
   1.350000000000E+001  1.000000000000E+000  1.939153473129E-001 -2.076800462189E-004  8.072235354690E-001  7.086739452480E-006  7.621130451898E-005 -1.014512603000E-003  0.000000000000E+000  0.000000000000E+000  0.000000000000E+000  0.000000000000E+000  0.000000000000E+000  0.000000000000E+000
   1.375000000000E+001  1.000000000000E+000  2.088690194212E-001 -2.118277050775E-004  7.921253098017E-001  7.473688798810E-006  7.912512782152E-005 -8.691310636923E-004  0.000000000000E+000  0.000000000000E+000  0.000000000000E+000  0.000000000000E+000  0.000000000000E+000  0.000000000000E+000
   1.400000000000E+001  1.000000000000E+000  2.237234855681E-001 -2.068303773661E-004  7.771167562886E-001  7.840297447097E-006  8.026242266893E-005 -7.215199666966E-004  0.000000000000E+000  0.000000000000E+000  0.000000000000E+000  0.000000000000E+000  0.000000000000E+000  0.000000000000E+000
   1.425000000000E+001  1.000000000000E+000  2.384476737508E-001 -1.932030743380E-004  7.622293669198E-001  8.192182111299E-006  7.990285235058E-005 -5.719555203469E-004  0.000000000000E+000  0.000000000000E+000  0.000000000000E+000  0.000000000000E+000  0.000000000000E+000  0.000000000000E+000
   1.450000000000E+001  1.000000000000E+000  2.530123252460E-001 -1.714903265832E-004  7.474932491279E-001  8.519419816260E-006  7.824547816302E-005 -4.208319075308E-004  0.000000000000E+000  0.000000000000E+000  0.000000000000E+000  0.000000000000E+000  0.000000000000E+000  0.000000000000E+000
   1.475000000000E+001  1.000000000000E+000  2.673891595691E-001 -1.421775762899E-004  7.329370234106E-001  8.828087398218E-006  7.554883810202E-005 -2.684005064295E-004  0.000000000000E+000  0.000000000000E+000  0.000000000000E+000  0.000000000000E+000  0.000000000000E+000  0.000000000000E+000
   1.500000000000E+001  1.000000000000E+000  2.815512895541E-001 -1.057859734933E-004  7.185882689191E-001  9.128619012400E-006  7.202647117340E-005 -1.148975388488E-004  0.000000000000E+000  0.000000000000E+000  0.000000000000E+000  0.000000000000E+000  0.000000000000E+000  0.000000000000E+000
   1.525000000000E+001  1.000000000000E+000  2.954737780654E-001 -6.280254234036E-005  7.044723929174E-001  9.421011738570E-006  6.786281421766E-005  3.936999262775E-005  0.000000000000E+000  0.000000000000E+000  0.000000000000E+000  0.000000000000E+000  0.000000000000E+000  0.000000000000E+000
   1.550000000000E+001  1.000000000000E+000  3.091328689569E-001 -1.372195894030E-005  6.906137877189E-001  9.711220882840E-006  6.323858402195E-005  1.941279271278E-004  0.000000000000E+000  0.000000000000E+000  0.000000000000E+000  0.000000000000E+000  0.000000000000E+000  0.000000000000E+000
   1.575000000000E+001  1.000000000000E+000  3.225067481508E-001  4.091391336130E-005  6.770348682188E-001  1.001191725026E-005  5.831491750633E-005  3.491337272429E-004  0.000000000000E+000  0.000000000000E+000  0.000000000000E+000  0.000000000000E+000  0.000000000000E+000  0.000000000000E+000
   1.600000000000E+001  1.000000000000E+000  3.355751629603E-001  1.006296958570E-004  6.637566139181E-001  1.032686799569E-005  5.323185033182E-005  5.040440449014E-004  0.000000000000E+000  0.000000000000E+000  0.000000000000E+000  0.000000000000E+000  0.000000000000E+000  0.000000000000E+000
   1.625000000000E+001  1.000000000000E+000  3.483198185342E-001  1.649118369574E-004  6.507979632160E-001  1.066291462090E-005  4.810641604226E-005  6.585231590865E-004  0.000000000000E+000  0.000000000000E+000  0.000000000000E+000  0.000000000000E+000  0.000000000000E+000  0.000000000000E+000
   1.650000000000E+001  1.000000000000E+000  3.160908692570E-001 -2.349250609420E-003  6.898427908012E-001 -2.346712220222E-003 -1.177872329945E-003 -5.984868376366E-005  0.000000000000E+000  0.000000000000E+000  0.000000000000E+000  0.000000000000E+000  0.000000000000E+000  0.000000000000E+000
   1.675000000000E+001  1.000000000000E+000  3.223540608329E-001 -2.638241344030E-003  6.836087126139E-001 -2.384548870855E-003 -1.173918996812E-003  2.339218241353E-004  0.000000000000E+000  0.000000000000E+000  0.000000000000E+000  0.000000000000E+000  0.000000000000E+000  0.000000000000E+000
   1.700000000000E+001  1.000000000000E+000  3.719752677824E-001 -3.379715921814E-004  6.267789400281E-001 -5.852158887251E-005 -9.023974193117E-005  1.732510300339E-003  0.000000000000E+000  0.000000000000E+000  0.000000000000E+000  0.000000000000E+000  0.000000000000E+000  0.000000000000E+000
   1.725000000000E+001  1.000000000000E+000  3.828895208764E-001 -1.862828717464E-004  6.154208128472E-001 -5.796861785403E-005 -8.083524326532E-005  2.014783476257E-003  0.000000000000E+000  0.000000000000E+000  0.000000000000E+000  0.000000000000E+000  0.000000000000E+000  0.000000000000E+000
   1.750000000000E+001  1.000000000000E+000  3.935451048384E-001 -5.832478113362E-005  6.044483259914E-001 -5.216342233421E-005 -6.994086687422E-005  2.186999977865E-003  0.000000000000E+000  0.000000000000E+000  0.000000000000E+000  0.000000000000E+000  0.000000000000E+000  0.000000000000E+000
   1.775000000000E+001  1.000000000000E+000  4.039726250449E-001  5.436855497578E-005  5.938218222101E-001 -4.624744745813E-005 -6.209965994668E-005  2.259515724510E-003  0.000000000000E+000  0.000000000000E+000  0.000000000000E+000  0.000000000000E+000  0.000000000000E+000  0.000000000000E+000
   1.800000000000E+001  1.000000000000E+000  4.140679026787E-001  1.543064112639E-004  5.835995515752E-001 -3.852387143192E-005 -5.495837112228E-005  2.271729173197E-003  0.000000000000E+000  0.000000000000E+000  0.000000000000E+000  0.000000000000E+000  0.000000000000E+000  0.000000000000E+000
   1.825000000000E+001  1.000000000000E+000  4.237542649278E-001  2.496147445513E-004  5.738169642487E-001 -3.045850160797E-005 -4.927301882347E-005  2.258909798884E-003  0.000000000000E+000  0.000000000000E+000  0.000000000000E+000  0.000000000000E+000  0.000000000000E+000  0.000000000000E+000
   1.850000000000E+001  1.000000000000E+000  4.329862119335E-001  3.457939290726E-004  5.644828717295E-001 -2.182948429005E-005 -4.431850513833E-005  2.251295237716E-003  0.000000000000E+000  0.000000000000E+000  0.000000000000E+000  0.000000000000E+000  0.000000000000E+000  0.000000000000E+000
   1.875000000000E+001  1.000000000000E+000  4.417497784784E-001  4.473208554703E-004  5.555901674196E-001 -1.303876389370E-005 -4.008792276755E-005  2.265881645254E-003  0.000000000000E+000  0.000000000000E+000  0.000000000000E+000  0.000000000000E+000  0.000000000000E+000  0.000000000000E+000
   1.900000000000E+001  1.000000000000E+000  4.500538632453E-001  5.555960839763E-004  5.471223218997E-001 -4.086618415399E-006 -3.631585369338E-005  2.308618973460E-003  0.000000000000E+000  0.000000000000E+000  0.000000000000E+000  0.000000000000E+000  0.000000000000E+000  0.000000000000E+000
   1.925000000000E+001  1.000000000000E+000  4.579213290541E-001  6.697933267201E-004  5.390605679765E-001  4.867564541207E-006 -3.294271951292E-005  2.376421086262E-003  0.000000000000E+000  0.000000000000E+000  0.000000000000E+000  0.000000000000E+000  0.000000000000E+000  0.000000000000E+000
   1.950000000000E+001  1.000000000000E+000  4.653790404825E-001  7.871561090773E-004  5.313884360366E-001  1.373354989711E-005 -2.989196144453E-005  2.461527829131E-003  0.000000000000E+000  0.000000000000E+000  0.000000000000E+000  0.000000000000E+000  0.000000000000E+000  0.000000000000E+000
   1.975000000000E+001  1.000000000000E+000  4.724514229825E-001  9.042060092626E-004  5.240942642917E-001  2.235641118968E-005 -2.713191584835E-005  2.554840333342E-003  0.000000000000E+000  0.000000000000E+000  0.000000000000E+000  0.000000000000E+000  0.000000000000E+000  0.000000000000E+000
   2.000000000000E+001  1.000000000000E+000  4.791568218463E-001  1.017458404733E-003  5.171710921471E-001  3.059871446607E-005 -2.463563619698E-005  2.648654527914E-003  0.000000000000E+000  0.000000000000E+000  0.000000000000E+000  0.000000000000E+000  0.000000000000E+000  0.000000000000E+000
   2.025000000000E+001  1.000000000000E+000  4.855061626337E-001  1.124227208493E-003  5.106158972633E-001  3.830939251642E-005 -2.238773991197E-005  2.737800496472E-003  0.000000000000E+000  0.000000000000E+000  0.000000000000E+000  0.000000000000E+000  0.000000000000E+000  0.000000000000E+000
   2.050000000000E+001  1.000000000000E+000  4.915040799018E-001  1.222802952010E-003  5.044281350473E-001  4.537614659906E-005 -2.036410859333E-005  2.819979258977E-003  0.000000000000E+000  0.000000000000E+000  0.000000000000E+000  0.000000000000E+000  0.000000000000E+000  0.000000000000E+000
   2.075000000000E+001  1.000000000000E+000  4.971502703471E-001  1.312498728973E-003  4.986089137424E-001  5.171232293180E-005 -1.854594608152E-005  2.895117656609E-003  0.000000000000E+000  0.000000000000E+000  0.000000000000E+000  0.000000000000E+000  0.000000000000E+000  0.000000000000E+000
   2.100000000000E+001  1.000000000000E+000  5.024445628404E-001  1.393484431610E-003  4.931568555132E-001  5.726512266284E-005 -1.690724123009E-005  2.964748524238E-003  0.000000000000E+000  0.000000000000E+000  0.000000000000E+000  0.000000000000E+000  0.000000000000E+000  0.000000000000E+000
   2.125000000000E+001  1.000000000000E+000  5.073862800264E-001  1.466357402243E-003  4.880699112931E-001  6.201123045388E-005 -1.542693351675E-005  3.030896311846E-003  0.000000000000E+000  0.000000000000E+000  0.000000000000E+000  0.000000000000E+000  0.000000000000E+000  0.000000000000E+000
   2.150000000000E+001  1.000000000000E+000  5.117505706339E-001  1.523231229273E-003  4.836019672714E-001  6.587839888957E-005 -1.421101307796E-005  3.072552636671E-003  0.000000000000E+000  0.000000000000E+000  0.000000000000E+000  0.000000000000E+000  0.000000000000E+000  0.000000000000E+000
   2.175000000000E+001  1.000000000000E+000  5.161591243731E-001  1.590994099022E-003  4.790332224058E-001  6.909719330232E-005 -1.285657920882E-005  3.160408138639E-003  0.000000000000E+000  0.000000000000E+000  0.000000000000E+000  0.000000000000E+000  0.000000000000E+000  0.000000000000E+000
   2.200000000000E+001  1.000000000000E+000  5.198555308061E-001  1.635533050044E-003  4.752462466542E-001  7.142360678954E-005 -1.186041328460E-005  3.203129492221E-003  0.000000000000E+000  0.000000000000E+000  0.000000000000E+000  0.000000000000E+000  0.000000000000E+000  0.000000000000E+000
   2.225000000000E+001  1.000000000000E+000  5.235667727656E-001  1.691221535838E-003  4.713882279559E-001  7.314847833093E-005 -1.071671372438E-005  3.291350133982E-003  0.000000000000E+000  0.000000000000E+000  0.000000000000E+000  0.000000000000E+000  0.000000000000E+000  0.000000000000E+000
   2.250000000000E+001  1.000000000000E+000  5.266317831707E-001  1.724296746617E-003  4.682455855796E-001  7.405968093711E-005 -9.890661294875E-006  3.334158399065E-003  0.000000000000E+000  0.000000000000E+000  0.000000000000E+000  0.000000000000E+000  0.000000000000E+000  0.000000000000E+000
   2.275000000000E+001  1.000000000000E+000  5.296912851430E-001  1.768257861540E-003  4.650549548809E-001  7.444257235383E-005 -8.917113444612E-006  3.419996230180E-003  0.000000000000E+000  0.000000000000E+000  0.000000000000E+000  0.000000000000E+000  0.000000000000E+000  0.000000000000E+000
   2.300000000000E+001  1.000000000000E+000  5.321681486576E-001  1.790306691593E-003  4.625157026048E-001  7.412224424286E-005 -8.229861070791E-006  3.459953241988E-003  0.000000000000E+000  0.000000000000E+000  0.000000000000E+000  0.000000000000E+000  0.000000000000E+000  0.000000000000E+000
   2.325000000000E+001  1.000000000000E+000  5.346235031996E-001  1.823006000955E-003  4.599474827010E-001  7.336970646612E-005 -7.400943288562E-006  3.540054982092E-003  0.000000000000E+000  0.000000000000E+000  0.000000000000E+000  0.000000000000E+000  0.000000000000E+000  0.000000000000E+000
   2.350000000000E+001  1.000000000000E+000  5.365558360272E-001  1.834961642456E-003  4.579693119368E-001  7.204365574455E-005 -6.830727987462E-006  3.574663929436E-003  0.000000000000E+000  0.000000000000E+000  0.000000000000E+000  0.000000000000E+000  0.000000000000E+000  0.000000000000E+000
   2.375000000000E+001  1.000000000000E+000  5.384535781223E-001  1.857610024753E-003  4.559777032062E-001  7.041233078832E-005 -6.118235250552E-006  3.646786415669E-003  0.000000000000E+000  0.000000000000E+000  0.000000000000E+000  0.000000000000E+000  0.000000000000E+000  0.000000000000E+000
   2.400000000000E+001  1.000000000000E+000  5.398836198188E-001  1.861120660902E-003  4.545178307510E-001  6.834301346178E-005 -5.648507594041E-006  3.674729187029E-003  0.000000000000E+000  0.000000000000E+000  0.000000000000E+000  0.000000000000E+000  0.000000000000E+000  0.000000000000E+000
   2.425000000000E+001  1.000000000000E+000  5.412693379714E-001  1.875471544364E-003  4.530563495732E-001  6.609475129678E-005 -5.039256401568E-006  3.737769015981E-003  0.000000000000E+000  0.000000000000E+000  0.000000000000E+000  0.000000000000E+000  0.000000000000E+000  0.000000000000E+000
   2.450000000000E+001  1.000000000000E+000  5.422394797702E-001  1.872496265909E-003  4.520705393399E-001  6.354436228673E-005 -4.654692240732E-006  3.758584646746E-003  0.000000000000E+000  0.000000000000E+000  0.000000000000E+000  0.000000000000E+000  0.000000000000E+000  0.000000000000E+000
   2.475000000000E+001  1.000000000000E+000  5.431594528141E-001  1.880440557000E-003  4.510912373047E-001  6.093917856808E-005 -4.130469041393E-006  3.812020340765E-003  0.000000000000E+000  0.000000000000E+000  0.000000000000E+000  0.000000000000E+000  0.000000000000E+000  0.000000000000E+000
   2.500000000000E+001  1.000000000000E+000  5.437131447939E-001  1.872853042422E-003  4.505341957476E-001  5.815686132734E-005 -3.813244819891E-006  3.825430190729E-003  0.000000000000E+000  0.000000000000E+000  0.000000000000E+000  0.000000000000E+000  0.000000000000E+000  0.000000000000E+000
   2.525000000000E+001  1.000000000000E+000  5.442148771089E-001  1.876058025402E-003  4.499881638210E-001  5.542262816713E-005 -3.362506884091E-006  3.868846551401E-003  0.000000000000E+000  0.000000000000E+000  0.000000000000E+000  0.000000000000E+000  0.000000000000E+000  0.000000000000E+000
   2.550000000000E+001  1.000000000000E+000  5.443968255633E-001  1.865417810978E-003  4.498136462965E-001  5.261905686349E-005 -3.100812472391E-006  3.874584818187E-003  0.000000000000E+000  0.000000000000E+000  0.000000000000E+000  0.000000000000E+000  0.000000000000E+000  0.000000000000E+000
   2.575000000000E+001  1.000000000000E+000  5.443640679848E-001  1.854064967595E-003  4.498576454066E-001  4.988191385354E-005 -2.863587963140E-006  3.877174348427E-003  0.000000000000E+000  0.000000000000E+000  0.000000000000E+000  0.000000000000E+000  0.000000000000E+000  0.000000000000E+000
   2.600000000000E+001  1.000000000000E+000  5.443596009348E-001  1.858672647808E-003  4.498154729862E-001  4.733655450870E-005 -2.429826736044E-006  3.921356734269E-003  0.000000000000E+000  0.000000000000E+000  0.000000000000E+000  0.000000000000E+000  0.000000000000E+000  0.000000000000E+000
   2.625000000000E+001  1.000000000000E+000  5.440634901844E-001  1.845624932165E-003  4.501329340319E-001  4.479103325658E-005 -2.235366032796E-006  3.915395817128E-003  0.000000000000E+000  0.000000000000E+000  0.000000000000E+000  0.000000000000E+000  0.000000000000E+000  0.000000000000E+000
   2.650000000000E+001  1.000000000000E+000  5.435895662737E-001  1.832311233652E-003  4.506320271826E-001  4.240071682630E-005 -2.058789227550E-006  3.905756141601E-003  0.000000000000E+000  0.000000000000E+000  0.000000000000E+000  0.000000000000E+000  0.000000000000E+000  0.000000000000E+000
   2.675000000000E+001  1.000000000000E+000  5.431418517088E-001  1.833216635692E-003  4.510547027382E-001  4.025884067613E-005 -1.708464075056E-006  3.931671986899E-003  0.000000000000E+000  0.000000000000E+000  0.000000000000E+000  0.000000000000E+000  0.000000000000E+000  0.000000000000E+000
   2.700000000000E+001  1.000000000000E+000  5.424711166176E-001  1.819132694040E-003  4.517596970455E-001  3.818818587292E-005 -1.565268409783E-006  3.913461070086E-003  0.000000000000E+000  0.000000000000E+000  0.000000000000E+000  0.000000000000E+000  0.000000000000E+000  0.000000000000E+000
   2.725000000000E+001  1.000000000000E+000  5.416555455848E-001  1.805318861365E-003  4.526119599677E-001  3.631243533522E-005 -1.435109354611E-006  3.892309891177E-003  0.000000000000E+000  0.000000000000E+000  0.000000000000E+000  0.000000000000E+000  0.000000000000E+000  0.000000000000E+000
   2.750000000000E+001  1.000000000000E+000  5.407008735838E-001  1.792171377813E-003  4.536044128199E-001  3.463476139060E-005 -1.315408557647E-006  3.869221721177E-003  0.000000000000E+000  0.000000000000E+000  0.000000000000E+000  0.000000000000E+000  0.000000000000E+000  0.000000000000E+000
   2.775000000000E+001  1.000000000000E+000  5.398280392932E-001  1.794679307675E-003  4.544597087668E-001  3.323552547748E-005 -9.986674116711E-007  3.885345350392E-003  0.000000000000E+000  0.000000000000E+000  0.000000000000E+000  0.000000000000E+000  0.000000000000E+000  0.000000000000E+000
   2.800000000000E+001  1.000000000000E+000  5.387947024100E-001  1.781103712667E-003  4.555388907331E-001  3.190094837157E-005 -9.003124298900E-007  3.854313855336E-003  0.000000000000E+000  0.000000000000E+000  0.000000000000E+000  0.000000000000E+000  0.000000000000E+000  0.000000000000E+000
   2.825000000000E+001  1.000000000000E+000  5.376596895028E-001  1.767881330650E-003  4.567214999702E-001  3.075059749351E-005 -8.103756720213E-007  3.821013767090E-003  0.000000000000E+000  0.000000000000E+000  0.000000000000E+000  0.000000000000E+000  0.000000000000E+000  0.000000000000E+000
   2.850000000000E+001  1.000000000000E+000  5.364270568500E-001  1.755395500252E-003  4.580018071111E-001  2.977433677705E-005 -7.262042301941E-007  3.786659322920E-003  0.000000000000E+000  0.000000000000E+000  0.000000000000E+000  0.000000000000E+000  0.000000000000E+000  0.000000000000E+000
   2.875000000000E+001  1.000000000000E+000  5.351030521744E-001  1.743722849672E-003  4.593732007517E-001  2.895960930596E-005 -6.457769267293E-007  3.751731492328E-003  0.000000000000E+000  0.000000000000E+000  0.000000000000E+000  0.000000000000E+000  0.000000000000E+000  0.000000000000E+000
   2.900000000000E+001  1.000000000000E+000  5.339091989983E-001  1.745931360868E-003  4.605644557189E-001  2.836566342016E-005 -3.830368443533E-007  3.752448954085E-003  0.000000000000E+000  0.000000000000E+000  0.000000000000E+000  0.000000000000E+000  0.000000000000E+000  0.000000000000E+000
   2.925000000000E+001  1.000000000000E+000  5.326329630946E-001  1.733262912466E-003  4.618957289586E-001  2.778464571978E-005 -3.142681668453E-007  3.710582990945E-003  0.000000000000E+000  0.000000000000E+000  0.000000000000E+000  0.000000000000E+000  0.000000000000E+000  0.000000000000E+000
   2.950000000000E+001  1.000000000000E+000  5.313024422698E-001  1.720771120540E-003  4.632820644547E-001  2.731922743830E-005 -2.496414585284E-007  3.667652499769E-003  0.000000000000E+000  0.000000000000E+000  0.000000000000E+000  0.000000000000E+000  0.000000000000E+000  0.000000000000E+000
   2.975000000000E+001  1.000000000000E+000  5.299193818737E-001  1.708929208176E-003  4.647198550388E-001  2.695672804223E-005 -1.866058698673E-007  3.625105229221E-003  0.000000000000E+000  0.000000000000E+000  0.000000000000E+000  0.000000000000E+000  0.000000000000E+000  0.000000000000E+000
   3.000000000000E+001  1.000000000000E+000  5.284877667746E-001  1.697870955641E-003  4.662042372365E-001  2.668169429826E-005 -1.237361562242E-007  3.583549108627E-003  0.000000000000E+000  0.000000000000E+000  0.000000000000E+000  0.000000000000E+000  0.000000000000E+000  0.000000000000E+000
   3.025000000000E+001  1.000000000000E+000  5.270135096674E-001  1.687485455938E-003  4.677295585912E-001  2.647765824919E-005 -6.022890826401E-008  3.542988611829E-003  0.000000000000E+000  0.000000000000E+000  0.000000000000E+000  0.000000000000E+000  0.000000000000E+000  0.000000000000E+000
   3.050000000000E+001  1.000000000000E+000  5.255035449463E-001  1.677514235059E-003  4.692895531461E-001  2.632785601257E-005  3.836674574765E-009  3.503059862132E-003  0.000000000000E+000  0.000000000000E+000  0.000000000000E+000  0.000000000000E+000  0.000000000000E+000  0.000000000000E+000
   3.075000000000E+001  1.000000000000E+000  5.242101623322E-001  1.677254272422E-003  4.705963963957E-001  2.627380821445E-005  2.061798080836E-007  3.489713304593E-003  0.000000000000E+000  0.000000000000E+000  0.000000000000E+000  0.000000000000E+000  0.000000000000E+000  0.000000000000E+000
   3.100000000000E+001  1.000000000000E+000  5.229160310266E-001  1.664746365571E-003  4.719496599195E-001  2.614348827417E-005  2.654948819343E-007  3.443148693739E-003  0.000000000000E+000  0.000000000000E+000  0.000000000000E+000  0.000000000000E+000  0.000000000000E+000  0.000000000000E+000
   3.125000000000E+001  1.000000000000E+000  5.216217675412E-001  1.652066865173E-003  4.733029999823E-001  2.602978859877E-005  3.221974872900E-007  3.396791370393E-003  0.000000000000E+000  0.000000000000E+000  0.000000000000E+000  0.000000000000E+000  0.000000000000E+000  0.000000000000E+000
   3.150000000000E+001  1.000000000000E+000  5.203246209509E-001  1.639982868248E-003  4.746565766988E-001  2.592890766717E-005  3.787606026539E-007  3.352544867200E-003  0.000000000000E+000  0.000000000000E+000  0.000000000000E+000  0.000000000000E+000  0.000000000000E+000  0.000000000000E+000
   3.175000000000E+001  1.000000000000E+000  5.190247361909E-001  1.628844240351E-003  4.760088613170E-001  2.583469631302E-005  4.369057506937E-007  3.311285726381E-003  0.000000000000E+000  0.000000000000E+000  0.000000000000E+000  0.000000000000E+000  0.000000000000E+000  0.000000000000E+000
   3.200000000000E+001  1.000000000000E+000  5.177250579834E-001  1.618664327904E-003  4.773570093838E-001  2.574035157232E-005  4.972976885601E-007  3.273063994058E-003  0.000000000000E+000  0.000000000000E+000  0.000000000000E+000  0.000000000000E+000  0.000000000000E+000  0.000000000000E+000
   3.225000000000E+001  1.000000000000E+000  5.164300719054E-001  1.609226411485E-003  4.786971004953E-001  2.563735284118E-005  5.597001506006E-007  3.237417523373E-003  0.000000000000E+000  0.000000000000E+000  0.000000000000E+000  0.000000000000E+000  0.000000000000E+000  0.000000000000E+000
   3.250000000000E+001  1.000000000000E+000  5.151450059840E-001  1.600220002680E-003  4.800249712641E-001  2.551886422227E-005  6.233940188852E-007  3.203645275664E-003  0.000000000000E+000  0.000000000000E+000  0.000000000000E+000  0.000000000000E+000  0.000000000000E+000  0.000000000000E+000
   3.275000000000E+001  1.000000000000E+000  5.138750900891E-001  1.591334244291E-003  4.813364382343E-001  2.537877251471E-005  6.873370831555E-007  3.171066007050E-003  0.000000000000E+000  0.000000000000E+000  0.000000000000E+000  0.000000000000E+000  0.000000000000E+000  0.000000000000E+000
   3.300000000000E+001  1.000000000000E+000  5.126249064752E-001  1.582333106714E-003  4.826276255985E-001  2.521335668284E-005  7.504628949190E-007  3.139149728061E-003  0.000000000000E+000  0.000000000000E+000  0.000000000000E+000  0.000000000000E+000  0.000000000000E+000  0.000000000000E+000
   3.325000000000E+001  1.000000000000E+000  5.117119302454E-001  1.573944525405E-003  4.835780768121E-001  2.502955325902E-005  8.265792381295E-007  3.110164711040E-003  0.000000000000E+000  0.000000000000E+000  0.000000000000E+000  0.000000000000E+000  0.000000000000E+000  0.000000000000E+000
   3.350000000000E+001  1.000000000000E+000  5.108449146386E-001  1.561779353943E-003  4.844954698859E-001  2.476243006454E-005  8.878022133940E-007  3.072189682095E-003  0.000000000000E+000  0.000000000000E+000  0.000000000000E+000  0.000000000000E+000  0.000000000000E+000  0.000000000000E+000
   3.375000000000E+001  1.000000000000E+000  5.100249230124E-001  1.549670806804E-003  4.853643974044E-001  2.447615124213E-005  9.435629724761E-007  3.035607501616E-003  0.000000000000E+000  0.000000000000E+000  0.000000000000E+000  0.000000000000E+000  0.000000000000E+000  0.000000000000E+000
   3.400000000000E+001  1.000000000000E+000  5.092432629571E-001  1.538737931046E-003  4.861900208526E-001  2.418185960034E-005  9.977940800477E-007  3.002781562516E-003  0.000000000000E+000  0.000000000000E+000  0.000000000000E+000  0.000000000000E+000  0.000000000000E+000  0.000000000000E+000
   3.425000000000E+001  1.000000000000E+000  5.084957019375E-001  1.529524922492E-003  4.869750782720E-001  2.388482354259E-005  1.053055170987E-006  2.974773205446E-003  0.000000000000E+000  0.000000000000E+000  0.000000000000E+000  0.000000000000E+000  0.000000000000E+000  0.000000000000E+000
   3.450000000000E+001  1.000000000000E+000  5.077814362148E-001  1.522105815710E-003  4.877201575987E-001  2.358779646390E-005  1.110831337035E-006  2.951578661100E-003  0.000000000000E+000  0.000000000000E+000  0.000000000000E+000  0.000000000000E+000  0.000000000000E+000  0.000000000000E+000
   3.475000000000E+001  1.000000000000E+000  5.071025386405E-001  1.516229600664E-003  4.884243088457E-001  2.329038553978E-005  1.170986734993E-006  2.932500077209E-003  0.000000000000E+000  0.000000000000E+000  0.000000000000E+000  0.000000000000E+000  0.000000000000E+000  0.000000000000E+000
   3.500000000000E+001  1.000000000000E+000  5.064620039227E-001  1.511490519826E-003  4.890857340292E-001  2.299138190402E-005  1.232540621415E-006  2.916525675064E-003  0.000000000000E+000  0.000000000000E+000  0.000000000000E+000  0.000000000000E+000  0.000000000000E+000  0.000000000000E+000
   3.525000000000E+001  1.000000000000E+000  5.058632631908E-001  1.507467836538E-003  4.897026679144E-001  2.269026193270E-005  1.294034862604E-006  2.902629971058E-003  0.000000000000E+000  0.000000000000E+000  0.000000000000E+000  0.000000000000E+000  0.000000000000E+000  0.000000000000E+000
   3.550000000000E+001  1.000000000000E+000  5.053087392074E-001  1.503816105335E-003  4.902737006844E-001  2.238701387448E-005  1.353906579259E-006  2.889982035601E-003  0.000000000000E+000  0.000000000000E+000  0.000000000000E+000  0.000000000000E+000  0.000000000000E+000  0.000000000000E+000
   3.575000000000E+001  1.000000000000E+000  5.048001172616E-001  1.500305466944E-003  4.907980542437E-001  2.208267172652E-005  1.411232324051E-006  2.878036274147E-003  0.000000000000E+000  0.000000000000E+000  0.000000000000E+000  0.000000000000E+000  0.000000000000E+000  0.000000000000E+000
   3.600000000000E+001  1.000000000000E+000  5.043376940483E-001  1.496840858527E-003  4.912757109920E-001  2.177947830915E-005  1.464944927823E-006  2.866531047933E-003  0.000000000000E+000  0.000000000000E+000  0.000000000000E+000  0.000000000000E+000  0.000000000000E+000  0.000000000000E+000
   3.625000000000E+001  1.000000000000E+000  5.039209203477E-001  1.493426115358E-003  4.917072081023E-001  2.148046419429E-005  1.514789392634E-006  2.855437446504E-003  0.000000000000E+000  0.000000000000E+000  0.000000000000E+000  0.000000000000E+000  0.000000000000E+000  0.000000000000E+000
   3.650000000000E+001  1.000000000000E+000  5.035486934043E-001  1.490134177611E-003  4.920935783784E-001  2.118916129384E-005  1.560945439675E-006  2.844878310750E-003  0.000000000000E+000  0.000000000000E+000  0.000000000000E+000  0.000000000000E+000  0.000000000000E+000  0.000000000000E+000
   3.675000000000E+001  1.000000000000E+000  5.032192643882E-001  1.487065951082E-003  4.924361304308E-001  2.090838072320E-005  1.603750936544E-006  2.835048202492E-003  0.000000000000E+000  0.000000000000E+000  0.000000000000E+000  0.000000000000E+000  0.000000000000E+000  0.000000000000E+000
   3.700000000000E+001  1.000000000000E+000  5.029309692921E-001  1.484325847184E-003  4.927362825948E-001  2.064127677558E-005  1.643408382368E-006  2.826132975930E-003  0.000000000000E+000  0.000000000000E+000  0.000000000000E+000  0.000000000000E+000  0.000000000000E+000  0.000000000000E+000
   3.725000000000E+001  1.000000000000E+000  5.031321424439E-001  1.470887769247E-003  4.925870864511E-001  2.033975692393E-005  1.516131253630E-006  2.788018347404E-003  0.000000000000E+000  0.000000000000E+000  0.000000000000E+000  0.000000000000E+000  0.000000000000E+000  0.000000000000E+000
   3.750000000000E+001  1.000000000000E+000  5.033224436935E-001  1.466898419526E-003  4.924125913047E-001  2.007002940638E-005  1.561294608841E-006  2.776447508670E-003  0.000000000000E+000  0.000000000000E+000  0.000000000000E+000  0.000000000000E+000  0.000000000000E+000  0.000000000000E+000
   3.775000000000E+001  1.000000000000E+000  5.035727674355E-001  1.463625664114E-003  4.921753205645E-001  1.982827687632E-005  1.601679137397E-006  2.766834516308E-003  0.000000000000E+000  0.000000000000E+000  0.000000000000E+000  0.000000000000E+000  0.000000000000E+000  0.000000000000E+000
   3.800000000000E+001  1.000000000000E+000  5.038697133757E-001  1.462276267110E-003  4.918850157700E-001  1.962373155850E-005  1.643130409236E-006  2.761750893503E-003  0.000000000000E+000  0.000000000000E+000  0.000000000000E+000  0.000000000000E+000  0.000000000000E+000  0.000000000000E+000
   3.825000000000E+001  1.000000000000E+000  5.042054319451E-001  1.463376748717E-003  4.915477834687E-001  1.945971042794E-005  1.689359831471E-006  2.762279375521E-003  0.000000000000E+000  0.000000000000E+000  0.000000000000E+000  0.000000000000E+000  0.000000000000E+000  0.000000000000E+000
   3.850000000000E+001  1.000000000000E+000  5.045767612423E-001  1.466896918490E-003  4.911669512711E-001  1.933468556988E-005  1.741502387545E-006  2.768293961802E-003  0.000000000000E+000  0.000000000000E+000  0.000000000000E+000  0.000000000000E+000  0.000000000000E+000  0.000000000000E+000
   3.875000000000E+001  1.000000000000E+000  5.049838047319E-001  1.472438301437E-003  4.907438351904E-001  1.924447455186E-005  1.799144430771E-006  2.778887514176E-003  0.000000000000E+000  0.000000000000E+000  0.000000000000E+000  0.000000000000E+000  0.000000000000E+000  0.000000000000E+000
   3.900000000000E+001  1.000000000000E+000  5.054278092134E-001  1.479436798717E-003  4.902788840995E-001  1.918377992727E-005  1.860140265061E-006  2.792792808277E-003  0.000000000000E+000  0.000000000000E+000  0.000000000000E+000  0.000000000000E+000  0.000000000000E+000  0.000000000000E+000
   3.925000000000E+001  1.000000000000E+000  5.059104040168E-001  1.487309632515E-003  4.897724779212E-001  1.914744376279E-005  1.923175305892E-006  2.808745282640E-003  0.000000000000E+000  0.000000000000E+000  0.000000000000E+000  0.000000000000E+000  0.000000000000E+000  0.000000000000E+000
   3.950000000000E+001  1.000000000000E+000  5.064321035837E-001  1.495581999016E-003  4.892254957750E-001  1.913092325911E-005  1.985851957444E-006  2.825707351400E-003  0.000000000000E+000  0.000000000000E+000  0.000000000000E+000  0.000000000000E+000  0.000000000000E+000  0.000000000000E+000
   3.975000000000E+001  1.000000000000E+000  5.069922860881E-001  1.503928815108E-003  4.886396034664E-001  1.913103422797E-005  2.046993201361E-006  2.842985648900E-003  0.000000000000E+000  0.000000000000E+000  0.000000000000E+000  0.000000000000E+000  0.000000000000E+000  0.000000000000E+000
   4.000000000000E+001  1.000000000000E+000  5.075891786310E-001  1.512180929841E-003  4.880171733421E-001  1.914552607110E-005  2.105780301771E-006  2.860229862143E-003  0.000000000000E+000  0.000000000000E+000  0.000000000000E+000  0.000000000000E+000  0.000000000000E+000  0.000000000000E+000
   4.025000000000E+001  1.000000000000E+000  5.082196127514E-001  1.520308622471E-003  4.873613433200E-001  1.917337049376E-005  2.161502225129E-006  2.877376291565E-003  0.000000000000E+000  0.000000000000E+000  0.000000000000E+000  0.000000000000E+000  0.000000000000E+000  0.000000000000E+000
   4.050000000000E+001  1.000000000000E+000  5.088802312169E-001  1.528356458205E-003  4.866754503678E-001  1.921397065568E-005  2.214780495616E-006  2.894542435735E-003  0.000000000000E+000  0.000000000000E+000  0.000000000000E+000  0.000000000000E+000  0.000000000000E+000  0.000000000000E+000
   4.075000000000E+001  1.000000000000E+000  5.095670452491E-001  1.536419287947E-003  4.859630941091E-001  1.926709347774E-005  2.265540126142E-006  2.911933634006E-003  0.000000000000E+000  0.000000000000E+000  0.000000000000E+000  0.000000000000E+000  0.000000000000E+000  0.000000000000E+000
   4.100000000000E+001  1.000000000000E+000  5.102762594119E-001  1.544588443257E-003  4.852277322804E-001  1.933241635582E-005  2.314400826412E-006  2.929755346893E-003  0.000000000000E+000  0.000000000000E+000  0.000000000000E+000  0.000000000000E+000  0.000000000000E+000  0.000000000000E+000
   4.125000000000E+001  1.000000000000E+000  5.110044811164E-001  1.552933497753E-003  4.844726509568E-001  1.940945479880E-005  2.361831333134E-006  2.948165430762E-003  0.000000000000E+000  0.000000000000E+000  0.000000000000E+000  0.000000000000E+000  0.000000000000E+000  0.000000000000E+000
   4.150000000000E+001  1.000000000000E+000  5.117484685804E-001  1.561485207631E-003  4.837009233458E-001  1.949726085742E-005  2.408287882109E-006  2.967240354985E-003  0.000000000000E+000  0.000000000000E+000  0.000000000000E+000  0.000000000000E+000  0.000000000000E+000  0.000000000000E+000
   4.175000000000E+001  1.000000000000E+000  5.125054926145E-001  1.570245217474E-003  4.829152614509E-001  1.959491024242E-005  2.453315722851E-006  2.986970151303E-003  0.000000000000E+000  0.000000000000E+000  0.000000000000E+000  0.000000000000E+000  0.000000000000E+000  0.000000000000E+000
   4.200000000000E+001  1.000000000000E+000  5.132731084876E-001  1.579177850714E-003  4.821182348587E-001  1.970117632436E-005  2.497580693165E-006  3.007290955175E-003  0.000000000000E+000  0.000000000000E+000  0.000000000000E+000  0.000000000000E+000  0.000000000000E+000  0.000000000000E+000
   4.225000000000E+001  1.000000000000E+000  5.140490495997E-001  1.588232887064E-003  4.813122630644E-001  1.981452246374E-005  2.540671337897E-006  3.028091932931E-003  0.000000000000E+000  0.000000000000E+000  0.000000000000E+000  0.000000000000E+000  0.000000000000E+000  0.000000000000E+000
   4.250000000000E+001  1.000000000000E+000  5.148312905401E-001  1.597358682431E-003  4.804995877535E-001  1.993417576889E-005  2.582041629819E-006  3.049238884695E-003  0.000000000000E+000  0.000000000000E+000  0.000000000000E+000  0.000000000000E+000  0.000000000000E+000  0.000000000000E+000
   4.275000000000E+001  1.000000000000E+000  5.156178106226E-001  1.606493632115E-003  4.796823847978E-001  2.005873162989E-005  2.622146877973E-006  3.070609240669E-003  0.000000000000E+000  0.000000000000E+000  0.000000000000E+000  0.000000000000E+000  0.000000000000E+000  0.000000000000E+000
   4.300000000000E+001  1.000000000000E+000  5.164066003786E-001  1.615589948194E-003  4.788628765405E-001  2.018682726232E-005  2.660580769345E-006  3.092095018745E-003  0.000000000000E+000  0.000000000000E+000  0.000000000000E+000  0.000000000000E+000  0.000000000000E+000  0.000000000000E+000
   4.325000000000E+001  1.000000000000E+000  5.171956902755E-001  1.624612733709E-003  4.780430807207E-001  2.031797116459E-005  2.696883943739E-006  3.113597443923E-003  0.000000000000E+000  0.000000000000E+000  0.000000000000E+000  0.000000000000E+000  0.000000000000E+000  0.000000000000E+000
   4.350000000000E+001  1.000000000000E+000  5.179831716149E-001  1.633536347088E-003  4.772250545316E-001  2.045167764795E-005  2.731133320988E-006  3.135049182963E-003  0.000000000000E+000  0.000000000000E+000  0.000000000000E+000  0.000000000000E+000  0.000000000000E+000  0.000000000000E+000
   4.375000000000E+001  1.000000000000E+000  5.187670871422E-001  1.642338529584E-003  4.764108685202E-001  2.058749034416E-005  2.763583655566E-006  3.156398784674E-003  0.000000000000E+000  0.000000000000E+000  0.000000000000E+000  0.000000000000E+000  0.000000000000E+000  0.000000000000E+000
   4.400000000000E+001  1.000000000000E+000  5.195455587528E-001  1.651005693967E-003  4.756023504745E-001  2.072461412532E-005  2.794027982246E-006  3.177606652165E-003  0.000000000000E+000  0.000000000000E+000  0.000000000000E+000  0.000000000000E+000  0.000000000000E+000  0.000000000000E+000
   4.425000000000E+001  1.000000000000E+000  5.203168126286E-001  1.659530762223E-003  4.748013620574E-001  2.086294217676E-005  2.822267806549E-006  3.198636563367E-003  0.000000000000E+000  0.000000000000E+000  0.000000000000E+000  0.000000000000E+000  0.000000000000E+000  0.000000000000E+000
   4.450000000000E+001  1.000000000000E+000  5.216043365659E-001  1.656717429965E-003  4.735259820862E-001  2.096053627904E-005  2.682899283838E-006  3.189325472812E-003  0.000000000000E+000  0.000000000000E+000  0.000000000000E+000  0.000000000000E+000  0.000000000000E+000  0.000000000000E+000
   4.475000000000E+001  1.000000000000E+000  5.228040208116E-001  1.663172456730E-003  4.723022084918E-001  2.109245808282E-005  2.713887426471E-006  3.206783175244E-003  0.000000000000E+000  0.000000000000E+000  0.000000000000E+000  0.000000000000E+000  0.000000000000E+000  0.000000000000E+000
   4.500000000000E+001  1.000000000000E+000  5.240189880124E-001  1.669381158858E-003  4.710639280722E-001  2.122593134370E-005  2.740606438310E-006  3.223733559203E-003  0.000000000000E+000  0.000000000000E+000  0.000000000000E+000  0.000000000000E+000  0.000000000000E+000  0.000000000000E+000
   4.525000000000E+001  1.000000000000E+000  5.252334326986E-001  1.676902060945E-003  4.698218982744E-001  2.137256597544E-005  2.770399970033E-006  3.243639395734E-003  0.000000000000E+000  0.000000000000E+000  0.000000000000E+000  0.000000000000E+000  0.000000000000E+000  0.000000000000E+000
   4.550000000000E+001  1.000000000000E+000  5.264380272576E-001  1.686509058296E-003  4.685828798330E-001  2.153775327794E-005  2.807449897076E-006  3.268247309254E-003  0.000000000000E+000  0.000000000000E+000  0.000000000000E+000  0.000000000000E+000  0.000000000000E+000  0.000000000000E+000
   4.575000000000E+001  1.000000000000E+000  5.276289228762E-001  1.698304633352E-003  4.673504031770E-001  2.172196046863E-005  2.852594098829E-006  3.297807834665E-003  0.000000000000E+000  0.000000000000E+000  0.000000000000E+000  0.000000000000E+000  0.000000000000E+000  0.000000000000E+000
   4.600000000000E+001  1.000000000000E+000  5.288061561040E-001  1.711911338504E-003  4.661256140660E-001  2.192209658083E-005  2.904407506173E-006  3.331494159101E-003  0.000000000000E+000  0.000000000000E+000  0.000000000000E+000  0.000000000000E+000  0.000000000000E+000  0.000000000000E+000
   4.625000000000E+001  1.000000000000E+000  5.299715127162E-001  1.726703772471E-003  4.649087353015E-001  2.213282861467E-005  2.960446679338E-006  3.367926502540E-003  0.000000000000E+000  0.000000000000E+000  0.000000000000E+000  0.000000000000E+000  0.000000000000E+000  0.000000000000E+000
   4.650000000000E+001  1.000000000000E+000  5.311273003851E-001  1.742007715082E-003  4.636997411002E-001  2.234853976550E-005  3.017885454740E-006  3.405602358568E-003  0.000000000000E+000  0.000000000000E+000  0.000000000000E+000  0.000000000000E+000  0.000000000000E+000  0.000000000000E+000
   4.675000000000E+001  1.000000000000E+000  5.322748633032E-001  1.757249836508E-003  4.624990265760E-001  2.256450237187E-005  3.073997121424E-006  3.443226144186E-003  0.000000000000E+000  0.000000000000E+000  0.000000000000E+000  0.000000000000E+000  0.000000000000E+000  0.000000000000E+000
   4.700000000000E+001  1.000000000000E+000  5.334144069484E-001  1.772029243830E-003  4.613077719436E-001  2.277736468614E-005  3.126973488285E-006  3.479881109472E-003  0.000000000000E+000  0.000000000000E+000  0.000000000000E+000  0.000000000000E+000  0.000000000000E+000  0.000000000000E+000
   4.725000000000E+001  1.000000000000E+000  5.345446959842E-001  1.786137958578E-003  4.601278963141E-001  2.298533280616E-005  3.175735846764E-006  3.515075307298E-003  0.000000000000E+000  0.000000000000E+000  0.000000000000E+000  0.000000000000E+000  0.000000000000E+000  0.000000000000E+000
   4.750000000000E+001  1.000000000000E+000  5.356635431531E-001  1.799527288708E-003  4.589618290687E-001  2.318786533778E-005  3.220127443462E-006  3.548677825368E-003  0.000000000000E+000  0.000000000000E+000  0.000000000000E+000  0.000000000000E+000  0.000000000000E+000  0.000000000000E+000
   4.775000000000E+001  1.000000000000E+000  5.367679421371E-001  1.812261155843E-003  4.578123629022E-001  2.338523833031E-005  3.260547913579E-006  3.580817105428E-003  0.000000000000E+000  0.000000000000E+000  0.000000000000E+000  0.000000000000E+000  0.000000000000E+000  0.000000000000E+000
   4.800000000000E+001  1.000000000000E+000  5.378546241646E-001  1.824464880801E-003  4.566823071525E-001  2.357831314453E-005  3.297435901664E-006  3.611754720816E-003  0.000000000000E+000  0.000000000000E+000  0.000000000000E+000  0.000000000000E+000  0.000000000000E+000  0.000000000000E+000
   4.825000000000E+001  1.000000000000E+000  5.389204942752E-001  1.836276628123E-003  4.555743600576E-001  2.376861611579E-005  3.331212986938E-006  3.641771295959E-003  0.000000000000E+000  0.000000000000E+000  0.000000000000E+000  0.000000000000E+000  0.000000000000E+000  0.000000000000E+000
   4.850000000000E+001  1.000000000000E+000  5.399628589210E-001  1.847799609070E-003  4.544908838432E-001  2.395681001053E-005  3.362947044632E-006  3.671104732879E-003  0.000000000000E+000  0.000000000000E+000  0.000000000000E+000  0.000000000000E+000  0.000000000000E+000  0.000000000000E+000
   4.875000000000E+001  1.000000000000E+000  5.409794985373E-001  1.859099337778E-003  4.534339882092E-001  2.414295420460E-005  3.392944529392E-006  3.699903481659E-003  0.000000000000E+000  0.000000000000E+000  0.000000000000E+000  0.000000000000E+000  0.000000000000E+000  0.000000000000E+000
   4.900000000000E+001  1.000000000000E+000  5.419685264761E-001  1.870196284234E-003  4.524052995616E-001  2.432699269140E-005  3.421497962252E-006  3.728216544704E-003  0.000000000000E+000  0.000000000000E+000  0.000000000000E+000  0.000000000000E+000  0.000000000000E+000  0.000000000000E+000
   4.925000000000E+001  1.000000000000E+000  5.429286930410E-001  1.881077108325E-003  4.514062455760E-001  2.450880279423E-005  3.448600324862E-006  3.756008732648E-003  0.000000000000E+000  0.000000000000E+000  0.000000000000E+000  0.000000000000E+000  0.000000000000E+000  0.000000000000E+000
   4.950000000000E+001  1.000000000000E+000  5.438588462102E-001  1.891703941249E-003  4.504380976580E-001  2.468796104795E-005  3.474184007423E-006  3.783192082752E-003  0.000000000000E+000  0.000000000000E+000  0.000000000000E+000  0.000000000000E+000  0.000000000000E+000  0.000000000000E+000
   4.975000000000E+001  1.000000000000E+000  5.447582026336E-001  1.902027113811E-003  4.495017709991E-001  2.486379142251E-005  3.498119715372E-006  3.809653636210E-003  0.000000000000E+000  0.000000000000E+000  0.000000000000E+000  0.000000000000E+000  0.000000000000E+000  0.000000000000E+000
   5.000000000000E+001  1.000000000000E+000  5.456260254227E-001  1.912002836297E-003  4.485981524906E-001  2.503656498462E-005  3.520200067072E-006  3.835276734950E-003  0.000000000000E+000  0.000000000000E+000  0.000000000000E+000  0.000000000000E+000  0.000000000000E+000  0.000000000000E+000
   5.025000000000E+001  1.000000000000E+000  5.464615518856E-001  1.921591120228E-003  4.477281103622E-001  2.520563848899E-005  3.540330727969E-006  3.859968564860E-003  0.000000000000E+000  0.000000000000E+000  0.000000000000E+000  0.000000000000E+000  0.000000000000E+000  0.000000000000E+000
   5.050000000000E+001  1.000000000000E+000  5.472643234100E-001  1.930763535240E-003  4.468923423520E-001  2.537041615969E-005  3.558485262137E-006  3.883663685099E-003  0.000000000000E+000  0.000000000000E+000  0.000000000000E+000  0.000000000000E+000  0.000000000000E+000  0.000000000000E+000
   5.075000000000E+001  1.000000000000E+000  5.480336352395E-001  1.939500438286E-003  4.460914629017E-001  2.553050124583E-005  3.574912900499E-006  3.906326788473E-003  0.000000000000E+000  0.000000000000E+000  0.000000000000E+000  0.000000000000E+000  0.000000000000E+000  0.000000000000E+000
   5.100000000000E+001  1.000000000000E+000  5.487688945532E-001  1.947798101809E-003  4.453260561458E-001  2.568574237291E-005  3.589460475844E-006  3.927940005357E-003  0.000000000000E+000  0.000000000000E+000  0.000000000000E+000  0.000000000000E+000  0.000000000000E+000  0.000000000000E+000
   5.125000000000E+001  1.000000000000E+000  5.494697999183E-001  1.955661627286E-003  4.445966416418E-001  2.583635250463E-005  3.602097904507E-006  3.948502200746E-003  0.000000000000E+000  0.000000000000E+000  0.000000000000E+000  0.000000000000E+000  0.000000000000E+000  0.000000000000E+000
   5.150000000000E+001  1.000000000000E+000  5.501357979364E-001  1.963096297065E-003  4.439035067936E-001  2.598228379417E-005  3.612957930563E-006  3.968022599780E-003  0.000000000000E+000  0.000000000000E+000  0.000000000000E+000  0.000000000000E+000  0.000000000000E+000  0.000000000000E+000
   5.175000000000E+001  1.000000000000E+000  5.507666594256E-001  1.970105808897E-003  4.432469869919E-001  2.612323459637E-005  3.622227611198E-006  3.986514591819E-003  0.000000000000E+000  0.000000000000E+000  0.000000000000E+000  0.000000000000E+000  0.000000000000E+000  0.000000000000E+000
   5.200000000000E+001  1.000000000000E+000  5.513621974631E-001  1.976700990591E-003  4.426272061964E-001  2.625952135683E-005  3.629784594236E-006  4.003988196550E-003  0.000000000000E+000  0.000000000000E+000  0.000000000000E+000  0.000000000000E+000  0.000000000000E+000  0.000000000000E+000
   5.225000000000E+001  1.000000000000E+000  5.519224093507E-001  1.982882006253E-003  4.420442223938E-001  2.639074791670E-005  3.635930037030E-006  4.020454932495E-003  0.000000000000E+000  0.000000000000E+000  0.000000000000E+000  0.000000000000E+000  0.000000000000E+000  0.000000000000E+000
   5.250000000000E+001  1.000000000000E+000  5.524472888249E-001  1.988652003283E-003  4.414979612398E-001  2.651671259099E-005  3.640654993443E-006  4.035921225619E-003  0.000000000000E+000  0.000000000000E+000  0.000000000000E+000  0.000000000000E+000  0.000000000000E+000  0.000000000000E+000
   5.275000000000E+001  1.000000000000E+000  5.529370361471E-001  1.994013300918E-003  4.409882845992E-001  2.663745519775E-005  3.643975813584E-006  4.050388205265E-003  0.000000000000E+000  0.000000000000E+000  0.000000000000E+000  0.000000000000E+000  0.000000000000E+000  0.000000000000E+000
   5.300000000000E+001  1.000000000000E+000  5.533918295345E-001  1.998968338421E-003  4.405149287875E-001  2.675297885791E-005  3.645954710113E-006  4.063858772559E-003  0.000000000000E+000  0.000000000000E+000  0.000000000000E+000  0.000000000000E+000  0.000000000000E+000  0.000000000000E+000
   5.325000000000E+001  1.000000000000E+000  5.538120580029E-001  2.003518550343E-003  4.400775388611E-001  2.686302490273E-005  3.646617746509E-006  4.076337769723E-003  0.000000000000E+000  0.000000000000E+000  0.000000000000E+000  0.000000000000E+000  0.000000000000E+000  0.000000000000E+000
   5.350000000000E+001  1.000000000000E+000  5.541981463298E-001  2.007666092059E-003  4.396757639276E-001  2.696755931270E-005  3.646025530137E-006  4.087829517745E-003  0.000000000000E+000  0.000000000000E+000  0.000000000000E+000  0.000000000000E+000  0.000000000000E+000  0.000000000000E+000
   5.375000000000E+001  1.000000000000E+000  5.545504536267E-001  2.011418145121E-003  4.393090799958E-001  2.706679748936E-005  3.644142786255E-006  4.098341738187E-003  0.000000000000E+000  0.000000000000E+000  0.000000000000E+000  0.000000000000E+000  0.000000000000E+000  0.000000000000E+000
   5.400000000000E+001  1.000000000000E+000  5.548695888421E-001  2.014778481904E-003  4.389769716764E-001  2.716040492315E-005  3.641043048652E-006  4.107887908274E-003  0.000000000000E+000  0.000000000000E+000  0.000000000000E+000  0.000000000000E+000  0.000000000000E+000  0.000000000000E+000
   5.425000000000E+001  1.000000000000E+000  5.551560999383E-001  2.017757087893E-003  4.386787785843E-001  2.724891709269E-005  3.636768983751E-006  4.116480953498E-003  0.000000000000E+000  0.000000000000E+000  0.000000000000E+000  0.000000000000E+000  0.000000000000E+000  0.000000000000E+000
   5.450000000000E+001  1.000000000000E+000  5.554106678044E-001  2.020359226569E-003  4.384138946314E-001  2.733182426546E-005  3.631399060258E-006  4.124142411926E-003  0.000000000000E+000  0.000000000000E+000  0.000000000000E+000  0.000000000000E+000  0.000000000000E+000  0.000000000000E+000
   5.475000000000E+001  1.000000000000E+000  5.556339536360E-001  2.022594346652E-003  4.381815665181E-001  2.740920858370E-005  3.624978724426E-006  4.130891263067E-003  0.000000000000E+000  0.000000000000E+000  0.000000000000E+000  0.000000000000E+000  0.000000000000E+000  0.000000000000E+000
   5.500000000000E+001  1.000000000000E+000  5.558266591853E-001  2.024471524697E-003  4.379809878342E-001  2.748105793073E-005  3.617656284587E-006  4.136753729313E-003  0.000000000000E+000  0.000000000000E+000  0.000000000000E+000  0.000000000000E+000  0.000000000000E+000  0.000000000000E+000
   5.525000000000E+001  1.000000000000E+000  5.559897069766E-001  2.026004002021E-003  4.378113880491E-001  2.754766128080E-005  3.609324455613E-006  4.141748047875E-003  0.000000000000E+000  0.000000000000E+000  0.000000000000E+000  0.000000000000E+000  0.000000000000E+000  0.000000000000E+000
   5.550000000000E+001  1.000000000000E+000  5.561238068795E-001  2.027204915879E-003  4.376718896681E-001  2.760931812746E-005  3.599999785801E-006  4.145898244432E-003  0.000000000000E+000  0.000000000000E+000  0.000000000000E+000  0.000000000000E+000  0.000000000000E+000  0.000000000000E+000
   5.575000000000E+001  1.000000000000E+000  5.562298535837E-001  2.028081935232E-003  4.375615614611E-001  2.766568567248E-005  3.589839482221E-006  4.149233170465E-003  0.000000000000E+000  0.000000000000E+000  0.000000000000E+000  0.000000000000E+000  0.000000000000E+000  0.000000000000E+000
   5.600000000000E+001  1.000000000000E+000  5.563087890169E-001  2.028644776175E-003  4.374794989206E-001  2.771684348284E-005  3.578931914515E-006  4.151777728417E-003  0.000000000000E+000  0.000000000000E+000  0.000000000000E+000  0.000000000000E+000  0.000000000000E+000  0.000000000000E+000
   5.625000000000E+001  1.000000000000E+000  5.563615037987E-001  2.028905779610E-003  4.374247019014E-001  2.776289812713E-005  3.567296571567E-006  4.153557771723E-003  0.000000000000E+000  0.000000000000E+000  0.000000000000E+000  0.000000000000E+000  0.000000000000E+000  0.000000000000E+000
   5.650000000000E+001  1.000000000000E+000  5.563889985765E-001  2.028876597457E-003  4.373961450680E-001  2.780385155338E-005  3.555011573092E-006  4.154603316846E-003  0.000000000000E+000  0.000000000000E+000  0.000000000000E+000  0.000000000000E+000  0.000000000000E+000  0.000000000000E+000
   5.675000000000E+001  1.000000000000E+000  5.563922428072E-001  2.028575413162E-003  4.373928356854E-001  2.784052925521E-005  3.541961459593E-006  4.154935062873E-003  0.000000000000E+000  0.000000000000E+000  0.000000000000E+000  0.000000000000E+000  0.000000000000E+000  0.000000000000E+000
   5.700000000000E+001  1.000000000000E+000  5.563722748386E-001  2.028008104544E-003  4.374137020893E-001  2.787231810531E-005  3.528331237394E-006  4.154587663448E-003  0.000000000000E+000  0.000000000000E+000  0.000000000000E+000  0.000000000000E+000  0.000000000000E+000  0.000000000000E+000
   5.725000000000E+001  1.000000000000E+000  5.563301405228E-001  2.027187684805E-003  4.374576844468E-001  2.789949472810E-005  3.514172464164E-006  4.153587506534E-003  0.000000000000E+000  0.000000000000E+000  0.000000000000E+000  0.000000000000E+000  0.000000000000E+000  0.000000000000E+000
   5.750000000000E+001  1.000000000000E+000  5.562667874316E-001  2.026128681281E-003  4.375237014616E-001  2.792239034228E-005  3.499555427700E-006  4.151966146118E-003  0.000000000000E+000  0.000000000000E+000  0.000000000000E+000  0.000000000000E+000  0.000000000000E+000  0.000000000000E+000
   5.775000000000E+001  1.000000000000E+000  5.561833379666E-001  2.024841929900E-003  4.376106769450E-001  2.794081103609E-005  3.484484823006E-006  4.149753080770E-003  0.000000000000E+000  0.000000000000E+000  0.000000000000E+000  0.000000000000E+000  0.000000000000E+000  0.000000000000E+000
   5.800000000000E+001  1.000000000000E+000  5.560807961163E-001  2.023342446535E-003  4.377174936899E-001  2.795518439286E-005  3.468994875939E-006  4.146976206947E-003  0.000000000000E+000  0.000000000000E+000  0.000000000000E+000  0.000000000000E+000  0.000000000000E+000  0.000000000000E+000
   5.825000000000E+001  1.000000000000E+000  5.559602063278E-001  2.021643428828E-003  4.378430446396E-001  2.796574786165E-005  3.453150431260E-006  4.143667799819E-003  0.000000000000E+000  0.000000000000E+000  0.000000000000E+000  0.000000000000E+000  0.000000000000E+000  0.000000000000E+000
   5.850000000000E+001  1.000000000000E+000  5.558227513203E-001  2.019755850529E-003  4.379862482750E-001  2.797240483338E-005  3.436989352164E-006  4.139857157023E-003  0.000000000000E+000  0.000000000000E+000  0.000000000000E+000  0.000000000000E+000  0.000000000000E+000  0.000000000000E+000
   5.875000000000E+001  1.000000000000E+000  5.556693432329E-001  2.017690384367E-003  4.381459641245E-001  2.797508835387E-005  3.420686916351E-006  4.135579930219E-003  0.000000000000E+000  0.000000000000E+000  0.000000000000E+000  0.000000000000E+000  0.000000000000E+000  0.000000000000E+000
   5.900000000000E+001  1.000000000000E+000  5.555011494394E-001  2.015459987097E-003  4.383211383691E-001  2.797423217054E-005  3.404283878112E-006  4.130862251884E-003  0.000000000000E+000  0.000000000000E+000  0.000000000000E+000  0.000000000000E+000  0.000000000000E+000  0.000000000000E+000
   5.925000000000E+001  1.000000000000E+000  5.553191648291E-001  2.013080828637E-003  4.385106710852E-001  2.797017476458E-005  3.387740849678E-006  4.125734249517E-003  0.000000000000E+000  0.000000000000E+000  0.000000000000E+000  0.000000000000E+000  0.000000000000E+000  0.000000000000E+000
   5.950000000000E+001  1.000000000000E+000  5.551244151545E-001  2.010560459301E-003  4.387134535764E-001  2.796262163113E-005  3.371170908713E-006  4.120227730178E-003  0.000000000000E+000  0.000000000000E+000  0.000000000000E+000  0.000000000000E+000  0.000000000000E+000  0.000000000000E+000
   5.975000000000E+001  1.000000000000E+000  5.549179851945E-001  2.007916220640E-003  4.389284233391E-001  2.795230675309E-005  3.354555123328E-006  4.114368661455E-003  0.000000000000E+000  0.000000000000E+000  0.000000000000E+000  0.000000000000E+000  0.000000000000E+000  0.000000000000E+000
   6.000000000000E+001  1.000000000000E+000  5.547008083531E-001  2.005156010792E-003  4.391545421149E-001  2.793873840019E-005  3.337985354449E-006  4.108192193801E-003  0.000000000000E+000  0.000000000000E+000  0.000000000000E+000  0.000000000000E+000  0.000000000000E+000  0.000000000000E+000
   6.025000000000E+001  1.000000000000E+000  5.544740027517E-001  2.002291558726E-003  4.393907704180E-001  2.792228559078E-005  3.321553572365E-006  4.101724642897E-003  0.000000000000E+000  0.000000000000E+000  0.000000000000E+000  0.000000000000E+000  0.000000000000E+000  0.000000000000E+000
   6.050000000000E+001  1.000000000000E+000  5.542384405187E-001  1.999337141883E-003  4.396360394599E-001  2.790327052773E-005  3.305223009973E-006  4.094993700480E-003  0.000000000000E+000  0.000000000000E+000  0.000000000000E+000  0.000000000000E+000  0.000000000000E+000  0.000000000000E+000
   6.075000000000E+001  1.000000000000E+000  5.539950773583E-001  1.996302191936E-003  4.398894020726E-001  2.788168533348E-005  3.289086540937E-006  4.088029236897E-003  0.000000000000E+000  0.000000000000E+000  0.000000000000E+000  0.000000000000E+000  0.000000000000E+000  0.000000000000E+000
   6.100000000000E+001  1.000000000000E+000  5.537449569488E-001  1.993195738621E-003  4.401498603792E-001  2.785753073003E-005  3.273207553581E-006  4.080857618912E-003  0.000000000000E+000  0.000000000000E+000  0.000000000000E+000  0.000000000000E+000  0.000000000000E+000  0.000000000000E+000
   6.125000000000E+001  1.000000000000E+000  5.534889129641E-001  1.990033633277E-003  4.404164551234E-001  2.783145001035E-005  3.257566320560E-006  4.073504386839E-003  0.000000000000E+000  0.000000000000E+000  0.000000000000E+000  0.000000000000E+000  0.000000000000E+000  0.000000000000E+000
   6.150000000000E+001  1.000000000000E+000  5.532279189764E-001  1.986821535401E-003  4.406882178254E-001  2.780307717077E-005  3.242238902930E-006  4.065998223007E-003  0.000000000000E+000  0.000000000000E+000  0.000000000000E+000  0.000000000000E+000  0.000000000000E+000  0.000000000000E+000
   6.175000000000E+001  1.000000000000E+000  5.529627769093E-001  1.983573547963E-003  4.409643007397E-001  2.777305684569E-005  3.227209237438E-006  4.058359378972E-003  0.000000000000E+000  0.000000000000E+000  0.000000000000E+000  0.000000000000E+000  0.000000000000E+000  0.000000000000E+000
   6.200000000000E+001  1.000000000000E+000  5.526943455597E-001  1.980297221869E-003  4.412437809855E-001  2.774120416382E-005  3.212528254186E-006  4.050616712713E-003  0.000000000000E+000  0.000000000000E+000  0.000000000000E+000  0.000000000000E+000  0.000000000000E+000  0.000000000000E+000
   6.225000000000E+001  1.000000000000E+000  5.524234918078E-001  1.977002218923E-003  4.415258136880E-001  2.770765477305E-005  3.198282684039E-006  4.042795914497E-003  0.000000000000E+000  0.000000000000E+000  0.000000000000E+000  0.000000000000E+000  0.000000000000E+000  0.000000000000E+000
   6.250000000000E+001  1.000000000000E+000  5.521509363766E-001  1.973697457262E-003  4.418096123092E-001  2.767252575433E-005  3.184470004867E-006  4.034918729919E-003  0.000000000000E+000  0.000000000000E+000  0.000000000000E+000  0.000000000000E+000  0.000000000000E+000  0.000000000000E+000
   6.275000000000E+001  1.000000000000E+000  5.518774825662E-001  1.970393530342E-003  4.420943309338E-001  2.763619814487E-005  3.171080172069E-006  4.027004129303E-003  0.000000000000E+000  0.000000000000E+000  0.000000000000E+000  0.000000000000E+000  0.000000000000E+000  0.000000000000E+000
   6.300000000000E+001  1.000000000000E+000  5.516038177648E-001  1.967099326993E-003  4.423792313841E-001  2.759880112174E-005  3.158093239828E-006  4.019074137022E-003  0.000000000000E+000  0.000000000000E+000  0.000000000000E+000  0.000000000000E+000  0.000000000000E+000  0.000000000000E+000
   6.325000000000E+001  1.000000000000E+000  5.513307203480E-001  1.963822479430E-003  4.426635855810E-001  2.756054724277E-005  3.145591961289E-006  4.011150135752E-003  0.000000000000E+000  0.000000000000E+000  0.000000000000E+000  0.000000000000E+000  0.000000000000E+000  0.000000000000E+000
   6.350000000000E+001  1.000000000000E+000  5.510588439776E-001  1.960569252105E-003  4.429466935031E-001  2.752126557764E-005  3.133573692461E-006  4.003252095605E-003  0.000000000000E+000  0.000000000000E+000  0.000000000000E+000  0.000000000000E+000  0.000000000000E+000  0.000000000000E+000
   6.375000000000E+001  1.000000000000E+000  5.507887765981E-001  1.957345473776E-003  4.432278626903E-001  2.748102515402E-005  3.122128979369E-006  3.995400076971E-003  0.000000000000E+000  0.000000000000E+000  0.000000000000E+000  0.000000000000E+000  0.000000000000E+000  0.000000000000E+000
   6.400000000000E+001  1.000000000000E+000  5.505211618063E-001  1.954162243071E-003  4.435064826938E-001  2.744030615238E-005  3.111177504144E-006  3.987608742786E-003  0.000000000000E+000  0.000000000000E+000  0.000000000000E+000  0.000000000000E+000  0.000000000000E+000  0.000000000000E+000
   6.425000000000E+001  1.000000000000E+000  5.502566155093E-001  1.951025205918E-003  4.437819850036E-001  2.739910159426E-005  3.100683123182E-006  3.979894779594E-003  0.000000000000E+000  0.000000000000E+000  0.000000000000E+000  0.000000000000E+000  0.000000000000E+000  0.000000000000E+000
   6.450000000000E+001  1.000000000000E+000  5.499956309182E-001  1.947938558054E-003  4.440537440776E-001  2.735743765523E-005  3.090761777349E-006  3.972276405684E-003  0.000000000000E+000  0.000000000000E+000  0.000000000000E+000  0.000000000000E+000  0.000000000000E+000  0.000000000000E+000
   6.475000000000E+001  1.000000000000E+000  5.497386966672E-001  1.944907903400E-003  4.443212277948E-001  2.731520492779E-005  3.081396324906E-006  3.964769991964E-003  0.000000000000E+000  0.000000000000E+000  0.000000000000E+000  0.000000000000E+000  0.000000000000E+000  0.000000000000E+000
   6.500000000000E+001  1.000000000000E+000  5.494863145525E-001  1.941938573361E-003  4.445839957682E-001  2.727271909402E-005  3.072654126093E-006  3.957389350711E-003  0.000000000000E+000  0.000000000000E+000  0.000000000000E+000  0.000000000000E+000  0.000000000000E+000  0.000000000000E+000
   6.525000000000E+001  1.000000000000E+000  5.492389889352E-001  1.939037655461E-003  4.448415100430E-001  2.723014600068E-005  3.064468230128E-006  3.950146977833E-003  0.000000000000E+000  0.000000000000E+000  0.000000000000E+000  0.000000000000E+000  0.000000000000E+000  0.000000000000E+000
   6.550000000000E+001  1.000000000000E+000  5.489971258001E-001  1.936207233990E-003  4.450933535311E-001  2.718732162580E-005  3.056877866392E-006  3.943056960340E-003  0.000000000000E+000  0.000000000000E+000  0.000000000000E+000  0.000000000000E+000  0.000000000000E+000  0.000000000000E+000
   6.575000000000E+001  1.000000000000E+000  5.487610430790E-001  1.933455610416E-003  4.453391763809E-001  2.714488445665E-005  3.049831834556E-006  3.936126493839E-003  0.000000000000E+000  0.000000000000E+000  0.000000000000E+000  0.000000000000E+000  0.000000000000E+000  0.000000000000E+000
   6.600000000000E+001  1.000000000000E+000  5.485312111323E-001  1.930781710349E-003  4.455785257259E-001  2.710227752151E-005  3.043401777130E-006  3.929371837966E-003  0.000000000000E+000  0.000000000000E+000  0.000000000000E+000  0.000000000000E+000  0.000000000000E+000  0.000000000000E+000
   6.625000000000E+001  1.000000000000E+000  5.483078129652E-001  1.928191224606E-003  4.458111102130E-001  2.705988925777E-005  3.037571027158E-006  3.922799466046E-003  0.000000000000E+000  0.000000000000E+000  0.000000000000E+000  0.000000000000E+000  0.000000000000E+000  0.000000000000E+000
   6.650000000000E+001  1.000000000000E+000  5.480912443821E-001  1.925689311796E-003  4.460365978528E-001  2.701805407197E-005  3.032290121185E-006  3.916416532719E-003  0.000000000000E+000  0.000000000000E+000  0.000000000000E+000  0.000000000000E+000  0.000000000000E+000  0.000000000000E+000
   6.675000000000E+001  1.000000000000E+000  5.478816960673E-001  1.923275494303E-003  4.462547513960E-001  2.697634502511E-005  3.027596952669E-006  3.910235109480E-003  0.000000000000E+000  0.000000000000E+000  0.000000000000E+000  0.000000000000E+000  0.000000000000E+000  0.000000000000E+000
   6.700000000000E+001  1.000000000000E+000  5.476795365417E-001  1.920956082355E-003  4.464652909986E-001  2.693538618340E-005  3.023440856670E-006  3.904258061172E-003  0.000000000000E+000  0.000000000000E+000  0.000000000000E+000  0.000000000000E+000  0.000000000000E+000  0.000000000000E+000
   6.725000000000E+001  1.000000000000E+000  5.474848300774E-001  1.918730542064E-003  4.466680325839E-001  2.689485976427E-005  3.019819318773E-006  3.898493384531E-003  0.000000000000E+000  0.000000000000E+000  0.000000000000E+000  0.000000000000E+000  0.000000000000E+000  0.000000000000E+000
   6.750000000000E+001  1.000000000000E+000  5.472978439620E-001  1.916599552359E-003  4.468627221929E-001  2.685486144930E-005  3.016826371339E-006  3.892948740753E-003  0.000000000000E+000  0.000000000000E+000  0.000000000000E+000  0.000000000000E+000  0.000000000000E+000  0.000000000000E+000
   6.775000000000E+001  1.000000000000E+000  5.471187179656E-001  1.914568271225E-003  4.470492423823E-001  2.681565194346E-005  3.014307524240E-006  3.887625121205E-003  0.000000000000E+000  0.000000000000E+000  0.000000000000E+000  0.000000000000E+000  0.000000000000E+000  0.000000000000E+000
   6.800000000000E+001  1.000000000000E+000  5.469475787492E-001  1.912633946162E-003  4.472274672547E-001  2.677700993334E-005  3.012340044724E-006  3.882528674744E-003  0.000000000000E+000  0.000000000000E+000  0.000000000000E+000  0.000000000000E+000  0.000000000000E+000  0.000000000000E+000
   6.825000000000E+001  1.000000000000E+000  5.467845215804E-001  1.910798031007E-003  4.473972630628E-001  2.673897908737E-005  3.010958993243E-006  3.877665061159E-003  0.000000000000E+000  0.000000000000E+000  0.000000000000E+000  0.000000000000E+000  0.000000000000E+000  0.000000000000E+000
   6.850000000000E+001  1.000000000000E+000  5.466295929943E-001  1.909064467562E-003  4.475585723798E-001  2.670192418254E-005  3.010027865048E-006  3.873032427387E-003  0.000000000000E+000  0.000000000000E+000  0.000000000000E+000  0.000000000000E+000  0.000000000000E+000  0.000000000000E+000
   6.875000000000E+001  1.000000000000E+000  5.464829315221E-001  1.907429831145E-003  4.477113423534E-001  2.666559221335E-005  3.009630025569E-006  3.868635388377E-003  0.000000000000E+000  0.000000000000E+000  0.000000000000E+000  0.000000000000E+000  0.000000000000E+000  0.000000000000E+000
   6.900000000000E+001  1.000000000000E+000  5.463444398455E-001  1.905900002461E-003  4.478555310643E-001  2.663054177513E-005  3.009597450734E-006  3.864470770200E-003  0.000000000000E+000  0.000000000000E+000  0.000000000000E+000  0.000000000000E+000  0.000000000000E+000  0.000000000000E+000
   6.925000000000E+001  1.000000000000E+000  5.462142377380E-001  1.904471436945E-003  4.479911190987E-001  2.659638018899E-005  3.010007391322E-006  3.860543879732E-003  0.000000000000E+000  0.000000000000E+000  0.000000000000E+000  0.000000000000E+000  0.000000000000E+000  0.000000000000E+000
   6.950000000000E+001  1.000000000000E+000  5.460922657844E-001  1.903142216654E-003  4.481181605081E-001  2.656311307001E-005  3.010903815412E-006  3.856854871493E-003  0.000000000000E+000  0.000000000000E+000  0.000000000000E+000  0.000000000000E+000  0.000000000000E+000  0.000000000000E+000
   6.975000000000E+001  1.000000000000E+000  5.459785018560E-001  1.901911910005E-003  4.482366606569E-001  2.653081473943E-005  3.012255511550E-006  3.853402018925E-003  0.000000000000E+000  0.000000000000E+000  0.000000000000E+000  0.000000000000E+000  0.000000000000E+000  0.000000000000E+000
   7.000000000000E+001  1.000000000000E+000  5.458728603600E-001  1.900780232092E-003  4.483466342618E-001  2.649951485283E-005  3.014000846276E-006  3.850182628383E-003  0.000000000000E+000  0.000000000000E+000  0.000000000000E+000  0.000000000000E+000  0.000000000000E+000  0.000000000000E+000
   7.025000000000E+001  1.000000000000E+000  5.457753497194E-001  1.899747988658E-003  4.484481963349E-001  2.646957891690E-005  3.016073265915E-006  3.847192139342E-003  0.000000000000E+000  0.000000000000E+000  0.000000000000E+000  0.000000000000E+000  0.000000000000E+000  0.000000000000E+000
   7.050000000000E+001  1.000000000000E+000  5.456858558348E-001  1.898810894596E-003  4.485414812034E-001  2.644059684084E-005  3.018540445496E-006  3.844432717155E-003  0.000000000000E+000  0.000000000000E+000  0.000000000000E+000  0.000000000000E+000  0.000000000000E+000  0.000000000000E+000
   7.075000000000E+001  1.000000000000E+000  5.456042125740E-001  1.897967334174E-003  4.486265091276E-001  2.641262133594E-005  3.021414883269E-006  3.841902353850E-003  0.000000000000E+000  0.000000000000E+000  0.000000000000E+000  0.000000000000E+000  0.000000000000E+000  0.000000000000E+000
   7.100000000000E+001  1.000000000000E+000  5.455302871031E-001  1.897216014440E-003  4.487034685098E-001  2.638558390103E-005  3.024634656089E-006  3.839597256254E-003  0.000000000000E+000  0.000000000000E+000  0.000000000000E+000  0.000000000000E+000  0.000000000000E+000  0.000000000000E+000
   7.125000000000E+001  1.000000000000E+000  5.454640472449E-001  1.896555130983E-003  4.487724878758E-001  2.635959529927E-005  3.028220434707E-006  3.837514728979E-003  0.000000000000E+000  0.000000000000E+000  0.000000000000E+000  0.000000000000E+000  0.000000000000E+000  0.000000000000E+000
   7.150000000000E+001  1.000000000000E+000  5.454052669448E-001  1.895983821775E-003  4.488337142655E-001  2.633476524406E-005  3.032059219886E-006  3.835647346928E-003  0.000000000000E+000  0.000000000000E+000  0.000000000000E+000  0.000000000000E+000  0.000000000000E+000  0.000000000000E+000
   7.175000000000E+001  1.000000000000E+000  5.453538557465E-001  1.895500520425E-003  4.488872868433E-001  2.631123218877E-005  3.036152092463E-006  3.833990453645E-003  0.000000000000E+000  0.000000000000E+000  0.000000000000E+000  0.000000000000E+000  0.000000000000E+000  0.000000000000E+000
   7.200000000000E+001  1.000000000000E+000  5.453095594176E-001  1.895101160534E-003  4.489334557567E-001  2.628904082998E-005  3.040589351256E-006  3.832540629990E-003  0.000000000000E+000  0.000000000000E+000  0.000000000000E+000  0.000000000000E+000  0.000000000000E+000  0.000000000000E+000
   7.225000000000E+001  1.000000000000E+000  5.452722562432E-001  1.894780986442E-003  4.489723591357E-001  2.626774158785E-005  3.045363470111E-006  3.831294587557E-003  0.000000000000E+000  0.000000000000E+000  0.000000000000E+000  0.000000000000E+000  0.000000000000E+000  0.000000000000E+000
   7.250000000000E+001  1.000000000000E+000  5.452416893001E-001  1.894539525826E-003  4.490042169922E-001  2.624756091766E-005  3.050437689326E-006  3.830247580130E-003  0.000000000000E+000  0.000000000000E+000  0.000000000000E+000  0.000000000000E+000  0.000000000000E+000  0.000000000000E+000
   7.275000000000E+001  1.000000000000E+000  5.452177045975E-001  1.894376441213E-003  4.490292299396E-001  2.622875203081E-005  3.055710224335E-006  3.829390518263E-003  0.000000000000E+000  0.000000000000E+000  0.000000000000E+000  0.000000000000E+000  0.000000000000E+000  0.000000000000E+000
   7.300000000000E+001  1.000000000000E+000  5.452000960273E-001  1.894285976866E-003  4.490476212796E-001  2.621087495300E-005  3.061215667030E-006  3.828720425361E-003  0.000000000000E+000  0.000000000000E+000  0.000000000000E+000  0.000000000000E+000  0.000000000000E+000  0.000000000000E+000
   7.325000000000E+001  1.000000000000E+000  5.451886219190E-001  1.894268972497E-003  4.490596286242E-001  2.619435248277E-005  3.066848192704E-006  3.828227709232E-003  0.000000000000E+000  0.000000000000E+000  0.000000000000E+000  0.000000000000E+000  0.000000000000E+000  0.000000000000E+000
   7.350000000000E+001  1.000000000000E+000  5.451830277644E-001  1.894319158723E-003  4.490654872251E-001  2.617882709600E-005  3.072697851362E-006  3.827909736305E-003  0.000000000000E+000  0.000000000000E+000  0.000000000000E+000  0.000000000000E+000  0.000000000000E+000  0.000000000000E+000
   7.375000000000E+001  1.000000000000E+000  5.451831803172E-001  1.894433528716E-003  4.490654036558E-001  2.616417929122E-005  3.078705011909E-006  3.827759058781E-003  0.000000000000E+000  0.000000000000E+000  0.000000000000E+000  0.000000000000E+000  0.000000000000E+000  0.000000000000E+000
   7.400000000000E+001  1.000000000000E+000  5.451887034760E-001  1.894609337878E-003  4.490596663608E-001  2.615053095940E-005  3.084879854802E-006  3.827768701414E-003  0.000000000000E+000  0.000000000000E+000  0.000000000000E+000  0.000000000000E+000  0.000000000000E+000  0.000000000000E+000
   7.425000000000E+001  1.000000000000E+000  5.451994924894E-001  1.894846763612E-003  4.490484842129E-001  2.613806544265E-005  3.091088868006E-006  3.827930728915E-003  0.000000000000E+000  0.000000000000E+000  0.000000000000E+000  0.000000000000E+000  0.000000000000E+000  0.000000000000E+000
   7.450000000000E+001  1.000000000000E+000  5.452152483685E-001  1.895140174593E-003  4.490321792175E-001  2.612652800645E-005  3.097392475639E-006  3.828239542023E-003  0.000000000000E+000  0.000000000000E+000  0.000000000000E+000  0.000000000000E+000  0.000000000000E+000  0.000000000000E+000
   7.475000000000E+001  1.000000000000E+000  5.452357145058E-001  1.895487877371E-003  4.490108925759E-001  2.611612304637E-005  3.103740760418E-006  3.828686075073E-003  0.000000000000E+000  0.000000000000E+000  0.000000000000E+000  0.000000000000E+000  0.000000000000E+000  0.000000000000E+000
   7.500000000000E+001  1.000000000000E+000  5.452606177861E-001  1.895884971378E-003  4.489849848306E-001  2.610661771663E-005  3.110162400100E-006  3.829264461618E-003  0.000000000000E+000  0.000000000000E+000  0.000000000000E+000  0.000000000000E+000  0.000000000000E+000  0.000000000000E+000
   7.525000000000E+001  1.000000000000E+000  5.452898051220E-001  1.896329993280E-003  4.489546666485E-001  2.609811567792E-005  3.116596550853E-006  3.829968010913E-003  0.000000000000E+000  0.000000000000E+000  0.000000000000E+000  0.000000000000E+000  0.000000000000E+000  0.000000000000E+000
   7.550000000000E+001  1.000000000000E+000  5.453229740593E-001  1.896821778492E-003  4.489202239341E-001  2.609077441087E-005  3.122969615971E-006  3.830787400568E-003  0.000000000000E+000  0.000000000000E+000  0.000000000000E+000  0.000000000000E+000  0.000000000000E+000  0.000000000000E+000
   7.575000000000E+001  1.000000000000E+000  5.453598261916E-001  1.897354599137E-003  4.488818629553E-001  2.608434684379E-005  3.129372613987E-006  3.831718221458E-003  0.000000000000E+000  0.000000000000E+000  0.000000000000E+000  0.000000000000E+000  0.000000000000E+000  0.000000000000E+000
   7.600000000000E+001  1.000000000000E+000  5.454001935537E-001  1.897924621292E-003  4.488399107873E-001  2.607865851728E-005  3.135817263287E-006  3.832755544174E-003  0.000000000000E+000  0.000000000000E+000  0.000000000000E+000  0.000000000000E+000  0.000000000000E+000  0.000000000000E+000
   7.625000000000E+001  1.000000000000E+000  5.454438022357E-001  1.898529285277E-003  4.487945640766E-001  2.607368962779E-005  3.142239556237E-006  3.833890851316E-003  0.000000000000E+000  0.000000000000E+000  0.000000000000E+000  0.000000000000E+000  0.000000000000E+000  0.000000000000E+000
   7.650000000000E+001  1.000000000000E+000  5.454904017938E-001  1.899166504503E-003  4.487460849170E-001  2.606963611494E-005  3.148616003264E-006  3.835115577750E-003  0.000000000000E+000  0.000000000000E+000  0.000000000000E+000  0.000000000000E+000  0.000000000000E+000  0.000000000000E+000
   7.675000000000E+001  1.000000000000E+000  5.455397801326E-001  1.899836069842E-003  4.486947288326E-001  2.606657895112E-005  3.154824455953E-006  3.836421975570E-003  0.000000000000E+000  0.000000000000E+000  0.000000000000E+000  0.000000000000E+000  0.000000000000E+000  0.000000000000E+000
   7.700000000000E+001  1.000000000000E+000  5.455916979441E-001  1.900531860207E-003  4.486407586432E-001  2.606438306816E-005  3.160978183999E-006  3.837803116087E-003  0.000000000000E+000  0.000000000000E+000  0.000000000000E+000  0.000000000000E+000  0.000000000000E+000  0.000000000000E+000
   7.725000000000E+001  1.000000000000E+000  5.456458490224E-001  1.901248612327E-003  4.485844009580E-001  2.606268282306E-005  3.167139788208E-006  3.839255600950E-003  0.000000000000E+000  0.000000000000E+000  0.000000000000E+000  0.000000000000E+000  0.000000000000E+000  0.000000000000E+000
   7.750000000000E+001  1.000000000000E+000  5.457021075103E-001  1.901985037432E-003  4.485259205853E-001  2.606166309391E-005  3.173249534876E-006  3.840771562855E-003  0.000000000000E+000  0.000000000000E+000  0.000000000000E+000  0.000000000000E+000  0.000000000000E+000  0.000000000000E+000
   7.775000000000E+001  1.000000000000E+000  5.457601824341E-001  1.902738313773E-003  4.484654989594E-001  2.606117243772E-005  3.179285764063E-006  3.842345074211E-003  0.000000000000E+000  0.000000000000E+000  0.000000000000E+000  0.000000000000E+000  0.000000000000E+000  0.000000000000E+000
   7.800000000000E+001  1.000000000000E+000  5.458198399740E-001  1.903507639504E-003  4.484034220951E-001  2.606138816992E-005  3.185200984216E-006  3.843969543403E-003  0.000000000000E+000  0.000000000000E+000  0.000000000000E+000  0.000000000000E+000  0.000000000000E+000  0.000000000000E+000
   7.825000000000E+001  1.000000000000E+000  5.458809078382E-001  1.904292585058E-003  4.483399076265E-001  2.606253688553E-005  3.190926257064E-006  3.845636169241E-003  0.000000000000E+000  0.000000000000E+000  0.000000000000E+000  0.000000000000E+000  0.000000000000E+000  0.000000000000E+000
   7.850000000000E+001  1.000000000000E+000  5.459431911935E-001  1.905087421126E-003  4.482751287619E-001  2.606419885025E-005  3.196535047635E-006  3.847341558877E-003  0.000000000000E+000  0.000000000000E+000  0.000000000000E+000  0.000000000000E+000  0.000000000000E+000  0.000000000000E+000
   7.875000000000E+001  1.000000000000E+000  5.460063904228E-001  1.905889227292E-003  4.482093511729E-001  2.606635715081E-005  3.202069059491E-006  3.849080806227E-003  0.000000000000E+000  0.000000000000E+000  0.000000000000E+000  0.000000000000E+000  0.000000000000E+000  0.000000000000E+000
   7.900000000000E+001  1.000000000000E+000  5.460704268845E-001  1.906694537968E-003  4.481427654136E-001  2.606890325027E-005  3.207511633893E-006  3.850847060988E-003  0.000000000000E+000  0.000000000000E+000  0.000000000000E+000  0.000000000000E+000  0.000000000000E+000  0.000000000000E+000
   7.925000000000E+001  1.000000000000E+000  5.461350198871E-001  1.907502990868E-003  4.480755694424E-001  2.607193655865E-005  3.212821808155E-006  3.852635362009E-003  0.000000000000E+000  0.000000000000E+000  0.000000000000E+000  0.000000000000E+000  0.000000000000E+000  0.000000000000E+000
   7.950000000000E+001  1.000000000000E+000  5.462000209854E-001  1.908310497185E-003  4.480079601974E-001  2.607529726668E-005  3.218042756833E-006  3.854440640448E-003  0.000000000000E+000  0.000000000000E+000  0.000000000000E+000  0.000000000000E+000  0.000000000000E+000  0.000000000000E+000
   7.975000000000E+001  1.000000000000E+000  5.462652567979E-001  1.909120029757E-003  4.479400693566E-001  2.607966179836E-005  3.223047407840E-006  3.856252270682E-003  0.000000000000E+000  0.000000000000E+000  0.000000000000E+000  0.000000000000E+000  0.000000000000E+000  0.000000000000E+000
   8.000000000000E+001  1.000000000000E+000  5.463305126930E-001  1.909926297043E-003  4.478721659619E-001  2.608452185529E-005  3.227903082240E-006  3.858068786542E-003  0.000000000000E+000  0.000000000000E+000  0.000000000000E+000  0.000000000000E+000  0.000000000000E+000  0.000000000000E+000
   8.025000000000E+001  1.000000000000E+000  5.463957446512E-001  1.910725093371E-003  4.478043243624E-001  2.608947815834E-005  3.232644007852E-006  3.859887083693E-003  0.000000000000E+000  0.000000000000E+000  0.000000000000E+000  0.000000000000E+000  0.000000000000E+000  0.000000000000E+000
   8.050000000000E+001  1.000000000000E+000  5.464606372391E-001  1.911517124340E-003  4.477368019871E-001  2.609484391128E-005  3.237230328471E-006  3.861702033935E-003  0.000000000000E+000  0.000000000000E+000  0.000000000000E+000  0.000000000000E+000  0.000000000000E+000  0.000000000000E+000
   8.075000000000E+001  1.000000000000E+000  5.465251176290E-001  1.912299391676E-003  4.476697032140E-001  2.610051988277E-005  3.241679213348E-006  3.863508895561E-003  0.000000000000E+000  0.000000000000E+000  0.000000000000E+000  0.000000000000E+000  0.000000000000E+000  0.000000000000E+000
   8.100000000000E+001  1.000000000000E+000  5.465890522621E-001  1.913070308399E-003  4.476032227990E-001  2.610632234297E-005  3.245981399783E-006  3.865305119543E-003  0.000000000000E+000  0.000000000000E+000  0.000000000000E+000  0.000000000000E+000  0.000000000000E+000  0.000000000000E+000
   8.125000000000E+001  1.000000000000E+000  5.466523009838E-001  1.913830998860E-003  4.475374158133E-001  2.611262975633E-005  3.250041082025E-006  3.867082375638E-003  0.000000000000E+000  0.000000000000E+000  0.000000000000E+000  0.000000000000E+000  0.000000000000E+000  0.000000000000E+000
   8.150000000000E+001  1.000000000000E+000  5.467147288900E-001  1.914581701083E-003  4.474724981177E-001  2.611945867923E-005  3.253833067468E-006  3.868838546087E-003  0.000000000000E+000  0.000000000000E+000  0.000000000000E+000  0.000000000000E+000  0.000000000000E+000  0.000000000000E+000
   8.175000000000E+001  1.000000000000E+000  5.467761794813E-001  1.915318880996E-003  4.474085674160E-001  2.612659198125E-005  3.257378060537E-006  3.870568949717E-003  0.000000000000E+000  0.000000000000E+000  0.000000000000E+000  0.000000000000E+000  0.000000000000E+000  0.000000000000E+000
   8.200000000000E+001  1.000000000000E+000  5.468365711592E-001  1.916040449503E-003  4.473457273255E-001  2.613394478215E-005  3.260741733818E-006  3.872272549094E-003  0.000000000000E+000  0.000000000000E+000  0.000000000000E+000  0.000000000000E+000  0.000000000000E+000  0.000000000000E+000
   8.225000000000E+001  1.000000000000E+000  5.468957945929E-001  1.916744271186E-003  4.472841274062E-001  2.614146854357E-005  3.263923467940E-006  3.873945113358E-003  0.000000000000E+000  0.000000000000E+000  0.000000000000E+000  0.000000000000E+000  0.000000000000E+000  0.000000000000E+000
   8.250000000000E+001  1.000000000000E+000  5.469537640112E-001  1.917428858115E-003  4.472237996558E-001  2.614902977783E-005  3.266936488234E-006  3.875584579172E-003  0.000000000000E+000  0.000000000000E+000  0.000000000000E+000  0.000000000000E+000  0.000000000000E+000  0.000000000000E+000
   8.275000000000E+001  1.000000000000E+000  5.470103855088E-001  1.918096582498E-003  4.471649058178E-001  2.615697622963E-005  3.269690951492E-006  3.877186465060E-003  0.000000000000E+000  0.000000000000E+000  0.000000000000E+000  0.000000000000E+000  0.000000000000E+000  0.000000000000E+000
   8.300000000000E+001  1.000000000000E+000  5.470655718762E-001  1.918743492969E-003  4.471075219051E-001  2.616488541880E-005  3.272266359787E-006  3.878750520648E-003  0.000000000000E+000  0.000000000000E+000  0.000000000000E+000  0.000000000000E+000  0.000000000000E+000  0.000000000000E+000
   8.325000000000E+001  1.000000000000E+000  5.471192162015E-001  1.919372049143E-003  4.470517077087E-001  2.617308701773E-005  3.274536904176E-006  3.880271410169E-003  0.000000000000E+000  0.000000000000E+000  0.000000000000E+000  0.000000000000E+000  0.000000000000E+000  0.000000000000E+000
   8.350000000000E+001  1.000000000000E+000  5.471712875022E-001  1.919978481067E-003  4.469975110704E-001  2.618128786003E-005  3.276659669520E-006  3.881750699475E-003  0.000000000000E+000  0.000000000000E+000  0.000000000000E+000  0.000000000000E+000  0.000000000000E+000  0.000000000000E+000
   8.375000000000E+001  1.000000000000E+000  5.472217189342E-001  1.920561671618E-003  4.469450490045E-001  2.618944938178E-005  3.278596447607E-006  3.883184690303E-003  0.000000000000E+000  0.000000000000E+000  0.000000000000E+000  0.000000000000E+000  0.000000000000E+000  0.000000000000E+000
   8.400000000000E+001  1.000000000000E+000  5.472704357844E-001  1.921120813443E-003  4.468943684262E-001  2.619746133851E-005  3.280354714440E-006  3.884572685822E-003  0.000000000000E+000  0.000000000000E+000  0.000000000000E+000  0.000000000000E+000  0.000000000000E+000  0.000000000000E+000
   8.425000000000E+001  1.000000000000E+000  5.473174266793E-001  1.921659278182E-003  4.468455465201E-001  2.620576993458E-005  3.281838470887E-006  3.885910223112E-003  0.000000000000E+000  0.000000000000E+000  0.000000000000E+000  0.000000000000E+000  0.000000000000E+000  0.000000000000E+000
   8.450000000000E+001  1.000000000000E+000  5.473625879406E-001  1.922172311464E-003  4.467985555428E-001  2.621389701892E-005  3.283219378190E-006  3.887200733874E-003  0.000000000000E+000  0.000000000000E+000  0.000000000000E+000  0.000000000000E+000  0.000000000000E+000  0.000000000000E+000
   8.475000000000E+001  1.000000000000E+000  5.474059398628E-001  1.922660387468E-003  4.467534886474E-001  2.622180944156E-005  3.284398165242E-006  3.888440558268E-003  0.000000000000E+000  0.000000000000E+000  0.000000000000E+000  0.000000000000E+000  0.000000000000E+000  0.000000000000E+000
   8.500000000000E+001  1.000000000000E+000  5.474473913224E-001  1.923124062406E-003  4.467103617411E-001  2.622966659878E-005  3.285409631012E-006  3.889629698075E-003  0.000000000000E+000  0.000000000000E+000  0.000000000000E+000  0.000000000000E+000  0.000000000000E+000  0.000000000000E+000
   8.525000000000E+001  1.000000000000E+000  5.474869487587E-001  1.923563715952E-003  4.466691886061E-001  2.623759066993E-005  3.286251690763E-006  3.890766126286E-003  0.000000000000E+000  0.000000000000E+000  0.000000000000E+000  0.000000000000E+000  0.000000000000E+000  0.000000000000E+000
   8.550000000000E+001  1.000000000000E+000  5.475246277921E-001  1.923978600506E-003  4.466300443260E-001  2.624537795971E-005  3.286908103349E-006  3.891849514746E-003  0.000000000000E+000  0.000000000000E+000  0.000000000000E+000  0.000000000000E+000  0.000000000000E+000  0.000000000000E+000
   8.575000000000E+001  1.000000000000E+000  5.475603364485E-001  1.924370231855E-003  4.465928408799E-001  2.625320492631E-005  3.287339914260E-006  3.892877654707E-003  0.000000000000E+000  0.000000000000E+000  0.000000000000E+000  0.000000000000E+000  0.000000000000E+000  0.000000000000E+000
   8.600000000000E+001  1.000000000000E+000  5.475942008303E-001  1.924736997861E-003  4.465576783532E-001  2.626093495790E-005  3.287634008634E-006  3.893852803771E-003  0.000000000000E+000  0.000000000000E+000  0.000000000000E+000  0.000000000000E+000  0.000000000000E+000  0.000000000000E+000
   8.625000000000E+001  1.000000000000E+000  5.476260193943E-001  1.925077836980E-003  4.465245486111E-001  2.626841232922E-005  3.287812002163E-006  3.894775010164E-003  0.000000000000E+000  0.000000000000E+000  0.000000000000E+000  0.000000000000E+000  0.000000000000E+000  0.000000000000E+000
   8.650000000000E+001  1.000000000000E+000  5.476560193291E-001  1.925392297507E-003  4.464934030680E-001  2.627553413909E-005  3.287859728111E-006  3.895643481769E-003  0.000000000000E+000  0.000000000000E+000  0.000000000000E+000  0.000000000000E+000  0.000000000000E+000  0.000000000000E+000
   8.675000000000E+001  1.000000000000E+000  5.476840320132E-001  1.925682152455E-003  4.464642416979E-001  2.628248121623E-005  3.287766572308E-006  3.896458647278E-003  0.000000000000E+000  0.000000000000E+000  0.000000000000E+000  0.000000000000E+000  0.000000000000E+000  0.000000000000E+000
   8.700000000000E+001  1.000000000000E+000  5.477101608726E-001  1.925946553620E-003  4.464370881056E-001  2.628916843255E-005  3.287559750140E-006  3.897220119792E-003  0.000000000000E+000  0.000000000000E+000  0.000000000000E+000  0.000000000000E+000  0.000000000000E+000  0.000000000000E+000
   8.725000000000E+001  1.000000000000E+000  5.477343725659E-001  1.926190600919E-003  4.464119057184E-001  2.629605522883E-005  3.287090628481E-006  3.897924840672E-003  0.000000000000E+000  0.000000000000E+000  0.000000000000E+000  0.000000000000E+000  0.000000000000E+000  0.000000000000E+000
   8.750000000000E+001  1.000000000000E+000  5.477567730113E-001  1.926412485006E-003  4.463886773717E-001  2.630277771997E-005  3.286467147025E-006  3.898577537814E-003  0.000000000000E+000  0.000000000000E+000  0.000000000000E+000  0.000000000000E+000  0.000000000000E+000  0.000000000000E+000
   8.775000000000E+001  1.000000000000E+000  5.477772656493E-001  1.926611682118E-003  4.463673606702E-001  2.630941923169E-005  3.285716183975E-006  3.899177457734E-003  0.000000000000E+000  0.000000000000E+000  0.000000000000E+000  0.000000000000E+000  0.000000000000E+000  0.000000000000E+000
   8.800000000000E+001  1.000000000000E+000  5.477958980265E-001  1.926787735885E-003  4.463479590465E-001  2.631579922328E-005  3.284892110162E-006  3.899727504595E-003  0.000000000000E+000  0.000000000000E+000  0.000000000000E+000  0.000000000000E+000  0.000000000000E+000  0.000000000000E+000
   8.825000000000E+001  1.000000000000E+000  5.478127971143E-001  1.926939639287E-003  4.463304239448E-001  2.632185142714E-005  3.284002334752E-006  3.900227451341E-003  0.000000000000E+000  0.000000000000E+000  0.000000000000E+000  0.000000000000E+000  0.000000000000E+000  0.000000000000E+000
   8.850000000000E+001  1.000000000000E+000  5.478279591511E-001  1.927069768141E-003  4.463147012761E-001  2.632770875695E-005  3.283004890114E-006  3.900676933414E-003  0.000000000000E+000  0.000000000000E+000  0.000000000000E+000  0.000000000000E+000  0.000000000000E+000  0.000000000000E+000
   8.875000000000E+001  1.000000000000E+000  5.478413642623E-001  1.927177355164E-003  4.463007705815E-001  2.633320825382E-005  3.281957263673E-006  3.901079515831E-003  0.000000000000E+000  0.000000000000E+000  0.000000000000E+000  0.000000000000E+000  0.000000000000E+000  0.000000000000E+000
   8.900000000000E+001  1.000000000000E+000  5.478530795015E-001  1.927269103200E-003  4.462885813934E-001  2.633903866844E-005  3.280647295256E-006  3.901428765461E-003  0.000000000000E+000  0.000000000000E+000  0.000000000000E+000  0.000000000000E+000  0.000000000000E+000  0.000000000000E+000
   8.925000000000E+001  1.000000000000E+000  5.478632181615E-001  1.927343431318E-003  4.462780990523E-001  2.634494882235E-005  3.279205252526E-006  3.901730299398E-003  0.000000000000E+000  0.000000000000E+000  0.000000000000E+000  0.000000000000E+000  0.000000000000E+000  0.000000000000E+000
   8.950000000000E+001  1.000000000000E+000  5.478716990752E-001  1.927397844740E-003  4.462692800409E-001  2.635062115953E-005  3.277696137187E-006  3.901985821819E-003  0.000000000000E+000  0.000000000000E+000  0.000000000000E+000  0.000000000000E+000  0.000000000000E+000  0.000000000000E+000
   8.975000000000E+001  1.000000000000E+000  5.478786522968E-001  1.927433001049E-003  4.462620485615E-001  2.635597281000E-005  3.276120821186E-006  3.902197445957E-003  0.000000000000E+000  0.000000000000E+000  0.000000000000E+000  0.000000000000E+000  0.000000000000E+000  0.000000000000E+000
   9.000000000000E+001  1.000000000000E+000  5.478841587230E-001  1.927450597644E-003  4.462564002636E-001  2.636119344849E-005  3.274483194039E-006  3.902366950481E-003  0.000000000000E+000  0.000000000000E+000  0.000000000000E+000  0.000000000000E+000  0.000000000000E+000  0.000000000000E+000
   9.025000000000E+001  1.000000000000E+000  5.478881929794E-001  1.927449953245E-003  4.462522555276E-001  2.636619364942E-005  3.272819441395E-006  3.902495077221E-003  0.000000000000E+000  0.000000000000E+000  0.000000000000E+000  0.000000000000E+000  0.000000000000E+000  0.000000000000E+000
   9.050000000000E+001  1.000000000000E+000  5.478907948338E-001  1.927432620878E-003  4.462495304018E-001  2.637080068192E-005  3.271077211000E-006  3.902584539871E-003  0.000000000000E+000  0.000000000000E+000  0.000000000000E+000  0.000000000000E+000  0.000000000000E+000  0.000000000000E+000
   9.075000000000E+001  1.000000000000E+000  5.478920781397E-001  1.927400350152E-003  4.462482387687E-001  2.637537619140E-005  3.269251353275E-006  3.902633834931E-003  0.000000000000E+000  0.000000000000E+000  0.000000000000E+000  0.000000000000E+000  0.000000000000E+000  0.000000000000E+000
   9.100000000000E+001  1.000000000000E+000  5.478921277837E-001  1.927352448072E-003  4.462482489864E-001  2.637972054548E-005  3.267416321514E-006  3.902647131131E-003  0.000000000000E+000  0.000000000000E+000  0.000000000000E+000  0.000000000000E+000  0.000000000000E+000  0.000000000000E+000
   9.125000000000E+001  1.000000000000E+000  5.478908705697E-001  1.927293249522E-003  4.462495363889E-001  2.638416125301E-005  3.265438102370E-006  3.902622346278E-003  0.000000000000E+000  0.000000000000E+000  0.000000000000E+000  0.000000000000E+000  0.000000000000E+000  0.000000000000E+000
   9.150000000000E+001  1.000000000000E+000  5.478885108031E-001  1.927219300232E-003  4.462520656948E-001  2.638830170166E-005  3.263455975829E-006  3.902564437758E-003  0.000000000000E+000  0.000000000000E+000  0.000000000000E+000  0.000000000000E+000  0.000000000000E+000  0.000000000000E+000
   9.175000000000E+001  1.000000000000E+000  5.478850256338E-001  1.927132057173E-003  4.462557416498E-001  2.639220295212E-005  3.261455868914E-006  3.902474335505E-003  0.000000000000E+000  0.000000000000E+000  0.000000000000E+000  0.000000000000E+000  0.000000000000E+000  0.000000000000E+000
   9.200000000000E+001  1.000000000000E+000  5.478804638002E-001  1.927032151032E-003  4.462605211912E-001  2.639586955133E-005  3.259470936389E-006  3.902355165726E-003  0.000000000000E+000  0.000000000000E+000  0.000000000000E+000  0.000000000000E+000  0.000000000000E+000  0.000000000000E+000
   9.225000000000E+001  1.000000000000E+000  5.478748499329E-001  1.926920371616E-003  4.462663564036E-001  2.639930816261E-005  3.257469670250E-006  3.902206270188E-003  0.000000000000E+000  0.000000000000E+000  0.000000000000E+000  0.000000000000E+000  0.000000000000E+000  0.000000000000E+000
   9.250000000000E+001  1.000000000000E+000  5.478683933773E-001  1.926798474349E-003  4.462731554608E-001  2.640260993216E-005  3.255438151759E-006  3.902030078620E-003  0.000000000000E+000  0.000000000000E+000  0.000000000000E+000  0.000000000000E+000  0.000000000000E+000  0.000000000000E+000
   9.275000000000E+001  1.000000000000E+000  5.478609963272E-001  1.926665202191E-003  4.462808578532E-001  2.640551544384E-005  3.253425508920E-006  3.901829187449E-003  0.000000000000E+000  0.000000000000E+000  0.000000000000E+000  0.000000000000E+000  0.000000000000E+000  0.000000000000E+000
   9.300000000000E+001  1.000000000000E+000  5.478528028083E-001  1.926521587040E-003  4.462894499635E-001  2.640822347702E-005  3.251457113868E-006  3.901604515692E-003  0.000000000000E+000  0.000000000000E+000  0.000000000000E+000  0.000000000000E+000  0.000000000000E+000  0.000000000000E+000
   9.325000000000E+001  1.000000000000E+000  5.478437699155E-001  1.926371966023E-003  4.462988233619E-001  2.641095319906E-005  3.249390613182E-006  3.901354775819E-003  0.000000000000E+000  0.000000000000E+000  0.000000000000E+000  0.000000000000E+000  0.000000000000E+000  0.000000000000E+000
   9.350000000000E+001  1.000000000000E+000  5.478341052027E-001  1.926212759914E-003  4.463089491292E-001  2.641327841726E-005  3.247395703215E-006  3.901086158620E-003  0.000000000000E+000  0.000000000000E+000  0.000000000000E+000  0.000000000000E+000  0.000000000000E+000  0.000000000000E+000
   9.375000000000E+001  1.000000000000E+000  5.478237393999E-001  1.926045177883E-003  4.463197405370E-001  2.641531514927E-005  3.245430050595E-006  3.900798287769E-003  0.000000000000E+000  0.000000000000E+000  0.000000000000E+000  0.000000000000E+000  0.000000000000E+000  0.000000000000E+000
   9.400000000000E+001  1.000000000000E+000  5.478128366859E-001  1.925870728865E-003  4.463311540342E-001  2.641732277165E-005  3.243550451831E-006  3.900492870717E-003  0.000000000000E+000  0.000000000000E+000  0.000000000000E+000  0.000000000000E+000  0.000000000000E+000  0.000000000000E+000
   9.425000000000E+001  1.000000000000E+000  5.478012956163E-001  1.925692574467E-003  4.463431720028E-001  2.641933906518E-005  3.241626463450E-006  3.900169786911E-003  0.000000000000E+000  0.000000000000E+000  0.000000000000E+000  0.000000000000E+000  0.000000000000E+000  0.000000000000E+000
   9.450000000000E+001  1.000000000000E+000  5.477893267091E-001  1.925508023049E-003  4.463556622153E-001  2.642109159268E-005  3.239777349884E-006  3.899832707376E-003  0.000000000000E+000  0.000000000000E+000  0.000000000000E+000  0.000000000000E+000  0.000000000000E+000  0.000000000000E+000
   9.475000000000E+001  1.000000000000E+000  5.477769275412E-001  1.925318712026E-003  4.463686362528E-001  2.642271715971E-005  3.237963974869E-006  3.899481569305E-003  0.000000000000E+000  0.000000000000E+000  0.000000000000E+000  0.000000000000E+000  0.000000000000E+000  0.000000000000E+000
   9.500000000000E+001  1.000000000000E+000  5.477640877741E-001  1.925125388655E-003  4.463819730171E-001  2.642406548038E-005  3.236181879477E-006  3.899119484454E-003  0.000000000000E+000  0.000000000000E+000  0.000000000000E+000  0.000000000000E+000  0.000000000000E+000  0.000000000000E+000
   9.525000000000E+001  1.000000000000E+000  5.477509674176E-001  1.924927825844E-003  4.463957054272E-001  2.642515214362E-005  3.234448540744E-006  3.898746986267E-003  0.000000000000E+000  0.000000000000E+000  0.000000000000E+000  0.000000000000E+000  0.000000000000E+000  0.000000000000E+000
   9.550000000000E+001  1.000000000000E+000  5.477375351701E-001  1.924729733623E-003  4.464097107470E-001  2.642625885338E-005  3.232709711139E-006  3.898364868458E-003  0.000000000000E+000  0.000000000000E+000  0.000000000000E+000  0.000000000000E+000  0.000000000000E+000  0.000000000000E+000
   9.575000000000E+001  1.000000000000E+000  5.477238323393E-001  1.924530140729E-003  4.464239940659E-001  2.642726522231E-005  3.231005189393E-006  3.897975037755E-003  0.000000000000E+000  0.000000000000E+000  0.000000000000E+000  0.000000000000E+000  0.000000000000E+000  0.000000000000E+000
   9.600000000000E+001  1.000000000000E+000  5.477099974404E-001  1.924328787427E-003  4.464384459100E-001  2.642789735814E-005  3.229330515564E-006  3.897580674523E-003  0.000000000000E+000  0.000000000000E+000  0.000000000000E+000  0.000000000000E+000  0.000000000000E+000  0.000000000000E+000
   9.625000000000E+001  1.000000000000E+000  5.476959717785E-001  1.924129005800E-003  4.464530480977E-001  2.642864899697E-005  3.227622245877E-006  3.897178285377E-003  0.000000000000E+000  0.000000000000E+000  0.000000000000E+000  0.000000000000E+000  0.000000000000E+000  0.000000000000E+000
   9.650000000000E+001  1.000000000000E+000  5.476818520528E-001  1.923928138959E-003  4.464677982390E-001  2.642915546406E-005  3.225968515609E-006  3.896772300430E-003  0.000000000000E+000  0.000000000000E+000  0.000000000000E+000  0.000000000000E+000  0.000000000000E+000  0.000000000000E+000
   9.675000000000E+001  1.000000000000E+000  5.476676887436E-001  1.923728029567E-003  4.464825729865E-001  2.642953484133E-005  3.224334929583E-006  3.896363059212E-003  0.000000000000E+000  0.000000000000E+000  0.000000000000E+000  0.000000000000E+000  0.000000000000E+000  0.000000000000E+000
   9.700000000000E+001  1.000000000000E+000  5.476534816873E-001  1.923528357857E-003  4.464973871131E-001  2.642961984929E-005  3.222717716428E-006  3.895952531160E-003  0.000000000000E+000  0.000000000000E+000  0.000000000000E+000  0.000000000000E+000  0.000000000000E+000  0.000000000000E+000
   9.725000000000E+001  1.000000000000E+000  5.476393095733E-001  1.923329234881E-003  4.465121802305E-001  2.642947354848E-005  3.221183362683E-006  3.895542979566E-003  0.000000000000E+000  0.000000000000E+000  0.000000000000E+000  0.000000000000E+000  0.000000000000E+000  0.000000000000E+000
   9.750000000000E+001  1.000000000000E+000  5.476251477443E-001  1.923132043076E-003  4.465269300035E-001  2.642918026115E-005  3.219686459242E-006  3.895134714423E-003  0.000000000000E+000  0.000000000000E+000  0.000000000000E+000  0.000000000000E+000  0.000000000000E+000  0.000000000000E+000
   9.775000000000E+001  1.000000000000E+000  5.476111188455E-001  1.922939810346E-003  4.465415702213E-001  2.642904725409E-005  3.218133090924E-006  3.894724293811E-003  0.000000000000E+000  0.000000000000E+000  0.000000000000E+000  0.000000000000E+000  0.000000000000E+000  0.000000000000E+000
   9.800000000000E+001  1.000000000000E+000  5.475972059830E-001  1.922753402868E-003  4.465560974948E-001  2.642921099475E-005  3.216539140187E-006  3.894313302835E-003  0.000000000000E+000  0.000000000000E+000  0.000000000000E+000  0.000000000000E+000  0.000000000000E+000  0.000000000000E+000
   9.825000000000E+001  1.000000000000E+000  5.475834603801E-001  1.922570870307E-003  4.465704344314E-001  2.642925808945E-005  3.214965463014E-006  3.893905847938E-003  0.000000000000E+000  0.000000000000E+000  0.000000000000E+000  0.000000000000E+000  0.000000000000E+000  0.000000000000E+000
   9.850000000000E+001  1.000000000000E+000  5.475698842561E-001  1.922392057275E-003  4.465846199474E-001  2.642918522464E-005  3.213426173944E-006  3.893502972362E-003  0.000000000000E+000  0.000000000000E+000  0.000000000000E+000  0.000000000000E+000  0.000000000000E+000  0.000000000000E+000
   9.875000000000E+001  1.000000000000E+000  5.475564949076E-001  1.922215545885E-003  4.465985171717E-001  2.642892699712E-005  3.211977912545E-006  3.893105475867E-003  0.000000000000E+000  0.000000000000E+000  0.000000000000E+000  0.000000000000E+000  0.000000000000E+000  0.000000000000E+000
   9.900000000000E+001  1.000000000000E+000  5.475433778942E-001  1.922043285756E-003  4.466122125782E-001  2.642859012566E-005  3.210578854253E-006  3.892714496345E-003  0.000000000000E+000  0.000000000000E+000  0.000000000000E+000  0.000000000000E+000  0.000000000000E+000  0.000000000000E+000
   9.925000000000E+001  1.000000000000E+000  5.475305411676E-001  1.921875535205E-003  4.466256428995E-001  2.642817139229E-005  3.209235883018E-006  3.892330757503E-003  0.000000000000E+000  0.000000000000E+000  0.000000000000E+000  0.000000000000E+000  0.000000000000E+000  0.000000000000E+000
   9.950000000000E+001  1.000000000000E+000  5.475179180763E-001  1.921711175227E-003  4.466387550061E-001  2.642747863405E-005  3.207978814099E-006  3.891956942789E-003  0.000000000000E+000  0.000000000000E+000  0.000000000000E+000  0.000000000000E+000  0.000000000000E+000  0.000000000000E+000
   9.975000000000E+001  1.000000000000E+000  5.475056769646E-001  1.921549198817E-003  4.466515441548E-001  2.642656584044E-005  3.206839777293E-006  3.891591275504E-003  0.000000000000E+000  0.000000000000E+000  0.000000000000E+000  0.000000000000E+000  0.000000000000E+000  0.000000000000E+000
   1.000000000000E+002  1.000000000000E+000  5.474937565943E-001  1.921391414513E-003  4.466639951295E-001  2.642553421366E-005  3.205777965542E-006  3.891235097210E-003  0.000000000000E+000  0.000000000000E+000  0.000000000000E+000  0.000000000000E+000  0.000000000000E+000  0.000000000000E+000
   1.002500000000E+002  1.000000000000E+000  5.474821603768E-001  1.921244458523E-003  4.466761030688E-001  2.642501168467E-005  3.204616027333E-006  3.890884354504E-003  0.000000000000E+000  0.000000000000E+000  0.000000000000E+000  0.000000000000E+000  0.000000000000E+000  0.000000000000E+000
   1.005000000000E+002  1.000000000000E+000  5.474709525782E-001  1.921101089266E-003  4.466878129614E-001  2.642427941941E-005  3.203555491673E-006  3.890543989167E-003  0.000000000000E+000  0.000000000000E+000  0.000000000000E+000  0.000000000000E+000  0.000000000000E+000  0.000000000000E+000
   1.007500000000E+002  1.000000000000E+000  5.474600748026E-001  1.920963236206E-003  4.466991030349E-001  2.642352726930E-005  3.202548061380E-006  3.890213119257E-003  0.000000000000E+000  0.000000000000E+000  0.000000000000E+000  0.000000000000E+000  0.000000000000E+000  0.000000000000E+000
   1.010000000000E+002  1.000000000000E+000  5.474496658956E-001  1.920829731374E-003  4.467100254179E-001  2.642260411178E-005  3.201646190269E-006  3.889894306214E-003  0.000000000000E+000  0.000000000000E+000  0.000000000000E+000  0.000000000000E+000  0.000000000000E+000  0.000000000000E+000
   1.012500000000E+002  1.000000000000E+000  5.474395814211E-001  1.920701706677E-003  4.467205285412E-001  2.642163354855E-005  3.200815621238E-006  3.889587226394E-003  0.000000000000E+000  0.000000000000E+000  0.000000000000E+000  0.000000000000E+000  0.000000000000E+000  0.000000000000E+000
   1.015000000000E+002  1.000000000000E+000  5.474299106874E-001  1.920577747832E-003  4.467305658388E-001  2.642051371860E-005  3.200113751935E-006  3.889292877347E-003  0.000000000000E+000  0.000000000000E+000  0.000000000000E+000  0.000000000000E+000  0.000000000000E+000  0.000000000000E+000
   1.017500000000E+002  1.000000000000E+000  5.474207372799E-001  1.920458806102E-003  4.467402050916E-001  2.641925287235E-005  3.199462341827E-006  3.889009742176E-003  0.000000000000E+000  0.000000000000E+000  0.000000000000E+000  0.000000000000E+000  0.000000000000E+000  0.000000000000E+000
   1.020000000000E+002  1.000000000000E+000  5.474119023260E-001  1.920344609817E-003  4.467493729534E-001  2.641788248730E-005  3.198920389113E-006  3.888739791762E-003  0.000000000000E+000  0.000000000000E+000  0.000000000000E+000  0.000000000000E+000  0.000000000000E+000  0.000000000000E+000
   1.022500000000E+002  1.000000000000E+000  5.474035972703E-001  1.920238034184E-003  4.467580859213E-001  2.641671979724E-005  3.198394525519E-006  3.888480018110E-003  0.000000000000E+000  0.000000000000E+000  0.000000000000E+000  0.000000000000E+000  0.000000000000E+000  0.000000000000E+000
   1.025000000000E+002  1.000000000000E+000  5.473956648046E-001  1.920136584697E-003  4.467663575891E-001  2.641546097542E-005  3.197951118412E-006  3.888233186727E-003  0.000000000000E+000  0.000000000000E+000  0.000000000000E+000  0.000000000000E+000  0.000000000000E+000  0.000000000000E+000
   1.027500000000E+002  1.000000000000E+000  5.473882000914E-001  1.920043480694E-003  4.467741548585E-001  2.641443306135E-005  3.197496085060E-006  3.887996594710E-003  0.000000000000E+000  0.000000000000E+000  0.000000000000E+000  0.000000000000E+000  0.000000000000E+000  0.000000000000E+000
   1.030000000000E+002  1.000000000000E+000  5.473811820156E-001  1.919956779717E-003  4.467814951028E-001  2.641336518585E-005  3.197066975533E-006  3.887772233668E-003  0.000000000000E+000  0.000000000000E+000  0.000000000000E+000  0.000000000000E+000  0.000000000000E+000  0.000000000000E+000
   1.032500000000E+002  1.000000000000E+000  5.473745792107E-001  1.919874995833E-003  4.467883744339E-001  2.641219353467E-005  3.196719528328E-006  3.887560625278E-003  0.000000000000E+000  0.000000000000E+000  0.000000000000E+000  0.000000000000E+000  0.000000000000E+000  0.000000000000E+000
   1.035000000000E+002  1.000000000000E+000  5.473684397965E-001  1.919798716166E-003  4.467947866554E-001  2.641093101161E-005  3.196447337433E-006  3.887362896089E-003  0.000000000000E+000  0.000000000000E+000  0.000000000000E+000  0.000000000000E+000  0.000000000000E+000  0.000000000000E+000
   1.037500000000E+002  1.000000000000E+000  5.473627806013E-001  1.919726577402E-003  4.468007227251E-001  2.640950531272E-005  3.196266484868E-006  3.887178160538E-003  0.000000000000E+000  0.000000000000E+000  0.000000000000E+000  0.000000000000E+000  0.000000000000E+000  0.000000000000E+000
   1.040000000000E+002  1.000000000000E+000  5.473575161225E-001  1.919659860972E-003  4.468062195197E-001  2.640798168486E-005  3.196126017783E-006  3.887006001660E-003  0.000000000000E+000  0.000000000000E+000  0.000000000000E+000  0.000000000000E+000  0.000000000000E+000  0.000000000000E+000
   1.042500000000E+002  1.000000000000E+000  5.473526604846E-001  1.919598435432E-003  4.468112710195E-001  2.640649432498E-005  3.196067138883E-006  3.886846226416E-003  0.000000000000E+000  0.000000000000E+000  0.000000000000E+000  0.000000000000E+000  0.000000000000E+000  0.000000000000E+000
   1.045000000000E+002  1.000000000000E+000  5.473483011535E-001  1.919544018239E-003  4.468158301946E-001  2.640507424607E-005  3.196002267380E-006  3.886698161369E-003  0.000000000000E+000  0.000000000000E+000  0.000000000000E+000  0.000000000000E+000  0.000000000000E+000  0.000000000000E+000
   1.047500000000E+002  1.000000000000E+000  5.473443560169E-001  1.919495023035E-003  4.468199987637E-001  2.640365191334E-005  3.195975964590E-006  3.886561367629E-003  0.000000000000E+000  0.000000000000E+000  0.000000000000E+000  0.000000000000E+000  0.000000000000E+000  0.000000000000E+000
   1.050000000000E+002  1.000000000000E+000  5.473408120863E-001  1.919450497617E-003  4.468237053128E-001  2.640212518185E-005  3.196020618494E-006  3.886437158437E-003  0.000000000000E+000  0.000000000000E+000  0.000000000000E+000  0.000000000000E+000  0.000000000000E+000  0.000000000000E+000
   1.052500000000E+002  1.000000000000E+000  5.473376610321E-001  1.919410911141E-003  4.468269647550E-001  2.640052643611E-005  3.196124883010E-006  3.886326000363E-003  0.000000000000E+000  0.000000000000E+000  0.000000000000E+000  0.000000000000E+000  0.000000000000E+000  0.000000000000E+000
   1.055000000000E+002  1.000000000000E+000  5.473349889839E-001  1.919376286574E-003  4.468298518594E-001  2.639896021288E-005  3.196286658136E-006  3.886225743350E-003  0.000000000000E+000  0.000000000000E+000  0.000000000000E+000  0.000000000000E+000  0.000000000000E+000  0.000000000000E+000
   1.057500000000E+002  1.000000000000E+000  5.473326307659E-001  1.919349007221E-003  4.468322753822E-001  2.639763292747E-005  3.196425564943E-006  3.886135826811E-003  0.000000000000E+000  0.000000000000E+000  0.000000000000E+000  0.000000000000E+000  0.000000000000E+000  0.000000000000E+000
   1.060000000000E+002  1.000000000000E+000  5.473306835121E-001  1.919326292497E-003  4.468343442043E-001  2.639627797285E-005  3.196618882136E-006  3.886057083714E-003  0.000000000000E+000  0.000000000000E+000  0.000000000000E+000  0.000000000000E+000  0.000000000000E+000  0.000000000000E+000
   1.062500000000E+002  1.000000000000E+000  5.473290981231E-001  1.919308424209E-003  4.468360136580E-001  2.639494559923E-005  3.196831850898E-006  3.885988071829E-003  0.000000000000E+000  0.000000000000E+000  0.000000000000E+000  0.000000000000E+000  0.000000000000E+000  0.000000000000E+000
   1.065000000000E+002  1.000000000000E+000  5.473278815110E-001  1.919295717319E-003  4.468372866850E-001  2.639366510445E-005  3.197072891501E-006  3.885929642386E-003  0.000000000000E+000  0.000000000000E+000  0.000000000000E+000  0.000000000000E+000  0.000000000000E+000  0.000000000000E+000
   1.067500000000E+002  1.000000000000E+000  5.473270431545E-001  1.919287142999E-003  4.468382292537E-001  2.639236465218E-005  3.197359921290E-006  3.885881821917E-003  0.000000000000E+000  0.000000000000E+000  0.000000000000E+000  0.000000000000E+000  0.000000000000E+000  0.000000000000E+000
   1.070000000000E+002  1.000000000000E+000  5.473264774311E-001  1.919282958952E-003  4.468387841810E-001  2.639109121430E-005  3.197673931340E-006  3.885843462092E-003  0.000000000000E+000  0.000000000000E+000  0.000000000000E+000  0.000000000000E+000  0.000000000000E+000  0.000000000000E+000
   1.072500000000E+002  1.000000000000E+000  5.473262784711E-001  1.919282694478E-003  4.468390197226E-001  2.638984932865E-005  3.198013270946E-006  3.885813839835E-003  0.000000000000E+000  0.000000000000E+000  0.000000000000E+000  0.000000000000E+000  0.000000000000E+000  0.000000000000E+000
   1.075000000000E+002  1.000000000000E+000  5.473264044693E-001  1.919285019041E-003  4.468389234995E-001  2.638853585310E-005  3.198434051537E-006  3.885794537530E-003  0.000000000000E+000  0.000000000000E+000  0.000000000000E+000  0.000000000000E+000  0.000000000000E+000  0.000000000000E+000
   1.077500000000E+002  1.000000000000E+000  5.473268107300E-001  1.919291170810E-003  4.468385086694E-001  2.638724655511E-005  3.198884555822E-006  3.885783971902E-003  0.000000000000E+000  0.000000000000E+000  0.000000000000E+000  0.000000000000E+000  0.000000000000E+000  0.000000000000E+000
   1.080000000000E+002  1.000000000000E+000  5.473275296351E-001  1.919303820940E-003  4.468378065708E-001  2.638628997693E-005  3.199271950738E-006  3.885779298657E-003  0.000000000000E+000  0.000000000000E+000  0.000000000000E+000  0.000000000000E+000  0.000000000000E+000  0.000000000000E+000
   1.082500000000E+002  1.000000000000E+000  5.473285111040E-001  1.919320921194E-003  4.468368216702E-001  2.638541825402E-005  3.199668860808E-006  3.885782992623E-003  0.000000000000E+000  0.000000000000E+000  0.000000000000E+000  0.000000000000E+000  0.000000000000E+000  0.000000000000E+000
   1.085000000000E+002  1.000000000000E+000  5.473297224137E-001  1.919340561436E-003  4.468355655454E-001  2.638455320156E-005  3.200093801570E-006  3.885793796712E-003  0.000000000000E+000  0.000000000000E+000  0.000000000000E+000  0.000000000000E+000  0.000000000000E+000  0.000000000000E+000
   1.087500000000E+002  1.000000000000E+000  5.473311716781E-001  1.919363747876E-003  4.468340606104E-001  2.638375361066E-005  3.200527787147E-006  3.885811397402E-003  0.000000000000E+000  0.000000000000E+000  0.000000000000E+000  0.000000000000E+000  0.000000000000E+000  0.000000000000E+000
   1.090000000000E+002  1.000000000000E+000  5.473328792126E-001  1.919389868962E-003  4.468322945606E-001  2.638295707476E-005  3.200952613406E-006  3.885835299693E-003  0.000000000000E+000  0.000000000000E+000  0.000000000000E+000  0.000000000000E+000  0.000000000000E+000  0.000000000000E+000
   1.092500000000E+002  1.000000000000E+000  5.473348296733E-001  1.919419089484E-003  4.468302846137E-001  2.638224973735E-005  3.201398183389E-006  3.885865830673E-003  0.000000000000E+000  0.000000000000E+000  0.000000000000E+000  0.000000000000E+000  0.000000000000E+000  0.000000000000E+000
   1.095000000000E+002  1.000000000000E+000  5.473370018711E-001  1.919450129727E-003  4.468280905619E-001  2.638151973097E-005  3.201867830939E-006  3.885902123325E-003  0.000000000000E+000  0.000000000000E+000  0.000000000000E+000  0.000000000000E+000  0.000000000000E+000  0.000000000000E+000
   1.097500000000E+002  1.000000000000E+000  5.473393136392E-001  1.919483329040E-003  4.468256665785E-001  2.638077083858E-005  3.202328542390E-006  3.885943951524E-003  0.000000000000E+000  0.000000000000E+000  0.000000000000E+000  0.000000000000E+000  0.000000000000E+000  0.000000000000E+000
   1.100000000000E+002  1.000000000000E+000  5.473418410352E-001  1.919517936387E-003  4.468230787212E-001  2.637996372631E-005  3.202817445147E-006  3.885991230170E-003  0.000000000000E+000  0.000000000000E+000  0.000000000000E+000  0.000000000000E+000  0.000000000000E+000  0.000000000000E+000
   1.102500000000E+002  1.000000000000E+000  5.473445387219E-001  1.919554559799E-003  4.468202898056E-001  2.637921687009E-005  3.203329449491E-006  3.886044300055E-003  0.000000000000E+000  0.000000000000E+000  0.000000000000E+000  0.000000000000E+000  0.000000000000E+000  0.000000000000E+000
   1.105000000000E+002  1.000000000000E+000  5.473473281038E-001  1.919592677034E-003  4.468173830844E-001  2.637849246314E-005  3.203849667608E-006  3.886101697697E-003  0.000000000000E+000  0.000000000000E+000  0.000000000000E+000  0.000000000000E+000  0.000000000000E+000  0.000000000000E+000
   1.107500000000E+002  1.000000000000E+000  5.473503054072E-001  1.919632066367E-003  4.468142994235E-001  2.637773472686E-005  3.204399938178E-006  3.886164884394E-003  0.000000000000E+000  0.000000000000E+000  0.000000000000E+000  0.000000000000E+000  0.000000000000E+000  0.000000000000E+000
   1.110000000000E+002  1.000000000000E+000  5.473534479746E-001  1.919672423483E-003  4.468110876892E-001  2.637699410462E-005  3.204960473719E-006  3.886231550684E-003  0.000000000000E+000  0.000000000000E+000  0.000000000000E+000  0.000000000000E+000  0.000000000000E+000  0.000000000000E+000
   1.112500000000E+002  1.000000000000E+000  5.473566491511E-001  1.919715758208E-003  4.468077686453E-001  2.637647516549E-005  3.205470525224E-006  3.886300099130E-003  0.000000000000E+000  0.000000000000E+000  0.000000000000E+000  0.000000000000E+000  0.000000000000E+000  0.000000000000E+000
   1.115000000000E+002  1.000000000000E+000  5.473599703482E-001  1.919760432988E-003  4.468043443333E-001  2.637601480915E-005  3.205976898698E-006  3.886371503115E-003  0.000000000000E+000  0.000000000000E+000  0.000000000000E+000  0.000000000000E+000  0.000000000000E+000  0.000000000000E+000
   1.117500000000E+002  1.000000000000E+000  5.473633823139E-001  1.919805926392E-003  4.468007988862E-001  2.637554570539E-005  3.206502905158E-006  3.886446740399E-003  0.000000000000E+000  0.000000000000E+000  0.000000000000E+000  0.000000000000E+000  0.000000000000E+000  0.000000000000E+000
   1.120000000000E+002  1.000000000000E+000  5.473668755610E-001  1.919855291210E-003  4.467971774603E-001  2.637543270050E-005  3.206931668281E-006  3.886521938477E-003  0.000000000000E+000  0.000000000000E+000  0.000000000000E+000  0.000000000000E+000  0.000000000000E+000  0.000000000000E+000
   1.122500000000E+002  1.000000000000E+000  5.473704589900E-001  1.919905242067E-003  4.467934882463E-001  2.637534273928E-005  3.207360970517E-006  3.886599135192E-003  0.000000000000E+000  0.000000000000E+000  0.000000000000E+000  0.000000000000E+000  0.000000000000E+000  0.000000000000E+000
   1.125000000000E+002  1.000000000000E+000  5.473740759525E-001  1.919955951214E-003  4.467897128372E-001  2.637521699424E-005  3.207734637715E-006  3.886677066350E-003  0.000000000000E+000  0.000000000000E+000  0.000000000000E+000  0.000000000000E+000  0.000000000000E+000  0.000000000000E+000
   1.127500000000E+002  1.000000000000E+000  5.473777565903E-001  1.920006694055E-003  4.467858998117E-001  2.637504960354E-005  3.208110283373E-006  3.886757204460E-003  0.000000000000E+000  0.000000000000E+000  0.000000000000E+000  0.000000000000E+000  0.000000000000E+000  0.000000000000E+000
   1.130000000000E+002  1.000000000000E+000  5.473814874251E-001  1.920057815427E-003  4.467820488538E-001  2.637489105340E-005  3.208468653332E-006  3.886838499860E-003  0.000000000000E+000  0.000000000000E+000  0.000000000000E+000  0.000000000000E+000  0.000000000000E+000  0.000000000000E+000
   1.132500000000E+002  1.000000000000E+000  5.473851944946E-001  1.920109037647E-003  4.467781743244E-001  2.637478006393E-005  3.208827664531E-006  3.886921137730E-003  0.000000000000E+000  0.000000000000E+000  0.000000000000E+000  0.000000000000E+000  0.000000000000E+000  0.000000000000E+000
   1.135000000000E+002  1.000000000000E+000  5.473889332449E-001  1.920160242327E-003  4.467742855145E-001  2.637467641004E-005  3.209176099522E-006  3.887005139890E-003  0.000000000000E+000  0.000000000000E+000  0.000000000000E+000  0.000000000000E+000  0.000000000000E+000  0.000000000000E+000
   1.137500000000E+002  1.000000000000E+000  5.473927142545E-001  1.920214681775E-003  4.467704014627E-001  2.637488411206E-005  3.209424738804E-006  3.887087972881E-003  0.000000000000E+000  0.000000000000E+000  0.000000000000E+000  0.000000000000E+000  0.000000000000E+000  0.000000000000E+000
   1.140000000000E+002  1.000000000000E+000  5.473964773502E-001  1.920268851989E-003  4.467665388470E-001  2.637514055452E-005  3.209649305385E-006  3.887170163054E-003  0.000000000000E+000  0.000000000000E+000  0.000000000000E+000  0.000000000000E+000  0.000000000000E+000  0.000000000000E+000
   1.142500000000E+002  1.000000000000E+000  5.474001845764E-001  1.920322585899E-003  4.467626577419E-001  2.637548353142E-005  3.209865558595E-006  3.887251198256E-003  0.000000000000E+000  0.000000000000E+000  0.000000000000E+000  0.000000000000E+000  0.000000000000E+000  0.000000000000E+000
   1.145000000000E+002  1.000000000000E+000  5.474038872575E-001  1.920375271079E-003  4.467587875379E-001  2.637579899910E-005  3.210088778435E-006  3.887332648394E-003  0.000000000000E+000  0.000000000000E+000  0.000000000000E+000  0.000000000000E+000  0.000000000000E+000  0.000000000000E+000
   1.147500000000E+002  1.000000000000E+000  5.474075953588E-001  1.920426578514E-003  4.467549733191E-001  2.637604885699E-005  3.210332854318E-006  3.887415231199E-003  0.000000000000E+000  0.000000000000E+000  0.000000000000E+000  0.000000000000E+000  0.000000000000E+000  0.000000000000E+000
   1.150000000000E+002  1.000000000000E+000  5.474112645397E-001  1.920475770538E-003  4.467511655899E-001  2.637617958690E-005  3.210610066708E-006  3.887498546001E-003  0.000000000000E+000  0.000000000000E+000  0.000000000000E+000  0.000000000000E+000  0.000000000000E+000  0.000000000000E+000
   1.152500000000E+002  1.000000000000E+000  5.474148844021E-001  1.920523178068E-003  4.467474250333E-001  2.637626468278E-005  3.210897317425E-006  3.887581122907E-003  0.000000000000E+000  0.000000000000E+000  0.000000000000E+000  0.000000000000E+000  0.000000000000E+000  0.000000000000E+000
   1.155000000000E+002  1.000000000000E+000  5.474184794555E-001  1.920567201920E-003  4.467437112891E-001  2.637609992400E-005  3.211221617819E-006  3.887664112427E-003  0.000000000000E+000  0.000000000000E+000  0.000000000000E+000  0.000000000000E+000  0.000000000000E+000  0.000000000000E+000
   1.157500000000E+002  1.000000000000E+000  5.474219823645E-001  1.920609104553E-003  4.467400673814E-001  2.637585248132E-005  3.211560744541E-006  3.887746409167E-003  0.000000000000E+000  0.000000000000E+000  0.000000000000E+000  0.000000000000E+000  0.000000000000E+000  0.000000000000E+000
   1.160000000000E+002  1.000000000000E+000  5.474254248341E-001  1.920649301633E-003  4.467364723468E-001  2.637547783420E-005  3.211896828985E-006  3.887828974102E-003  0.000000000000E+000  0.000000000000E+000  0.000000000000E+000  0.000000000000E+000  0.000000000000E+000  0.000000000000E+000
   1.162500000000E+002  1.000000000000E+000  5.474288402676E-001  1.920687350195E-003  4.467329783870E-001  2.637502911011E-005  3.212239238365E-006  3.887910582926E-003  0.000000000000E+000  0.000000000000E+000  0.000000000000E+000  0.000000000000E+000  0.000000000000E+000  0.000000000000E+000
   1.165000000000E+002  1.000000000000E+000  5.474321928466E-001  1.920723641952E-003  4.467295353180E-001  2.637456512658E-005  3.212599870061E-006  3.887991164337E-003  0.000000000000E+000  0.000000000000E+000  0.000000000000E+000  0.000000000000E+000  0.000000000000E+000  0.000000000000E+000
   1.167500000000E+002  1.000000000000E+000  5.474354310031E-001  1.920758268224E-003  4.467261596874E-001  2.637414033745E-005  3.212988380918E-006  3.888071121632E-003  0.000000000000E+000  0.000000000000E+000  0.000000000000E+000  0.000000000000E+000  0.000000000000E+000  0.000000000000E+000
   1.170000000000E+002  1.000000000000E+000  5.474385604023E-001  1.920791199791E-003  4.467228730749E-001  2.637370654030E-005  3.213380984207E-006  3.888149549175E-003  0.000000000000E+000  0.000000000000E+000  0.000000000000E+000  0.000000000000E+000  0.000000000000E+000  0.000000000000E+000
   1.172500000000E+002  1.000000000000E+000  5.474416874813E-001  1.920822719698E-003  4.467197123661E-001  2.637327810065E-005  3.213773857888E-006  3.888226177981E-003  0.000000000000E+000  0.000000000000E+000  0.000000000000E+000  0.000000000000E+000  0.000000000000E+000  0.000000000000E+000
   1.175000000000E+002  1.000000000000E+000  5.474446553505E-001  1.920852332820E-003  4.467165944533E-001  2.637286529373E-005  3.214160403441E-006  3.888300204137E-003  0.000000000000E+000  0.000000000000E+000  0.000000000000E+000  0.000000000000E+000  0.000000000000E+000  0.000000000000E+000
   1.177500000000E+002  1.000000000000E+000  5.474475213421E-001  1.920880468094E-003  4.467136127554E-001  2.637247696044E-005  3.214536619105E-006  3.888371430895E-003  0.000000000000E+000  0.000000000000E+000  0.000000000000E+000  0.000000000000E+000  0.000000000000E+000  0.000000000000E+000
   1.180000000000E+002  1.000000000000E+000  5.474503602634E-001  1.920907551140E-003  4.467107256686E-001  2.637212577971E-005  3.214899708677E-006  3.888440534355E-003  0.000000000000E+000  0.000000000000E+000  0.000000000000E+000  0.000000000000E+000  0.000000000000E+000  0.000000000000E+000
   1.182500000000E+002  1.000000000000E+000  5.474530332022E-001  1.920931937435E-003  4.467079318010E-001  2.637165625294E-005  3.215293736815E-006  3.888508481717E-003  0.000000000000E+000  0.000000000000E+000  0.000000000000E+000  0.000000000000E+000  0.000000000000E+000  0.000000000000E+000
   1.185000000000E+002  1.000000000000E+000  5.474556634162E-001  1.920954355832E-003  4.467052400569E-001  2.637114330442E-005  3.215694304300E-006  3.888574614043E-003  0.000000000000E+000  0.000000000000E+000  0.000000000000E+000  0.000000000000E+000  0.000000000000E+000  0.000000000000E+000
   1.187500000000E+002  1.000000000000E+000  5.474581579793E-001  1.920974738148E-003  4.467026630223E-001  2.637052509697E-005  3.216082417417E-006  3.888638524949E-003  0.000000000000E+000  0.000000000000E+000  0.000000000000E+000  0.000000000000E+000  0.000000000000E+000  0.000000000000E+000
   1.190000000000E+002  1.000000000000E+000  5.474605659017E-001  1.920993231466E-003  4.467001862882E-001  2.636990478454E-005  3.216448103374E-006  3.888698648993E-003  0.000000000000E+000  0.000000000000E+000  0.000000000000E+000  0.000000000000E+000  0.000000000000E+000  0.000000000000E+000
   1.192500000000E+002  1.000000000000E+000  5.474628531428E-001  1.921010656133E-003  4.466978131994E-001  2.636929562541E-005  3.216789645550E-006  3.888756204299E-003  0.000000000000E+000  0.000000000000E+000  0.000000000000E+000  0.000000000000E+000  0.000000000000E+000  0.000000000000E+000
   1.195000000000E+002  1.000000000000E+000  5.474650316146E-001  1.921030060727E-003  4.466955328106E-001  2.636901643388E-005  3.217009160221E-006  3.888808070001E-003  0.000000000000E+000  0.000000000000E+000  0.000000000000E+000  0.000000000000E+000  0.000000000000E+000  0.000000000000E+000
   1.197500000000E+002  1.000000000000E+000  5.474671222387E-001  1.921049006025E-003  4.466933847026E-001  2.636890924337E-005  3.217212987192E-006  3.888856724178E-003  0.000000000000E+000  0.000000000000E+000  0.000000000000E+000  0.000000000000E+000  0.000000000000E+000  0.000000000000E+000
   1.200000000000E+002  1.000000000000E+000  5.474691263725E-001  1.921067783284E-003  4.466913407329E-001  2.636885537345E-005  3.217356198589E-006  3.888901778816E-003  0.000000000000E+000  0.000000000000E+000  0.000000000000E+000  0.000000000000E+000  0.000000000000E+000  0.000000000000E+000
   1.202500000000E+002  1.000000000000E+000  5.474709878632E-001  1.921088897620E-003  4.466893865858E-001  2.636919044322E-005  3.217365479467E-006  3.888940270806E-003  0.000000000000E+000  0.000000000000E+000  0.000000000000E+000  0.000000000000E+000  0.000000000000E+000  0.000000000000E+000
   1.205000000000E+002  1.000000000000E+000  5.474727297299E-001  1.921110419515E-003  4.466875774205E-001  2.636965428516E-005  3.217322730108E-006  3.888975862579E-003  0.000000000000E+000  0.000000000000E+000  0.000000000000E+000  0.000000000000E+000  0.000000000000E+000  0.000000000000E+000
   1.207500000000E+002  1.000000000000E+000  5.474744460413E-001  1.921131415054E-003  4.466858485451E-001  2.637022489081E-005  3.217229546822E-006  3.889006826070E-003  0.000000000000E+000  0.000000000000E+000  0.000000000000E+000  0.000000000000E+000  0.000000000000E+000  0.000000000000E+000
   1.210000000000E+002  1.000000000000E+000  5.474759668950E-001  1.921151878446E-003  4.466842677362E-001  2.637087624581E-005  3.217095834236E-006  3.889034213240E-003  0.000000000000E+000  0.000000000000E+000  0.000000000000E+000  0.000000000000E+000  0.000000000000E+000  0.000000000000E+000
   1.212500000000E+002  1.000000000000E+000  5.474774436786E-001  1.921171503192E-003  4.466827617042E-001  2.637158466877E-005  3.216930615691E-006  3.889058034839E-003  0.000000000000E+000  0.000000000000E+000  0.000000000000E+000  0.000000000000E+000  0.000000000000E+000  0.000000000000E+000
   1.215000000000E+002  1.000000000000E+000  5.474787637916E-001  1.921189215603E-003  4.466813653586E-001  2.637224705401E-005  3.216765889786E-006  3.889079629340E-003  0.000000000000E+000  0.000000000000E+000  0.000000000000E+000  0.000000000000E+000  0.000000000000E+000  0.000000000000E+000
   1.217500000000E+002  1.000000000000E+000  5.474799780972E-001  1.921205581532E-003  4.466801005028E-001  2.637291268501E-005  3.216587795390E-006  3.889098289383E-003  0.000000000000E+000  0.000000000000E+000  0.000000000000E+000  0.000000000000E+000  0.000000000000E+000  0.000000000000E+000
   1.220000000000E+002  1.000000000000E+000  5.474811527208E-001  1.921219811261E-003  4.466789246279E-001  2.637348453397E-005  3.216427780868E-006  3.889115890772E-003  0.000000000000E+000  0.000000000000E+000  0.000000000000E+000  0.000000000000E+000  0.000000000000E+000  0.000000000000E+000
   1.222500000000E+002  1.000000000000E+000  5.474822059239E-001  1.921231369101E-003  4.466778434590E-001  2.637390456439E-005  3.216268431533E-006  3.889130987672E-003  0.000000000000E+000  0.000000000000E+000  0.000000000000E+000  0.000000000000E+000  0.000000000000E+000  0.000000000000E+000
   1.225000000000E+002  1.000000000000E+000  5.474831750916E-001  1.921241287330E-003  4.466768725159E-001  2.637426724880E-005  3.216114022586E-006  3.889144945112E-003  0.000000000000E+000  0.000000000000E+000  0.000000000000E+000  0.000000000000E+000  0.000000000000E+000  0.000000000000E+000
   1.227500000000E+002  1.000000000000E+000  5.474840230137E-001  1.921248263259E-003  4.466759745577E-001  2.637454163739E-005  3.215997648850E-006  3.889156718647E-003  0.000000000000E+000  0.000000000000E+000  0.000000000000E+000  0.000000000000E+000  0.000000000000E+000  0.000000000000E+000
   1.230000000000E+002  1.000000000000E+000  5.474847972745E-001  1.921253026139E-003  4.466752026147E-001  2.637475139773E-005  3.215892033252E-006  3.889166465605E-003  0.000000000000E+000  0.000000000000E+000  0.000000000000E+000  0.000000000000E+000  0.000000000000E+000  0.000000000000E+000
   1.232500000000E+002  1.000000000000E+000  5.474854653496E-001  1.921256074362E-003  4.466744830060E-001  2.637490747031E-005  3.215800098839E-006  3.889175026519E-003  0.000000000000E+000  0.000000000000E+000  0.000000000000E+000  0.000000000000E+000  0.000000000000E+000  0.000000000000E+000
   1.235000000000E+002  1.000000000000E+000  5.474860616573E-001  1.921256939680E-003  4.466738736661E-001  2.637505751789E-005  3.215734286074E-006  3.889181470062E-003  0.000000000000E+000  0.000000000000E+000  0.000000000000E+000  0.000000000000E+000  0.000000000000E+000  0.000000000000E+000
   1.237500000000E+002  1.000000000000E+000  5.474866085282E-001  1.921256174105E-003  4.466733678793E-001  2.637516977321E-005  3.215681289032E-006  3.889186084502E-003  0.000000000000E+000  0.000000000000E+000  0.000000000000E+000  0.000000000000E+000  0.000000000000E+000  0.000000000000E+000
   1.240000000000E+002  1.000000000000E+000  5.474870517765E-001  1.921254107119E-003  4.466729451763E-001  2.637525645895E-005  3.215641154670E-006  3.889189758842E-003  0.000000000000E+000  0.000000000000E+000  0.000000000000E+000  0.000000000000E+000  0.000000000000E+000  0.000000000000E+000
   1.242500000000E+002  1.000000000000E+000  5.474873609014E-001  1.921250814467E-003  4.466725746092E-001  2.637527242216E-005  3.215592171249E-006  3.889192185128E-003  0.000000000000E+000  0.000000000000E+000  0.000000000000E+000  0.000000000000E+000  0.000000000000E+000  0.000000000000E+000
   1.245000000000E+002  1.000000000000E+000  5.474876675076E-001  1.921246226041E-003  4.466723172250E-001  2.637526256384E-005  3.215546272344E-006  3.889193292901E-003  0.000000000000E+000  0.000000000000E+000  0.000000000000E+000  0.000000000000E+000  0.000000000000E+000  0.000000000000E+000
   1.247500000000E+002  1.000000000000E+000  5.474878427396E-001  1.921239666199E-003  4.466721125303E-001  2.637515427131E-005  3.215523785557E-006  3.889192964967E-003  0.000000000000E+000  0.000000000000E+000  0.000000000000E+000  0.000000000000E+000  0.000000000000E+000  0.000000000000E+000
   1.250000000000E+002  1.000000000000E+000  5.474879598376E-001  1.921231507929E-003  4.466720198136E-001  2.637502085600E-005  3.215498868248E-006  3.889189976723E-003  0.000000000000E+000  0.000000000000E+000  0.000000000000E+000  0.000000000000E+000  0.000000000000E+000  0.000000000000E+000
   1.252500000000E+002  1.000000000000E+000  5.474880273766E-001  1.921222143301E-003  4.466719545189E-001  2.637487262645E-005  3.215468445654E-006  3.889184869549E-003  0.000000000000E+000  0.000000000000E+000  0.000000000000E+000  0.000000000000E+000  0.000000000000E+000  0.000000000000E+000
   1.255000000000E+002  1.000000000000E+000  5.474880327156E-001  1.921212337897E-003  4.466719884564E-001  2.637472643152E-005  3.215433008837E-006  3.889178850197E-003  0.000000000000E+000  0.000000000000E+000  0.000000000000E+000  0.000000000000E+000  0.000000000000E+000  0.000000000000E+000
   1.257500000000E+002  1.000000000000E+000  5.474879864807E-001  1.921201854281E-003  4.466720612259E-001  2.637457939206E-005  3.215386995087E-006  3.889171184808E-003  0.000000000000E+000  0.000000000000E+000  0.000000000000E+000  0.000000000000E+000  0.000000000000E+000  0.000000000000E+000
   1.260000000000E+002  1.000000000000E+000  5.474879014238E-001  1.921189398759E-003  4.466721685796E-001  2.637430496512E-005  3.215376843243E-006  3.889162952702E-003  0.000000000000E+000  0.000000000000E+000  0.000000000000E+000  0.000000000000E+000  0.000000000000E+000  0.000000000000E+000
   1.262500000000E+002  1.000000000000E+000  5.474877393414E-001  1.921175760918E-003  4.466723674295E-001  2.637402746164E-005  3.215362564012E-006  3.889152315917E-003  0.000000000000E+000  0.000000000000E+000  0.000000000000E+000  0.000000000000E+000  0.000000000000E+000  0.000000000000E+000
   1.265000000000E+002  1.000000000000E+000  5.474875113882E-001  1.921161877008E-003  4.466726120329E-001  2.637374829759E-005  3.215344489681E-006  3.889140902993E-003  0.000000000000E+000  0.000000000000E+000  0.000000000000E+000  0.000000000000E+000  0.000000000000E+000  0.000000000000E+000
   1.267500000000E+002  1.000000000000E+000  5.474872193858E-001  1.921147559473E-003  4.466728947027E-001  2.637344164173E-005  3.215308952458E-006  3.889128201927E-003  0.000000000000E+000  0.000000000000E+000  0.000000000000E+000  0.000000000000E+000  0.000000000000E+000  0.000000000000E+000
   1.270000000000E+002  1.000000000000E+000  5.474869027520E-001  1.921133116184E-003  4.466732306401E-001  2.637314595940E-005  3.215262553177E-006  3.889114739686E-003  0.000000000000E+000  0.000000000000E+000  0.000000000000E+000  0.000000000000E+000  0.000000000000E+000  0.000000000000E+000
   1.272500000000E+002  1.000000000000E+000  5.474866036138E-001  1.921117839103E-003  4.466735954647E-001  2.637285296838E-005  3.215235892836E-006  3.889100192389E-003  0.000000000000E+000  0.000000000000E+000  0.000000000000E+000  0.000000000000E+000  0.000000000000E+000  0.000000000000E+000
   1.275000000000E+002  1.000000000000E+000  5.474861939024E-001  1.921105460378E-003  4.466740359514E-001  2.637288799719E-005  3.215107190150E-006  3.889081753609E-003  0.000000000000E+000  0.000000000000E+000  0.000000000000E+000  0.000000000000E+000  0.000000000000E+000  0.000000000000E+000
   1.277500000000E+002  1.000000000000E+000  5.474857753930E-001  1.921093186225E-003  4.466744710460E-001  2.637299893120E-005  3.214951808930E-006  3.889061019453E-003  0.000000000000E+000  0.000000000000E+000  0.000000000000E+000  0.000000000000E+000  0.000000000000E+000  0.000000000000E+000
   1.280000000000E+002  1.000000000000E+000  5.474853103350E-001  1.921081824259E-003  4.466749609536E-001  2.637319756045E-005  3.214769816431E-006  3.889038993660E-003  0.000000000000E+000  0.000000000000E+000  0.000000000000E+000  0.000000000000E+000  0.000000000000E+000  0.000000000000E+000
   1.282500000000E+002  1.000000000000E+000  5.474848583704E-001  1.921073220707E-003  4.466754851286E-001  2.637369922059E-005  3.214493995517E-006  3.889013562033E-003  0.000000000000E+000  0.000000000000E+000  0.000000000000E+000  0.000000000000E+000  0.000000000000E+000  0.000000000000E+000
   1.285000000000E+002  1.000000000000E+000  5.474843523213E-001  1.921065422738E-003  4.466760143049E-001  2.637429821676E-005  3.214187500602E-006  3.888986615839E-003  0.000000000000E+000  0.000000000000E+000  0.000000000000E+000  0.000000000000E+000  0.000000000000E+000  0.000000000000E+000
   1.287500000000E+002  1.000000000000E+000  5.474838486415E-001  1.921058319804E-003  4.466765611065E-001  2.637487865285E-005  3.213852684168E-006  3.888959505306E-003  0.000000000000E+000  0.000000000000E+000  0.000000000000E+000  0.000000000000E+000  0.000000000000E+000  0.000000000000E+000
   1.290000000000E+002  1.000000000000E+000  5.474832434305E-001  1.921051723773E-003  4.466771592974E-001  2.637550633967E-005  3.213496053277E-006  3.888931504620E-003  0.000000000000E+000  0.000000000000E+000  0.000000000000E+000  0.000000000000E+000  0.000000000000E+000  0.000000000000E+000
   1.292500000000E+002  1.000000000000E+000  5.474827373161E-001  1.921044797567E-003  4.466777543001E-001  2.637620022727E-005  3.213136409474E-006  3.888901435985E-003  0.000000000000E+000  0.000000000000E+000  0.000000000000E+000  0.000000000000E+000  0.000000000000E+000  0.000000000000E+000
   1.295000000000E+002  1.000000000000E+000  5.474821416327E-001  1.921037411237E-003  4.466783730828E-001  2.637690833127E-005  3.212766736055E-006  3.888869763854E-003  0.000000000000E+000  0.000000000000E+000  0.000000000000E+000  0.000000000000E+000  0.000000000000E+000  0.000000000000E+000
   1.297500000000E+002  1.000000000000E+000  5.474815622679E-001  1.921030180160E-003  4.466789932267E-001  2.637757376144E-005  3.212377886347E-006  3.888837716852E-003  0.000000000000E+000  0.000000000000E+000  0.000000000000E+000  0.000000000000E+000  0.000000000000E+000  0.000000000000E+000
   1.300000000000E+002  1.000000000000E+000  5.474809795829E-001  1.921022087116E-003  4.466796189862E-001  2.637818730005E-005  3.212017399522E-006  3.888806082340E-003  0.000000000000E+000  0.000000000000E+000  0.000000000000E+000  0.000000000000E+000  0.000000000000E+000  0.000000000000E+000
   1.302500000000E+002  1.000000000000E+000  5.474803529260E-001  1.921012940473E-003  4.466802515979E-001  2.637869032276E-005  3.211689747995E-006  3.888775363073E-003  0.000000000000E+000  0.000000000000E+000  0.000000000000E+000  0.000000000000E+000  0.000000000000E+000  0.000000000000E+000
   1.305000000000E+002  1.000000000000E+000  5.474797660706E-001  1.921003706820E-003  4.466808710830E-001  2.637915075765E-005  3.211381353101E-006  3.888746300756E-003  0.000000000000E+000  0.000000000000E+000  0.000000000000E+000  0.000000000000E+000  0.000000000000E+000  0.000000000000E+000
   1.307500000000E+002  1.000000000000E+000  5.474791887012E-001  1.920994108700E-003  4.466815332295E-001  2.637956086351E-005  3.211093440948E-006  3.888718306197E-003  0.000000000000E+000  0.000000000000E+000  0.000000000000E+000  0.000000000000E+000  0.000000000000E+000  0.000000000000E+000
   1.310000000000E+002  1.000000000000E+000  5.474785896222E-001  1.920983727353E-003  4.466821857350E-001  2.637992046560E-005  3.210824517844E-006  3.888690571581E-003  0.000000000000E+000  0.000000000000E+000  0.000000000000E+000  0.000000000000E+000  0.000000000000E+000  0.000000000000E+000
   1.312500000000E+002  1.000000000000E+000  5.474779444018E-001  1.920972785719E-003  4.466828271900E-001  2.638023328965E-005  3.210574598820E-006  3.888663462687E-003  0.000000000000E+000  0.000000000000E+000  0.000000000000E+000  0.000000000000E+000  0.000000000000E+000  0.000000000000E+000
   1.315000000000E+002  1.000000000000E+000  5.474773161848E-001  1.920961566603E-003  4.466834682373E-001  2.638054574553E-005  3.210358557796E-006  3.888637143887E-003  0.000000000000E+000  0.000000000000E+000  0.000000000000E+000  0.000000000000E+000  0.000000000000E+000  0.000000000000E+000
   1.317500000000E+002  1.000000000000E+000  5.474767391255E-001  1.920948720040E-003  4.466841043935E-001  2.638074559385E-005  3.210183716159E-006  3.888611282209E-003  0.000000000000E+000  0.000000000000E+000  0.000000000000E+000  0.000000000000E+000  0.000000000000E+000  0.000000000000E+000
   1.320000000000E+002  1.000000000000E+000  5.474761799308E-001  1.920935289198E-003  4.466847207052E-001  2.638090351557E-005  3.210029223230E-006  3.888585552557E-003  0.000000000000E+000  0.000000000000E+000  0.000000000000E+000  0.000000000000E+000  0.000000000000E+000  0.000000000000E+000
   1.322500000000E+002  1.000000000000E+000  5.474756068541E-001  1.920921651492E-003  4.466853562252E-001  2.638102854753E-005  3.209895158374E-006  3.888561261682E-003  0.000000000000E+000  0.000000000000E+000  0.000000000000E+000  0.000000000000E+000  0.000000000000E+000  0.000000000000E+000
   1.325000000000E+002  1.000000000000E+000  5.474750350184E-001  1.920907387082E-003  4.466859608350E-001  2.638105912036E-005  3.209797210418E-006  3.888538371487E-003  0.000000000000E+000  0.000000000000E+000  0.000000000000E+000  0.000000000000E+000  0.000000000000E+000  0.000000000000E+000
   1.327500000000E+002  1.000000000000E+000  5.474744495899E-001  1.920892581864E-003  4.466865500927E-001  2.638109855713E-005  3.209728713138E-006  3.888515572914E-003  0.000000000000E+000  0.000000000000E+000  0.000000000000E+000  0.000000000000E+000  0.000000000000E+000  0.000000000000E+000
   1.330000000000E+002  1.000000000000E+000  5.474738862587E-001  1.920877437535E-003  4.466871412227E-001  2.638112640723E-005  3.209676308593E-006  3.888493105361E-003  0.000000000000E+000  0.000000000000E+000  0.000000000000E+000  0.000000000000E+000  0.000000000000E+000  0.000000000000E+000
   1.332500000000E+002  1.000000000000E+000  5.474733962646E-001  1.920862467351E-003  4.466876862302E-001  2.638115365579E-005  3.209636920084E-006  3.888471170342E-003  0.000000000000E+000  0.000000000000E+000  0.000000000000E+000  0.000000000000E+000  0.000000000000E+000  0.000000000000E+000
   1.335000000000E+002  1.000000000000E+000  5.474728677416E-001  1.920848073931E-003  4.466882426090E-001  2.638118702285E-005  3.209608491356E-006  3.888450668772E-003  0.000000000000E+000  0.000000000000E+000  0.000000000000E+000  0.000000000000E+000  0.000000000000E+000  0.000000000000E+000
   1.337500000000E+002  1.000000000000E+000  5.474723354258E-001  1.920834101318E-003  4.466887865859E-001  2.638112612029E-005  3.209553244104E-006  3.888431013420E-003  0.000000000000E+000  0.000000000000E+000  0.000000000000E+000  0.000000000000E+000  0.000000000000E+000  0.000000000000E+000
   1.340000000000E+002  1.000000000000E+000  5.474718864323E-001  1.920820546372E-003  4.466893161081E-001  2.638105955000E-005  3.209497589813E-006  3.888411764861E-003  0.000000000000E+000  0.000000000000E+000  0.000000000000E+000  0.000000000000E+000  0.000000000000E+000  0.000000000000E+000
   1.342500000000E+002  1.000000000000E+000  5.474714238965E-001  1.920807450265E-003  4.466897999626E-001  2.638099293262E-005  3.209437005853E-006  3.888392951572E-003  0.000000000000E+000  0.000000000000E+000  0.000000000000E+000  0.000000000000E+000  0.000000000000E+000  0.000000000000E+000
   1.345000000000E+002  1.000000000000E+000  5.474709500724E-001  1.920793963952E-003  4.466902691647E-001  2.638086516516E-005  3.209388149035E-006  3.888373923043E-003  0.000000000000E+000  0.000000000000E+000  0.000000000000E+000  0.000000000000E+000  0.000000000000E+000  0.000000000000E+000
   1.347500000000E+002  1.000000000000E+000  5.474705263619E-001  1.920780720171E-003  4.466907449918E-001  2.638073944546E-005  3.209334854391E-006  3.888355132634E-003  0.000000000000E+000  0.000000000000E+000  0.000000000000E+000  0.000000000000E+000  0.000000000000E+000  0.000000000000E+000
   1.350000000000E+002  1.000000000000E+000  5.474701573236E-001  1.920767213198E-003  4.466911726210E-001  2.638054121748E-005  3.209301032167E-006  3.888337047049E-003  0.000000000000E+000  0.000000000000E+000  0.000000000000E+000  0.000000000000E+000  0.000000000000E+000  0.000000000000E+000
   1.352500000000E+002  1.000000000000E+000  5.474697339796E-001  1.920753769839E-003  4.466915916430E-001  2.638029371297E-005  3.209277252795E-006  3.888319938525E-003  0.000000000000E+000  0.000000000000E+000  0.000000000000E+000  0.000000000000E+000  0.000000000000E+000  0.000000000000E+000
   1.355000000000E+002  1.000000000000E+000  5.474694220074E-001  1.920740974420E-003  4.466919848091E-001  2.638002773876E-005  3.209252499926E-006  3.888304200539E-003  0.000000000000E+000  0.000000000000E+000  0.000000000000E+000  0.000000000000E+000  0.000000000000E+000  0.000000000000E+000
   1.357500000000E+002  1.000000000000E+000  5.474690629084E-001  1.920728178244E-003  4.466923378750E-001  2.637967034127E-005  3.209249502497E-006  3.888290125043E-003  0.000000000000E+000  0.000000000000E+000  0.000000000000E+000  0.000000000000E+000  0.000000000000E+000  0.000000000000E+000
   1.360000000000E+002  1.000000000000E+000  5.474687597327E-001  1.920718555259E-003  4.466926789921E-001  2.637963671604E-005  3.209171802074E-006  3.888274322160E-003  0.000000000000E+000  0.000000000000E+000  0.000000000000E+000  0.000000000000E+000  0.000000000000E+000  0.000000000000E+000
   1.362500000000E+002  1.000000000000E+000  5.474684317103E-001  1.920710299338E-003  4.466929955052E-001  2.637964474006E-005  3.209084309166E-006  3.888259307431E-003  0.000000000000E+000  0.000000000000E+000  0.000000000000E+000  0.000000000000E+000  0.000000000000E+000  0.000000000000E+000
   1.365000000000E+002  1.000000000000E+000  5.474681800979E-001  1.920702649468E-003  4.466932673456E-001  2.637973719617E-005  3.208997539635E-006  3.888243945736E-003  0.000000000000E+000  0.000000000000E+000  0.000000000000E+000  0.000000000000E+000  0.000000000000E+000  0.000000000000E+000
   1.367500000000E+002  1.000000000000E+000  5.474679319286E-001  1.920695710982E-003  4.466935258131E-001  2.637987186700E-005  3.208901494010E-006  3.888228358608E-003  0.000000000000E+000  0.000000000000E+000  0.000000000000E+000  0.000000000000E+000  0.000000000000E+000  0.000000000000E+000
   1.370000000000E+002  1.000000000000E+000  5.474677602016E-001  1.920689491862E-003  4.466937669663E-001  2.638003872291E-005  3.208799032441E-006  3.888212869760E-003  0.000000000000E+000  0.000000000000E+000  0.000000000000E+000  0.000000000000E+000  0.000000000000E+000  0.000000000000E+000
   1.372500000000E+002  1.000000000000E+000  5.474675342285E-001  1.920683363294E-003  4.466939974624E-001  2.638022820475E-005  3.208690838432E-006  3.888196517445E-003  0.000000000000E+000  0.000000000000E+000  0.000000000000E+000  0.000000000000E+000  0.000000000000E+000  0.000000000000E+000
   1.375000000000E+002  1.000000000000E+000  5.474673707420E-001  1.920677733985E-003  4.466941721787E-001  2.638043064097E-005  3.208579390924E-006  3.888180425453E-003  0.000000000000E+000  0.000000000000E+000  0.000000000000E+000  0.000000000000E+000  0.000000000000E+000  0.000000000000E+000
   1.377500000000E+002  1.000000000000E+000  5.474672053387E-001  1.920672988477E-003  4.466943502248E-001  2.638064307672E-005  3.208468014721E-006  3.888165529675E-003  0.000000000000E+000  0.000000000000E+000  0.000000000000E+000  0.000000000000E+000  0.000000000000E+000  0.000000000000E+000
   1.380000000000E+002  1.000000000000E+000  5.474670851129E-001  1.920668176688E-003  4.466945144043E-001  2.638079148104E-005  3.208377345986E-006  3.888152187180E-003  0.000000000000E+000  0.000000000000E+000  0.000000000000E+000  0.000000000000E+000  0.000000000000E+000  0.000000000000E+000
   1.382500000000E+002  1.000000000000E+000  5.474669759392E-001  1.920663796468E-003  4.466946303442E-001  2.638092054051E-005  3.208292011758E-006  3.888139820823E-003  0.000000000000E+000  0.000000000000E+000  0.000000000000E+000  0.000000000000E+000  0.000000000000E+000  0.000000000000E+000
   1.385000000000E+002  1.000000000000E+000  5.474668884591E-001  1.920659743086E-003  4.466947350819E-001  2.638097855851E-005  3.208194918721E-006  3.888128509164E-003  0.000000000000E+000  0.000000000000E+000  0.000000000000E+000  0.000000000000E+000  0.000000000000E+000  0.000000000000E+000
   1.387500000000E+002  1.000000000000E+000  5.474667854788E-001  1.920658945025E-003  4.466948245099E-001  2.638131071606E-005  3.208008390158E-006  3.888115421153E-003  0.000000000000E+000  0.000000000000E+000  0.000000000000E+000  0.000000000000E+000  0.000000000000E+000  0.000000000000E+000
   1.390000000000E+002  1.000000000000E+000  5.474668016024E-001  1.920658789649E-003  4.466948800069E-001  2.638160172247E-005  3.207792742284E-006  3.888102375693E-003  0.000000000000E+000  0.000000000000E+000  0.000000000000E+000  0.000000000000E+000  0.000000000000E+000  0.000000000000E+000
   1.392500000000E+002  1.000000000000E+000  5.474667374325E-001  1.920658697478E-003  4.466948935179E-001  2.638183238349E-005  3.207583751461E-006  3.888090260835E-003  0.000000000000E+000  0.000000000000E+000  0.000000000000E+000  0.000000000000E+000  0.000000000000E+000  0.000000000000E+000
   1.395000000000E+002  1.000000000000E+000  5.474667789092E-001  1.920658827114E-003  4.466949122179E-001  2.638204716561E-005  3.207369114100E-006  3.888078223196E-003  0.000000000000E+000  0.000000000000E+000  0.000000000000E+000  0.000000000000E+000  0.000000000000E+000  0.000000000000E+000
   1.397500000000E+002  1.000000000000E+000  5.474667920632E-001  1.920659545099E-003  4.466949022186E-001  2.638223982186E-005  3.207154933955E-006  3.888067607275E-003  0.000000000000E+000  0.000000000000E+000  0.000000000000E+000  0.000000000000E+000  0.000000000000E+000  0.000000000000E+000
   1.400000000000E+002  1.000000000000E+000  5.474668493004E-001  1.920658751368E-003  4.466948608037E-001  2.638224755444E-005  3.206992290863E-006  3.888059142641E-003  0.000000000000E+000  0.000000000000E+000  0.000000000000E+000  0.000000000000E+000  0.000000000000E+000  0.000000000000E+000
   1.402500000000E+002  1.000000000000E+000  5.474669143594E-001  1.920657469505E-003  4.466948199609E-001  2.638219708691E-005  3.206841007963E-006  3.888050450287E-003  0.000000000000E+000  0.000000000000E+000  0.000000000000E+000  0.000000000000E+000  0.000000000000E+000  0.000000000000E+000
   1.405000000000E+002  1.000000000000E+000  5.474670020232E-001  1.920655409174E-003  4.466947288657E-001  2.638208873342E-005  3.206703744805E-006  3.888041711650E-003  0.000000000000E+000  0.000000000000E+000  0.000000000000E+000  0.000000000000E+000  0.000000000000E+000  0.000000000000E+000
   1.407500000000E+002  1.000000000000E+000  5.474671092685E-001  1.920653131560E-003  4.466946191983E-001  2.638202147169E-005  3.206611631794E-006  3.888034341504E-003  0.000000000000E+000  0.000000000000E+000  0.000000000000E+000  0.000000000000E+000  0.000000000000E+000  0.000000000000E+000
   1.410000000000E+002  1.000000000000E+000  5.474672328838E-001  1.920650849559E-003  4.466944932171E-001  2.638192925944E-005  3.206539487788E-006  3.888028222317E-003  0.000000000000E+000  0.000000000000E+000  0.000000000000E+000  0.000000000000E+000  0.000000000000E+000  0.000000000000E+000
   1.412500000000E+002  1.000000000000E+000  5.474673747165E-001  1.920648600122E-003  4.466943772111E-001  2.638182479662E-005  3.206487946597E-006  3.888023363122E-003  0.000000000000E+000  0.000000000000E+000  0.000000000000E+000  0.000000000000E+000  0.000000000000E+000  0.000000000000E+000
   1.415000000000E+002  1.000000000000E+000  5.474675275533E-001  1.920646494558E-003  4.466942189957E-001  2.638171040200E-005  3.206454528728E-006  3.888019519984E-003  0.000000000000E+000  0.000000000000E+000  0.000000000000E+000  0.000000000000E+000  0.000000000000E+000  0.000000000000E+000
   1.417500000000E+002  1.000000000000E+000  5.474676914110E-001  1.920644534279E-003  4.466940486414E-001  2.638159162669E-005  3.206438021071E-006  3.888017015197E-003  0.000000000000E+000  0.000000000000E+000  0.000000000000E+000  0.000000000000E+000  0.000000000000E+000  0.000000000000E+000
   1.420000000000E+002  1.000000000000E+000  5.474678589362E-001  1.920642693653E-003  4.466938738794E-001  2.638147030328E-005  3.206438098497E-006  3.888014994346E-003  0.000000000000E+000  0.000000000000E+000  0.000000000000E+000  0.000000000000E+000  0.000000000000E+000  0.000000000000E+000
   1.422500000000E+002  1.000000000000E+000  5.474680710140E-001  1.920641002284E-003  4.466936886499E-001  2.638134616638E-005  3.206456111369E-006  3.888014806789E-003  0.000000000000E+000  0.000000000000E+000  0.000000000000E+000  0.000000000000E+000  0.000000000000E+000  0.000000000000E+000
   1.425000000000E+002  1.000000000000E+000  5.474682591472E-001  1.920639380597E-003  4.466935205424E-001  2.638121918696E-005  3.206490258844E-006  3.888014941397E-003  0.000000000000E+000  0.000000000000E+000  0.000000000000E+000  0.000000000000E+000  0.000000000000E+000  0.000000000000E+000
   1.427500000000E+002  1.000000000000E+000  5.474684445288E-001  1.920637300949E-003  4.466932942632E-001  2.638108860932E-005  3.206537489482E-006  3.888014974924E-003  0.000000000000E+000  0.000000000000E+000  0.000000000000E+000  0.000000000000E+000  0.000000000000E+000  0.000000000000E+000
   1.430000000000E+002  1.000000000000E+000  5.474686965026E-001  1.920635440529E-003  4.466930987726E-001  2.638095776640E-005  3.206598200400E-006  3.888015681338E-003  0.000000000000E+000  0.000000000000E+000  0.000000000000E+000  0.000000000000E+000  0.000000000000E+000  0.000000000000E+000
   1.432500000000E+002  1.000000000000E+000  5.474688845063E-001  1.920633472299E-003  4.466928510067E-001  2.638077752577E-005  3.206652974984E-006  3.888016378452E-003  0.000000000000E+000  0.000000000000E+000  0.000000000000E+000  0.000000000000E+000  0.000000000000E+000  0.000000000000E+000
   1.435000000000E+002  1.000000000000E+000  5.474691138878E-001  1.920631392166E-003  4.466926118791E-001  2.638058972899E-005  3.206714395199E-006  3.888017208169E-003  0.000000000000E+000  0.000000000000E+000  0.000000000000E+000  0.000000000000E+000  0.000000000000E+000  0.000000000000E+000
   1.437500000000E+002  1.000000000000E+000  5.474693989736E-001  1.920628820521E-003  4.466923722132E-001  2.638039376697E-005  3.206779580372E-006  3.888017012320E-003  0.000000000000E+000  0.000000000000E+000  0.000000000000E+000  0.000000000000E+000  0.000000000000E+000  0.000000000000E+000
   1.440000000000E+002  1.000000000000E+000  5.474696409153E-001  1.920626172575E-003  4.466921222794E-001  2.638019360227E-005  3.206848657686E-006  3.888016771720E-003  0.000000000000E+000  0.000000000000E+000  0.000000000000E+000  0.000000000000E+000  0.000000000000E+000  0.000000000000E+000
   1.442500000000E+002  1.000000000000E+000  5.474699284787E-001  1.920622794811E-003  4.466918641954E-001  2.637992554156E-005  3.206940491853E-006  3.888016790576E-003  0.000000000000E+000  0.000000000000E+000  0.000000000000E+000  0.000000000000E+000  0.000000000000E+000  0.000000000000E+000
   1.445000000000E+002  1.000000000000E+000  5.474701982679E-001  1.920618944934E-003  4.466915954051E-001  2.637958904692E-005  3.207057691604E-006  3.888017777227E-003  0.000000000000E+000  0.000000000000E+000  0.000000000000E+000  0.000000000000E+000  0.000000000000E+000  0.000000000000E+000
   1.447500000000E+002  1.000000000000E+000  5.474704811445E-001  1.920614487446E-003  4.466913163562E-001  2.637916139996E-005  3.207207571777E-006  3.888020520384E-003  0.000000000000E+000  0.000000000000E+000  0.000000000000E+000  0.000000000000E+000  0.000000000000E+000  0.000000000000E+000
   1.450000000000E+002  1.000000000000E+000  5.474707900564E-001  1.920609868174E-003  4.466910162630E-001  2.637870290582E-005  3.207362797463E-006  3.888023156944E-003  0.000000000000E+000  0.000000000000E+000  0.000000000000E+000  0.000000000000E+000  0.000000000000E+000  0.000000000000E+000
   1.452500000000E+002  1.000000000000E+000  5.474710851319E-001  1.920605319107E-003  4.466907121614E-001  2.637823108293E-005  3.207522516785E-006  3.888026260624E-003  0.000000000000E+000  0.000000000000E+000  0.000000000000E+000  0.000000000000E+000  0.000000000000E+000  0.000000000000E+000
   1.455000000000E+002  1.000000000000E+000  5.474713529296E-001  1.920601004161E-003  4.466904062490E-001  2.637775617339E-005  3.207681450076E-006  3.888029700731E-003  0.000000000000E+000  0.000000000000E+000  0.000000000000E+000  0.000000000000E+000  0.000000000000E+000  0.000000000000E+000
   1.457500000000E+002  1.000000000000E+000  5.474716890315E-001  1.920596613934E-003  4.466901039348E-001  2.637721531537E-005  3.207862056400E-006  3.888034725198E-003  0.000000000000E+000  0.000000000000E+000  0.000000000000E+000  0.000000000000E+000  0.000000000000E+000  0.000000000000E+000
   1.460000000000E+002  1.000000000000E+000  5.474719786960E-001  1.920595583348E-003  4.466897853973E-001  2.637697905640E-005  3.207949413632E-006  3.888037940793E-003  0.000000000000E+000  0.000000000000E+000  0.000000000000E+000  0.000000000000E+000  0.000000000000E+000  0.000000000000E+000
   1.462500000000E+002  1.000000000000E+000  5.474723254435E-001  1.920595435342E-003  4.466894668446E-001  2.637684226388E-005  3.208032414700E-006  3.888040496560E-003  0.000000000000E+000  0.000000000000E+000  0.000000000000E+000  0.000000000000E+000  0.000000000000E+000  0.000000000000E+000
   1.465000000000E+002  1.000000000000E+000  5.474726355631E-001  1.920596096103E-003  4.466891437400E-001  2.637677531317E-005  3.208095409691E-006  3.888042618119E-003  0.000000000000E+000  0.000000000000E+000  0.000000000000E+000  0.000000000000E+000  0.000000000000E+000  0.000000000000E+000
   1.467500000000E+002  1.000000000000E+000  5.474729726175E-001  1.920597567628E-003  4.466887949780E-001  2.637676830732E-005  3.208139002485E-006  3.888044057902E-003  0.000000000000E+000  0.000000000000E+000  0.000000000000E+000  0.000000000000E+000  0.000000000000E+000  0.000000000000E+000
   1.470000000000E+002  1.000000000000E+000  5.474732840798E-001  1.920599553458E-003  4.466884769447E-001  2.637677349307E-005  3.208151235684E-006  3.888044705696E-003  0.000000000000E+000  0.000000000000E+000  0.000000000000E+000  0.000000000000E+000  0.000000000000E+000  0.000000000000E+000
   1.472500000000E+002  1.000000000000E+000  5.474736444314E-001  1.920601746234E-003  4.466881589365E-001  2.637680794646E-005  3.208142219416E-006  3.888043838516E-003  0.000000000000E+000  0.000000000000E+000  0.000000000000E+000  0.000000000000E+000  0.000000000000E+000  0.000000000000E+000
   1.475000000000E+002  1.000000000000E+000  5.474739658162E-001  1.920604205016E-003  4.466878050846E-001  2.637689338484E-005  3.208124529507E-006  3.888042118127E-003  0.000000000000E+000  0.000000000000E+000  0.000000000000E+000  0.000000000000E+000  0.000000000000E+000  0.000000000000E+000
   1.477500000000E+002  1.000000000000E+000  5.474742754809E-001  1.920606422826E-003  4.466874601282E-001  2.637694758861E-005  3.208110040207E-006  3.888040532021E-003  0.000000000000E+000  0.000000000000E+000  0.000000000000E+000  0.000000000000E+000  0.000000000000E+000  0.000000000000E+000
   1.480000000000E+002  1.000000000000E+000  5.474746028215E-001  1.920608845883E-003  4.466871515810E-001  2.637700501898E-005  3.208088473665E-006  3.888038809250E-003  0.000000000000E+000  0.000000000000E+000  0.000000000000E+000  0.000000000000E+000  0.000000000000E+000  0.000000000000E+000
   1.482500000000E+002  1.000000000000E+000  5.474749273447E-001  1.920611686150E-003  4.466868155847E-001  2.637706359384E-005  3.208061555145E-006  3.888037372351E-003  0.000000000000E+000  0.000000000000E+000  0.000000000000E+000  0.000000000000E+000  0.000000000000E+000  0.000000000000E+000
   1.485000000000E+002  1.000000000000E+000  5.474752851384E-001  1.920615074615E-003  4.466864809973E-001  2.637711990654E-005  3.208032687254E-006  3.888037179146E-003  0.000000000000E+000  0.000000000000E+000  0.000000000000E+000  0.000000000000E+000  0.000000000000E+000  0.000000000000E+000
   1.487500000000E+002  1.000000000000E+000  5.474755987039E-001  1.920618894609E-003  4.466861642650E-001  2.637711684776E-005  3.207983633364E-006  3.888037739669E-003  0.000000000000E+000  0.000000000000E+000  0.000000000000E+000  0.000000000000E+000  0.000000000000E+000  0.000000000000E+000
   1.490000000000E+002  1.000000000000E+000  5.474759067425E-001  1.920624732984E-003  4.466858516797E-001  2.637729652982E-005  3.207870288023E-006  3.888037061945E-003  0.000000000000E+000  0.000000000000E+000  0.000000000000E+000  0.000000000000E+000  0.000000000000E+000  0.000000000000E+000
   1.492500000000E+002  1.000000000000E+000  5.474762150499E-001  1.920630692661E-003  4.466855284190E-001  2.637748500263E-005  3.207745356347E-006  3.888035886699E-003  0.000000000000E+000  0.000000000000E+000  0.000000000000E+000  0.000000000000E+000  0.000000000000E+000  0.000000000000E+000
   1.495000000000E+002  1.000000000000E+000  5.474765152825E-001  1.920636796686E-003  4.466852435752E-001  2.637768211961E-005  3.207610879405E-006  3.888034145214E-003  0.000000000000E+000  0.000000000000E+000  0.000000000000E+000  0.000000000000E+000  0.000000000000E+000  0.000000000000E+000
   1.497500000000E+002  1.000000000000E+000  5.474768151510E-001  1.920642031654E-003  4.466849086951E-001  2.637779907532E-005  3.207494465576E-006  3.888032772719E-003  0.000000000000E+000  0.000000000000E+000  0.000000000000E+000  0.000000000000E+000  0.000000000000E+000  0.000000000000E+000
   1.500000000000E+002  1.000000000000E+000  5.474771553014E-001  1.920646578307E-003  4.466845968829E-001  2.637793599338E-005  3.207394255957E-006  3.888030711205E-003  0.000000000000E+000  0.000000000000E+000  0.000000000000E+000  0.000000000000E+000  0.000000000000E+000  0.000000000000E+000
   1.502500000000E+002  1.000000000000E+000  5.474774502077E-001  1.920649758224E-003  4.466842955398E-001  2.637798711089E-005  3.207319460649E-006  3.888028261261E-003  0.000000000000E+000  0.000000000000E+000  0.000000000000E+000  0.000000000000E+000  0.000000000000E+000  0.000000000000E+000
   1.505000000000E+002  1.000000000000E+000  5.474777567493E-001  1.920652617624E-003  4.466839830277E-001  2.637801013993E-005  3.207258377309E-006  3.888026213651E-003  0.000000000000E+000  0.000000000000E+000  0.000000000000E+000  0.000000000000E+000  0.000000000000E+000  0.000000000000E+000
   1.507500000000E+002  1.000000000000E+000  5.474780496894E-001  1.920654837924E-003  4.466837091803E-001  2.637800334322E-005  3.207211189711E-006  3.888024885914E-003  0.000000000000E+000  0.000000000000E+000  0.000000000000E+000  0.000000000000E+000  0.000000000000E+000  0.000000000000E+000
   1.510000000000E+002  1.000000000000E+000  5.474783126341E-001  1.920656240044E-003  4.466834131990E-001  2.637790257805E-005  3.207197540072E-006  3.888024355721E-003  0.000000000000E+000  0.000000000000E+000  0.000000000000E+000  0.000000000000E+000  0.000000000000E+000  0.000000000000E+000
   1.512500000000E+002  1.000000000000E+000  5.474785980230E-001  1.920656985740E-003  4.466831169402E-001  2.637776767339E-005  3.207200690728E-006  3.888024785293E-003  0.000000000000E+000  0.000000000000E+000  0.000000000000E+000  0.000000000000E+000  0.000000000000E+000  0.000000000000E+000
   1.515000000000E+002  1.000000000000E+000  5.474788990804E-001  1.920660354342E-003  4.466828482866E-001  2.637791245458E-005  3.207127058747E-006  3.888022696960E-003  0.000000000000E+000  0.000000000000E+000  0.000000000000E+000  0.000000000000E+000  0.000000000000E+000  0.000000000000E+000
   1.517500000000E+002  1.000000000000E+000  5.474791664835E-001  1.920663049890E-003  4.466825593251E-001  2.637794791708E-005  3.207059736810E-006  3.888021330188E-003  0.000000000000E+000  0.000000000000E+000  0.000000000000E+000  0.000000000000E+000  0.000000000000E+000  0.000000000000E+000
   1.520000000000E+002  1.000000000000E+000  5.474794609344E-001  1.920665410723E-003  4.466822663263E-001  2.637803691975E-005  3.207006212629E-006  3.888019583827E-003  0.000000000000E+000  0.000000000000E+000  0.000000000000E+000  0.000000000000E+000  0.000000000000E+000  0.000000000000E+000
   1.522500000000E+002  1.000000000000E+000  5.474797363914E-001  1.920667679097E-003  4.466819806228E-001  2.637812936400E-005  3.206956760463E-006  3.888017577202E-003  0.000000000000E+000  0.000000000000E+000  0.000000000000E+000  0.000000000000E+000  0.000000000000E+000  0.000000000000E+000
   1.525000000000E+002  1.000000000000E+000  5.474799973576E-001  1.920669727811E-003  4.466817093902E-001  2.637822288848E-005  3.206914057141E-006  3.888015649436E-003  0.000000000000E+000  0.000000000000E+000  0.000000000000E+000  0.000000000000E+000  0.000000000000E+000  0.000000000000E+000
   1.527500000000E+002  1.000000000000E+000  5.474803067615E-001  1.920671611363E-003  4.466814495903E-001  2.637831097171E-005  3.206878949771E-006  3.888013968270E-003  0.000000000000E+000  0.000000000000E+000  0.000000000000E+000  0.000000000000E+000  0.000000000000E+000  0.000000000000E+000
   1.530000000000E+002  1.000000000000E+000  5.474805510313E-001  1.920673212233E-003  4.466811954688E-001  2.637839244551E-005  3.206852388764E-006  3.888012420820E-003  0.000000000000E+000  0.000000000000E+000  0.000000000000E+000  0.000000000000E+000  0.000000000000E+000  0.000000000000E+000
   1.532500000000E+002  1.000000000000E+000  5.474808040230E-001  1.920674180751E-003  4.466809304534E-001  2.637845980819E-005  3.206833196550E-006  3.888010295367E-003  0.000000000000E+000  0.000000000000E+000  0.000000000000E+000  0.000000000000E+000  0.000000000000E+000  0.000000000000E+000
   1.535000000000E+002  1.000000000000E+000  5.474810340533E-001  1.920674833646E-003  4.466806922564E-001  2.637851663110E-005  3.206822347654E-006  3.888008370170E-003  0.000000000000E+000  0.000000000000E+000  0.000000000000E+000  0.000000000000E+000  0.000000000000E+000  0.000000000000E+000
   1.537500000000E+002  1.000000000000E+000  5.474812645693E-001  1.920675457492E-003  4.466804870973E-001  2.637855994763E-005  3.206820754091E-006  3.888007194685E-003  0.000000000000E+000  0.000000000000E+000  0.000000000000E+000  0.000000000000E+000  0.000000000000E+000  0.000000000000E+000
   1.540000000000E+002  1.000000000000E+000  5.474814774914E-001  1.920675818151E-003  4.466802647603E-001  2.637858825998E-005  3.206827147843E-006  3.888006466654E-003  0.000000000000E+000  0.000000000000E+000  0.000000000000E+000  0.000000000000E+000  0.000000000000E+000  0.000000000000E+000
   1.542500000000E+002  1.000000000000E+000  5.474816804558E-001  1.920676012071E-003  4.466800524984E-001  2.637860303302E-005  3.206840835622E-006  3.888005912648E-003  0.000000000000E+000  0.000000000000E+000  0.000000000000E+000  0.000000000000E+000  0.000000000000E+000  0.000000000000E+000
   1.545000000000E+002  1.000000000000E+000  5.474818664427E-001  1.920675931038E-003  4.466798390014E-001  2.637855111486E-005  3.206843209339E-006  3.888005558474E-003  0.000000000000E+000  0.000000000000E+000  0.000000000000E+000  0.000000000000E+000  0.000000000000E+000  0.000000000000E+000
   1.547500000000E+002  1.000000000000E+000  5.474820910241E-001  1.920675826185E-003  4.466796415587E-001  2.637847871226E-005  3.206849359261E-006  3.888005775244E-003  0.000000000000E+000  0.000000000000E+000  0.000000000000E+000  0.000000000000E+000  0.000000000000E+000  0.000000000000E+000
   1.550000000000E+002  1.000000000000E+000  5.474822528133E-001  1.920675366382E-003  4.466794520063E-001  2.637842532603E-005  3.206871377085E-006  3.888005759341E-003  0.000000000000E+000  0.000000000000E+000  0.000000000000E+000  0.000000000000E+000  0.000000000000E+000  0.000000000000E+000
   1.552500000000E+002  1.000000000000E+000  5.474824927905E-001  1.920673753944E-003  4.466792718707E-001  2.637827772728E-005  3.206920382312E-006  3.888006244851E-003  0.000000000000E+000  0.000000000000E+000  0.000000000000E+000  0.000000000000E+000  0.000000000000E+000  0.000000000000E+000
   1.555000000000E+002  1.000000000000E+000  5.474826608667E-001  1.920671491977E-003  4.466790673021E-001  2.637810923717E-005  3.206975976786E-006  3.888006264514E-003  0.000000000000E+000  0.000000000000E+000  0.000000000000E+000  0.000000000000E+000  0.000000000000E+000  0.000000000000E+000
   1.557500000000E+002  1.000000000000E+000  5.474828514525E-001  1.920668911583E-003  4.466789016567E-001  2.637792224798E-005  3.207037255846E-006  3.888005956845E-003  0.000000000000E+000  0.000000000000E+000  0.000000000000E+000  0.000000000000E+000  0.000000000000E+000  0.000000000000E+000
   1.560000000000E+002  1.000000000000E+000  5.474829966018E-001  1.920665338439E-003  4.466787166119E-001  2.637778020960E-005  3.207125069426E-006  3.888004651843E-003  0.000000000000E+000  0.000000000000E+000  0.000000000000E+000  0.000000000000E+000  0.000000000000E+000  0.000000000000E+000
   1.562500000000E+002  1.000000000000E+000  5.474831646707E-001  1.920661255348E-003  4.466785727136E-001  2.637763648187E-005  3.207217331017E-006  3.888002336085E-003  0.000000000000E+000  0.000000000000E+000  0.000000000000E+000  0.000000000000E+000  0.000000000000E+000  0.000000000000E+000
   1.565000000000E+002  1.000000000000E+000  5.474833624849E-001  1.920656192599E-003  4.466784102007E-001  2.637743334158E-005  3.207333862637E-006  3.888000257625E-003  0.000000000000E+000  0.000000000000E+000  0.000000000000E+000  0.000000000000E+000  0.000000000000E+000  0.000000000000E+000
   1.567500000000E+002  1.000000000000E+000  5.474835183280E-001  1.920651077381E-003  4.466782523449E-001  2.637723115347E-005  3.207455588438E-006  3.887998340793E-003  0.000000000000E+000  0.000000000000E+000  0.000000000000E+000  0.000000000000E+000  0.000000000000E+000  0.000000000000E+000
   1.570000000000E+002  1.000000000000E+000  5.474836619806E-001  1.920646179181E-003  4.466781061870E-001  2.637703118422E-005  3.207581115685E-006  3.887997043289E-003  0.000000000000E+000  0.000000000000E+000  0.000000000000E+000  0.000000000000E+000  0.000000000000E+000  0.000000000000E+000
   1.572500000000E+002  1.000000000000E+000  5.474838272720E-001  1.920641707633E-003  4.466779723685E-001  2.637684149071E-005  3.207709905558E-006  3.887996885634E-003  0.000000000000E+000  0.000000000000E+000  0.000000000000E+000  0.000000000000E+000  0.000000000000E+000  0.000000000000E+000
   1.575000000000E+002  1.000000000000E+000  5.474839491489E-001  1.920637766872E-003  4.466778449387E-001  2.637666489174E-005  3.207839475711E-006  3.887997358534E-003  0.000000000000E+000  0.000000000000E+000  0.000000000000E+000  0.000000000000E+000  0.000000000000E+000  0.000000000000E+000
   1.577500000000E+002  1.000000000000E+000  5.474840631185E-001  1.920633995608E-003  4.466777248050E-001  2.637650356920E-005  3.207967475450E-006  3.887998144585E-003  0.000000000000E+000  0.000000000000E+000  0.000000000000E+000  0.000000000000E+000  0.000000000000E+000  0.000000000000E+000
   1.580000000000E+002  1.000000000000E+000  5.474841594302E-001  1.920633235967E-003  4.466776052206E-001  2.637665794690E-005  3.208000749932E-006  3.887995944333E-003  0.000000000000E+000  0.000000000000E+000  0.000000000000E+000  0.000000000000E+000  0.000000000000E+000  0.000000000000E+000
   1.582500000000E+002  1.000000000000E+000  5.474842992754E-001  1.920633381826E-003  4.466774947185E-001  2.637687571715E-005  3.208016406672E-006  3.887993620660E-003  0.000000000000E+000  0.000000000000E+000  0.000000000000E+000  0.000000000000E+000  0.000000000000E+000  0.000000000000E+000
   1.585000000000E+002  1.000000000000E+000  5.474843765338E-001  1.920633941734E-003  4.466773921769E-001  2.637719812955E-005  3.208026841674E-006  3.887990214025E-003  0.000000000000E+000  0.000000000000E+000  0.000000000000E+000  0.000000000000E+000  0.000000000000E+000  0.000000000000E+000
   1.587500000000E+002  1.000000000000E+000  5.474845119996E-001  1.920633381308E-003  4.466772969569E-001  2.637742320055E-005  3.208067144549E-006  3.887987008889E-003  0.000000000000E+000  0.000000000000E+000  0.000000000000E+000  0.000000000000E+000  0.000000000000E+000  0.000000000000E+000
   1.590000000000E+002  1.000000000000E+000  5.474846174285E-001  1.920632614143E-003  4.466771872137E-001  2.637766507020E-005  3.208102723394E-006  3.887982981253E-003  0.000000000000E+000  0.000000000000E+000  0.000000000000E+000  0.000000000000E+000  0.000000000000E+000  0.000000000000E+000
   1.592500000000E+002  1.000000000000E+000  5.474846876083E-001  1.920631626410E-003  4.466770935831E-001  2.637785723857E-005  3.208118119054E-006  3.887978118264E-003  0.000000000000E+000  0.000000000000E+000  0.000000000000E+000  0.000000000000E+000  0.000000000000E+000  0.000000000000E+000
   1.595000000000E+002  1.000000000000E+000  5.474848030389E-001  1.920630266172E-003  4.466769731238E-001  2.637803720287E-005  3.208128889709E-006  3.887972465227E-003  0.000000000000E+000  0.000000000000E+000  0.000000000000E+000  0.000000000000E+000  0.000000000000E+000  0.000000000000E+000
   1.597500000000E+002  1.000000000000E+000  5.474849215492E-001  1.920628711098E-003  4.466768845466E-001  2.637820137559E-005  3.208136676979E-006  3.887966324283E-003  0.000000000000E+000  0.000000000000E+000  0.000000000000E+000  0.000000000000E+000  0.000000000000E+000  0.000000000000E+000
   1.600000000000E+002  1.000000000000E+000  5.474850027215E-001  1.920627079314E-003  4.466768023387E-001  2.637835130485E-005  3.208143705509E-006  3.887960623115E-003  0.000000000000E+000  0.000000000000E+000  0.000000000000E+000  0.000000000000E+000  0.000000000000E+000  0.000000000000E+000
   1.602500000000E+002  1.000000000000E+000  5.474851331354E-001  1.920625528269E-003  4.466767006269E-001  2.637848965847E-005  3.208149154623E-006  3.887955036501E-003  0.000000000000E+000  0.000000000000E+000  0.000000000000E+000  0.000000000000E+000  0.000000000000E+000  0.000000000000E+000
   1.605000000000E+002  1.000000000000E+000  5.474852241139E-001  1.920624138908E-003  4.466766393039E-001  2.637861476262E-005  3.208151922271E-006  3.887949982564E-003  0.000000000000E+000  0.000000000000E+000  0.000000000000E+000  0.000000000000E+000  0.000000000000E+000  0.000000000000E+000
   1.607500000000E+002  1.000000000000E+000  5.474852741608E-001  1.920622784029E-003  4.466765684375E-001  2.637876871447E-005  3.208165884808E-006  3.887945479406E-003  0.000000000000E+000  0.000000000000E+000  0.000000000000E+000  0.000000000000E+000  0.000000000000E+000  0.000000000000E+000
   1.610000000000E+002  1.000000000000E+000  5.474853918974E-001  1.920621510106E-003  4.466764772773E-001  2.637891719978E-005  3.208177910794E-006  3.887940661494E-003  0.000000000000E+000  0.000000000000E+000  0.000000000000E+000  0.000000000000E+000  0.000000000000E+000  0.000000000000E+000
   1.612500000000E+002  1.000000000000E+000  5.474854848603E-001  1.920619357386E-003  4.466764006416E-001  2.637893026294E-005  3.208193771115E-006  3.887936677798E-003  0.000000000000E+000  0.000000000000E+000  0.000000000000E+000  0.000000000000E+000  0.000000000000E+000  0.000000000000E+000
   1.615000000000E+002  1.000000000000E+000  5.474855461079E-001  1.920617168103E-003  4.466763085348E-001  2.637891867005E-005  3.208207579150E-006  3.887932744996E-003  0.000000000000E+000  0.000000000000E+000  0.000000000000E+000  0.000000000000E+000  0.000000000000E+000  0.000000000000E+000
   1.617500000000E+002  1.000000000000E+000  5.474856052423E-001  1.920614704796E-003  4.466762482935E-001  2.637887515210E-005  3.208217854469E-006  3.887928975790E-003  0.000000000000E+000  0.000000000000E+000  0.000000000000E+000  0.000000000000E+000  0.000000000000E+000  0.000000000000E+000
   1.620000000000E+002  1.000000000000E+000  5.474856993946E-001  1.920612805870E-003  4.466761584202E-001  2.637880970330E-005  3.208224273757E-006  3.887926224110E-003  0.000000000000E+000  0.000000000000E+000  0.000000000000E+000  0.000000000000E+000  0.000000000000E+000  0.000000000000E+000
   1.622500000000E+002  1.000000000000E+000  5.474858081583E-001  1.920610894745E-003  4.466761062240E-001  2.637872099585E-005  3.208224668779E-006  3.887923934243E-003  0.000000000000E+000  0.000000000000E+000  0.000000000000E+000  0.000000000000E+000  0.000000000000E+000  0.000000000000E+000
   1.625000000000E+002  1.000000000000E+000  5.474858526572E-001  1.920609193537E-003  4.466760286384E-001  2.637861248178E-005  3.208217734144E-006  3.887921590423E-003  0.000000000000E+000  0.000000000000E+000  0.000000000000E+000  0.000000000000E+000  0.000000000000E+000  0.000000000000E+000
   1.627500000000E+002  1.000000000000E+000  5.474858913232E-001  1.920607411596E-003  4.466759870740E-001  2.637849605304E-005  3.208201065542E-006  3.887919258138E-003  0.000000000000E+000  0.000000000000E+000  0.000000000000E+000  0.000000000000E+000  0.000000000000E+000  0.000000000000E+000
   1.630000000000E+002  1.000000000000E+000  5.474859829762E-001  1.920605690100E-003  4.466759232736E-001  2.637837627199E-005  3.208171952761E-006  3.887916227922E-003  0.000000000000E+000  0.000000000000E+000  0.000000000000E+000  0.000000000000E+000  0.000000000000E+000  0.000000000000E+000
   1.632500000000E+002  1.000000000000E+000  5.474860358661E-001  1.920603806877E-003  4.466758666201E-001  2.637825888463E-005  3.208128832143E-006  3.887911913719E-003  0.000000000000E+000  0.000000000000E+000  0.000000000000E+000  0.000000000000E+000  0.000000000000E+000  0.000000000000E+000
   1.635000000000E+002  1.000000000000E+000  5.474861223504E-001  1.920601187457E-003  4.466757875686E-001  2.637808440358E-005  3.208091763083E-006  3.887907637536E-003  0.000000000000E+000  0.000000000000E+000  0.000000000000E+000  0.000000000000E+000  0.000000000000E+000  0.000000000000E+000
   1.637500000000E+002  1.000000000000E+000  5.474861914127E-001  1.920598676738E-003  4.466757502624E-001  2.637791485737E-005  3.208044448397E-006  3.887902613686E-003  0.000000000000E+000  0.000000000000E+000  0.000000000000E+000  0.000000000000E+000  0.000000000000E+000  0.000000000000E+000
   1.640000000000E+002  1.000000000000E+000  5.474862410509E-001  1.920596212363E-003  4.466756710339E-001  2.637775315414E-005  3.207988485923E-006  3.887897458071E-003  0.000000000000E+000  0.000000000000E+000  0.000000000000E+000  0.000000000000E+000  0.000000000000E+000  0.000000000000E+000
   1.642500000000E+002  1.000000000000E+000  5.474863211166E-001  1.920594208438E-003  4.466756218037E-001  2.637760974999E-005  3.207925030892E-006  3.887892221012E-003  0.000000000000E+000  0.000000000000E+000  0.000000000000E+000  0.000000000000E+000  0.000000000000E+000  0.000000000000E+000
   1.645000000000E+002  1.000000000000E+000  5.474863648589E-001  1.920592340054E-003  4.466755774887E-001  2.637748888799E-005  3.207854144980E-006  3.887886920835E-003  0.000000000000E+000  0.000000000000E+000  0.000000000000E+000  0.000000000000E+000  0.000000000000E+000  0.000000000000E+000
   1.647500000000E+002  1.000000000000E+000  5.474864038752E-001  1.920590956433E-003  4.466755374774E-001  2.637739501110E-005  3.207776267723E-006  3.887881887410E-003  0.000000000000E+000  0.000000000000E+000  0.000000000000E+000  0.000000000000E+000  0.000000000000E+000  0.000000000000E+000
   1.650000000000E+002  1.000000000000E+000  5.474864475857E-001  1.920590212842E-003  4.466754960535E-001  2.637733285161E-005  3.207693064730E-006  3.887877346305E-003  0.000000000000E+000  0.000000000000E+000  0.000000000000E+000  0.000000000000E+000  0.000000000000E+000  0.000000000000E+000
   1.652500000000E+002  1.000000000000E+000  5.474865342749E-001  1.920589870993E-003  4.466754364963E-001  2.637729896705E-005  3.207604858920E-006  3.887872859644E-003  0.000000000000E+000  0.000000000000E+000  0.000000000000E+000  0.000000000000E+000  0.000000000000E+000  0.000000000000E+000
   1.655000000000E+002  1.000000000000E+000  5.474865653153E-001  1.920589205622E-003  4.466754077469E-001  2.637724874550E-005  3.207525747600E-006  3.887868568678E-003  0.000000000000E+000  0.000000000000E+000  0.000000000000E+000  0.000000000000E+000  0.000000000000E+000  0.000000000000E+000
   1.657500000000E+002  1.000000000000E+000  5.474866283264E-001  1.920588329583E-003  4.466753539564E-001  2.637725544638E-005  3.207459493091E-006  3.887863811835E-003  0.000000000000E+000  0.000000000000E+000  0.000000000000E+000  0.000000000000E+000  0.000000000000E+000  0.000000000000E+000
   1.660000000000E+002  1.000000000000E+000  5.474866569752E-001  1.920587454601E-003  4.466753238164E-001  2.637728530523E-005  3.207394789520E-006  3.887858440387E-003  0.000000000000E+000  0.000000000000E+000  0.000000000000E+000  0.000000000000E+000  0.000000000000E+000  0.000000000000E+000
   1.662500000000E+002  1.000000000000E+000  5.474867254055E-001  1.920585958247E-003  4.466752686856E-001  2.637725823700E-005  3.207357362559E-006  3.887854207281E-003  0.000000000000E+000  0.000000000000E+000  0.000000000000E+000  0.000000000000E+000  0.000000000000E+000  0.000000000000E+000
   1.665000000000E+002  1.000000000000E+000  5.474867580250E-001  1.920584290954E-003  4.466752047033E-001  2.637724005111E-005  3.207325002796E-006  3.887849710301E-003  0.000000000000E+000  0.000000000000E+000  0.000000000000E+000  0.000000000000E+000  0.000000000000E+000  0.000000000000E+000
   1.667500000000E+002  1.000000000000E+000  5.474868498660E-001  1.920582658930E-003  4.466751709878E-001  2.637722843851E-005  3.207298105265E-006  3.887845556084E-003  0.000000000000E+000  0.000000000000E+000  0.000000000000E+000  0.000000000000E+000  0.000000000000E+000  0.000000000000E+000
   1.670000000000E+002  1.000000000000E+000  5.474868792497E-001  1.920580073688E-003  4.466751147132E-001  2.637726207796E-005  3.207288512795E-006  3.887839521514E-003  0.000000000000E+000  0.000000000000E+000  0.000000000000E+000  0.000000000000E+000  0.000000000000E+000  0.000000000000E+000
   1.672500000000E+002  1.000000000000E+000  5.474869262161E-001  1.920577095981E-003  4.466750396753E-001  2.637731156056E-005  3.207285706586E-006  3.887833251190E-003  0.000000000000E+000  0.000000000000E+000  0.000000000000E+000  0.000000000000E+000  0.000000000000E+000  0.000000000000E+000
   1.675000000000E+002  1.000000000000E+000  5.474869979610E-001  1.920574139311E-003  4.466750011547E-001  2.637737971293E-005  3.207290350786E-006  3.887826532795E-003  0.000000000000E+000  0.000000000000E+000  0.000000000000E+000  0.000000000000E+000  0.000000000000E+000  0.000000000000E+000
   1.677500000000E+002  1.000000000000E+000  5.474871127571E-001  1.920572901610E-003  4.466749264442E-001  2.637757802157E-005  3.207234736199E-006  3.887818943851E-003  0.000000000000E+000  0.000000000000E+000  0.000000000000E+000  0.000000000000E+000  0.000000000000E+000  0.000000000000E+000
   1.680000000000E+002  1.000000000000E+000  5.474871926179E-001  1.920572082625E-003  4.466748467958E-001  2.637781218370E-005  3.207176154325E-006  3.887811608232E-003  0.000000000000E+000  0.000000000000E+000  0.000000000000E+000  0.000000000000E+000  0.000000000000E+000  0.000000000000E+000
   1.682500000000E+002  1.000000000000E+000  5.474872692078E-001  1.920571791059E-003  4.466747693398E-001  2.637808414564E-005  3.207113888599E-006  3.887804556143E-003  0.000000000000E+000  0.000000000000E+000  0.000000000000E+000  0.000000000000E+000  0.000000000000E+000  0.000000000000E+000
   1.685000000000E+002  1.000000000000E+000  5.474873738083E-001  1.920572234148E-003  4.466746725383E-001  2.637833404998E-005  3.207031956440E-006  3.887798177303E-003  0.000000000000E+000  0.000000000000E+000  0.000000000000E+000  0.000000000000E+000  0.000000000000E+000  0.000000000000E+000
   1.687500000000E+002  1.000000000000E+000  5.474874544321E-001  1.920572971374E-003  4.466745890401E-001  2.637859696223E-005  3.206947042576E-006  3.887792482744E-003  0.000000000000E+000  0.000000000000E+000  0.000000000000E+000  0.000000000000E+000  0.000000000000E+000  0.000000000000E+000
   1.690000000000E+002  1.000000000000E+000  5.474875315053E-001  1.920574066228E-003  4.466745084858E-001  2.637886961501E-005  3.206860440759E-006  3.887787149242E-003  0.000000000000E+000  0.000000000000E+000  0.000000000000E+000  0.000000000000E+000  0.000000000000E+000  0.000000000000E+000
   1.692500000000E+002  1.000000000000E+000  5.474876389583E-001  1.920575283208E-003  4.466744281228E-001  2.637914690853E-005  3.206774082930E-006  3.887782206217E-003  0.000000000000E+000  0.000000000000E+000  0.000000000000E+000  0.000000000000E+000  0.000000000000E+000  0.000000000000E+000
   1.695000000000E+002  1.000000000000E+000  5.474877207356E-001  1.920576907532E-003  4.466743459533E-001  2.637942539324E-005  3.206691048631E-006  3.887778268675E-003  0.000000000000E+000  0.000000000000E+000  0.000000000000E+000  0.000000000000E+000  0.000000000000E+000  0.000000000000E+000
   1.697500000000E+002  1.000000000000E+000  5.474877909175E-001  1.920578510768E-003  4.466742705223E-001  2.637970173337E-005  3.206611194855E-006  3.887774766999E-003  0.000000000000E+000  0.000000000000E+000  0.000000000000E+000  0.000000000000E+000  0.000000000000E+000  0.000000000000E+000
   1.700000000000E+002  1.000000000000E+000  5.474878617399E-001  1.920580017117E-003  4.466741946345E-001  2.637997554019E-005  3.206535774837E-006  3.887771294145E-003  0.000000000000E+000  0.000000000000E+000  0.000000000000E+000  0.000000000000E+000  0.000000000000E+000  0.000000000000E+000
   1.702500000000E+002  1.000000000000E+000  5.474879329777E-001  1.920581209708E-003  4.466741187765E-001  2.638024041140E-005  3.206464782116E-006  3.887767691636E-003  0.000000000000E+000  0.000000000000E+000  0.000000000000E+000  0.000000000000E+000  0.000000000000E+000  0.000000000000E+000
   1.705000000000E+002  1.000000000000E+000  5.474880033865E-001  1.920582197975E-003  4.466740442546E-001  2.638049478999E-005  3.206399069313E-006  3.887763906601E-003  0.000000000000E+000  0.000000000000E+000  0.000000000000E+000  0.000000000000E+000  0.000000000000E+000  0.000000000000E+000
   1.707500000000E+002  1.000000000000E+000  5.474881110128E-001  1.920583019503E-003  4.466739684272E-001  2.638074308152E-005  3.206340511992E-006  3.887760723959E-003  0.000000000000E+000  0.000000000000E+000  0.000000000000E+000  0.000000000000E+000  0.000000000000E+000  0.000000000000E+000
   1.710000000000E+002  1.000000000000E+000  5.474881789501E-001  1.920583734240E-003  4.466738956786E-001  2.638098372795E-005  3.206288419311E-006  3.887757563095E-003  0.000000000000E+000  0.000000000000E+000  0.000000000000E+000  0.000000000000E+000  0.000000000000E+000  0.000000000000E+000
   1.712500000000E+002  1.000000000000E+000  5.474882636900E-001  1.920583724867E-003  4.466738338767E-001  2.638120870435E-005  3.206241267528E-006  3.887753680688E-003  0.000000000000E+000  0.000000000000E+000  0.000000000000E+000  0.000000000000E+000  0.000000000000E+000  0.000000000000E+000
   1.715000000000E+002  1.000000000000E+000  5.474883445525E-001  1.920582608423E-003  4.466737292790E-001  2.638135822494E-005  3.206219076741E-006  3.887749993289E-003  0.000000000000E+000  0.000000000000E+000  0.000000000000E+000  0.000000000000E+000  0.000000000000E+000  0.000000000000E+000
   1.717500000000E+002  1.000000000000E+000  5.474884218901E-001  1.920581041804E-003  4.466736501627E-001  2.638148832715E-005  3.206205075794E-006  3.887745799053E-003  0.000000000000E+000  0.000000000000E+000  0.000000000000E+000  0.000000000000E+000  0.000000000000E+000  0.000000000000E+000
   1.720000000000E+002  1.000000000000E+000  5.474884980596E-001  1.920579145506E-003  4.466735727908E-001  2.638159831340E-005  3.206199684879E-006  3.887741952184E-003  0.000000000000E+000  0.000000000000E+000  0.000000000000E+000  0.000000000000E+000  0.000000000000E+000  0.000000000000E+000
   1.722500000000E+002  1.000000000000E+000  5.474885755970E-001  1.920576954887E-003  4.466734939129E-001  2.638169516996E-005  3.206201999922E-006  3.887738195351E-003  0.000000000000E+000  0.000000000000E+000  0.000000000000E+000  0.000000000000E+000  0.000000000000E+000  0.000000000000E+000
   1.725000000000E+002  1.000000000000E+000  5.474886877099E-001  1.920574800162E-003  4.466734172952E-001  2.638181212598E-005  3.206220003030E-006  3.887734930289E-003  0.000000000000E+000  0.000000000000E+000  0.000000000000E+000  0.000000000000E+000  0.000000000000E+000  0.000000000000E+000
   1.727500000000E+002  1.000000000000E+000  5.474887580775E-001  1.920575463305E-003  4.466733278498E-001  2.638222699798E-005  3.206153969909E-006  3.887729639052E-003  0.000000000000E+000  0.000000000000E+000  0.000000000000E+000  0.000000000000E+000  0.000000000000E+000  0.000000000000E+000
   1.730000000000E+002  1.000000000000E+000  5.474888375581E-001  1.920576678700E-003  4.466732454409E-001  2.638268884177E-005  3.206079285763E-006  3.887724237247E-003  0.000000000000E+000  0.000000000000E+000  0.000000000000E+000  0.000000000000E+000  0.000000000000E+000  0.000000000000E+000
   1.732500000000E+002  1.000000000000E+000  5.474889140181E-001  1.920578556668E-003  4.466731655234E-001  2.638319695561E-005  3.205994773835E-006  3.887718548109E-003  0.000000000000E+000  0.000000000000E+000  0.000000000000E+000  0.000000000000E+000  0.000000000000E+000  0.000000000000E+000
   1.735000000000E+002  1.000000000000E+000  5.474890387741E-001  1.920580310304E-003  4.466730917833E-001  2.638372913265E-005  3.205901382161E-006  3.887712144706E-003  0.000000000000E+000  0.000000000000E+000  0.000000000000E+000  0.000000000000E+000  0.000000000000E+000  0.000000000000E+000
   1.737500000000E+002  1.000000000000E+000  5.474890899199E-001  1.920581879195E-003  4.466730007872E-001  2.638434965380E-005  3.205832038723E-006  3.887705083460E-003  0.000000000000E+000  0.000000000000E+000  0.000000000000E+000  0.000000000000E+000  0.000000000000E+000  0.000000000000E+000
   1.740000000000E+002  1.000000000000E+000  5.474892398155E-001  1.920583413897E-003  4.466729082230E-001  2.638497362294E-005  3.205764821321E-006  3.887698079267E-003  0.000000000000E+000  0.000000000000E+000  0.000000000000E+000  0.000000000000E+000  0.000000000000E+000  0.000000000000E+000
   1.742500000000E+002  1.000000000000E+000  5.474893287106E-001  1.920584736895E-003  4.466728169247E-001  2.638559075554E-005  3.205702354638E-006  3.887691069444E-003  0.000000000000E+000  0.000000000000E+000  0.000000000000E+000  0.000000000000E+000  0.000000000000E+000  0.000000000000E+000
   1.745000000000E+002  1.000000000000E+000  5.474894238913E-001  1.920586376262E-003  4.466727523796E-001  2.638618958383E-005  3.205647073007E-006  3.887685307852E-003  0.000000000000E+000  0.000000000000E+000  0.000000000000E+000  0.000000000000E+000  0.000000000000E+000  0.000000000000E+000
   1.747500000000E+002  1.000000000000E+000  5.474894757791E-001  1.920587945320E-003  4.466726673993E-001  2.638675862823E-005  3.205598599124E-006  3.887680608860E-003  0.000000000000E+000  0.000000000000E+000  0.000000000000E+000  0.000000000000E+000  0.000000000000E+000  0.000000000000E+000
   1.750000000000E+002  1.000000000000E+000  5.474895647052E-001  1.920587654497E-003  4.466725607063E-001  2.638712754778E-005  3.205604483343E-006  3.887677631798E-003  0.000000000000E+000  0.000000000000E+000  0.000000000000E+000  0.000000000000E+000  0.000000000000E+000  0.000000000000E+000
   1.752500000000E+002  1.000000000000E+000  5.474896606570E-001  1.920586818417E-003  4.466724603248E-001  2.638742261319E-005  3.205623257420E-006  3.887675398107E-003  0.000000000000E+000  0.000000000000E+000  0.000000000000E+000  0.000000000000E+000  0.000000000000E+000  0.000000000000E+000
   1.755000000000E+002  1.000000000000E+000  5.474898004174E-001  1.920584651951E-003  4.466723519253E-001  2.638758609061E-005  3.205669793529E-006  3.887673825346E-003  0.000000000000E+000  0.000000000000E+000  0.000000000000E+000  0.000000000000E+000  0.000000000000E+000  0.000000000000E+000
   1.757500000000E+002  1.000000000000E+000  5.474898941160E-001  1.920581877582E-003  4.466722549014E-001  2.638767082371E-005  3.205728880872E-006  3.887672965945E-003  0.000000000000E+000  0.000000000000E+000  0.000000000000E+000  0.000000000000E+000  0.000000000000E+000  0.000000000000E+000
   1.760000000000E+002  1.000000000000E+000  5.474900009816E-001  1.920578513515E-003  4.466721499834E-001  2.638768468253E-005  3.205798257607E-006  3.887672763702E-003  0.000000000000E+000  0.000000000000E+000  0.000000000000E+000  0.000000000000E+000  0.000000000000E+000  0.000000000000E+000
   1.762500000000E+002  1.000000000000E+000  5.474900894486E-001  1.920574723072E-003  4.466720583820E-001  2.638763395214E-005  3.205874932789E-006  3.887672866642E-003  0.000000000000E+000  0.000000000000E+000  0.000000000000E+000  0.000000000000E+000  0.000000000000E+000  0.000000000000E+000
   1.765000000000E+002  1.000000000000E+000  5.474902061371E-001  1.920570675599E-003  4.466719484068E-001  2.638747669979E-005  3.205938127982E-006  3.887673413561E-003  0.000000000000E+000  0.000000000000E+000  0.000000000000E+000  0.000000000000E+000  0.000000000000E+000  0.000000000000E+000
   1.767500000000E+002  1.000000000000E+000  5.474902918796E-001  1.920566383333E-003  4.466718599948E-001  2.638727135874E-005  3.205999801895E-006  3.887674190010E-003  0.000000000000E+000  0.000000000000E+000  0.000000000000E+000  0.000000000000E+000  0.000000000000E+000  0.000000000000E+000
   1.770000000000E+002  1.000000000000E+000  5.474904360632E-001  1.920561977417E-003  4.466717429710E-001  2.638702118620E-005  3.206057691186E-006  3.887674865791E-003  0.000000000000E+000  0.000000000000E+000  0.000000000000E+000  0.000000000000E+000  0.000000000000E+000  0.000000000000E+000
   1.772500000000E+002  1.000000000000E+000  5.474905195073E-001  1.920557461051E-003  4.466716567717E-001  2.638674243220E-005  3.206110535917E-006  3.887675916106E-003  0.000000000000E+000  0.000000000000E+000  0.000000000000E+000  0.000000000000E+000  0.000000000000E+000  0.000000000000E+000
   1.775000000000E+002  1.000000000000E+000  5.474906243994E-001  1.920553072459E-003  4.466715292797E-001  2.638638929893E-005  3.206139167794E-006  3.887676633828E-003  0.000000000000E+000  0.000000000000E+000  0.000000000000E+000  0.000000000000E+000  0.000000000000E+000  0.000000000000E+000
   1.777500000000E+002  1.000000000000E+000  5.474907763900E-001  1.920548840845E-003  4.466714405581E-001  2.638598533841E-005  3.206146509065E-006  3.887677215083E-003  0.000000000000E+000  0.000000000000E+000  0.000000000000E+000  0.000000000000E+000  0.000000000000E+000  0.000000000000E+000
   1.780000000000E+002  1.000000000000E+000  5.474909057350E-001  1.920544046146E-003  4.466713163455E-001  2.638549795090E-005  3.206161808454E-006  3.887678055000E-003  0.000000000000E+000  0.000000000000E+000  0.000000000000E+000  0.000000000000E+000  0.000000000000E+000  0.000000000000E+000
   1.782500000000E+002  1.000000000000E+000  5.474910009391E-001  1.920539250172E-003  4.466711890928E-001  2.638499514075E-005  3.206169404262E-006  3.887678786146E-003  0.000000000000E+000  0.000000000000E+000  0.000000000000E+000  0.000000000000E+000  0.000000000000E+000  0.000000000000E+000
   1.785000000000E+002  1.000000000000E+000  5.474910952984E-001  1.920534748935E-003  4.466710625733E-001  2.638448750637E-005  3.206170327898E-006  3.887679462268E-003  0.000000000000E+000  0.000000000000E+000  0.000000000000E+000  0.000000000000E+000  0.000000000000E+000  0.000000000000E+000
   1.787500000000E+002  1.000000000000E+000  5.474912465021E-001  1.920530501771E-003  4.466709684430E-001  2.638398670880E-005  3.206165446329E-006  3.887680289338E-003  0.000000000000E+000  0.000000000000E+000  0.000000000000E+000  0.000000000000E+000  0.000000000000E+000  0.000000000000E+000
   1.790000000000E+002  1.000000000000E+000  5.474913376195E-001  1.920526635369E-003  4.466708447433E-001  2.638350289817E-005  3.206155078014E-006  3.887680855655E-003  0.000000000000E+000  0.000000000000E+000  0.000000000000E+000  0.000000000000E+000  0.000000000000E+000  0.000000000000E+000
   1.792500000000E+002  1.000000000000E+000  5.474914873512E-001  1.920523109301E-003  4.466707515379E-001  2.638304560760E-005  3.206140388770E-006  3.887681501755E-003  0.000000000000E+000  0.000000000000E+000  0.000000000000E+000  0.000000000000E+000  0.000000000000E+000  0.000000000000E+000
   1.795000000000E+002  1.000000000000E+000  5.474915759381E-001  1.920519883042E-003  4.466706297422E-001  2.638262437947E-005  3.206123771855E-006  3.887681939534E-003  0.000000000000E+000  0.000000000000E+000  0.000000000000E+000  0.000000000000E+000  0.000000000000E+000  0.000000000000E+000
   1.797500000000E+002  1.000000000000E+000  5.474917202240E-001  1.920517025534E-003  4.466705119416E-001  2.638224009504E-005  3.206105471307E-006  3.887682231164E-003  0.000000000000E+000  0.000000000000E+000  0.000000000000E+000  0.000000000000E+000  0.000000000000E+000  0.000000000000E+000
   1.800000000000E+002  1.000000000000E+000  5.474918043795E-001  1.920514452453E-003  4.466704244856E-001  2.638189925750E-005  3.206087096777E-006  3.887682179278E-003  0.000000000000E+000  0.000000000000E+000  0.000000000000E+000  0.000000000000E+000  0.000000000000E+000  0.000000000000E+000
   1.802500000000E+002  1.000000000000E+000  5.474919428284E-001  1.920511838176E-003  4.466702936854E-001  2.638154141595E-005  3.206089898753E-006  3.887682951251E-003  0.000000000000E+000  0.000000000000E+000  0.000000000000E+000  0.000000000000E+000  0.000000000000E+000  0.000000000000E+000
   1.805000000000E+002  1.000000000000E+000  5.474920295670E-001  1.920509517064E-003  4.466702026869E-001  2.638121966260E-005  3.206097325451E-006  3.887683911421E-003  0.000000000000E+000  0.000000000000E+000  0.000000000000E+000  0.000000000000E+000  0.000000000000E+000  0.000000000000E+000
   1.807500000000E+002  1.000000000000E+000  5.474921405980E-001  1.920507227060E-003  4.466700888378E-001  2.638093447169E-005  3.206109756342E-006  3.887684409459E-003  0.000000000000E+000  0.000000000000E+000  0.000000000000E+000  0.000000000000E+000  0.000000000000E+000  0.000000000000E+000
   1.810000000000E+002  1.000000000000E+000  5.474922637652E-001  1.920505205016E-003  4.466699923208E-001  2.638068958273E-005  3.206127091803E-006  3.887684735353E-003  0.000000000000E+000  0.000000000000E+000  0.000000000000E+000  0.000000000000E+000  0.000000000000E+000  0.000000000000E+000
   1.812500000000E+002  1.000000000000E+000  5.474923674419E-001  1.920502773388E-003  4.466698635278E-001  2.638052705309E-005  3.206160522500E-006  3.887683827219E-003  0.000000000000E+000  0.000000000000E+000  0.000000000000E+000  0.000000000000E+000  0.000000000000E+000  0.000000000000E+000
   1.815000000000E+002  1.000000000000E+000  5.474924619558E-001  1.920500054143E-003  4.466697623531E-001  2.638041379794E-005  3.206194697051E-006  3.887681351625E-003  0.000000000000E+000  0.000000000000E+000  0.000000000000E+000  0.000000000000E+000  0.000000000000E+000  0.000000000000E+000
   1.817500000000E+002  1.000000000000E+000  5.474926062430E-001  1.920497823366E-003  4.466696531328E-001  2.638035265484E-005  3.206231847438E-006  3.887678909392E-003  0.000000000000E+000  0.000000000000E+000  0.000000000000E+000  0.000000000000E+000  0.000000000000E+000  0.000000000000E+000
   1.820000000000E+002  1.000000000000E+000  5.474927110206E-001  1.920496016258E-003  4.466695461814E-001  2.638034629143E-005  3.206270158074E-006  3.887676549664E-003  0.000000000000E+000  0.000000000000E+000  0.000000000000E+000  0.000000000000E+000  0.000000000000E+000  0.000000000000E+000
   1.822500000000E+002  1.000000000000E+000  5.474928090339E-001  1.920494634085E-003  4.466694452880E-001  2.638038376200E-005  3.206309223879E-006  3.887674402334E-003  0.000000000000E+000  0.000000000000E+000  0.000000000000E+000  0.000000000000E+000  0.000000000000E+000  0.000000000000E+000
   1.825000000000E+002  1.000000000000E+000  5.474928976012E-001  1.920493729989E-003  4.466693532701E-001  2.638046345994E-005  3.206348908892E-006  3.887672504020E-003  0.000000000000E+000  0.000000000000E+000  0.000000000000E+000  0.000000000000E+000  0.000000000000E+000  0.000000000000E+000
   1.827500000000E+002  1.000000000000E+000  5.474929815888E-001  1.920493163579E-003  4.466692357947E-001  2.638057152527E-005  3.206386995931E-006  3.887670519301E-003  0.000000000000E+000  0.000000000000E+000  0.000000000000E+000  0.000000000000E+000  0.000000000000E+000  0.000000000000E+000
   1.830000000000E+002  1.000000000000E+000  5.474931268484E-001  1.920492895339E-003  4.466691462925E-001  2.638069882857E-005  3.206421383931E-006  3.887668427942E-003  0.000000000000E+000  0.000000000000E+000  0.000000000000E+000  0.000000000000E+000  0.000000000000E+000  0.000000000000E+000
   1.832500000000E+002  1.000000000000E+000  5.474932096461E-001  1.920492903238E-003  4.466690596826E-001  2.638083901047E-005  3.206450749873E-006  3.887666368321E-003  0.000000000000E+000  0.000000000000E+000  0.000000000000E+000  0.000000000000E+000  0.000000000000E+000  0.000000000000E+000
   1.835000000000E+002  1.000000000000E+000  5.474932890894E-001  1.920492928586E-003  4.466689764943E-001  2.638098494311E-005  3.206474802008E-006  3.887663874623E-003  0.000000000000E+000  0.000000000000E+000  0.000000000000E+000  0.000000000000E+000  0.000000000000E+000  0.000000000000E+000
   1.837500000000E+002  1.000000000000E+000  5.474934095996E-001  1.920493002864E-003  4.466688636370E-001  2.638117255791E-005  3.206507468284E-006  3.887661301363E-003  0.000000000000E+000  0.000000000000E+000  0.000000000000E+000  0.000000000000E+000  0.000000000000E+000  0.000000000000E+000
   1.840000000000E+002  1.000000000000E+000  5.474935002697E-001  1.920492292905E-003  4.466687780597E-001  2.638128311539E-005  3.206559331370E-006  3.887659004845E-003  0.000000000000E+000  0.000000000000E+000  0.000000000000E+000  0.000000000000E+000  0.000000000000E+000  0.000000000000E+000
   1.842500000000E+002  1.000000000000E+000  5.474935884592E-001  1.920491326742E-003  4.466686870827E-001  2.638137683975E-005  3.206610524577E-006  3.887656219868E-003  0.000000000000E+000  0.000000000000E+000  0.000000000000E+000  0.000000000000E+000  0.000000000000E+000  0.000000000000E+000
   1.845000000000E+002  1.000000000000E+000  5.474936801024E-001  1.920490315407E-003  4.466685925786E-001  2.638145028000E-005  3.206660111509E-006  3.887653572311E-003  0.000000000000E+000  0.000000000000E+000  0.000000000000E+000  0.000000000000E+000  0.000000000000E+000  0.000000000000E+000
   1.847500000000E+002  1.000000000000E+000  5.474937717193E-001  1.920489181943E-003  4.466684979724E-001  2.638150249133E-005  3.206707017154E-006  3.887651080397E-003  0.000000000000E+000  0.000000000000E+000  0.000000000000E+000  0.000000000000E+000  0.000000000000E+000  0.000000000000E+000
   1.850000000000E+002  1.000000000000E+000  5.474938595388E-001  1.920488042100E-003  4.466684071118E-001  2.638153268960E-005  3.206750154832E-006  3.887648672339E-003  0.000000000000E+000  0.000000000000E+000  0.000000000000E+000  0.000000000000E+000  0.000000000000E+000  0.000000000000E+000
   1.852500000000E+002  1.000000000000E+000  5.474939445568E-001  1.920487035720E-003  4.466683189857E-001  2.638154150736E-005  3.206788068595E-006  3.887646107821E-003  0.000000000000E+000  0.000000000000E+000  0.000000000000E+000  0.000000000000E+000  0.000000000000E+000  0.000000000000E+000
   1.855000000000E+002  1.000000000000E+000  5.474940257301E-001  1.920485935919E-003  4.466682346733E-001  2.638152985796E-005  3.206820150987E-006  3.887643810660E-003  0.000000000000E+000  0.000000000000E+000  0.000000000000E+000  0.000000000000E+000  0.000000000000E+000  0.000000000000E+000
   1.857500000000E+002  1.000000000000E+000  5.474941034698E-001  1.920484973972E-003  4.466681538211E-001  2.638149771172E-005  3.206845780134E-006  3.887641492434E-003  0.000000000000E+000  0.000000000000E+000  0.000000000000E+000  0.000000000000E+000  0.000000000000E+000  0.000000000000E+000
   1.860000000000E+002  1.000000000000E+000  5.474941782393E-001  1.920483909303E-003  4.466681058241E-001  2.638144638830E-005  3.206864614151E-006  3.887639103956E-003  0.000000000000E+000  0.000000000000E+000  0.000000000000E+000  0.000000000000E+000  0.000000000000E+000  0.000000000000E+000
   1.862500000000E+002  1.000000000000E+000  5.474942730406E-001  1.920483023649E-003  4.466680095795E-001  2.638137805223E-005  3.206876399521E-006  3.887636495938E-003  0.000000000000E+000  0.000000000000E+000  0.000000000000E+000  0.000000000000E+000  0.000000000000E+000  0.000000000000E+000
   1.865000000000E+002  1.000000000000E+000  5.474943376019E-001  1.920482130598E-003  4.466679423731E-001  2.638129379147E-005  3.206880680982E-006  3.887634064091E-003  0.000000000000E+000  0.000000000000E+000  0.000000000000E+000  0.000000000000E+000  0.000000000000E+000  0.000000000000E+000
   1.867500000000E+002  1.000000000000E+000  5.474944074903E-001  1.920480715850E-003  4.466678820940E-001  2.638111681427E-005  3.206902465991E-006  3.887632795228E-003  0.000000000000E+000  0.000000000000E+000  0.000000000000E+000  0.000000000000E+000  0.000000000000E+000  0.000000000000E+000
   1.870000000000E+002  1.000000000000E+000  5.474944713978E-001  1.920479249781E-003  4.466678146922E-001  2.638091582349E-005  3.206920179909E-006  3.887631418242E-003  0.000000000000E+000  0.000000000000E+000  0.000000000000E+000  0.000000000000E+000  0.000000000000E+000  0.000000000000E+000
   1.872500000000E+002  1.000000000000E+000  5.474945496669E-001  1.920477412434E-003  4.466677309794E-001  2.638068944785E-005  3.206932388452E-006  3.887629354747E-003  0.000000000000E+000  0.000000000000E+000  0.000000000000E+000  0.000000000000E+000  0.000000000000E+000  0.000000000000E+000
   1.875000000000E+002  1.000000000000E+000  5.474946131913E-001  1.920475300336E-003  4.466676659826E-001  2.638044620590E-005  3.206939384751E-006  3.887626889907E-003  0.000000000000E+000  0.000000000000E+000  0.000000000000E+000  0.000000000000E+000  0.000000000000E+000  0.000000000000E+000
   1.877500000000E+002  1.000000000000E+000  5.474946746648E-001  1.920473217941E-003  4.466676034935E-001  2.638019090651E-005  3.206940591804E-006  3.887624071782E-003  0.000000000000E+000  0.000000000000E+000  0.000000000000E+000  0.000000000000E+000  0.000000000000E+000  0.000000000000E+000
   1.880000000000E+002  1.000000000000E+000  5.474947930294E-001  1.920471166761E-003  4.466675438060E-001  2.637993120317E-005  3.206936303021E-006  3.887621144966E-003  0.000000000000E+000  0.000000000000E+000  0.000000000000E+000  0.000000000000E+000  0.000000000000E+000  0.000000000000E+000
   1.882500000000E+002  1.000000000000E+000  5.474948566841E-001  1.920469741361E-003  4.466674859046E-001  2.637967186910E-005  3.206927806050E-006  3.887619326797E-003  0.000000000000E+000  0.000000000000E+000  0.000000000000E+000  0.000000000000E+000  0.000000000000E+000  0.000000000000E+000
   1.885000000000E+002  1.000000000000E+000  5.474948750731E-001  1.920468598816E-003  4.466674447445E-001  2.637936854634E-005  3.206896703242E-006  3.887617754334E-003  0.000000000000E+000  0.000000000000E+000  0.000000000000E+000  0.000000000000E+000  0.000000000000E+000  0.000000000000E+000
   1.887500000000E+002  1.000000000000E+000  5.474949241038E-001  1.920467648925E-003  4.466673928797E-001  2.637906292971E-005  3.206857511838E-006  3.887616063416E-003  0.000000000000E+000  0.000000000000E+000  0.000000000000E+000  0.000000000000E+000  0.000000000000E+000  0.000000000000E+000
   1.890000000000E+002  1.000000000000E+000  5.474950317341E-001  1.920466857673E-003  4.466673122080E-001  2.637875718178E-005  3.206809778982E-006  3.887614230233E-003  0.000000000000E+000  0.000000000000E+000  0.000000000000E+000  0.000000000000E+000  0.000000000000E+000  0.000000000000E+000
   1.892500000000E+002  1.000000000000E+000  5.474950780706E-001  1.920466131116E-003  4.466672633069E-001  2.637845849108E-005  3.206754487941E-006  3.887611822686E-003  0.000000000000E+000  0.000000000000E+000  0.000000000000E+000  0.000000000000E+000  0.000000000000E+000  0.000000000000E+000
   1.895000000000E+002  1.000000000000E+000  5.474951244302E-001  1.920465448581E-003  4.466672147357E-001  2.637816865516E-005  3.206692714391E-006  3.887609248609E-003  0.000000000000E+000  0.000000000000E+000  0.000000000000E+000  0.000000000000E+000  0.000000000000E+000  0.000000000000E+000
   1.897500000000E+002  1.000000000000E+000  5.474951675193E-001  1.920464690565E-003  4.466671697941E-001  2.637789073247E-005  3.206625827436E-006  3.887606267817E-003  0.000000000000E+000  0.000000000000E+000  0.000000000000E+000  0.000000000000E+000  0.000000000000E+000  0.000000000000E+000
   1.900000000000E+002  1.000000000000E+000  5.474952096515E-001  1.920464113001E-003  4.466671260424E-001  2.637762567814E-005  3.206554402265E-006  3.887602979548E-003  0.000000000000E+000  0.000000000000E+000  0.000000000000E+000  0.000000000000E+000  0.000000000000E+000  0.000000000000E+000
   1.902500000000E+002  1.000000000000E+000  5.474952483346E-001  1.920463568560E-003  4.466670860277E-001  2.637737854645E-005  3.206480392502E-006  3.887599357037E-003  0.000000000000E+000  0.000000000000E+000  0.000000000000E+000  0.000000000000E+000  0.000000000000E+000  0.000000000000E+000
   1.905000000000E+002  1.000000000000E+000  5.474953456065E-001  1.920463108508E-003  4.466670471022E-001  2.637714978520E-005  3.206404229222E-006  3.887595560420E-003  0.000000000000E+000  0.000000000000E+000  0.000000000000E+000  0.000000000000E+000  0.000000000000E+000  0.000000000000E+000
   1.907500000000E+002  1.000000000000E+000  5.474953704544E-001  1.920462314094E-003  4.466669868618E-001  2.637693645003E-005  3.206325579352E-006  3.887590690958E-003  0.000000000000E+000  0.000000000000E+000  0.000000000000E+000  0.000000000000E+000  0.000000000000E+000  0.000000000000E+000
   1.910000000000E+002  1.000000000000E+000  5.474954068415E-001  1.920461489529E-003  4.466669509924E-001  2.637674106841E-005  3.206246605638E-006  3.887585452527E-003  0.000000000000E+000  0.000000000000E+000  0.000000000000E+000  0.000000000000E+000  0.000000000000E+000  0.000000000000E+000
   1.912500000000E+002  1.000000000000E+000  5.474954407579E-001  1.920460839169E-003  4.466669176085E-001  2.637656454324E-005  3.206168329889E-006  3.887580354843E-003  0.000000000000E+000  0.000000000000E+000  0.000000000000E+000  0.000000000000E+000  0.000000000000E+000  0.000000000000E+000
   1.915000000000E+002  1.000000000000E+000  5.474954688987E-001  1.920460191246E-003  4.466668897562E-001  2.637640632404E-005  3.206091865501E-006  3.887575129511E-003  0.000000000000E+000  0.000000000000E+000  0.000000000000E+000  0.000000000000E+000  0.000000000000E+000  0.000000000000E+000
   1.917500000000E+002  1.000000000000E+000  5.474955534636E-001  1.920459875053E-003  4.466668644702E-001  2.637626781672E-005  3.206017713491E-006  3.887570515380E-003  0.000000000000E+000  0.000000000000E+000  0.000000000000E+000  0.000000000000E+000  0.000000000000E+000  0.000000000000E+000
   1.920000000000E+002  1.000000000000E+000  5.474955751619E-001  1.920459501897E-003  4.466668419421E-001  2.637614656489E-005  3.205946415670E-006  3.887565742196E-003  0.000000000000E+000  0.000000000000E+000  0.000000000000E+000  0.000000000000E+000  0.000000000000E+000  0.000000000000E+000
   1.922500000000E+002  1.000000000000E+000  5.474956179826E-001  1.920459363104E-003  4.466667995062E-001  2.637604214801E-005  3.205877901585E-006  3.887561485668E-003  0.000000000000E+000  0.000000000000E+000  0.000000000000E+000  0.000000000000E+000  0.000000000000E+000  0.000000000000E+000
   1.925000000000E+002  1.000000000000E+000  5.474956361635E-001  1.920459201071E-003  4.466667801950E-001  2.637594960847E-005  3.205812315784E-006  3.887557115364E-003  0.000000000000E+000  0.000000000000E+000  0.000000000000E+000  0.000000000000E+000  0.000000000000E+000  0.000000000000E+000
   1.927500000000E+002  1.000000000000E+000  5.474956528424E-001  1.920458958935E-003  4.466667625728E-001  2.637587002429E-005  3.205749876715E-006  3.887552857137E-003  0.000000000000E+000  0.000000000000E+000  0.000000000000E+000  0.000000000000E+000  0.000000000000E+000  0.000000000000E+000
   1.930000000000E+002  1.000000000000E+000  5.474956691409E-001  1.920458782118E-003  4.466667454568E-001  2.637579994393E-005  3.205690175842E-006  3.887548511309E-003  0.000000000000E+000  0.000000000000E+000  0.000000000000E+000  0.000000000000E+000  0.000000000000E+000  0.000000000000E+000
   1.932500000000E+002  1.000000000000E+000  5.474956854882E-001  1.920458579039E-003  4.466667282878E-001  2.637573756339E-005  3.205633314741E-006  3.887544184436E-003  0.000000000000E+000  0.000000000000E+000  0.000000000000E+000  0.000000000000E+000  0.000000000000E+000  0.000000000000E+000
   1.935000000000E+002  1.000000000000E+000  5.474957000962E-001  1.920458203012E-003  4.466667128981E-001  2.637568366629E-005  3.205579344769E-006  3.887539864641E-003  0.000000000000E+000  0.000000000000E+000  0.000000000000E+000  0.000000000000E+000  0.000000000000E+000  0.000000000000E+000
   1.937500000000E+002  1.000000000000E+000  5.474957119227E-001  1.920457821346E-003  4.466667004196E-001  2.637563398460E-005  3.205527764402E-006  3.887535527686E-003  0.000000000000E+000  0.000000000000E+000  0.000000000000E+000  0.000000000000E+000  0.000000000000E+000  0.000000000000E+000
   1.940000000000E+002  1.000000000000E+000  5.474957373276E-001  1.920457057679E-003  4.466666722790E-001  2.637558588536E-005  3.205476668535E-006  3.887530381574E-003  0.000000000000E+000  0.000000000000E+000  0.000000000000E+000  0.000000000000E+000  0.000000000000E+000  0.000000000000E+000
   1.942500000000E+002  1.000000000000E+000  5.474957551156E-001  1.920456288683E-003  4.466666589571E-001  2.637554302056E-005  3.205429117447E-006  3.887526005079E-003  0.000000000000E+000  0.000000000000E+000  0.000000000000E+000  0.000000000000E+000  0.000000000000E+000  0.000000000000E+000
   1.945000000000E+002  1.000000000000E+000  5.474957621515E-001  1.920455596704E-003  4.466666514216E-001  2.637550653836E-005  3.205385334713E-006  3.887521514377E-003  0.000000000000E+000  0.000000000000E+000  0.000000000000E+000  0.000000000000E+000  0.000000000000E+000  0.000000000000E+000
   1.947500000000E+002  1.000000000000E+000  5.474957948280E-001  1.920454878710E-003  4.466666577005E-001  2.637541765168E-005  3.205327236560E-006  3.887516999542E-003  0.000000000000E+000  0.000000000000E+000  0.000000000000E+000  0.000000000000E+000  0.000000000000E+000  0.000000000000E+000
   1.950000000000E+002  1.000000000000E+000  5.474958057809E-001  1.920454031336E-003  4.466666463038E-001  2.637532634909E-005  3.205269525342E-006  3.887512674201E-003  0.000000000000E+000  0.000000000000E+000  0.000000000000E+000  0.000000000000E+000  0.000000000000E+000  0.000000000000E+000
   1.952500000000E+002  1.000000000000E+000  5.474958158976E-001  1.920453114444E-003  4.466666359758E-001  2.637522710522E-005  3.205211869286E-006  3.887508305582E-003  0.000000000000E+000  0.000000000000E+000  0.000000000000E+000  0.000000000000E+000  0.000000000000E+000  0.000000000000E+000
   1.955000000000E+002  1.000000000000E+000  5.474958734143E-001  1.920455144789E-003  4.466666209193E-001  2.637543301251E-005  3.205061920308E-006  3.887501411319E-003  0.000000000000E+000  0.000000000000E+000  0.000000000000E+000  0.000000000000E+000  0.000000000000E+000  0.000000000000E+000
   1.957500000000E+002  1.000000000000E+000  5.474958645732E-001  1.920457920125E-003  4.466666046013E-001  2.637568825424E-005  3.204901273318E-006  3.887494676494E-003  0.000000000000E+000  0.000000000000E+000  0.000000000000E+000  0.000000000000E+000  0.000000000000E+000  0.000000000000E+000
   1.960000000000E+002  1.000000000000E+000  5.474958733681E-001  1.920461292875E-003  4.466665932445E-001  2.637598615902E-005  3.204728907524E-006  3.887488086160E-003  0.000000000000E+000  0.000000000000E+000  0.000000000000E+000  0.000000000000E+000  0.000000000000E+000  0.000000000000E+000
   1.962500000000E+002  1.000000000000E+000  5.474958807842E-001  1.920464884363E-003  4.466665833435E-001  2.637631798999E-005  3.204549549006E-006  3.887481177128E-003  0.000000000000E+000  0.000000000000E+000  0.000000000000E+000  0.000000000000E+000  0.000000000000E+000  0.000000000000E+000
   1.965000000000E+002  1.000000000000E+000  5.474959370593E-001  1.920468422181E-003  4.466665657886E-001  2.637670826635E-005  3.204382172413E-006  3.887474252227E-003  0.000000000000E+000  0.000000000000E+000  0.000000000000E+000  0.000000000000E+000  0.000000000000E+000  0.000000000000E+000
   1.967500000000E+002  1.000000000000E+000  5.474959598996E-001  1.920471252343E-003  4.466665500494E-001  2.637704618395E-005  3.204239285849E-006  3.887467405355E-003  0.000000000000E+000  0.000000000000E+000  0.000000000000E+000  0.000000000000E+000  0.000000000000E+000  0.000000000000E+000
   1.970000000000E+002  1.000000000000E+000  5.474959770265E-001  1.920473522651E-003  4.466665319151E-001  2.637737515283E-005  3.204107171127E-006  3.887460663224E-003  0.000000000000E+000  0.000000000000E+000  0.000000000000E+000  0.000000000000E+000  0.000000000000E+000  0.000000000000E+000
   1.972500000000E+002  1.000000000000E+000  5.474959975213E-001  1.920475475844E-003  4.466665105984E-001  2.637768789146E-005  3.203988253056E-006  3.887454172009E-003  0.000000000000E+000  0.000000000000E+000  0.000000000000E+000  0.000000000000E+000  0.000000000000E+000  0.000000000000E+000
   1.975000000000E+002  1.000000000000E+000  5.474960178413E-001  1.920476845917E-003  4.466664895735E-001  2.637797715321E-005  3.203883860311E-006  3.887448041084E-003  0.000000000000E+000  0.000000000000E+000  0.000000000000E+000  0.000000000000E+000  0.000000000000E+000  0.000000000000E+000
   1.977500000000E+002  1.000000000000E+000  5.474960372733E-001  1.920477884072E-003  4.466664395972E-001  2.637824031712E-005  3.203794091083E-006  3.887442177340E-003  0.000000000000E+000  0.000000000000E+000  0.000000000000E+000  0.000000000000E+000  0.000000000000E+000  0.000000000000E+000
   1.980000000000E+002  1.000000000000E+000  5.474961016988E-001  1.920477709970E-003  4.466664116206E-001  2.637841177979E-005  3.203738715502E-006  3.887437608082E-003  0.000000000000E+000  0.000000000000E+000  0.000000000000E+000  0.000000000000E+000  0.000000000000E+000  0.000000000000E+000
   1.982500000000E+002  1.000000000000E+000  5.474961255048E-001  1.920477147824E-003  4.466663872598E-001  2.637854176810E-005  3.203700342374E-006  3.887433588065E-003  0.000000000000E+000  0.000000000000E+000  0.000000000000E+000  0.000000000000E+000  0.000000000000E+000  0.000000000000E+000
   1.985000000000E+002  1.000000000000E+000  5.474961474382E-001  1.920476030435E-003  4.466663646780E-001  2.637862961174E-005  3.203677954719E-006  3.887430238568E-003  0.000000000000E+000  0.000000000000E+000  0.000000000000E+000  0.000000000000E+000  0.000000000000E+000  0.000000000000E+000
   1.987500000000E+002  1.000000000000E+000  5.474961623830E-001  1.920474435028E-003  4.466663491444E-001  2.637868363690E-005  3.203669560736E-006  3.887427348443E-003  0.000000000000E+000  0.000000000000E+000  0.000000000000E+000  0.000000000000E+000  0.000000000000E+000  0.000000000000E+000
   1.990000000000E+002  1.000000000000E+000  5.474962314192E-001  1.920472396761E-003  4.466663094640E-001  2.637870444632E-005  3.203673647048E-006  3.887425030010E-003  0.000000000000E+000  0.000000000000E+000  0.000000000000E+000  0.000000000000E+000  0.000000000000E+000  0.000000000000E+000
   1.992500000000E+002  1.000000000000E+000  5.474962649485E-001  1.920470043988E-003  4.466662769166E-001  2.637869716143E-005  3.203687979240E-006  3.887422785170E-003  0.000000000000E+000  0.000000000000E+000  0.000000000000E+000  0.000000000000E+000  0.000000000000E+000  0.000000000000E+000
   1.995000000000E+002  1.000000000000E+000  5.474962762886E-001  1.920467380245E-003  4.466662352693E-001  2.637866769749E-005  3.203710583303E-006  3.887421182150E-003  0.000000000000E+000  0.000000000000E+000  0.000000000000E+000  0.000000000000E+000  0.000000000000E+000  0.000000000000E+000
   1.997500000000E+002  1.000000000000E+000  5.474963466208E-001  1.920464437859E-003  4.466662242170E-001  2.637861916044E-005  3.203739412184E-006  3.887419457595E-003  0.000000000000E+000  0.000000000000E+000  0.000000000000E+000  0.000000000000E+000  0.000000000000E+000  0.000000000000E+000
   2.000000000000E+002  1.000000000000E+000  5.474963591426E-001  1.920461317022E-003  4.466661816010E-001  2.637855688971E-005  3.203772592333E-006  3.887417888239E-003  0.000000000000E+000  0.000000000000E+000  0.000000000000E+000  0.000000000000E+000  0.000000000000E+000  0.000000000000E+000
