#                    1                    2                    3                    4                    5                    6                    7                    8                    9                   10                   11                   12                   13                   14                   15                   16                   17                   18                   19                   20                   21                   22                   23                   24                   25                   26
#               Time |           Sum c**2 |  === coeff_diab ===>
#               [fs] |                 [] |                 [] |
   0.000000000000E+000  1.000000000000E+000  0.000000000000E+000  0.000000000000E+000  1.000000000000E+000  0.000000000000E+000  0.000000000000E+000  0.000000000000E+000  0.000000000000E+000  0.000000000000E+000  0.000000000000E+000  0.000000000000E+000  0.000000000000E+000  0.000000000000E+000
   2.500000000000E-001  1.000000000000E+000  9.305370440416E-006  8.969368759000E-014  9.999873638153E-001  1.907550367664E-010  2.739535043261E-009  3.346757694089E-006  0.000000000000E+000  0.000000000000E+000  0.000000000000E+000  0.000000000000E+000  0.000000000000E+000  0.000000000000E+000
   5.000000000000E-001  1.000000000000E+000  5.177392449696E-005  2.724796232287E-014  9.999316334724E-001  7.689153203039E-010  1.102092372918E-008  1.657311076997E-005  0.000000000000E+000  0.000000000000E+000  0.000000000000E+000  0.000000000000E+000  0.000000000000E+000  0.000000000000E+000
   7.500000000000E-001  1.000000000000E+000  1.764052867657E-004  4.559327633318E-014  9.997871518135E-001  1.569337992890E-009  2.246176222798E-008  3.640178692876E-005  0.000000000000E+000  0.000000000000E+000  0.000000000000E+000  0.000000000000E+000  0.000000000000E+000  0.000000000000E+000
   1.000000000000E+000  1.000000000000E+000  6.702424725518E-004  1.596105192458E-012  9.992933273315E-001  2.583291136560E-009  3.691936001360E-008  3.636265682871E-005  0.000000000000E+000  0.000000000000E+000  0.000000000000E+000  0.000000000000E+000  0.000000000000E+000  0.000000000000E+000
   1.250000000000E+000  1.000000000000E+000  1.524217310362E-003  1.195453371711E-011  9.984394311905E-001  3.602893983157E-009  5.130329228109E-008  3.630742503447E-005  0.000000000000E+000  0.000000000000E+000  0.000000000000E+000  0.000000000000E+000  0.000000000000E+000  0.000000000000E+000
   1.500000000000E+000  1.000000000000E+000  3.377630608156E-003  4.064666658810E-011  9.965860843658E-001  4.681177223631E-009  6.663339036095E-008  3.622877920861E-005  0.000000000000E+000  0.000000000000E+000  0.000000000000E+000  0.000000000000E+000  0.000000000000E+000  0.000000000000E+000
   1.750000000000E+000  1.000000000000E+000  7.209247909486E-003  1.424794726645E-010  9.927546381950E-001  5.742655684315E-009  8.120303363057E-008  3.604948506108E-005  0.000000000000E+000  0.000000000000E+000  0.000000000000E+000  0.000000000000E+000  0.000000000000E+000  0.000000000000E+000
   2.000000000000E+000  1.000000000000E+000  1.441568881273E-002  3.695447836627E-010  9.855484366417E-001  6.677610020489E-009  9.424919511503E-008  3.575139999157E-005  0.000000000000E+000  0.000000000000E+000  0.000000000000E+000  0.000000000000E+000  0.000000000000E+000  0.000000000000E+000
   2.250000000000E+000  1.000000000000E+000  2.634256891906E-002  8.474979051876E-010  9.736220240593E-001  7.594746165296E-009  1.068440411700E-007  3.526656291797E-005  0.000000000000E+000  0.000000000000E+000  0.000000000000E+000  0.000000000000E+000  0.000000000000E+000  0.000000000000E+000
   2.500000000000E+000  1.000000000000E+000  4.347233474255E-002  1.663718496303E-009  9.564929604530E-001  8.352901481601E-009  1.168878469571E-007  3.458221908659E-005  0.000000000000E+000  0.000000000000E+000  0.000000000000E+000  0.000000000000E+000  0.000000000000E+000  0.000000000000E+000
   2.750000000000E+000  1.000000000000E+000  6.464603543282E-002  2.759229067451E-009  9.353200793266E-001  8.896881453779E-009  1.254326065236E-007  3.376545282663E-005  0.000000000000E+000  0.000000000000E+000  0.000000000000E+000  0.000000000000E+000  0.000000000000E+000  0.000000000000E+000
   3.000000000000E+000  1.000000000000E+000  8.824608474970E-002  4.292205701972E-009  9.117209315300E-001  9.555351176971E-009  1.333200287945E-007  3.284234844614E-005  0.000000000000E+000  0.000000000000E+000  0.000000000000E+000  0.000000000000E+000  0.000000000000E+000  0.000000000000E+000
   3.250000000000E+000  1.000000000000E+000  1.125292852521E-001  5.987580653510E-009  8.874386548996E-001  9.836187864209E-009  1.382988870091E-007  3.191064388375E-005  0.000000000000E+000  0.000000000000E+000  0.000000000000E+000  0.000000000000E+000  0.000000000000E+000  0.000000000000E+000
   3.500000000000E+000  1.000000000000E+000  1.393279135227E-001  8.477290869280E-009  8.606410622597E-001  9.998022854063E-009  1.403824967383E-007  3.087158256676E-005  0.000000000000E+000  0.000000000000E+000  0.000000000000E+000  0.000000000000E+000  0.000000000000E+000  0.000000000000E+000
   3.750000000000E+000  1.000000000000E+000  4.486974775791E-001  2.264925092459E-001  1.452898979187E-001  7.039012014866E-002  2.789899893105E-002  8.123099058867E-002  0.000000000000E+000  0.000000000000E+000  0.000000000000E+000  0.000000000000E+000  0.000000000000E+000  0.000000000000E+000
   4.000000000000E+000  1.000000000000E+000  2.348348349333E-001  3.254826962948E-001  1.373642683029E-001  9.094283729792E-002  1.001831367612E-001  1.111922264099E-001  0.000000000000E+000  0.000000000000E+000  0.000000000000E+000  0.000000000000E+000  0.000000000000E+000  0.000000000000E+000
   4.250000000000E+000  1.000000000000E+000  5.956280231476E-002  1.807281747460E-002  9.083740115166E-001  3.171592717990E-003  8.229712955654E-003  2.589070238173E-003  0.000000000000E+000  0.000000000000E+000  0.000000000000E+000  0.000000000000E+000  0.000000000000E+000  0.000000000000E+000
   4.500000000000E+000  1.000000000000E+000  1.215090304613E-001  3.453897443251E-005  8.780917525291E-001  1.229864551533E-006  1.470695497119E-005  3.487657522783E-004  0.000000000000E+000  0.000000000000E+000  0.000000000000E+000  0.000000000000E+000  0.000000000000E+000  0.000000000000E+000
   4.750000000000E+000  1.000000000000E+000  1.599659621716E-001  1.787016117305E-005  8.397461175919E-001  1.706818352432E-006  1.334387343377E-005  2.550062199589E-004  0.000000000000E+000  0.000000000000E+000  0.000000000000E+000  0.000000000000E+000  0.000000000000E+000  0.000000000000E+000
   5.000000000000E+000  1.000000000000E+000  1.828988641500E-001  7.577506494272E-006  8.168958425522E-001  2.169604840674E-006  1.223937033501E-005  1.833167480072E-004  0.000000000000E+000  0.000000000000E+000  0.000000000000E+000  0.000000000000E+000  0.000000000000E+000  0.000000000000E+000
   5.250000000000E+000  1.000000000000E+000  1.971752047539E-001  2.234210569441E-006  8.026757240295E-001  2.413056790829E-006  1.123779566115E-005  1.332069368800E-004  0.000000000000E+000  0.000000000000E+000  0.000000000000E+000  0.000000000000E+000  0.000000000000E+000  0.000000000000E+000
   5.500000000000E+000  1.000000000000E+000  2.064179629087E-001  2.323616854483E-007  7.934706211090E-001  2.708610963964E-006  1.053309733834E-005  9.791429329198E-005  0.000000000000E+000  0.000000000000E+000  0.000000000000E+000  0.000000000000E+000  0.000000000000E+000  0.000000000000E+000
   5.750000000000E+000  1.000000000000E+000  2.131848931313E-001  1.542687044775E-007  7.867301702499E-001  2.960531219287E-006  9.946556929208E-006  7.188753806986E-005  0.000000000000E+000  0.000000000000E+000  0.000000000000E+000  0.000000000000E+000  0.000000000000E+000  0.000000000000E+000
   6.000000000000E+000  1.000000000000E+000  2.185019105673E-001  1.359136263090E-006  7.814318537712E-001  3.186679350620E-006  9.446805051994E-006  5.225707718637E-005  0.000000000000E+000  0.000000000000E+000  0.000000000000E+000  0.000000000000E+000  0.000000000000E+000  0.000000000000E+000
   6.250000000000E+000  1.000000000000E+000  2.229125350714E-001  3.461379037617E-006  7.770342826843E-001  3.393753104319E-006  9.002206752484E-006  3.729553645826E-005  0.000000000000E+000  0.000000000000E+000  0.000000000000E+000  0.000000000000E+000  0.000000000000E+000  0.000000000000E+000
   6.500000000000E+000  1.000000000000E+000  2.267486006021E-001  6.226571258594E-006  7.732071280479E-001  3.589659399950E-006  8.620617336419E-006  2.584372305137E-005  0.000000000000E+000  0.000000000000E+000  0.000000000000E+000  0.000000000000E+000  0.000000000000E+000  0.000000000000E+000
   6.750000000000E+000  1.000000000000E+000  2.302299588919E-001  9.508429684502E-006  7.697314023972E-001  3.771799356400E-006  8.263177733170E-006  1.708574563963E-005  0.000000000000E+000  0.000000000000E+000  0.000000000000E+000  0.000000000000E+000  0.000000000000E+000  0.000000000000E+000
   7.000000000000E+000  1.000000000000E+000  2.335236668587E-001  1.325522134721E-005  7.664407491684E-001  3.949347501475E-006  7.930836545711E-006  1.045836779667E-005  0.000000000000E+000  0.000000000000E+000  0.000000000000E+000  0.000000000000E+000  0.000000000000E+000  0.000000000000E+000
   7.250000000000E+000  1.000000000000E+000  2.367431670427E-001  1.745411464071E-005  7.632220387459E-001  4.122634436499E-006  7.612713943672E-006  5.597517883871E-006  0.000000000000E+000  0.000000000000E+000  0.000000000000E+000  0.000000000000E+000  0.000000000000E+000  0.000000000000E+000
   7.500000000000E+000  1.000000000000E+000  2.399647533894E-001  2.213294646936E-005  7.599992156029E-001  4.298444764572E-006  7.316295977944E-006  2.296700586157E-006  0.000000000000E+000  0.000000000000E+000  0.000000000000E+000  0.000000000000E+000  0.000000000000E+000  0.000000000000E+000
   7.750000000000E+000  1.000000000000E+000  2.432324290276E-001  2.730328742473E-005  7.567283511162E-001  4.471648026083E-006  7.013050435489E-006  4.518446985458E-007  0.000000000000E+000  0.000000000000E+000  0.000000000000E+000  0.000000000000E+000  0.000000000000E+000  0.000000000000E+000
   8.000000000000E+000  1.000000000000E+000  2.465658634901E-001  3.301347896922E-005  7.533897161484E-001  4.654163603846E-006  6.732929705322E-006  2.822493172516E-008  0.000000000000E+000  0.000000000000E+000  0.000000000000E+000  0.000000000000E+000  0.000000000000E+000  0.000000000000E+000
   8.250000000000E+000  1.000000000000E+000  2.499742209911E-001  3.926167119062E-005  7.499741911888E-001  4.837346750719E-006  6.445085546147E-006  1.019313799588E-006  0.000000000000E+000  0.000000000000E+000  0.000000000000E+000  0.000000000000E+000  0.000000000000E+000  0.000000000000E+000
   8.500000000000E+000  1.000000000000E+000  2.534514367580E-001  4.606398579199E-005  7.464878559113E-001  5.025460268371E-006  6.167637366161E-006  3.431691084188E-006  0.000000000000E+000  0.000000000000E+000  0.000000000000E+000  0.000000000000E+000  0.000000000000E+000  0.000000000000E+000
   8.750000000000E+000  1.000000000000E+000  2.570003271103E-001  5.343261000235E-005  7.429278492928E-001  5.216853878665E-006  5.891071396036E-006  7.283635113708E-006  0.000000000000E+000  0.000000000000E+000  0.000000000000E+000  0.000000000000E+000  0.000000000000E+000  0.000000000000E+000
   9.000000000000E+000  1.000000000000E+000  2.606170773506E-001  6.137512536952E-005  7.392979264259E-001  5.410669928096E-006  5.613493158307E-006  1.259646614926E-005  0.000000000000E+000  0.000000000000E+000  0.000000000000E+000  0.000000000000E+000  0.000000000000E+000  0.000000000000E+000
   9.250000000000E+000  1.000000000000E+000  2.642998993397E-001  6.992371345405E-005  7.355998158455E-001  5.612580025627E-006  5.347098522179E-006  1.939174217114E-005  0.000000000000E+000  0.000000000000E+000  0.000000000000E+000  0.000000000000E+000  0.000000000000E+000  0.000000000000E+000
   9.500000000000E+000  1.000000000000E+000  2.680450379848E-001  7.906663813628E-005  7.318372726440E-001  5.816380962642E-006  5.077141395304E-006  2.769972888927E-005  0.000000000000E+000  0.000000000000E+000  0.000000000000E+000  0.000000000000E+000  0.000000000000E+000  0.000000000000E+000
   9.750000000000E+000  1.000000000000E+000  2.718485891819E-001  8.882597467164E-005  7.280141711235E-001  6.024362392054E-006  4.823124527320E-006  3.754218050744E-005  0.000000000000E+000  0.000000000000E+000  0.000000000000E+000  0.000000000000E+000  0.000000000000E+000  0.000000000000E+000
   1.000000000000E+001  1.000000000000E+000  2.757043540478E-001  9.919525473379E-005  7.241367101669E-001  6.235902219487E-006  4.566757070279E-006  4.893828372587E-005  0.000000000000E+000  0.000000000000E+000  0.000000000000E+000  0.000000000000E+000  0.000000000000E+000  0.000000000000E+000
   1.025000000000E+001  1.000000000000E+000  2.796059250832E-001  1.101856178138E-004  7.202112078667E-001  6.454456979554E-006  4.316810191085E-006  6.189077248564E-005  0.000000000000E+000  0.000000000000E+000  0.000000000000E+000  0.000000000000E+000  0.000000000000E+000  0.000000000000E+000
   1.050000000000E+001  1.000000000000E+000  2.835445404053E-001  1.217898534378E-004  7.162464857101E-001  6.679847047053E-006  4.076265213371E-006  7.639468094567E-005  0.000000000000E+000  0.000000000000E+000  0.000000000000E+000  0.000000000000E+000  0.000000000000E+000  0.000000000000E+000
   1.075000000000E+001  1.000000000000E+000  2.875113189220E-001  1.339612645097E-004  7.122515439987E-001  6.904316251166E-006  3.836101768684E-006  9.244542161468E-005  0.000000000000E+000  0.000000000000E+000  0.000000000000E+000  0.000000000000E+000  0.000000000000E+000  0.000000000000E+000
   1.100000000000E+001  1.000000000000E+000  2.914974689484E-001  1.466843823437E-004  7.082350850105E-001  7.127631761250E-006  3.604048060879E-006  1.100177760236E-004  0.000000000000E+000  0.000000000000E+000  0.000000000000E+000  0.000000000000E+000  0.000000000000E+000  0.000000000000E+000
   1.125000000000E+001  1.000000000000E+000  2.954958081245E-001  1.599731331225E-004  7.042044401169E-001  7.359568826359E-006  3.382228896953E-006  1.290617510676E-004  0.000000000000E+000  0.000000000000E+000  0.000000000000E+000  0.000000000000E+000  0.000000000000E+000  0.000000000000E+000
   1.150000000000E+001  1.000000000000E+000  2.994969189167E-001  1.737788843457E-004  7.001690268517E-001  7.595127954119E-006  3.167480372213E-006  1.495338219684E-004  0.000000000000E+000  0.000000000000E+000  0.000000000000E+000  0.000000000000E+000  0.000000000000E+000  0.000000000000E+000
   1.175000000000E+001  1.000000000000E+000  3.034944832325E-001  1.880642957985E-004  6.961352825165E-001  7.830818503862E-006  2.957352307931E-006  1.713974343147E-004  0.000000000000E+000  0.000000000000E+000  0.000000000000E+000  0.000000000000E+000  0.000000000000E+000  0.000000000000E+000
   1.200000000000E+001  1.000000000000E+000  3.074845075607E-001  2.028117887676E-004  6.921072602272E-001  8.066512236837E-006  2.755359673756E-006  1.946095726453E-004  0.000000000000E+000  0.000000000000E+000  0.000000000000E+000  0.000000000000E+000  0.000000000000E+000  0.000000000000E+000
   1.225000000000E+001  1.000000000000E+000  3.114591836929E-001  2.180126175517E-004  6.880928277969E-001  8.307490134030E-006  2.566570628915E-006  2.190879313275E-004  0.000000000000E+000  0.000000000000E+000  0.000000000000E+000  0.000000000000E+000  0.000000000000E+000  0.000000000000E+000
   1.250000000000E+001  1.000000000000E+000  3.154156208038E-001  2.336292236578E-004  6.840950250626E-001  8.548921869078E-006  2.388412895016E-006  2.447972656228E-004  0.000000000000E+000  0.000000000000E+000  0.000000000000E+000  0.000000000000E+000  0.000000000000E+000  0.000000000000E+000
   1.275000000000E+001  1.000000000000E+000  3.193489611149E-001  2.496018423699E-004  6.801187396049E-001  8.788821105554E-006  2.207443458246E-006  2.716839371715E-004  0.000000000000E+000  0.000000000000E+000  0.000000000000E+000  0.000000000000E+000  0.000000000000E+000  0.000000000000E+000
   1.300000000000E+001  1.000000000000E+000  3.232561647892E-001  2.659362507984E-004  6.761671304703E-001  9.026711268234E-006  2.041372226813E-006  2.996872062795E-004  0.000000000000E+000  0.000000000000E+000  0.000000000000E+000  0.000000000000E+000  0.000000000000E+000  0.000000000000E+000
   1.325000000000E+001  1.000000000000E+000  3.271318972111E-001  2.826079435181E-004  6.722456216812E-001  9.269630936615E-006  1.881401772152E-006  3.287191793788E-004  0.000000000000E+000  0.000000000000E+000  0.000000000000E+000  0.000000000000E+000  0.000000000000E+000  0.000000000000E+000
   1.350000000000E+001  1.000000000000E+000  3.309758901596E-001  2.995994873345E-004  6.683545112610E-001  9.514388693788E-006  1.731586053211E-006  3.587412938941E-004  0.000000000000E+000  0.000000000000E+000  0.000000000000E+000  0.000000000000E+000  0.000000000000E+000  0.000000000000E+000
   1.375000000000E+001  1.000000000000E+000  3.347849249840E-001  3.168638213538E-004  6.644971370697E-001  9.757515726960E-006  1.588849727341E-006  3.896970301867E-004  0.000000000000E+000  0.000000000000E+000  0.000000000000E+000  0.000000000000E+000  0.000000000000E+000  0.000000000000E+000
   1.400000000000E+001  1.000000000000E+000  3.385564684868E-001  3.343595890328E-004  6.606761813164E-001  9.996331755247E-006  1.450403829040E-006  4.215381050017E-004  0.000000000000E+000  0.000000000000E+000  0.000000000000E+000  0.000000000000E+000  0.000000000000E+000  0.000000000000E+000
   1.425000000000E+001  1.000000000000E+000  3.422877490520E-001  3.521181351971E-004  6.568943858147E-001  1.024039465847E-005  1.325278958575E-006  4.541584348772E-004  0.000000000000E+000  0.000000000000E+000  0.000000000000E+000  0.000000000000E+000  0.000000000000E+000  0.000000000000E+000
   1.450000000000E+001  1.000000000000E+000  3.459790349007E-001  3.700400120579E-004  6.531516909599E-001  1.047493879014E-005  1.201908276016E-006  4.875743179582E-004  0.000000000000E+000  0.000000000000E+000  0.000000000000E+000  0.000000000000E+000  0.000000000000E+000  0.000000000000E+000
   1.475000000000E+001  1.000000000000E+000  3.496286273003E-001  3.881694283336E-004  6.494497060776E-001  1.071376300388E-005  1.086659381144E-006  5.216785939410E-004  0.000000000000E+000  0.000000000000E+000  0.000000000000E+000  0.000000000000E+000  0.000000000000E+000  0.000000000000E+000
   1.500000000000E+001  1.000000000000E+000  3.532344400883E-001  4.064849345013E-004  6.457907557487E-001  1.095374409488E-005  9.822764468481E-007  5.564132588916E-004  0.000000000000E+000  0.000000000000E+000  0.000000000000E+000  0.000000000000E+000  0.000000000000E+000  0.000000000000E+000
   1.525000000000E+001  1.000000000000E+000  3.567968904972E-001  4.249406338204E-004  6.421743631363E-001  1.119174885389E-005  8.833086440063E-007  5.917529342696E-004  0.000000000000E+000  0.000000000000E+000  0.000000000000E+000  0.000000000000E+000  0.000000000000E+000  0.000000000000E+000
   1.550000000000E+001  1.000000000000E+000  3.603136837482E-001  4.435047158040E-004  6.386029720306E-001  1.142822566180E-005  7.884488582022E-007  6.276352796704E-004  0.000000000000E+000  0.000000000000E+000  0.000000000000E+000  0.000000000000E+000  0.000000000000E+000  0.000000000000E+000
   1.575000000000E+001  1.000000000000E+000  3.637850284576E-001  4.621735424735E-004  6.350764036179E-001  1.165938920167E-005  7.020389034551E-007  6.640237988904E-004  0.000000000000E+000  0.000000000000E+000  0.000000000000E+000  0.000000000000E+000  0.000000000000E+000  0.000000000000E+000
   1.600000000000E+001  1.000000000000E+000  3.672100901604E-001  4.809478996322E-004  6.315956115723E-001  1.189314025396E-005  6.222877573236E-007  7.008442771621E-004  0.000000000000E+000  0.000000000000E+000  0.000000000000E+000  0.000000000000E+000  0.000000000000E+000  0.000000000000E+000
   1.625000000000E+001  1.000000000000E+000  3.705899119377E-001  4.997975775041E-004  6.281595230103E-001  1.212617826241E-005  5.475389457388E-007  7.380798342638E-004  0.000000000000E+000  0.000000000000E+000  0.000000000000E+000  0.000000000000E+000  0.000000000000E+000  0.000000000000E+000
   1.650000000000E+001  1.000000000000E+000  1.959739029408E-001  1.040278119035E-003  8.012350201607E-001  1.023564836942E-003  6.204667733982E-004  1.067433840944E-004  0.000000000000E+000  0.000000000000E+000  0.000000000000E+000  0.000000000000E+000  0.000000000000E+000  0.000000000000E+000
   1.675000000000E+001  1.000000000000E+000  1.954223960638E-001  1.141743385233E-003  8.015488982201E-001  1.117962296121E-003  6.430901703425E-004  1.258959237020E-004  0.000000000000E+000  0.000000000000E+000  0.000000000000E+000  0.000000000000E+000  0.000000000000E+000  0.000000000000E+000
   1.700000000000E+001  1.000000000000E+000  3.792492151260E-001  5.469589959830E-004  6.193444132805E-001  1.122339199355E-005  3.925013913886E-007  8.477818919346E-004  0.000000000000E+000  0.000000000000E+000  0.000000000000E+000  0.000000000000E+000  0.000000000000E+000  0.000000000000E+000
   1.725000000000E+001  1.000000000000E+000  3.835811018944E-001  5.801334045827E-004  6.149315834045E-001  1.375580723106E-005  2.706336488245E-007  8.931853226386E-004  0.000000000000E+000  0.000000000000E+000  0.000000000000E+000  0.000000000000E+000  0.000000000000E+000  0.000000000000E+000
   1.750000000000E+001  1.000000000000E+000  3.867550492287E-001  5.963508156128E-004  6.117002367973E-001  1.299148061662E-005  2.637336251610E-007  9.351096814498E-004  0.000000000000E+000  0.000000000000E+000  0.000000000000E+000  0.000000000000E+000  0.000000000000E+000  0.000000000000E+000
   1.775000000000E+001  1.000000000000E+000  3.898628652096E-001  6.166778039187E-004  6.085336804390E-001  1.365768730466E-005  1.982075303886E-007  9.729050798342E-004  0.000000000000E+000  0.000000000000E+000  0.000000000000E+000  0.000000000000E+000  0.000000000000E+000  0.000000000000E+000
   1.800000000000E+001  1.000000000000E+000  3.929206430912E-001  6.351222982630E-004  6.054177880287E-001  1.366628021060E-005  1.712229789064E-007  1.012616674416E-003  0.000000000000E+000  0.000000000000E+000  0.000000000000E+000  0.000000000000E+000  0.000000000000E+000  0.000000000000E+000
   1.825000000000E+001  1.000000000000E+000  3.959316909313E-001  6.543744821101E-004  6.023482680321E-001  1.398559470545E-005  1.324048071183E-007  1.051570754498E-003  0.000000000000E+000  0.000000000000E+000  0.000000000000E+000  0.000000000000E+000  0.000000000000E+000  0.000000000000E+000
   1.850000000000E+001  1.000000000000E+000  3.988980352879E-001  6.731944158673E-004  5.993235111237E-001  1.415147562511E-005  1.053705815934E-007  1.091027166694E-003  0.000000000000E+000  0.000000000000E+000  0.000000000000E+000  0.000000000000E+000  0.000000000000E+000  0.000000000000E+000
   1.875000000000E+001  1.000000000000E+000  4.018201231956E-001  6.921664462425E-004  5.963429212570E-001  1.439152129024E-005  7.913663324643E-008  1.130340155214E-003  0.000000000000E+000  0.000000000000E+000  0.000000000000E+000  0.000000000000E+000  0.000000000000E+000  0.000000000000E+000
   1.900000000000E+001  1.000000000000E+000  4.046977162361E-001  7.109742145985E-004  5.934068560600E-001  1.458707447455E-005  5.826452564861E-008  1.169805880636E-003  0.000000000000E+000  0.000000000000E+000  0.000000000000E+000  0.000000000000E+000  0.000000000000E+000  0.000000000000E+000
   1.925000000000E+001  1.000000000000E+000  4.075326621532E-001  7.297543343157E-004  5.905135273933E-001  1.480041737523E-005  3.982567875482E-008  1.209252164699E-003  0.000000000000E+000  0.000000000000E+000  0.000000000000E+000  0.000000000000E+000  0.000000000000E+000  0.000000000000E+000
   1.950000000000E+001  1.000000000000E+000  4.103243947029E-001  7.484685047530E-004  5.876634120941E-001  1.500378766650E-005  2.578813607101E-008  1.248697168194E-003  0.000000000000E+000  0.000000000000E+000  0.000000000000E+000  0.000000000000E+000  0.000000000000E+000  0.000000000000E+000
   1.975000000000E+001  1.000000000000E+000  4.130726158619E-001  7.670989725739E-004  5.848569273949E-001  1.521272679383E-005  1.453537912255E-008  1.288088620640E-003  0.000000000000E+000  0.000000000000E+000  0.000000000000E+000  0.000000000000E+000  0.000000000000E+000  0.000000000000E+000
   2.000000000000E+001  1.000000000000E+000  4.157788455486E-001  7.856315351091E-004  5.820926427841E-001  1.540909579489E-005  6.811883945801E-009  1.327454228885E-003  0.000000000000E+000  0.000000000000E+000  0.000000000000E+000  0.000000000000E+000  0.000000000000E+000  0.000000000000E+000
   2.025000000000E+001  1.000000000000E+000  4.184443652630E-001  8.040989050642E-004  5.793691873550E-001  1.561324279464E-005  1.951385053545E-009  1.366742537357E-003  0.000000000000E+000  0.000000000000E+000  0.000000000000E+000  0.000000000000E+000  0.000000000000E+000  0.000000000000E+000
   2.050000000000E+001  1.000000000000E+000  4.210697412491E-001  8.224570774473E-004  5.766860246658E-001  1.581026845088E-005  3.950652305296E-011  1.405975897796E-003  0.000000000000E+000  0.000000000000E+000  0.000000000000E+000  0.000000000000E+000  0.000000000000E+000  0.000000000000E+000
   2.075000000000E+001  1.000000000000E+000  4.236480295658E-001  8.406910346821E-004  5.740502476692E-001  1.600751238584E-005  9.051859817255E-010  1.444990164600E-003  0.000000000000E+000  0.000000000000E+000  0.000000000000E+000  0.000000000000E+000  0.000000000000E+000  0.000000000000E+000
   2.100000000000E+001  1.000000000000E+000  4.261898994446E-001  8.588255732320E-004  5.714511275291E-001  1.620052535145E-005  4.423303057166E-009  1.483951695263E-003  0.000000000000E+000  0.000000000000E+000  0.000000000000E+000  0.000000000000E+000  0.000000000000E+000  0.000000000000E+000
   2.125000000000E+001  1.000000000000E+000  4.286945164204E-001  8.768498664722E-004  5.688894391060E-001  1.638797766645E-005  1.051130649188E-008  1.522825448774E-003  0.000000000000E+000  0.000000000000E+000  0.000000000000E+000  0.000000000000E+000  0.000000000000E+000  0.000000000000E+000
   2.150000000000E+001  1.000000000000E+000  4.287070333958E-001  8.768785628490E-004  5.688768029213E-001  1.639278525545E-005  1.064113597238E-008  1.522870850749E-003  0.000000000000E+000  0.000000000000E+000  0.000000000000E+000  0.000000000000E+000  0.000000000000E+000  0.000000000000E+000
   2.175000000000E+001  1.000000000000E+000  4.336126446724E-001  9.128041565418E-004  5.638572573662E-001  1.677555883361E-005  2.991592396029E-008  1.600477960892E-003  0.000000000000E+000  0.000000000000E+000  0.000000000000E+000  0.000000000000E+000  0.000000000000E+000  0.000000000000E+000
   2.200000000000E+001  1.000000000000E+000  4.336241185665E-001  9.127828525379E-004  5.638457536697E-001  1.676847386989E-005  3.019348326916E-008  1.600549439900E-003  0.000000000000E+000  0.000000000000E+000  0.000000000000E+000  0.000000000000E+000  0.000000000000E+000  0.000000000000E+000
   2.225000000000E+001  1.000000000000E+000  4.383708536625E-001  9.481712477282E-004  5.589864253998E-001  1.714018799248E-005  5.792894341994E-008  1.677355729043E-003  0.000000000000E+000  0.000000000000E+000  0.000000000000E+000  0.000000000000E+000  0.000000000000E+000  0.000000000000E+000
   2.250000000000E+001  1.000000000000E+000  4.383813142776E-001  9.481594315730E-004  5.589759349823E-001  1.713759593258E-005  5.818637660582E-008  1.677388441749E-003  0.000000000000E+000  0.000000000000E+000  0.000000000000E+000  0.000000000000E+000  0.000000000000E+000  0.000000000000E+000
   2.275000000000E+001  1.000000000000E+000  4.429866671562E-001  9.830326307565E-004  5.542591810226E-001  1.749571492837E-005  9.454059579639E-008  1.753548509441E-003  0.000000000000E+000  0.000000000000E+000  0.000000000000E+000  0.000000000000E+000  0.000000000000E+000  0.000000000000E+000
   2.300000000000E+001  1.000000000000E+000  4.429955780506E-001  9.830984054133E-004  5.542502403259E-001  1.750524643285E-005  9.334442552245E-008  1.753488206305E-003  0.000000000000E+000  0.000000000000E+000  0.000000000000E+000  0.000000000000E+000  0.000000000000E+000  0.000000000000E+000
   2.325000000000E+001  1.000000000000E+000  4.474653005600E-001  1.017429749481E-003  5.496703386307E-001  1.784602136468E-005  1.378647169759E-007  1.828962820582E-003  0.000000000000E+000  0.000000000000E+000  0.000000000000E+000  0.000000000000E+000  0.000000000000E+000  0.000000000000E+000
   2.350000000000E+001  1.000000000000E+000  4.474728703499E-001  1.017444650643E-003  5.496627688408E-001  1.785330823623E-005  1.377162703875E-007  1.828911597840E-003  0.000000000000E+000  0.000000000000E+000  0.000000000000E+000  0.000000000000E+000  0.000000000000E+000  0.000000000000E+000
   2.375000000000E+001  1.000000000000E+000  4.518120288849E-001  1.051369472407E-003  5.452146530151E-001  1.819962199079E-005  1.874001611668E-007  1.903533469886E-003  0.000000000000E+000  0.000000000000E+000  0.000000000000E+000  0.000000000000E+000  0.000000000000E+000  0.000000000000E+000
   2.400000000000E+001  1.000000000000E+000  4.518170356750E-001  1.051353639923E-003  5.452097654343E-001  1.820332181524E-005  1.872017492133E-007  1.903449650854E-003  0.000000000000E+000  0.000000000000E+000  0.000000000000E+000  0.000000000000E+000  0.000000000000E+000  0.000000000000E+000
   2.425000000000E+001  1.000000000000E+000  4.560292363167E-001  1.084740390070E-003  5.408899784088E-001  1.853704998211E-005  2.433170607219E-007  1.977248117328E-003  0.000000000000E+000  0.000000000000E+000  0.000000000000E+000  0.000000000000E+000  0.000000000000E+000  0.000000000000E+000
   2.450000000000E+001  1.000000000000E+000  4.560341835022E-001  1.084676245227E-003  5.408851504326E-001  1.852945388237E-005  2.436182739984E-007  1.977206440642E-003  0.000000000000E+000  0.000000000000E+000  0.000000000000E+000  0.000000000000E+000  0.000000000000E+000  0.000000000000E+000
   2.475000000000E+001  1.000000000000E+000  4.601247012615E-001  1.117600942962E-003  5.366883873940E-001  1.886185418698E-005  3.039553178041E-007  2.050104318187E-003  0.000000000000E+000  0.000000000000E+000  0.000000000000E+000  0.000000000000E+000  0.000000000000E+000  0.000000000000E+000
   2.500000000000E+001  1.000000000000E+000  4.601287841797E-001  1.117524574511E-003  5.366844534874E-001  1.885633719212E-005  3.047973393677E-007  2.050044015050E-003  0.000000000000E+000  0.000000000000E+000  0.000000000000E+000  0.000000000000E+000  0.000000000000E+000  0.000000000000E+000
   2.525000000000E+001  1.000000000000E+000  4.641022384167E-001  1.149934483692E-003  5.326062440872E-001  1.918340785778E-005  3.702153037466E-007  2.122035017237E-003  0.000000000000E+000  0.000000000000E+000  0.000000000000E+000  0.000000000000E+000  0.000000000000E+000  0.000000000000E+000
   2.550000000000E+001  1.000000000000E+000  4.641057550907E-001  1.149909687229E-003  5.326028466225E-001  1.918588895933E-005  3.696244164075E-007  2.121925819665E-003  0.000000000000E+000  0.000000000000E+000  0.000000000000E+000  0.000000000000E+000  0.000000000000E+000  0.000000000000E+000
   2.575000000000E+001  1.000000000000E+000  4.641145467758E-001  1.149910385720E-003  5.325940251350E-001  1.918560337799E-005  3.696302997014E-007  2.121933503076E-003  0.000000000000E+000  0.000000000000E+000  0.000000000000E+000  0.000000000000E+000  0.000000000000E+000  0.000000000000E+000
   2.600000000000E+001  1.000000000000E+000  4.698235094547E-001  1.197235309519E-003  5.267316102982E-001  1.965534102055E-005  4.753320013151E-007  2.227524295449E-003  0.000000000000E+000  0.000000000000E+000  0.000000000000E+000  0.000000000000E+000  0.000000000000E+000  0.000000000000E+000
   2.625000000000E+001  1.000000000000E+000  4.698267579079E-001  1.197154400870E-003  5.267285108566E-001  1.964977309399E-005  4.762748631038E-007  2.227451419458E-003  0.000000000000E+000  0.000000000000E+000  0.000000000000E+000  0.000000000000E+000  0.000000000000E+000  0.000000000000E+000
   2.650000000000E+001  1.000000000000E+000  4.698304533958E-001  1.197154517286E-003  5.267249345779E-001  1.965526098502E-005  4.748923458919E-007  2.227330114692E-003  0.000000000000E+000  0.000000000000E+000  0.000000000000E+000  0.000000000000E+000  0.000000000000E+000  0.000000000000E+000
   2.675000000000E+001  1.000000000000E+000  4.753357768059E-001  1.243606908247E-003  5.210684537888E-001  2.010924617935E-005  5.895963681724E-007  2.331457100809E-003  0.000000000000E+000  0.000000000000E+000  0.000000000000E+000  0.000000000000E+000  0.000000000000E+000  0.000000000000E+000
   2.700000000000E+001  1.000000000000E+000  4.753384888172E-001  1.243515172973E-003  5.210659503937E-001  2.010309981415E-005  5.909645324209E-007  2.331381896511E-003  0.000000000000E+000  0.000000000000E+000  0.000000000000E+000  0.000000000000E+000  0.000000000000E+000  0.000000000000E+000
   2.725000000000E+001  1.000000000000E+000  4.753416478634E-001  1.243476406671E-003  5.210629105568E-001  2.010418756981E-005  5.908372600061E-007  2.331281779334E-003  0.000000000000E+000  0.000000000000E+000  0.000000000000E+000  0.000000000000E+000  0.000000000000E+000  0.000000000000E+000
   2.750000000000E+001  1.000000000000E+000  4.753462076187E-001  1.243435195647E-003  5.210584402084E-001  2.010058960877E-005  5.907401714467E-007  2.331224502996E-003  0.000000000000E+000  0.000000000000E+000  0.000000000000E+000  0.000000000000E+000  0.000000000000E+000  0.000000000000E+000
   2.775000000000E+001  1.000000000000E+000  4.822705984116E-001  1.303064287640E-003  5.139394998550E-001  2.068532558042E-005  7.527023626608E-007  2.465408993885E-003  0.000000000000E+000  0.000000000000E+000  0.000000000000E+000  0.000000000000E+000  0.000000000000E+000  0.000000000000E+000
   2.800000000000E+001  1.000000000000E+000  4.822728037834E-001  1.302977208979E-003  5.139374732971E-001  2.067850800813E-005  7.536075372627E-007  2.465324942023E-003  0.000000000000E+000  0.000000000000E+000  0.000000000000E+000  0.000000000000E+000  0.000000000000E+000  0.000000000000E+000
   2.825000000000E+001  1.000000000000E+000  4.822762608528E-001  1.302993507124E-003  5.139341354370E-001  2.068340654660E-005  7.509785859838E-007  2.465200610459E-003  0.000000000000E+000  0.000000000000E+000  0.000000000000E+000  0.000000000000E+000  0.000000000000E+000  0.000000000000E+000
   2.850000000000E+001  1.000000000000E+000  4.822800755501E-001  1.302942284383E-003  5.139303803444E-001  2.068109643005E-005  7.515252491430E-007  2.465136116371E-003  0.000000000000E+000  0.000000000000E+000  0.000000000000E+000  0.000000000000E+000  0.000000000000E+000  0.000000000000E+000
   2.875000000000E+001  1.000000000000E+000  4.822842776775E-001  1.302903867327E-003  5.139263272285E-001  2.067764035019E-005  7.514228741456E-007  2.465083263814E-003  0.000000000000E+000  0.000000000000E+000  0.000000000000E+000  0.000000000000E+000  0.000000000000E+000  0.000000000000E+000
   2.900000000000E+001  1.000000000000E+000  4.903865754604E-001  1.374292070977E-003  5.055901408195E-001  2.136215516657E-005  9.666164260125E-007  2.626680536196E-003  0.000000000000E+000  0.000000000000E+000  0.000000000000E+000  0.000000000000E+000  0.000000000000E+000  0.000000000000E+000
   2.925000000000E+001  1.000000000000E+000  4.903889894485E-001  1.374236308038E-003  5.055878758430E-001  2.136052535207E-005  9.667214726505E-007  2.626579487696E-003  0.000000000000E+000  0.000000000000E+000  0.000000000000E+000  0.000000000000E+000  0.000000000000E+000  0.000000000000E+000
   2.950000000000E+001  1.000000000000E+000  4.903907477856E-001  1.374184968881E-003  5.055862665176E-001  2.136106741091E-005  9.669728342487E-007  2.626472618431E-003  0.000000000000E+000  0.000000000000E+000  0.000000000000E+000  0.000000000000E+000  0.000000000000E+000  0.000000000000E+000
   2.975000000000E+001  1.000000000000E+000  4.903944134712E-001  1.374152721837E-003  5.055827498436E-001  2.136058537872E-005  9.667373888078E-007  2.626398112625E-003  0.000000000000E+000  0.000000000000E+000  0.000000000000E+000  0.000000000000E+000  0.000000000000E+000  0.000000000000E+000
   3.000000000000E+001  1.000000000000E+000  4.903975129128E-001  1.374112442136E-003  5.055797100067E-001  2.136190596502E-005  9.672127134763E-007  2.626317553222E-003  0.000000000000E+000  0.000000000000E+000  0.000000000000E+000  0.000000000000E+000  0.000000000000E+000  0.000000000000E+000
   3.025000000000E+001  1.000000000000E+000  4.904016256332E-001  1.374094281346E-003  5.055756568909E-001  2.136421244359E-005  9.670756071500E-007  2.626251662150E-003  0.000000000000E+000  0.000000000000E+000  0.000000000000E+000  0.000000000000E+000  0.000000000000E+000  0.000000000000E+000
   3.050000000000E+001  1.000000000000E+000  4.904054999352E-001  1.374103012495E-003  5.055719017982E-001  2.136822877219E-005  9.653928145781E-007  2.626165514812E-003  0.000000000000E+000  0.000000000000E+000  0.000000000000E+000  0.000000000000E+000  0.000000000000E+000  0.000000000000E+000
   3.075000000000E+001  1.000000000000E+000  5.007597804070E-001  1.467921072617E-003  4.949089288712E-001  2.224795207439E-005  1.278426907447E-006  2.839849563316E-003  0.000000000000E+000  0.000000000000E+000  0.000000000000E+000  0.000000000000E+000  0.000000000000E+000  0.000000000000E+000
   3.100000000000E+001  1.000000000000E+000  5.007613897324E-001  1.467875088565E-003  4.949074685574E-001  2.225244679721E-005  1.279042294300E-006  2.839730121195E-003  0.000000000000E+000  0.000000000000E+000  0.000000000000E+000  0.000000000000E+000  0.000000000000E+000  0.000000000000E+000
   3.125000000000E+001  1.000000000000E+000  5.007635951042E-001  1.467838534154E-003  4.949053823948E-001  2.225190837635E-005  1.278402578464E-006  2.839631401002E-003  0.000000000000E+000  0.000000000000E+000  0.000000000000E+000  0.000000000000E+000  0.000000000000E+000  0.000000000000E+000
   3.150000000000E+001  1.000000000000E+000  5.007662177086E-001  1.467788708396E-003  4.949029386044E-001  2.225108437415E-005  1.279121192965E-006  2.839557826519E-003  0.000000000000E+000  0.000000000000E+000  0.000000000000E+000  0.000000000000E+000  0.000000000000E+000  0.000000000000E+000
   3.175000000000E+001  1.000000000000E+000  5.007691383362E-001  1.467725029215E-003  4.949001073837E-001  2.224378840765E-005  1.279565253753E-006  2.839504973963E-003  0.000000000000E+000  0.000000000000E+000  0.000000000000E+000  0.000000000000E+000  0.000000000000E+000  0.000000000000E+000
   3.200000000000E+001  1.000000000000E+000  5.007715821266E-001  1.467707334086E-003  4.948978126049E-001  2.224755371572E-005  1.278862328036E-006  2.839404856786E-003  0.000000000000E+000  0.000000000000E+000  0.000000000000E+000  0.000000000000E+000  0.000000000000E+000  0.000000000000E+000
   3.225000000000E+001  1.000000000000E+000  5.007754564285E-001  1.467663096264E-003  4.948939979076E-001  2.224327181466E-005  1.279492494177E-006  2.839373191819E-003  0.000000000000E+000  0.000000000000E+000  0.000000000000E+000  0.000000000000E+000  0.000000000000E+000  0.000000000000E+000
   3.250000000000E+001  1.000000000000E+000  5.007784366608E-001  1.467655762099E-003  4.948910772800E-001  2.224441414000E-005  1.278035142604E-006  2.839292632416E-003  0.000000000000E+000  0.000000000000E+000  0.000000000000E+000  0.000000000000E+000  0.000000000000E+000  0.000000000000E+000
   3.275000000000E+001  1.000000000000E+000  5.007818937302E-001  1.467625377700E-003  4.948877096176E-001  2.224579111498E-005  1.278758077206E-006  2.839241409674E-003  0.000000000000E+000  0.000000000000E+000  0.000000000000E+000  0.000000000000E+000  0.000000000000E+000  0.000000000000E+000
   3.300000000000E+001  1.000000000000E+000  5.007861852646E-001  1.467638881877E-003  4.948834478855E-001  2.225142634416E-005  1.277655655940E-006  2.839177614078E-003  0.000000000000E+000  0.000000000000E+000  0.000000000000E+000  0.000000000000E+000  0.000000000000E+000  0.000000000000E+000
   3.325000000000E+001  1.000000000000E+000  5.137270092964E-001  1.588939572684E-003  4.815413653851E-001  2.336947909498E-005  1.733872068144E-006  3.117554821074E-003  0.000000000000E+000  0.000000000000E+000  0.000000000000E+000  0.000000000000E+000  0.000000000000E+000  0.000000000000E+000
   3.350000000000E+001  1.000000000000E+000  5.137283205986E-001  1.588892890140E-003  4.815402328968E-001  2.336985926377E-005  1.734008264975E-006  3.117453539744E-003  0.000000000000E+000  0.000000000000E+000  0.000000000000E+000  0.000000000000E+000  0.000000000000E+000  0.000000000000E+000
   3.375000000000E+001  1.000000000000E+000  5.137291550636E-001  1.588853891008E-003  4.815395772457E-001  2.337063415325E-005  1.733095245982E-006  3.117328509688E-003  0.000000000000E+000  0.000000000000E+000  0.000000000000E+000  0.000000000000E+000  0.000000000000E+000  0.000000000000E+000
   3.400000000000E+001  1.000000000000E+000  5.137306451797E-001  1.588836195879E-003  4.815381765366E-001  2.337513615203E-005  1.732226337481E-006  3.117217682302E-003  0.000000000000E+000  0.000000000000E+000  0.000000000000E+000  0.000000000000E+000  0.000000000000E+000  0.000000000000E+000
   3.425000000000E+001  1.000000000000E+000  5.137330293655E-001  1.588775659911E-003  4.815359413624E-001  2.336673242098E-005  1.732445412017E-006  3.117170650512E-003  0.000000000000E+000  0.000000000000E+000  0.000000000000E+000  0.000000000000E+000  0.000000000000E+000  0.000000000000E+000
   3.450000000000E+001  1.000000000000E+000  5.137354731560E-001  1.588735962287E-003  4.815335571766E-001  2.336549732718E-005  1.732915848152E-006  3.117112210020E-003  0.000000000000E+000  0.000000000000E+000  0.000000000000E+000  0.000000000000E+000  0.000000000000E+000  0.000000000000E+000
   3.475000000000E+001  1.000000000000E+000  5.137377381325E-001  1.588691840880E-003  4.815314710140E-001  2.336443685635E-005  1.733312501528E-006  3.117039799690E-003  0.000000000000E+000  0.000000000000E+000  0.000000000000E+000  0.000000000000E+000  0.000000000000E+000  0.000000000000E+000
   3.500000000000E+001  1.000000000000E+000  5.137403011322E-001  1.588652725331E-003  4.815289378166E-001  2.336201760045E-005  1.733705175866E-006  3.116990672424E-003  0.000000000000E+000  0.000000000000E+000  0.000000000000E+000  0.000000000000E+000  0.000000000000E+000  0.000000000000E+000
   3.525000000000E+001  1.000000000000E+000  5.137438178062E-001  1.588655752130E-003  4.815255105495E-001  2.336650868529E-005  1.732922214615E-006  3.116929670796E-003  0.000000000000E+000  0.000000000000E+000  0.000000000000E+000  0.000000000000E+000  0.000000000000E+000  0.000000000000E+000
   3.550000000000E+001  1.000000000000E+000  5.137459039688E-001  1.588654355146E-003  4.815234839916E-001  2.337059595447E-005  1.731365728119E-006  3.116834675893E-003  0.000000000000E+000  0.000000000000E+000  0.000000000000E+000  0.000000000000E+000  0.000000000000E+000  0.000000000000E+000
   3.575000000000E+001  1.000000000000E+000  5.137493610382E-001  1.588609302416E-003  4.815201163292E-001  2.336717079743E-005  1.732836608426E-006  3.116820473224E-003  0.000000000000E+000  0.000000000000E+000  0.000000000000E+000  0.000000000000E+000  0.000000000000E+000  0.000000000000E+000
   3.600000000000E+001  1.000000000000E+000  5.137520432472E-001  1.588599523529E-003  4.815175235271E-001  2.336534089409E-005  1.731190991450E-006  3.116758540273E-003  0.000000000000E+000  0.000000000000E+000  0.000000000000E+000  0.000000000000E+000  0.000000000000E+000  0.000000000000E+000
   3.625000000000E+001  1.000000000000E+000  5.137559175491E-001  1.588597195223E-003  4.815136492252E-001  2.336360194022E-005  1.730024678182E-006  3.116729669273E-003  0.000000000000E+000  0.000000000000E+000  0.000000000000E+000  0.000000000000E+000  0.000000000000E+000  0.000000000000E+000
   3.650000000000E+001  1.000000000000E+000  5.137596726418E-001  1.588592538610E-003  4.815099835396E-001  2.336697252758E-005  1.729994210109E-006  3.116688691080E-003  0.000000000000E+000  0.000000000000E+000  0.000000000000E+000  0.000000000000E+000  0.000000000000E+000  0.000000000000E+000
   3.675000000000E+001  1.000000000000E+000  5.137624740601E-001  1.588550629094E-003  4.815072417259E-001  2.336257966817E-005  1.730659619170E-006  3.116661449894E-003  0.000000000000E+000  0.000000000000E+000  0.000000000000E+000  0.000000000000E+000  0.000000000000E+000  0.000000000000E+000
   3.700000000000E+001  1.000000000000E+000  5.137662291527E-001  1.588564016856E-003  4.815034866333E-001  2.336682882742E-005  1.729688847263E-006  3.116619074717E-003  0.000000000000E+000  0.000000000000E+000  0.000000000000E+000  0.000000000000E+000  0.000000000000E+000  0.000000000000E+000
   3.725000000000E+001  1.000000000000E+000  5.294393301010E-001  1.741655636579E-003  4.653213024139E-001  2.476588633726E-005  2.372368044234E-006  3.470564493909E-003  0.000000000000E+000  0.000000000000E+000  0.000000000000E+000  0.000000000000E+000  0.000000000000E+000  0.000000000000E+000
   3.750000000000E+001  1.000000000000E+000  5.294405221939E-001  1.741615473293E-003  4.653202593327E-001  2.476552981534E-005  2.372305516474E-006  3.470477415249E-003  0.000000000000E+000  0.000000000000E+000  0.000000000000E+000  0.000000000000E+000  0.000000000000E+000  0.000000000000E+000
   3.775000000000E+001  1.000000000000E+000  5.294426679611E-001  1.741575193591E-003  4.653181731701E-001  2.476252848282E-005  2.372624976488E-006  3.470426658168E-003  0.000000000000E+000  0.000000000000E+000  0.000000000000E+000  0.000000000000E+000  0.000000000000E+000  0.000000000000E+000
   3.800000000000E+001  1.000000000000E+000  5.294443964958E-001  1.741535146721E-003  4.653165936470E-001  2.476014924468E-005  2.372771405135E-006  3.470364958048E-003  0.000000000000E+000  0.000000000000E+000  0.000000000000E+000  0.000000000000E+000  0.000000000000E+000  0.000000000000E+000
   3.825000000000E+001  1.000000000000E+000  5.294455289841E-001  1.741480897181E-003  4.653155803680E-001  2.475987639627E-005  2.374209543632E-006  3.470296273008E-003  0.000000000000E+000  0.000000000000E+000  0.000000000000E+000  0.000000000000E+000  0.000000000000E+000  0.000000000000E+000
   3.850000000000E+001  1.000000000000E+000  5.294471383095E-001  1.741441781633E-003  4.653140306473E-001  2.475831206539E-005  2.374561290708E-006  3.470235969871E-003  0.000000000000E+000  0.000000000000E+000  0.000000000000E+000  0.000000000000E+000  0.000000000000E+000  0.000000000000E+000
   3.875000000000E+001  1.000000000000E+000  5.294491052628E-001  1.741400570609E-003  4.653121829033E-001  2.475653855072E-005  2.375376425334E-006  3.470188705251E-003  0.000000000000E+000  0.000000000000E+000  0.000000000000E+000  0.000000000000E+000  0.000000000000E+000  0.000000000000E+000
   3.900000000000E+001  1.000000000000E+000  5.294508934021E-001  1.741427462548E-003  4.653104245663E-001  2.476199006196E-005  2.371995151407E-006  3.470087423921E-003  0.000000000000E+000  0.000000000000E+000  0.000000000000E+000  0.000000000000E+000  0.000000000000E+000  0.000000000000E+000
   3.925000000000E+001  1.000000000000E+000  5.294530987740E-001  1.741387881339E-003  4.653083384037E-001  2.476039480825E-005  2.373011511736E-006  3.470049006864E-003  0.000000000000E+000  0.000000000000E+000  0.000000000000E+000  0.000000000000E+000  0.000000000000E+000  0.000000000000E+000
   3.950000000000E+001  1.000000000000E+000  5.294554233551E-001  1.741384621710E-003  4.653060734272E-001  2.476209010638E-005  2.371889422648E-006  3.469990100712E-003  0.000000000000E+000  0.000000000000E+000  0.000000000000E+000  0.000000000000E+000  0.000000000000E+000  0.000000000000E+000
   3.975000000000E+001  1.000000000000E+000  5.294573307037E-001  1.741352723911E-003  4.653042256832E-001  2.476057488821E-005  2.372085191382E-006  3.469940274954E-003  0.000000000000E+000  0.000000000000E+000  0.000000000000E+000  0.000000000000E+000  0.000000000000E+000  0.000000000000E+000
   4.000000000000E+001  1.000000000000E+000  5.294602513313E-001  1.741308835335E-003  4.653013944626E-001  2.475523797330E-005  2.373242523390E-006  3.469930961728E-003  0.000000000000E+000  0.000000000000E+000  0.000000000000E+000  0.000000000000E+000  0.000000000000E+000  0.000000000000E+000
   4.025000000000E+001  1.000000000000E+000  5.294619202614E-001  1.741310930811E-003  4.652997553349E-001  2.475832116033E-005  2.371760047026E-006  3.469859249890E-003  0.000000000000E+000  0.000000000000E+000  0.000000000000E+000  0.000000000000E+000  0.000000000000E+000  0.000000000000E+000
   4.050000000000E+001  1.000000000000E+000  5.294647216797E-001  1.741272048093E-003  4.652970433235E-001  2.475432302163E-005  2.372808239670E-006  3.469845047221E-003  0.000000000000E+000  0.000000000000E+000  0.000000000000E+000  0.000000000000E+000  0.000000000000E+000  0.000000000000E+000
   4.075000000000E+001  1.000000000000E+000  5.294672250748E-001  1.741280546412E-003  4.652945995331E-001  2.475922156009E-005  2.371835762460E-006  3.469788702205E-003  0.000000000000E+000  0.000000000000E+000  0.000000000000E+000  0.000000000000E+000  0.000000000000E+000  0.000000000000E+000
   4.100000000000E+001  1.000000000000E+000  5.294700264931E-001  1.741283107549E-003  4.652917981148E-001  2.476100962667E-005  2.370740048718E-006  3.469742834568E-003  0.000000000000E+000  0.000000000000E+000  0.000000000000E+000  0.000000000000E+000  0.000000000000E+000  0.000000000000E+000
   4.125000000000E+001  1.000000000000E+000  5.294725298882E-001  1.741278334521E-003  4.652893543243E-001  2.476338340784E-005  2.370542915742E-006  3.469705814496E-003  0.000000000000E+000  0.000000000000E+000  0.000000000000E+000  0.000000000000E+000  0.000000000000E+000  0.000000000000E+000
   4.150000000000E+001  1.000000000000E+000  5.294746756554E-001  1.741237123497E-003  4.652872979641E-001  2.476078589098E-005  2.371771188336E-006  3.469679737464E-003  0.000000000000E+000  0.000000000000E+000  0.000000000000E+000  0.000000000000E+000  0.000000000000E+000  0.000000000000E+000
   4.175000000000E+001  1.000000000000E+000  5.294779539108E-001  1.741272048093E-003  4.652840197086E-001  2.476698318787E-005  2.369742560404E-006  3.469635266811E-003  0.000000000000E+000  0.000000000000E+000  0.000000000000E+000  0.000000000000E+000  0.000000000000E+000  0.000000000000E+000
   4.200000000000E+001  1.000000000000E+000  5.294809937477E-001  1.741235260852E-003  4.652810096741E-001  2.476300505805E-005  2.371160690018E-006  3.469638060778E-003  0.000000000000E+000  0.000000000000E+000  0.000000000000E+000  0.000000000000E+000  0.000000000000E+000  0.000000000000E+000
   4.225000000000E+001  1.000000000000E+000  5.294835567474E-001  1.741199987009E-003  4.652784764767E-001  2.475850669725E-005  2.371979689997E-006  3.469628980383E-003  0.000000000000E+000  0.000000000000E+000  0.000000000000E+000  0.000000000000E+000  0.000000000000E+000  0.000000000000E+000
   4.250000000000E+001  1.000000000000E+000  5.294859409332E-001  1.741228043102E-003  4.652761220932E-001  2.476722147549E-005  2.370464926571E-006  3.469563322142E-003  0.000000000000E+000  0.000000000000E+000  0.000000000000E+000  0.000000000000E+000  0.000000000000E+000  0.000000000000E+000
   4.275000000000E+001  1.000000000000E+000  5.294893980026E-001  1.741192652844E-003  4.652726650238E-001  2.476063491486E-005  2.371828486503E-006  3.469591028988E-003  0.000000000000E+000  0.000000000000E+000  0.000000000000E+000  0.000000000000E+000  0.000000000000E+000  0.000000000000E+000
   4.300000000000E+001  1.000000000000E+000  5.294914841652E-001  1.741140265949E-003  4.652706682682E-001  2.475210567354E-005  2.372994458710E-006  3.469591494650E-003  0.000000000000E+000  0.000000000000E+000  0.000000000000E+000  0.000000000000E+000  0.000000000000E+000  0.000000000000E+000
   4.325000000000E+001  1.000000000000E+000  5.294938683510E-001  1.741141313687E-003  4.652683138847E-001  2.475502697052E-005  2.372291191932E-006  3.469545161352E-003  0.000000000000E+000  0.000000000000E+000  0.000000000000E+000  0.000000000000E+000  0.000000000000E+000  0.000000000000E+000
   4.350000000000E+001  1.000000000000E+000  5.294960737228E-001  1.741146552376E-003  4.652661383152E-001  2.475767178112E-005  2.371481059527E-006  3.469506744295E-003  0.000000000000E+000  0.000000000000E+000  0.000000000000E+000  0.000000000000E+000  0.000000000000E+000  0.000000000000E+000
   4.375000000000E+001  1.000000000000E+000  5.294978618622E-001  1.741107786074E-003  4.652644693851E-001  2.475873952790E-005  2.373293909841E-006  3.469472983852E-003  0.000000000000E+000  0.000000000000E+000  0.000000000000E+000  0.000000000000E+000  0.000000000000E+000  0.000000000000E+000
   4.400000000000E+001  1.000000000000E+000  5.295003652573E-001  1.741079613566E-003  4.652619957924E-001  2.475468500052E-005  2.373978986725E-006  3.469470888376E-003  0.000000000000E+000  0.000000000000E+000  0.000000000000E+000  0.000000000000E+000  0.000000000000E+000  0.000000000000E+000
   4.425000000000E+001  1.000000000000E+000  5.295025706291E-001  1.741080544889E-003  4.652598202229E-001  2.475790461176E-005  2.373365077801E-006  3.469424555078E-003  0.000000000000E+000  0.000000000000E+000  0.000000000000E+000  0.000000000000E+000  0.000000000000E+000  0.000000000000E+000
   4.450000000000E+001  1.000000000000E+000  5.471777319908E-001  1.921843620948E-003  4.469799101353E-001  2.637510988279E-005  3.219279278710E-006  3.890924854204E-003  0.000000000000E+000  0.000000000000E+000  0.000000000000E+000  0.000000000000E+000  0.000000000000E+000  0.000000000000E+000
   4.475000000000E+001  1.000000000000E+000  5.471783280373E-001  1.921811955981E-003  4.469794034958E-001  2.637497527758E-005  3.219208565497E-006  3.890853608027E-003  0.000000000000E+000  0.000000000000E+000  0.000000000000E+000  0.000000000000E+000  0.000000000000E+000  0.000000000000E+000
   4.500000000000E+001  1.000000000000E+000  5.471800565720E-001  1.921788090840E-003  4.469777345657E-001  2.637433135533E-005  3.219741984140E-006  3.890824038535E-003  0.000000000000E+000  0.000000000000E+000  0.000000000000E+000  0.000000000000E+000  0.000000000000E+000  0.000000000000E+000
   4.525000000000E+001  1.000000000000E+000  5.471807122231E-001  1.921756193042E-003  4.469771981239E-001  2.637402940309E-005  3.219705604351E-006  3.890755120665E-003  0.000000000000E+000  0.000000000000E+000  0.000000000000E+000  0.000000000000E+000  0.000000000000E+000  0.000000000000E+000
   4.550000000000E+001  1.000000000000E+000  5.471824407578E-001  1.921714399941E-003  4.469755291939E-001  2.636926001287E-005  3.220651024094E-006  3.890734398738E-003  0.000000000000E+000  0.000000000000E+000  0.000000000000E+000  0.000000000000E+000  0.000000000000E+000  0.000000000000E+000
   4.575000000000E+001  1.000000000000E+000  5.471830368042E-001  1.921688904986E-003  4.469750225544E-001  2.636923454702E-005  3.220550752303E-006  3.890675026923E-003  0.000000000000E+000  0.000000000000E+000  0.000000000000E+000  0.000000000000E+000  0.000000000000E+000  0.000000000000E+000
   4.600000000000E+001  1.000000000000E+000  5.471848845482E-001  1.921701827087E-003  4.469732046127E-001  2.637349280121E-005  3.219008931410E-006  3.890618681908E-003  0.000000000000E+000  0.000000000000E+000  0.000000000000E+000  0.000000000000E+000  0.000000000000E+000  0.000000000000E+000
   4.625000000000E+001  1.000000000000E+000  5.471855401993E-001  1.921684248373E-003  4.469726085663E-001  2.637263787619E-005  3.217782023057E-006  3.890548134223E-003  0.000000000000E+000  0.000000000000E+000  0.000000000000E+000  0.000000000000E+000  0.000000000000E+000  0.000000000000E+000
   4.650000000000E+001  1.000000000000E+000  5.471867322922E-001  1.921647810377E-003  4.469715356827E-001  2.637000761752E-005  3.218515985282E-006  3.890513675287E-003  0.000000000000E+000  0.000000000000E+000  0.000000000000E+000  0.000000000000E+000  0.000000000000E+000  0.000000000000E+000
   4.675000000000E+001  1.000000000000E+000  5.471878051758E-001  1.921619870700E-003  4.469705224037E-001  2.636913268361E-005  3.218804749849E-006  3.890468971804E-003  0.000000000000E+000  0.000000000000E+000  0.000000000000E+000  0.000000000000E+000  0.000000000000E+000  0.000000000000E+000
   4.700000000000E+001  1.000000000000E+000  5.471897721291E-001  1.921596005559E-003  4.469685852528E-001  2.636773388076E-005  3.219555765099E-006  3.890452906489E-003  0.000000000000E+000  0.000000000000E+000  0.000000000000E+000  0.000000000000E+000  0.000000000000E+000  0.000000000000E+000
   4.725000000000E+001  1.000000000000E+000  5.471902489662E-001  1.921569928527E-003  4.469681680202E-001  2.636766294017E-005  3.219451627956E-006  3.890392603353E-003  0.000000000000E+000  0.000000000000E+000  0.000000000000E+000  0.000000000000E+000  0.000000000000E+000  0.000000000000E+000
   4.750000000000E+001  1.000000000000E+000  5.471913218498E-001  1.921540359035E-003  4.469671845436E-001  2.636674980749E-005  3.219968448320E-006  3.890351857990E-003  0.000000000000E+000  0.000000000000E+000  0.000000000000E+000  0.000000000000E+000  0.000000000000E+000  0.000000000000E+000
   4.775000000000E+001  1.000000000000E+000  5.471932888031E-001  1.921504735947E-003  4.469653069973E-001  2.636411227286E-005  3.221427732569E-006  3.890343010426E-003  0.000000000000E+000  0.000000000000E+000  0.000000000000E+000  0.000000000000E+000  0.000000000000E+000  0.000000000000E+000
   4.800000000000E+001  1.000000000000E+000  5.471944212914E-001  1.921487739310E-003  4.469642341137E-001  2.636347562657E-005  3.221042334189E-006  3.890299005434E-003  0.000000000000E+000  0.000000000000E+000  0.000000000000E+000  0.000000000000E+000  0.000000000000E+000  0.000000000000E+000
   4.825000000000E+001  1.000000000000E+000  5.471951961517E-001  1.921532559209E-003  4.469634890556E-001  2.637424040586E-005  3.217477114958E-006  3.890192601830E-003  0.000000000000E+000  0.000000000000E+000  0.000000000000E+000  0.000000000000E+000  0.000000000000E+000  0.000000000000E+000
   4.850000000000E+001  1.000000000000E+000  5.471962690353E-001  1.921518472955E-003  4.469624459743E-001  2.637762190716E-005  3.217639232389E-006  3.890138119459E-003  0.000000000000E+000  0.000000000000E+000  0.000000000000E+000  0.000000000000E+000  0.000000000000E+000  0.000000000000E+000
   4.875000000000E+001  1.000000000000E+000  5.471974015236E-001  1.921494840644E-003  4.469614326954E-001  2.637576835696E-005  3.217674702682E-006  3.890102962032E-003  0.000000000000E+000  0.000000000000E+000  0.000000000000E+000  0.000000000000E+000  0.000000000000E+000  0.000000000000E+000
   4.900000000000E+001  1.000000000000E+000  5.471991896629E-001  1.921463990584E-003  4.469596445560E-001  2.637236138980E-005  3.218713800379E-006  3.890098072588E-003  0.000000000000E+000  0.000000000000E+000  0.000000000000E+000  0.000000000000E+000  0.000000000000E+000  0.000000000000E+000
   4.925000000000E+001  1.000000000000E+000  5.472003221512E-001  1.921435934491E-003  4.469585716724E-001  2.637173201947E-005  3.219318386982E-006  3.890061052516E-003  0.000000000000E+000  0.000000000000E+000  0.000000000000E+000  0.000000000000E+000  0.000000000000E+000  0.000000000000E+000
   4.950000000000E+001  1.000000000000E+000  5.472010970116E-001  1.921407994814E-003  4.469578862190E-001  2.637059515109E-005  3.219676727895E-006  3.890020539984E-003  0.000000000000E+000  0.000000000000E+000  0.000000000000E+000  0.000000000000E+000  0.000000000000E+000  0.000000000000E+000
   4.975000000000E+001  1.000000000000E+000  5.472026467323E-001  1.921380870044E-003  4.469563961029E-001  2.636649696797E-005  3.219987092962E-006  3.890006104484E-003  0.000000000000E+000  0.000000000000E+000  0.000000000000E+000  0.000000000000E+000  0.000000000000E+000  0.000000000000E+000
   5.000000000000E+001  1.000000000000E+000  5.472043156624E-001  1.921397051774E-003  4.469547569752E-001  2.637630313984E-005  3.219661721232E-006  3.889948595315E-003  0.000000000000E+000  0.000000000000E+000  0.000000000000E+000  0.000000000000E+000  0.000000000000E+000  0.000000000000E+000
   5.025000000000E+001  1.000000000000E+000  5.472054481506E-001  1.921400078572E-003  4.469536244869E-001  2.637939905981E-005  3.218647179892E-006  3.889897139743E-003  0.000000000000E+000  0.000000000000E+000  0.000000000000E+000  0.000000000000E+000  0.000000000000E+000  0.000000000000E+000
   5.050000000000E+001  1.000000000000E+000  5.472062230110E-001  1.921382383443E-003  4.469529688358E-001  2.637787110871E-005  3.218044639652E-006  3.889851737767E-003  0.000000000000E+000  0.000000000000E+000  0.000000000000E+000  0.000000000000E+000  0.000000000000E+000  0.000000000000E+000
   5.075000000000E+001  1.000000000000E+000  5.472084879875E-001  1.921337214299E-003  4.469507336617E-001  2.637354918988E-005  3.220787448299E-006  3.889877581969E-003  0.000000000000E+000  0.000000000000E+000  0.000000000000E+000  0.000000000000E+000  0.000000000000E+000  0.000000000000E+000
   5.100000000000E+001  1.000000000000E+000  5.472093224525E-001  1.921305432916E-003  4.469498991966E-001  2.637148827489E-005  3.221384304197E-006  3.889844054356E-003  0.000000000000E+000  0.000000000000E+000  0.000000000000E+000  0.000000000000E+000  0.000000000000E+000  0.000000000000E+000
   5.125000000000E+001  1.000000000000E+000  5.472105741501E-001  1.921314047650E-003  4.469487667084E-001  2.637502439029E-005  3.220145117666E-006  3.889793762937E-003  0.000000000000E+000  0.000000000000E+000  0.000000000000E+000  0.000000000000E+000  0.000000000000E+000  0.000000000000E+000
   5.150000000000E+001  1.000000000000E+000  5.472123622894E-001  1.921321381815E-003  4.469469785690E-001  2.637762008817E-005  3.219238578822E-006  3.889759769663E-003  0.000000000000E+000  0.000000000000E+000  0.000000000000E+000  0.000000000000E+000  0.000000000000E+000  0.000000000000E+000
   5.175000000000E+001  1.000000000000E+000  5.472133159637E-001  1.921288901940E-003  4.469460844994E-001  2.637539728312E-005  3.219879090466E-006  3.889727639034E-003  0.000000000000E+000  0.000000000000E+000  0.000000000000E+000  0.000000000000E+000  0.000000000000E+000  0.000000000000E+000
   5.200000000000E+001  1.000000000000E+000  5.472144484520E-001  1.921310904436E-003  4.469449520111E-001  2.638075966388E-005  3.218032816221E-006  3.889671992511E-003  0.000000000000E+000  0.000000000000E+000  0.000000000000E+000  0.000000000000E+000  0.000000000000E+000  0.000000000000E+000
   5.225000000000E+001  1.000000000000E+000  5.472158193588E-001  1.921280170791E-003  4.469436407089E-001  2.637867146404E-005  3.219126938347E-006  3.889657324180E-003  0.000000000000E+000  0.000000000000E+000  0.000000000000E+000  0.000000000000E+000  0.000000000000E+000  0.000000000000E+000
   5.250000000000E+001  1.000000000000E+000  5.472178459167E-001  1.921262126416E-003  4.469416141510E-001  2.637579564180E-005  3.219759264539E-006  3.889662912115E-003  0.000000000000E+000  0.000000000000E+000  0.000000000000E+000  0.000000000000E+000  0.000000000000E+000  0.000000000000E+000
   5.275000000000E+001  1.000000000000E+000  5.472183227539E-001  1.921240240335E-003  4.469412267208E-001  2.637549550855E-005  3.219798600185E-006  3.889618674293E-003  0.000000000000E+000  0.000000000000E+000  0.000000000000E+000  0.000000000000E+000  0.000000000000E+000  0.000000000000E+000
   5.300000000000E+001  1.000000000000E+000  5.472202301025E-001  1.921234186739E-003  4.469393193722E-001  2.637646321091E-005  3.220003009119E-006  3.889604238793E-003  0.000000000000E+000  0.000000000000E+000  0.000000000000E+000  0.000000000000E+000  0.000000000000E+000  0.000000000000E+000
   5.325000000000E+001  1.000000000000E+000  5.472217798233E-001  1.921220566146E-003  4.469377696514E-001  2.637422221596E-005  3.220145572413E-006  3.889598418027E-003  0.000000000000E+000  0.000000000000E+000  0.000000000000E+000  0.000000000000E+000  0.000000000000E+000  0.000000000000E+000
   5.350000000000E+001  1.000000000000E+000  5.472225546837E-001  1.921192160808E-003  4.469371140003E-001  2.637261422933E-005  3.220636926926E-006  3.889565356076E-003  0.000000000000E+000  0.000000000000E+000  0.000000000000E+000  0.000000000000E+000  0.000000000000E+000  0.000000000000E+000
   5.375000000000E+001  1.000000000000E+000  5.472244024277E-001  1.921202288941E-003  4.469352662563E-001  2.637552279339E-005  3.219835434720E-006  3.889538114890E-003  0.000000000000E+000  0.000000000000E+000  0.000000000000E+000  0.000000000000E+000  0.000000000000E+000  0.000000000000E+000
   5.400000000000E+001  1.000000000000E+000  5.472256541252E-001  1.921185175888E-003  4.469340741634E-001  2.637263423821E-005  3.219742666261E-006  3.889522515237E-003  0.000000000000E+000  0.000000000000E+000  0.000000000000E+000  0.000000000000E+000  0.000000000000E+000  0.000000000000E+000
   5.425000000000E+001  1.000000000000E+000  5.472270846367E-001  1.921195536852E-003  4.469326436520E-001  2.637873330968E-005  3.219318386982E-006  3.889480372891E-003  0.000000000000E+000  0.000000000000E+000  0.000000000000E+000  0.000000000000E+000  0.000000000000E+000  0.000000000000E+000
   5.450000000000E+001  1.000000000000E+000  5.472283959389E-001  1.921171671711E-003  4.469313919544E-001  2.637526267790E-005  3.219780410291E-006  3.889472689480E-003  0.000000000000E+000  0.000000000000E+000  0.000000000000E+000  0.000000000000E+000  0.000000000000E+000  0.000000000000E+000
   5.475000000000E+001  1.000000000000E+000  5.472295880318E-001  1.921150134876E-003  4.469302594662E-001  2.637336729094E-005  3.220010285077E-006  3.889448940754E-003  0.000000000000E+000  0.000000000000E+000  0.000000000000E+000  0.000000000000E+000  0.000000000000E+000  0.000000000000E+000
   5.500000000000E+001  1.000000000000E+000  5.472314357758E-001  1.921123126522E-003  4.469283521175E-001  2.637068428157E-005  3.221716497137E-006  3.889467567205E-003  0.000000000000E+000  0.000000000000E+000  0.000000000000E+000  0.000000000000E+000  0.000000000000E+000  0.000000000000E+000
   5.525000000000E+001  1.000000000000E+000  5.472328662872E-001  1.921131159179E-003  4.469269812107E-001  2.637247052917E-005  3.220523922209E-006  3.889432409778E-003  0.000000000000E+000  0.000000000000E+000  0.000000000000E+000  0.000000000000E+000  0.000000000000E+000  0.000000000000E+000
   5.550000000000E+001  1.000000000000E+000  5.472339987755E-001  1.921154092997E-003  4.469258785248E-001  2.637753459567E-005  3.218678102712E-006  3.889381419867E-003  0.000000000000E+000  0.000000000000E+000  0.000000000000E+000  0.000000000000E+000  0.000000000000E+000  0.000000000000E+000
   5.575000000000E+001  1.000000000000E+000  5.472354888916E-001  1.921134302393E-003  4.469243884087E-001  2.637498073454E-005  3.219302243451E-006  3.889379790053E-003  0.000000000000E+000  0.000000000000E+000  0.000000000000E+000  0.000000000000E+000  0.000000000000E+000  0.000000000000E+000
   5.600000000000E+001  1.000000000000E+000  5.472368597984E-001  1.921105314977E-003  4.469230771065E-001  2.637266698002E-005  3.220388180125E-006  3.889370942488E-003  0.000000000000E+000  0.000000000000E+000  0.000000000000E+000  0.000000000000E+000  0.000000000000E+000  0.000000000000E+000
   5.625000000000E+001  1.000000000000E+000  5.472380518913E-001  1.921087503433E-003  4.469219148159E-001  2.637111174408E-005  3.220643520763E-006  3.889353480190E-003  0.000000000000E+000  0.000000000000E+000  0.000000000000E+000  0.000000000000E+000  0.000000000000E+000  0.000000000000E+000
   5.650000000000E+001  1.000000000000E+000  5.472395420074E-001  1.921068062074E-003  4.469204246998E-001  2.636818499013E-005  3.221330871384E-006  3.889358136803E-003  0.000000000000E+000  0.000000000000E+000  0.000000000000E+000  0.000000000000E+000  0.000000000000E+000  0.000000000000E+000
   5.675000000000E+001  1.000000000000E+000  5.472409129143E-001  1.921118004248E-003  4.469190537930E-001  2.637724173837E-005  3.218191750420E-006  3.889291314408E-003  0.000000000000E+000  0.000000000000E+000  0.000000000000E+000  0.000000000000E+000  0.000000000000E+000  0.000000000000E+000
   5.700000000000E+001  1.000000000000E+000  5.472432374954E-001  1.921099494211E-003  4.469167292118E-001  2.637340548972E-005  3.219140808142E-006  3.889314597473E-003  0.000000000000E+000  0.000000000000E+000  0.000000000000E+000  0.000000000000E+000  0.000000000000E+000  0.000000000000E+000
   5.725000000000E+001  1.000000000000E+000  5.472438931465E-001  1.921078888699E-003  4.469161629677E-001  2.637210855028E-005  3.219360451112E-006  3.889287356287E-003  0.000000000000E+000  0.000000000000E+000  0.000000000000E+000  0.000000000000E+000  0.000000000000E+000  0.000000000000E+000
   5.750000000000E+001  1.000000000000E+000  5.472455620766E-001  1.921080984175E-003  4.469144940376E-001  2.637437864905E-005  3.219405925847E-006  3.889274783432E-003  0.000000000000E+000  0.000000000000E+000  0.000000000000E+000  0.000000000000E+000  0.000000000000E+000  0.000000000000E+000
   5.775000000000E+001  1.000000000000E+000  5.472468137741E-001  1.921067014337E-003  4.469133019447E-001  2.637136094563E-005  3.219146265110E-006  3.889261977747E-003  0.000000000000E+000  0.000000000000E+000  0.000000000000E+000  0.000000000000E+000  0.000000000000E+000  0.000000000000E+000
   5.800000000000E+001  1.000000000000E+000  5.472478270531E-001  1.921074232087E-003  4.469123184681E-001  2.637328543642E-005  3.217902303732E-006  3.889221698046E-003  0.000000000000E+000  0.000000000000E+000  0.000000000000E+000  0.000000000000E+000  0.000000000000E+000  0.000000000000E+000
   5.825000000000E+001  1.000000000000E+000  5.472497344017E-001  1.921092160046E-003  4.469103515148E-001  2.637654688442E-005  3.217112862330E-006  3.889209358022E-003  0.000000000000E+000  0.000000000000E+000  0.000000000000E+000  0.000000000000E+000  0.000000000000E+000  0.000000000000E+000
   5.850000000000E+001  1.000000000000E+000  5.472503900528E-001  1.921079587191E-003  4.469097852707E-001  2.637555371621E-005  3.216633558623E-006  3.889174899086E-003  0.000000000000E+000  0.000000000000E+000  0.000000000000E+000  0.000000000000E+000  0.000000000000E+000  0.000000000000E+000
   5.875000000000E+001  1.000000000000E+000  5.472527146339E-001  1.921054907143E-003  4.469074010849E-001  2.637116267579E-005  3.218342499167E-006  3.889213316143E-003  0.000000000000E+000  0.000000000000E+000  0.000000000000E+000  0.000000000000E+000  0.000000000000E+000  0.000000000000E+000
   5.900000000000E+001  1.000000000000E+000  5.472534894943E-001  1.921035582200E-003  4.469066858292E-001  2.637167199282E-005  3.218979600206E-006  3.889187006280E-003  0.000000000000E+000  0.000000000000E+000  0.000000000000E+000  0.000000000000E+000  0.000000000000E+000  0.000000000000E+000
   5.925000000000E+001  1.000000000000E+000  5.472548604012E-001  1.921056886204E-003  4.469053447247E-001  2.637547731865E-005  3.217474386474E-006  3.889153944328E-003  0.000000000000E+000  0.000000000000E+000  0.000000000000E+000  0.000000000000E+000  0.000000000000E+000  0.000000000000E+000
   5.950000000000E+001  1.000000000000E+000  5.472565889359E-001  1.921032089740E-003  4.469036161900E-001  2.637177385623E-005  3.218465963073E-006  3.889163257554E-003  0.000000000000E+000  0.000000000000E+000  0.000000000000E+000  0.000000000000E+000  0.000000000000E+000  0.000000000000E+000
   5.975000000000E+001  1.000000000000E+000  5.472575426102E-001  1.921057933941E-003  4.469026923180E-001  2.637738180056E-005  3.216601953682E-006  3.889113431796E-003  0.000000000000E+000  0.000000000000E+000  0.000000000000E+000  0.000000000000E+000  0.000000000000E+000  0.000000000000E+000
   6.000000000000E+001  1.000000000000E+000  5.472595691681E-001  1.921039191075E-003  4.469006359577E-001  2.637250327098E-005  3.217437551939E-006  3.889141138643E-003  0.000000000000E+000  0.000000000000E+000  0.000000000000E+000  0.000000000000E+000  0.000000000000E+000  0.000000000000E+000
   6.025000000000E+001  1.000000000000E+000  5.472607016563E-001  1.921019051224E-003  4.468995928764E-001  2.637108991621E-005  3.218108076908E-006  3.889130428433E-003  0.000000000000E+000  0.000000000000E+000  0.000000000000E+000  0.000000000000E+000  0.000000000000E+000  0.000000000000E+000
   6.050000000000E+001  1.000000000000E+000  5.472620129585E-001  1.921032089740E-003  4.468982815742E-001  2.637292163854E-005  3.216815912310E-006  3.889102954417E-003  0.000000000000E+000  0.000000000000E+000  0.000000000000E+000  0.000000000000E+000  0.000000000000E+000  0.000000000000E+000
   6.075000000000E+001  1.000000000000E+000  5.472635030746E-001  1.921021845192E-003  4.468967616558E-001  2.637197030708E-005  3.217337280148E-006  3.889105748385E-003  0.000000000000E+000  0.000000000000E+000  0.000000000000E+000  0.000000000000E+000  0.000000000000E+000  0.000000000000E+000
   6.100000000000E+001  1.000000000000E+000  5.472645759583E-001  1.920991577208E-003  4.468957483768E-001  2.636847966642E-005  3.218268375349E-006  3.889098763466E-003  0.000000000000E+000  0.000000000000E+000  0.000000000000E+000  0.000000000000E+000  0.000000000000E+000  0.000000000000E+000
   6.125000000000E+001  1.000000000000E+000  5.472666621208E-001  1.921024639159E-003  4.468936324120E-001  2.637318357301E-005  3.216810682716E-006  3.889085957780E-003  0.000000000000E+000  0.000000000000E+000  0.000000000000E+000  0.000000000000E+000  0.000000000000E+000  0.000000000000E+000
   6.150000000000E+001  1.000000000000E+000  5.472678542137E-001  1.920996117406E-003  4.468924701214E-001  2.636932731548E-005  3.217989615223E-006  3.889094106853E-003  0.000000000000E+000  0.000000000000E+000  0.000000000000E+000  0.000000000000E+000  0.000000000000E+000  0.000000000000E+000
   6.175000000000E+001  1.000000000000E+000  5.472691655159E-001  1.921014161780E-003  4.468911886215E-001  2.637336547195E-005  3.216514414817E-006  3.889052662998E-003  0.000000000000E+000  0.000000000000E+000  0.000000000000E+000  0.000000000000E+000  0.000000000000E+000  0.000000000000E+000
   6.200000000000E+001  1.000000000000E+000  5.472703576088E-001  1.921001938172E-003  4.468899965286E-001  2.637189209054E-005  3.216841150788E-006  3.889049403369E-003  0.000000000000E+000  0.000000000000E+000  0.000000000000E+000  0.000000000000E+000  0.000000000000E+000  0.000000000000E+000
   6.225000000000E+001  1.000000000000E+000  5.472715497017E-001  1.920982380398E-003  4.468888342381E-001  2.636994031491E-005  3.217849325665E-006  3.889055456966E-003  0.000000000000E+000  0.000000000000E+000  0.000000000000E+000  0.000000000000E+000  0.000000000000E+000  0.000000000000E+000
   6.250000000000E+001  1.000000000000E+000  5.472728610039E-001  1.920970506035E-003  4.468875527382E-001  2.636790486577E-005  3.217984158255E-006  3.889051731676E-003  0.000000000000E+000  0.000000000000E+000  0.000000000000E+000  0.000000000000E+000  0.000000000000E+000  0.000000000000E+000
   6.275000000000E+001  1.000000000000E+000  5.472745299339E-001  1.920983777381E-003  4.468858838081E-001  2.637023681018E-005  3.217110815967E-006  3.889033570886E-003  0.000000000000E+000  0.000000000000E+000  0.000000000000E+000  0.000000000000E+000  0.000000000000E+000  0.000000000000E+000
   6.300000000000E+001  1.000000000000E+000  5.472756624222E-001  1.920997747220E-003  4.468847215176E-001  2.637230318214E-005  3.215927790734E-006  3.889009589329E-003  0.000000000000E+000  0.000000000000E+000  0.000000000000E+000  0.000000000000E+000  0.000000000000E+000  0.000000000000E+000
   6.325000000000E+001  1.000000000000E+000  5.472773313522E-001  1.921002636664E-003  4.468830525875E-001  2.637509533088E-005  3.216216327928E-006  3.889006795362E-003  0.000000000000E+000  0.000000000000E+000  0.000000000000E+000  0.000000000000E+000  0.000000000000E+000  0.000000000000E+000
   6.350000000000E+001  1.000000000000E+000  5.472782254219E-001  1.920985057950E-003  4.468822181225E-001  2.637256875460E-005  3.216411414542E-006  3.888996085152E-003  0.000000000000E+000  0.000000000000E+000  0.000000000000E+000  0.000000000000E+000  0.000000000000E+000  0.000000000000E+000
   6.375000000000E+001  1.000000000000E+000  5.472801923752E-001  1.920963986777E-003  4.468802213669E-001  2.636934732436E-005  3.217823632440E-006  3.889023093507E-003  0.000000000000E+000  0.000000000000E+000  0.000000000000E+000  0.000000000000E+000  0.000000000000E+000  0.000000000000E+000
   6.400000000000E+001  1.000000000000E+000  5.472809076309E-001  1.920980634168E-003  4.468795061111E-001  2.637254692672E-005  3.216301365683E-006  3.888983745128E-003  0.000000000000E+000  0.000000000000E+000  0.000000000000E+000  0.000000000000E+000  0.000000000000E+000  0.000000000000E+000
   6.425000000000E+001  1.000000000000E+000  5.472824573517E-001  1.920996815898E-003  4.468780159950E-001  2.637390571181E-005  3.214821390429E-006  3.888961393386E-003  0.000000000000E+000  0.000000000000E+000  0.000000000000E+000  0.000000000000E+000  0.000000000000E+000  0.000000000000E+000
   6.450000000000E+001  1.000000000000E+000  5.472838282585E-001  1.920980634168E-003  4.468766748905E-001  2.637336547195E-005  3.215891638320E-006  3.888965118676E-003  0.000000000000E+000  0.000000000000E+000  0.000000000000E+000  0.000000000000E+000  0.000000000000E+000  0.000000000000E+000
   6.475000000000E+001  1.000000000000E+000  5.472851395607E-001  1.920964685269E-003  4.468753337860E-001  2.636915087351E-005  3.216179720766E-006  3.888975596055E-003  0.000000000000E+000  0.000000000000E+000  0.000000000000E+000  0.000000000000E+000  0.000000000000E+000  0.000000000000E+000
   6.500000000000E+001  1.000000000000E+000  5.472863316536E-001  1.920949551277E-003  4.468741416931E-001  2.636893805175E-005  3.217117182430E-006  3.888974664733E-003  0.000000000000E+000  0.000000000000E+000  0.000000000000E+000  0.000000000000E+000  0.000000000000E+000  0.000000000000E+000
   6.525000000000E+001  1.000000000000E+000  5.472875833511E-001  1.920957700349E-003  4.468728899956E-001  2.637007492012E-005  3.216408913431E-006  3.888960694894E-003  0.000000000000E+000  0.000000000000E+000  0.000000000000E+000  0.000000000000E+000  0.000000000000E+000  0.000000000000E+000
   6.550000000000E+001  1.000000000000E+000  5.472895503044E-001  1.920945243910E-003  4.468709230423E-001  2.636684621393E-005  3.217146058887E-006  3.888985142112E-003  0.000000000000E+000  0.000000000000E+000  0.000000000000E+000  0.000000000000E+000  0.000000000000E+000  0.000000000000E+000
   6.575000000000E+001  1.000000000000E+000  5.472902655602E-001  1.920967595652E-003  4.468702375889E-001  2.637269790284E-005  3.215658807676E-006  3.888937178999E-003  0.000000000000E+000  0.000000000000E+000  0.000000000000E+000  0.000000000000E+000  0.000000000000E+000  0.000000000000E+000
   6.600000000000E+001  1.000000000000E+000  5.472922325134E-001  1.920940703712E-003  4.468683004379E-001  2.636739918671E-005  3.217340008632E-006  3.888977691531E-003  0.000000000000E+000  0.000000000000E+000  0.000000000000E+000  0.000000000000E+000  0.000000000000E+000  0.000000000000E+000
   6.625000000000E+001  1.000000000000E+000  5.472930669785E-001  1.920932321809E-003  4.468674659729E-001  2.636710451043E-005  3.217325229343E-006  3.888961626217E-003  0.000000000000E+000  0.000000000000E+000  0.000000000000E+000  0.000000000000E+000  0.000000000000E+000  0.000000000000E+000
   6.650000000000E+001  1.000000000000E+000  5.472940802574E-001  1.920948387124E-003  4.468664526939E-001  2.637146826601E-005  3.216354116375E-006  3.888929262757E-003  0.000000000000E+000  0.000000000000E+000  0.000000000000E+000  0.000000000000E+000  0.000000000000E+000  0.000000000000E+000
   6.675000000000E+001  1.000000000000E+000  5.472953915596E-001  1.920925336890E-003  4.468651115894E-001  2.636690078361E-005  3.217336143280E-006  3.888949286193E-003  0.000000000000E+000  0.000000000000E+000  0.000000000000E+000  0.000000000000E+000  0.000000000000E+000  0.000000000000E+000
   6.700000000000E+001  1.000000000000E+000  5.472970008850E-001  1.920950715430E-003  4.468635320663E-001  2.637162833707E-005  3.216185859856E-006  3.888929029927E-003  0.000000000000E+000  0.000000000000E+000  0.000000000000E+000  0.000000000000E+000  0.000000000000E+000  0.000000000000E+000
   6.725000000000E+001  1.000000000000E+000  5.472977161407E-001  1.920936745591E-003  4.468628466129E-001  2.636977296788E-005  3.216236109438E-006  3.888915758580E-003  0.000000000000E+000  0.000000000000E+000  0.000000000000E+000  0.000000000000E+000  0.000000000000E+000  0.000000000000E+000
   6.750000000000E+001  1.000000000000E+000  5.472996234894E-001  1.920918701217E-003  4.468609094620E-001  2.636810131662E-005  3.218027131879E-006  3.888948354870E-003  0.000000000000E+000  0.000000000000E+000  0.000000000000E+000  0.000000000000E+000  0.000000000000E+000  0.000000000000E+000
   6.775000000000E+001  1.000000000000E+000  5.473008751869E-001  1.920941169374E-003  4.468596577644E-001  2.637033503561E-005  3.216267714379E-006  3.888922976330E-003  0.000000000000E+000  0.000000000000E+000  0.000000000000E+000  0.000000000000E+000  0.000000000000E+000  0.000000000000E+000
   6.800000000000E+001  1.000000000000E+000  5.473021864891E-001  1.920920331031E-003  4.468583762646E-001  2.636772478581E-005  3.217204039174E-006  3.888929961249E-003  0.000000000000E+000  0.000000000000E+000  0.000000000000E+000  0.000000000000E+000  0.000000000000E+000  0.000000000000E+000
   6.825000000000E+001  1.000000000000E+000  5.473034977913E-001  1.920899376273E-003  4.468570649624E-001  2.636489443830E-005  3.218568963348E-006  3.888952080160E-003  0.000000000000E+000  0.000000000000E+000  0.000000000000E+000  0.000000000000E+000  0.000000000000E+000  0.000000000000E+000
   6.850000000000E+001  1.000000000000E+000  5.473049283028E-001  1.920925569721E-003  4.468556046486E-001  2.636811041157E-005  3.216929826522E-006  3.888930659741E-003  0.000000000000E+000  0.000000000000E+000  0.000000000000E+000  0.000000000000E+000  0.000000000000E+000  0.000000000000E+000
   6.875000000000E+001  1.000000000000E+000  5.473061203957E-001  1.920901820995E-003  4.468544721603E-001  2.636581484694E-005  3.218110578018E-006  3.888936014846E-003  0.000000000000E+000  0.000000000000E+000  0.000000000000E+000  0.000000000000E+000  0.000000000000E+000  0.000000000000E+000
   6.900000000000E+001  1.000000000000E+000  5.473070740700E-001  1.920944312587E-003  4.468534886837E-001  2.637247234816E-005  3.215395508960E-006  3.888886887580E-003  0.000000000000E+000  0.000000000000E+000  0.000000000000E+000  0.000000000000E+000  0.000000000000E+000  0.000000000000E+000
   6.925000000000E+001  1.000000000000E+000  5.473081469536E-001  1.920936396345E-003  4.468524158001E-001  2.637096622493E-005  3.215716333216E-006  3.888892708346E-003  0.000000000000E+000  0.000000000000E+000  0.000000000000E+000  0.000000000000E+000  0.000000000000E+000  0.000000000000E+000
   6.950000000000E+001  1.000000000000E+000  5.473093390465E-001  1.920916140079E-003  4.468512535095E-001  2.636869430717E-005  3.216821369278E-006  3.888903185725E-003  0.000000000000E+000  0.000000000000E+000  0.000000000000E+000  0.000000000000E+000  0.000000000000E+000  0.000000000000E+000
   6.975000000000E+001  1.000000000000E+000  5.473105907440E-001  1.920906594023E-003  4.468500316143E-001  2.636776298459E-005  3.217282710466E-006  3.888905514032E-003  0.000000000000E+000  0.000000000000E+000  0.000000000000E+000  0.000000000000E+000  0.000000000000E+000  0.000000000000E+000
   7.000000000000E+001  1.000000000000E+000  5.473122596741E-001  1.920913578942E-003  4.468483030796E-001  2.636741737660E-005  3.216844561393E-006  3.888910403475E-003  0.000000000000E+000  0.000000000000E+000  0.000000000000E+000  0.000000000000E+000  0.000000000000E+000  0.000000000000E+000
   7.025000000000E+001  1.000000000000E+000  5.473135709763E-001  1.920942682773E-003  4.468469917774E-001  2.637305442477E-005  3.215303649995E-006  3.888878040016E-003  0.000000000000E+000  0.000000000000E+000  0.000000000000E+000  0.000000000000E+000  0.000000000000E+000  0.000000000000E+000
   7.050000000000E+001  1.000000000000E+000  5.473143458366E-001  1.920922193676E-003  4.468463063240E-001  2.637042234710E-005  3.216039203835E-006  3.888878971338E-003  0.000000000000E+000  0.000000000000E+000  0.000000000000E+000  0.000000000000E+000  0.000000000000E+000  0.000000000000E+000
   7.075000000000E+001  1.000000000000E+000  5.473160743713E-001  1.920912531205E-003  4.468445479870E-001  2.636850877025E-005  3.216979166609E-006  3.888905048370E-003  0.000000000000E+000  0.000000000000E+000  0.000000000000E+000  0.000000000000E+000  0.000000000000E+000  0.000000000000E+000
   7.100000000000E+001  1.000000000000E+000  5.473169684410E-001  1.920902053826E-003  4.468436241150E-001  2.636582576088E-005  3.216877757950E-006  3.888901788741E-003  0.000000000000E+000  0.000000000000E+000  0.000000000000E+000  0.000000000000E+000  0.000000000000E+000  0.000000000000E+000
   7.125000000000E+001  1.000000000000E+000  5.473177433014E-001  1.920890295878E-003  4.468428790569E-001  2.636516546772E-005  3.217378889531E-006  3.888897597790E-003  0.000000000000E+000  0.000000000000E+000  0.000000000000E+000  0.000000000000E+000  0.000000000000E+000  0.000000000000E+000
   7.150000000000E+001  1.000000000000E+000  5.473195314407E-001  1.920911716297E-003  4.468410611153E-001  2.636679528223E-005  3.216126060579E-006  3.888892009854E-003  0.000000000000E+000  0.000000000000E+000  0.000000000000E+000  0.000000000000E+000  0.000000000000E+000  0.000000000000E+000
   7.175000000000E+001  1.000000000000E+000  5.473207831383E-001  1.920927781612E-003  4.468398094177E-001  2.637021680130E-005  3.215380502297E-006  3.888875013217E-003  0.000000000000E+000  0.000000000000E+000  0.000000000000E+000  0.000000000000E+000  0.000000000000E+000  0.000000000000E+000
   7.200000000000E+001  1.000000000000E+000  5.473214387894E-001  1.920914161019E-003  4.468391835690E-001  2.637329998834E-005  3.216663571948E-006  3.888860112056E-003  0.000000000000E+000  0.000000000000E+000  0.000000000000E+000  0.000000000000E+000  0.000000000000E+000  0.000000000000E+000
   7.225000000000E+001  1.000000000000E+000  5.473234653473E-001  1.920891460031E-003  4.468371570110E-001  2.636834324221E-005  3.218244955860E-006  3.888903651386E-003  0.000000000000E+000  0.000000000000E+000  0.000000000000E+000  0.000000000000E+000  0.000000000000E+000  0.000000000000E+000
   7.250000000000E+001  1.000000000000E+000  5.473242402077E-001  1.920880051330E-003  4.468363821507E-001  2.636788303789E-005  3.218849769837E-006  3.888902254403E-003  0.000000000000E+000  0.000000000000E+000  0.000000000000E+000  0.000000000000E+000  0.000000000000E+000  0.000000000000E+000
   7.275000000000E+001  1.000000000000E+000  5.473251938820E-001  1.920899492688E-003  4.468354284763E-001  2.637243778736E-005  3.217820903956E-006  3.888873849064E-003  0.000000000000E+000  0.000000000000E+000  0.000000000000E+000  0.000000000000E+000  0.000000000000E+000  0.000000000000E+000
   7.300000000000E+001  1.000000000000E+000  5.473268628120E-001  1.920888549648E-003  4.468337595463E-001  2.636893441377E-005  3.218359552193E-006  3.888897597790E-003  0.000000000000E+000  0.000000000000E+000  0.000000000000E+000  0.000000000000E+000  0.000000000000E+000  0.000000000000E+000
   7.325000000000E+001  1.000000000000E+000  5.473274588585E-001  1.920907758176E-003  4.468331933022E-001  2.637329453137E-005  3.216962795705E-006  3.888858249411E-003  0.000000000000E+000  0.000000000000E+000  0.000000000000E+000  0.000000000000E+000  0.000000000000E+000  0.000000000000E+000
   7.350000000000E+001  1.000000000000E+000  5.473291277885E-001  1.920896233059E-003  4.468314945698E-001  2.637115358084E-005  3.218078518330E-006  3.888887586072E-003  0.000000000000E+000  0.000000000000E+000  0.000000000000E+000  0.000000000000E+000  0.000000000000E+000  0.000000000000E+000
   7.375000000000E+001  1.000000000000E+000  5.473303794861E-001  1.920883310959E-003  4.468302726746E-001  2.636758108565E-005  3.218328629373E-006  3.888898063451E-003  0.000000000000E+000  0.000000000000E+000  0.000000000000E+000  0.000000000000E+000  0.000000000000E+000  0.000000000000E+000
   7.400000000000E+001  1.000000000000E+000  5.473314523697E-001  1.920873415656E-003  4.468291699886E-001  2.636700082803E-005  3.218956180717E-006  3.888901555911E-003  0.000000000000E+000  0.000000000000E+000  0.000000000000E+000  0.000000000000E+000  0.000000000000E+000  0.000000000000E+000
   7.425000000000E+001  1.000000000000E+000  5.473323464394E-001  1.920896698721E-003  4.468282759190E-001  2.637023317220E-005  3.217415951440E-006  3.888876643032E-003  0.000000000000E+000  0.000000000000E+000  0.000000000000E+000  0.000000000000E+000  0.000000000000E+000  0.000000000000E+000
   7.450000000000E+001  1.000000000000E+000  5.473333001137E-001  1.920886919834E-003  4.468273818493E-001  2.636873978190E-005  3.217656058041E-006  3.888875944540E-003  0.000000000000E+000  0.000000000000E+000  0.000000000000E+000  0.000000000000E+000  0.000000000000E+000  0.000000000000E+000
   7.475000000000E+001  1.000000000000E+000  5.473352670670E-001  1.920905197039E-003  4.468253552914E-001  2.637124271132E-005  3.217307721570E-006  3.888884792104E-003  0.000000000000E+000  0.000000000000E+000  0.000000000000E+000  0.000000000000E+000  0.000000000000E+000  0.000000000000E+000
   7.500000000000E+001  1.000000000000E+000  5.473357439041E-001  1.920886570588E-003  4.468248784542E-001  2.636966019054E-005  3.217788616894E-006  3.888872452080E-003  0.000000000000E+000  0.000000000000E+000  0.000000000000E+000  0.000000000000E+000  0.000000000000E+000  0.000000000000E+000
   7.525000000000E+001  1.000000000000E+000  5.473371744156E-001  1.920896815136E-003  4.468234479427E-001  2.637053512444E-005  3.217436869818E-006  3.888877341524E-003  0.000000000000E+000  0.000000000000E+000  0.000000000000E+000  0.000000000000E+000  0.000000000000E+000  0.000000000000E+000
   7.550000000000E+001  1.000000000000E+000  5.473383665085E-001  1.920922659338E-003  4.468222856522E-001  2.637460420374E-005  3.216036930098E-006  3.888855455443E-003  0.000000000000E+000  0.000000000000E+000  0.000000000000E+000  0.000000000000E+000  0.000000000000E+000  0.000000000000E+000
   7.575000000000E+001  1.000000000000E+000  5.473391413689E-001  1.920909387991E-003  4.468214809895E-001  2.637388934090E-005  3.216691311536E-006  3.888853359967E-003  0.000000000000E+000  0.000000000000E+000  0.000000000000E+000  0.000000000000E+000  0.000000000000E+000  0.000000000000E+000
   7.600000000000E+001  1.000000000000E+000  5.473400950432E-001  1.920888782479E-003  4.468205571175E-001  2.637063698785E-005  3.217744051653E-006  3.888869658113E-003  0.000000000000E+000  0.000000000000E+000  0.000000000000E+000  0.000000000000E+000  0.000000000000E+000  0.000000000000E+000
   7.625000000000E+001  1.000000000000E+000  5.473414063454E-001  1.920884242281E-003  4.468192458153E-001  2.636851604620E-005  3.217789299015E-006  3.888879669830E-003  0.000000000000E+000  0.000000000000E+000  0.000000000000E+000  0.000000000000E+000  0.000000000000E+000  0.000000000000E+000
   7.650000000000E+001  1.000000000000E+000  5.473428964615E-001  1.920896116644E-003  4.468177258968E-001  2.637066063471E-005  3.217541234335E-006  3.888880368322E-003  0.000000000000E+000  0.000000000000E+000  0.000000000000E+000  0.000000000000E+000  0.000000000000E+000  0.000000000000E+000
   7.675000000000E+001  1.000000000000E+000  5.473436713219E-001  1.920927781612E-003  4.468169510365E-001  2.637464058353E-005  3.215395736333E-006  3.888848237693E-003  0.000000000000E+000  0.000000000000E+000  0.000000000000E+000  0.000000000000E+000  0.000000000000E+000  0.000000000000E+000
   7.700000000000E+001  1.000000000000E+000  5.473449826241E-001  1.920926035382E-003  4.468156695366E-001  2.637567740749E-005  3.215744982299E-006  3.888847306371E-003  0.000000000000E+000  0.000000000000E+000  0.000000000000E+000  0.000000000000E+000  0.000000000000E+000  0.000000000000E+000
   7.725000000000E+001  1.000000000000E+000  5.473462343216E-001  1.920896000229E-003  4.468143880367E-001  2.637066609168E-005  3.217417315682E-006  3.888877574354E-003  0.000000000000E+000  0.000000000000E+000  0.000000000000E+000  0.000000000000E+000  0.000000000000E+000  0.000000000000E+000
   7.750000000000E+001  1.000000000000E+000  5.473475456238E-001  1.920891576447E-003  4.468131065369E-001  2.637035504449E-005  3.217930270694E-006  3.888887586072E-003  0.000000000000E+000  0.000000000000E+000  0.000000000000E+000  0.000000000000E+000  0.000000000000E+000  0.000000000000E+000
   7.775000000000E+001  1.000000000000E+000  5.473483204842E-001  1.920880167745E-003  4.468123316765E-001  2.636815952428E-005  3.218096935598E-006  3.888886654750E-003  0.000000000000E+000  0.000000000000E+000  0.000000000000E+000  0.000000000000E+000  0.000000000000E+000  0.000000000000E+000
   7.800000000000E+001  1.000000000000E+000  5.473494529724E-001  1.920892624184E-003  4.468111693859E-001  2.636989120219E-005  3.217572384528E-006  3.888883395121E-003  0.000000000000E+000  0.000000000000E+000  0.000000000000E+000  0.000000000000E+000  0.000000000000E+000  0.000000000000E+000
   7.825000000000E+001  1.000000000000E+000  5.473506450653E-001  1.920925453305E-003  4.468099772930E-001  2.637578654685E-005  3.216067398171E-006  3.888858016580E-003  0.000000000000E+000  0.000000000000E+000  0.000000000000E+000  0.000000000000E+000  0.000000000000E+000  0.000000000000E+000
   7.850000000000E+001  1.000000000000E+000  5.473513603210E-001  1.920913113281E-003  4.468092918396E-001  2.637364377733E-005  3.216227469238E-006  3.888854524121E-003  0.000000000000E+000  0.000000000000E+000  0.000000000000E+000  0.000000000000E+000  0.000000000000E+000  0.000000000000E+000
   7.875000000000E+001  1.000000000000E+000  5.473523736000E-001  1.920897746459E-003  4.468082487583E-001  2.637182660692E-005  3.217301809855E-006  3.888870822266E-003  0.000000000000E+000  0.000000000000E+000  0.000000000000E+000  0.000000000000E+000  0.000000000000E+000  0.000000000000E+000
   7.900000000000E+001  1.000000000000E+000  5.473537445068E-001  1.920883194543E-003  4.468069076538E-001  2.636924727994E-005  3.218123310944E-006  3.888887586072E-003  0.000000000000E+000  0.000000000000E+000  0.000000000000E+000  0.000000000000E+000  0.000000000000E+000  0.000000000000E+000
   7.925000000000E+001  1.000000000000E+000  5.473538637161E-001  1.920874812640E-003  4.468068182468E-001  2.636929275468E-005  3.218111260139E-006  3.888868261129E-003  0.000000000000E+000  0.000000000000E+000  0.000000000000E+000  0.000000000000E+000  0.000000000000E+000  0.000000000000E+000
   7.950000000000E+001  1.000000000000E+000  5.473554134369E-001  1.920863520354E-003  4.468052685261E-001  2.636700992298E-005  3.219061909476E-006  3.888894105330E-003  0.000000000000E+000  0.000000000000E+000  0.000000000000E+000  0.000000000000E+000  0.000000000000E+000  0.000000000000E+000
   7.975000000000E+001  1.000000000000E+000  5.473571419716E-001  1.920911949128E-003  4.468034803867E-001  2.637734905875E-005  3.217754056095E-006  3.888871753588E-003  0.000000000000E+000  0.000000000000E+000  0.000000000000E+000  0.000000000000E+000  0.000000000000E+000  0.000000000000E+000
   8.000000000000E+001  1.000000000000E+000  5.473577380180E-001  1.920906594023E-003  4.468028843403E-001  2.637741636136E-005  3.217819994461E-006  3.888861974701E-003  0.000000000000E+000  0.000000000000E+000  0.000000000000E+000  0.000000000000E+000  0.000000000000E+000  0.000000000000E+000
   8.025000000000E+001  1.000000000000E+000  5.473595261574E-001  1.920885290019E-003  4.468010962009E-001  2.637099350977E-005  3.218924121029E-006  3.888905746862E-003  0.000000000000E+000  0.000000000000E+000  0.000000000000E+000  0.000000000000E+000  0.000000000000E+000  0.000000000000E+000
   8.050000000000E+001  1.000000000000E+000  5.473600029945E-001  1.920879934914E-003  4.468006193638E-001  2.637160650920E-005  3.219194013582E-006  3.888897364959E-003  0.000000000000E+000  0.000000000000E+000  0.000000000000E+000  0.000000000000E+000  0.000000000000E+000  0.000000000000E+000
   8.075000000000E+001  1.000000000000E+000  5.473607182503E-001  1.920866547152E-003  4.467999041080E-001  2.637109537318E-005  3.219784275643E-006  3.888891544193E-003  0.000000000000E+000  0.000000000000E+000  0.000000000000E+000  0.000000000000E+000  0.000000000000E+000  0.000000000000E+000
   8.100000000000E+001  1.000000000000E+000  5.473617315292E-001  1.920853857882E-003  4.467989206314E-001  2.636790668475E-005  3.220326789233E-006  3.888908540830E-003  0.000000000000E+000  0.000000000000E+000  0.000000000000E+000  0.000000000000E+000  0.000000000000E+000  0.000000000000E+000
   8.125000000000E+001  1.000000000000E+000  5.473632812500E-001  1.920881099068E-003  4.467973411083E-001  2.637248508108E-005  3.219302243451E-006  3.888897597790E-003  0.000000000000E+000  0.000000000000E+000  0.000000000000E+000  0.000000000000E+000  0.000000000000E+000  0.000000000000E+000
   8.150000000000E+001  1.000000000000E+000  5.473637580872E-001  1.920904847793E-003  4.467968940735E-001  2.637688339746E-005  3.217927996957E-006  3.888868726790E-003  0.000000000000E+000  0.000000000000E+000  0.000000000000E+000  0.000000000000E+000  0.000000000000E+000  0.000000000000E+000
   8.175000000000E+001  1.000000000000E+000  5.473648309708E-001  1.920910784975E-003  4.467958211899E-001  2.637713623699E-005  3.217340008632E-006  3.888861276209E-003  0.000000000000E+000  0.000000000000E+000  0.000000000000E+000  0.000000000000E+000  0.000000000000E+000  0.000000000000E+000
   8.200000000000E+001  1.000000000000E+000  5.473662018776E-001  1.920906826854E-003  4.467944204807E-001  2.637625766511E-005  3.218030315111E-006  3.888882696629E-003  0.000000000000E+000  0.000000000000E+000  0.000000000000E+000  0.000000000000E+000  0.000000000000E+000  0.000000000000E+000
   8.225000000000E+001  1.000000000000E+000  5.473668575287E-001  1.920892158523E-003  4.467937946320E-001  2.637530815264E-005  3.218642632419E-006  3.888878505677E-003  0.000000000000E+000  0.000000000000E+000  0.000000000000E+000  0.000000000000E+000  0.000000000000E+000  0.000000000000E+000
   8.250000000000E+001  1.000000000000E+000  5.473681092262E-001  1.920880516991E-003  4.467925131321E-001  2.637295801833E-005  3.219406607968E-006  3.888897830620E-003  0.000000000000E+000  0.000000000000E+000  0.000000000000E+000  0.000000000000E+000  0.000000000000E+000  0.000000000000E+000
   8.275000000000E+001  1.000000000000E+000  5.473690032959E-001  1.920903683640E-003  4.467916190624E-001  2.637759098434E-005  3.218437086616E-006  3.888878971338E-003  0.000000000000E+000  0.000000000000E+000  0.000000000000E+000  0.000000000000E+000  0.000000000000E+000  0.000000000000E+000
   8.300000000000E+001  1.000000000000E+000  5.473698973656E-001  1.920889830217E-003  4.467907547951E-001  2.637459147081E-005  3.218915708203E-006  3.888889448717E-003  0.000000000000E+000  0.000000000000E+000  0.000000000000E+000  0.000000000000E+000  0.000000000000E+000  0.000000000000E+000
   8.325000000000E+001  1.000000000000E+000  5.473712086678E-001  1.920921378769E-003  4.467894136906E-001  2.637846955622E-005  3.217307948944E-006  3.888875478879E-003  0.000000000000E+000  0.000000000000E+000  0.000000000000E+000  0.000000000000E+000  0.000000000000E+000  0.000000000000E+000
   8.350000000000E+001  1.000000000000E+000  5.473721623421E-001  1.920906244777E-003  4.467884302139E-001  2.637673424033E-005  3.218388656023E-006  3.888891777024E-003  0.000000000000E+000  0.000000000000E+000  0.000000000000E+000  0.000000000000E+000  0.000000000000E+000  0.000000000000E+000
   8.375000000000E+001  1.000000000000E+000  5.473732352257E-001  1.920897164382E-003  4.467873573303E-001  2.637527541083E-005  3.218821575501E-006  3.888898529112E-003  0.000000000000E+000  0.000000000000E+000  0.000000000000E+000  0.000000000000E+000  0.000000000000E+000  0.000000000000E+000
   8.400000000000E+001  1.000000000000E+000  5.473740696907E-001  1.920884707943E-003  4.467865228653E-001  2.637261059135E-005  3.219206064387E-006  3.888906445354E-003  0.000000000000E+000  0.000000000000E+000  0.000000000000E+000  0.000000000000E+000  0.000000000000E+000  0.000000000000E+000
   8.425000000000E+001  1.000000000000E+000  5.473746657372E-001  1.920912181959E-003  4.467859864235E-001  2.637857141963E-005  3.217737003069E-006  3.888869658113E-003  0.000000000000E+000  0.000000000000E+000  0.000000000000E+000  0.000000000000E+000  0.000000000000E+000  0.000000000000E+000
   8.450000000000E+001  1.000000000000E+000  5.473759770393E-001  1.920892391354E-003  4.467846453190E-001  2.637526085891E-005  3.219284735678E-006  3.888904349878E-003  0.000000000000E+000  0.000000000000E+000  0.000000000000E+000  0.000000000000E+000  0.000000000000E+000  0.000000000000E+000
   8.475000000000E+001  1.000000000000E+000  5.473769307137E-001  1.920885173604E-003  4.467837214470E-001  2.637253055582E-005  3.219120571885E-006  3.888906678185E-003  0.000000000000E+000  0.000000000000E+000  0.000000000000E+000  0.000000000000E+000  0.000000000000E+000  0.000000000000E+000
   8.500000000000E+001  1.000000000000E+000  5.473772883415E-001  1.920880284160E-003  4.467833638191E-001  2.637303441588E-005  3.219288828404E-006  3.888897132128E-003  0.000000000000E+000  0.000000000000E+000  0.000000000000E+000  0.000000000000E+000  0.000000000000E+000  0.000000000000E+000
   8.525000000000E+001  1.000000000000E+000  5.473789572716E-001  1.920894952491E-003  4.467816352844E-001  2.637587749632E-005  3.219355448891E-006  3.888908307999E-003  0.000000000000E+000  0.000000000000E+000  0.000000000000E+000  0.000000000000E+000  0.000000000000E+000  0.000000000000E+000
   8.550000000000E+001  1.000000000000E+000  5.473793745041E-001  1.920889713801E-003  4.467812776566E-001  2.637489342305E-005  3.219085101591E-006  3.888896666467E-003  0.000000000000E+000  0.000000000000E+000  0.000000000000E+000  0.000000000000E+000  0.000000000000E+000  0.000000000000E+000
   8.575000000000E+001  1.000000000000E+000  5.473807454109E-001  1.920911949128E-003  4.467798173428E-001  2.637739089550E-005  3.218163783458E-006  3.888895502314E-003  0.000000000000E+000  0.000000000000E+000  0.000000000000E+000  0.000000000000E+000  0.000000000000E+000  0.000000000000E+000
   8.600000000000E+001  1.000000000000E+000  5.473814010620E-001  1.920902868733E-003  4.467792212963E-001  2.637695979502E-005  3.218700840080E-006  3.888896666467E-003  0.000000000000E+000  0.000000000000E+000  0.000000000000E+000  0.000000000000E+000  0.000000000000E+000  0.000000000000E+000
   8.625000000000E+001  1.000000000000E+000  5.473820567131E-001  1.920884125866E-003  4.467785358429E-001  2.637416400830E-005  3.219552809242E-006  3.888906678185E-003  0.000000000000E+000  0.000000000000E+000  0.000000000000E+000  0.000000000000E+000  0.000000000000E+000  0.000000000000E+000
   8.650000000000E+001  1.000000000000E+000  5.473836660385E-001  1.920874696225E-003  4.467769563198E-001  2.637052784848E-005  3.220068492737E-006  3.888933919370E-003  0.000000000000E+000  0.000000000000E+000  0.000000000000E+000  0.000000000000E+000  0.000000000000E+000  0.000000000000E+000
   8.675000000000E+001  1.000000000000E+000  5.473842024803E-001  1.920872251503E-003  4.467763900757E-001  2.637058969412E-005  3.220098733436E-006  3.888929262757E-003  0.000000000000E+000  0.000000000000E+000  0.000000000000E+000  0.000000000000E+000  0.000000000000E+000  0.000000000000E+000
   8.700000000000E+001  1.000000000000E+000  5.473846793175E-001  1.920857583173E-003  4.467759430408E-001  2.636916906340E-005  3.220525741199E-006  3.888922743499E-003  0.000000000000E+000  0.000000000000E+000  0.000000000000E+000  0.000000000000E+000  0.000000000000E+000  0.000000000000E+000
   8.725000000000E+001  1.000000000000E+000  5.473864674568E-001  1.920910668559E-003  4.467740952969E-001  2.637617944856E-005  3.218263600502E-006  3.888909006491E-003  0.000000000000E+000  0.000000000000E+000  0.000000000000E+000  0.000000000000E+000  0.000000000000E+000  0.000000000000E+000
   8.750000000000E+001  1.000000000000E+000  5.473868846893E-001  1.920909155160E-003  4.467737376690E-001  2.637531360961E-005  3.218008032491E-006  3.888904815540E-003  0.000000000000E+000  0.000000000000E+000  0.000000000000E+000  0.000000000000E+000  0.000000000000E+000  0.000000000000E+000
   8.775000000000E+001  1.000000000000E+000  5.473873615265E-001  1.920901820995E-003  4.467732608318E-001  2.637590660015E-005  3.218266101612E-006  3.888892242685E-003  0.000000000000E+000  0.000000000000E+000  0.000000000000E+000  0.000000000000E+000  0.000000000000E+000  0.000000000000E+000
   8.800000000000E+001  1.000000000000E+000  5.473887920380E-001  1.920891692862E-003  4.467717707157E-001  2.637344550749E-005  3.219342488592E-006  3.888925770298E-003  0.000000000000E+000  0.000000000000E+000  0.000000000000E+000  0.000000000000E+000  0.000000000000E+000  0.000000000000E+000
   8.825000000000E+001  1.000000000000E+000  5.473896861076E-001  1.920871669427E-003  4.467709064484E-001  2.637042416609E-005  3.220312237318E-006  3.888939041644E-003  0.000000000000E+000  0.000000000000E+000  0.000000000000E+000  0.000000000000E+000  0.000000000000E+000  0.000000000000E+000
   8.850000000000E+001  1.000000000000E+000  5.473904013634E-001  1.920870505273E-003  4.467702209949E-001  2.637036595843E-005  3.220227881684E-006  3.888934385031E-003  0.000000000000E+000  0.000000000000E+000  0.000000000000E+000  0.000000000000E+000  0.000000000000E+000  0.000000000000E+000
   8.875000000000E+001  1.000000000000E+000  5.473917126656E-001  1.920860842802E-003  4.467688798904E-001  2.636752469698E-005  3.221070983273E-006  3.888964885846E-003  0.000000000000E+000  0.000000000000E+000  0.000000000000E+000  0.000000000000E+000  0.000000000000E+000  0.000000000000E+000
   8.900000000000E+001  1.000000000000E+000  5.473923087120E-001  1.920916256495E-003  4.467682540417E-001  2.637717443577E-005  3.217915036657E-006  3.888904349878E-003  0.000000000000E+000  0.000000000000E+000  0.000000000000E+000  0.000000000000E+000  0.000000000000E+000  0.000000000000E+000
   8.925000000000E+001  1.000000000000E+000  5.473930835724E-001  1.920932671055E-003  4.467675089836E-001  2.638057594595E-005  3.217285666324E-006  3.888892009854E-003  0.000000000000E+000  0.000000000000E+000  0.000000000000E+000  0.000000000000E+000  0.000000000000E+000  0.000000000000E+000
   8.950000000000E+001  1.000000000000E+000  5.473943352699E-001  1.920920098200E-003  4.467662274837E-001  2.637792385940E-005  3.218058054699E-006  3.888912266120E-003  0.000000000000E+000  0.000000000000E+000  0.000000000000E+000  0.000000000000E+000  0.000000000000E+000  0.000000000000E+000
   8.975000000000E+001  1.000000000000E+000  5.473952889442E-001  1.920907059684E-003  4.467652440071E-001  2.637457146193E-005  3.218622396162E-006  3.888930194080E-003  0.000000000000E+000  0.000000000000E+000  0.000000000000E+000  0.000000000000E+000  0.000000000000E+000  0.000000000000E+000
   9.000000000000E+001  1.000000000000E+000  5.473957061768E-001  1.920902868733E-003  4.467648863792E-001  2.637520447024E-005  3.218838628527E-006  3.888922743499E-003  0.000000000000E+000  0.000000000000E+000  0.000000000000E+000  0.000000000000E+000  0.000000000000E+000  0.000000000000E+000
   9.025000000000E+001  1.000000000000E+000  5.473964810371E-001  1.920891110785E-003  4.467641413212E-001  2.637449142640E-005  3.219518248443E-006  3.888925071806E-003  0.000000000000E+000  0.000000000000E+000  0.000000000000E+000  0.000000000000E+000  0.000000000000E+000  0.000000000000E+000
   9.050000000000E+001  1.000000000000E+000  5.473974943161E-001  1.920890412293E-003  4.467630684376E-001  2.637125362526E-005  3.219183099645E-006  3.888940671459E-003  0.000000000000E+000  0.000000000000E+000  0.000000000000E+000  0.000000000000E+000  0.000000000000E+000  0.000000000000E+000
   9.075000000000E+001  1.000000000000E+000  5.473986268044E-001  1.920908340253E-003  4.467619359493E-001  2.637471334310E-005  3.218555548301E-006  3.888931358233E-003  0.000000000000E+000  0.000000000000E+000  0.000000000000E+000  0.000000000000E+000  0.000000000000E+000  0.000000000000E+000
   9.100000000000E+001  1.000000000000E+000  5.473993420601E-001  1.920899259858E-003  4.467612504959E-001  2.637409852468E-005  3.219228574380E-006  3.888938343152E-003  0.000000000000E+000  0.000000000000E+000  0.000000000000E+000  0.000000000000E+000  0.000000000000E+000  0.000000000000E+000
   9.125000000000E+001  1.000000000000E+000  5.474000573158E-001  1.920933718793E-003  4.467604756355E-001  2.637938450789E-005  3.217325456717E-006  3.888908773661E-003  0.000000000000E+000  0.000000000000E+000  0.000000000000E+000  0.000000000000E+000  0.000000000000E+000  0.000000000000E+000
   9.150000000000E+001  1.000000000000E+000  5.474013090134E-001  1.920922659338E-003  4.467592537403E-001  2.637687975948E-005  3.218109668524E-006  3.888931591064E-003  0.000000000000E+000  0.000000000000E+000  0.000000000000E+000  0.000000000000E+000  0.000000000000E+000  0.000000000000E+000
   9.175000000000E+001  1.000000000000E+000  5.474017262459E-001  1.920912181959E-003  4.467588663101E-001  2.637582110765E-005  3.218444589947E-006  3.888928331435E-003  0.000000000000E+000  0.000000000000E+000  0.000000000000E+000  0.000000000000E+000  0.000000000000E+000  0.000000000000E+000
   9.200000000000E+001  1.000000000000E+000  5.474024415016E-001  1.920903683640E-003  4.467581510544E-001  2.637512261572E-005  3.219107384211E-006  3.888937178999E-003  0.000000000000E+000  0.000000000000E+000  0.000000000000E+000  0.000000000000E+000  0.000000000000E+000  0.000000000000E+000
   9.225000000000E+001  1.000000000000E+000  5.474030971527E-001  1.920901238918E-003  4.467574656010E-001  2.637489160406E-005  3.219048039682E-006  3.888931823894E-003  0.000000000000E+000  0.000000000000E+000  0.000000000000E+000  0.000000000000E+000  0.000000000000E+000  0.000000000000E+000
   9.250000000000E+001  1.000000000000E+000  5.474041700363E-001  1.920913811773E-003  4.467564225197E-001  2.637630859681E-005  3.218610572731E-006  3.888934152201E-003  0.000000000000E+000  0.000000000000E+000  0.000000000000E+000  0.000000000000E+000  0.000000000000E+000  0.000000000000E+000
   9.275000000000E+001  1.000000000000E+000  5.474050641060E-001  1.920901006088E-003  4.467554986477E-001  2.637299076014E-005  3.219146037736E-006  3.888951614499E-003  0.000000000000E+000  0.000000000000E+000  0.000000000000E+000  0.000000000000E+000  0.000000000000E+000  0.000000000000E+000
   9.300000000000E+001  1.000000000000E+000  5.474059581757E-001  1.920894370414E-003  4.467546343803E-001  2.637336547195E-005  3.219896598239E-006  3.888958366588E-003  0.000000000000E+000  0.000000000000E+000  0.000000000000E+000  0.000000000000E+000  0.000000000000E+000  0.000000000000E+000
   9.325000000000E+001  1.000000000000E+000  5.474064350128E-001  1.920925686136E-003  4.467540979385E-001  2.637782199599E-005  3.217900484742E-006  3.888926003128E-003  0.000000000000E+000  0.000000000000E+000  0.000000000000E+000  0.000000000000E+000  0.000000000000E+000  0.000000000000E+000
   9.350000000000E+001  1.000000000000E+000  5.474073886871E-001  1.920903334394E-003  4.467531740665E-001  2.637371471792E-005  3.219247673769E-006  3.888954874128E-003  0.000000000000E+000  0.000000000000E+000  0.000000000000E+000  0.000000000000E+000  0.000000000000E+000  0.000000000000E+000
   9.375000000000E+001  1.000000000000E+000  5.474083423615E-001  1.920895534568E-003  4.467521905899E-001  2.637227771629E-005  3.219662403353E-006  3.888963721693E-003  0.000000000000E+000  0.000000000000E+000  0.000000000000E+000  0.000000000000E+000  0.000000000000E+000  0.000000000000E+000
   9.400000000000E+001  1.000000000000E+000  5.474090576172E-001  1.920891692862E-003  4.467515051365E-001  2.637514444359E-005  3.220716052965E-006  3.888964885846E-003  0.000000000000E+000  0.000000000000E+000  0.000000000000E+000  0.000000000000E+000  0.000000000000E+000  0.000000000000E+000
   9.425000000000E+001  1.000000000000E+000  5.474097132683E-001  1.920915558003E-003  4.467508196831E-001  2.637849138409E-005  3.219315658498E-006  3.888944629580E-003  0.000000000000E+000  0.000000000000E+000  0.000000000000E+000  0.000000000000E+000  0.000000000000E+000  0.000000000000E+000
   9.450000000000E+001  1.000000000000E+000  5.474106073380E-001  1.920899841934E-003  4.467499256134E-001  2.637625766511E-005  3.220312237318E-006  3.888961160555E-003  0.000000000000E+000  0.000000000000E+000  0.000000000000E+000  0.000000000000E+000  0.000000000000E+000  0.000000000000E+000
   9.475000000000E+001  1.000000000000E+000  5.474116206169E-001  1.920900424011E-003  4.467489421368E-001  2.637668876559E-005  3.220469807275E-006  3.888964420184E-003  0.000000000000E+000  0.000000000000E+000  0.000000000000E+000  0.000000000000E+000  0.000000000000E+000  0.000000000000E+000
   9.500000000000E+001  1.000000000000E+000  5.474122166634E-001  1.920895068906E-003  4.467482864857E-001  2.637459328980E-005  3.220531198167E-006  3.888972569257E-003  0.000000000000E+000  0.000000000000E+000  0.000000000000E+000  0.000000000000E+000  0.000000000000E+000  0.000000000000E+000
   9.525000000000E+001  1.000000000000E+000  5.474126935005E-001  1.920881797560E-003  4.467478692532E-001  2.637297075125E-005  3.220891585443E-006  3.888968843967E-003  0.000000000000E+000  0.000000000000E+000  0.000000000000E+000  0.000000000000E+000  0.000000000000E+000  0.000000000000E+000
   9.550000000000E+001  1.000000000000E+000  5.474137663841E-001  1.920904614963E-003  4.467467665672E-001  2.637644865899E-005  3.220121243430E-006  3.888965351507E-003  0.000000000000E+000  0.000000000000E+000  0.000000000000E+000  0.000000000000E+000  0.000000000000E+000  0.000000000000E+000
   9.575000000000E+001  1.000000000000E+000  5.474141836166E-001  1.920902170241E-003  4.467463493347E-001  2.637708894326E-005  3.220208327548E-006  3.888957435265E-003  0.000000000000E+000  0.000000000000E+000  0.000000000000E+000  0.000000000000E+000  0.000000000000E+000  0.000000000000E+000
   9.600000000000E+001  1.000000000000E+000  5.474154353142E-001  1.920896698721E-003  4.467450976372E-001  2.637298712216E-005  3.220398184567E-006  3.888987004757E-003  0.000000000000E+000  0.000000000000E+000  0.000000000000E+000  0.000000000000E+000  0.000000000000E+000  0.000000000000E+000
   9.625000000000E+001  1.000000000000E+000  5.474162101746E-001  1.920921611600E-003  4.467442929745E-001  2.637787292770E-005  3.219178779545E-006  3.888961626217E-003  0.000000000000E+000  0.000000000000E+000  0.000000000000E+000  0.000000000000E+000  0.000000000000E+000  0.000000000000E+000
   9.650000000000E+001  1.000000000000E+000  5.474168062210E-001  1.920907176100E-003  4.467437267303E-001  2.637564466568E-005  3.219842028557E-006  3.888970240951E-003  0.000000000000E+000  0.000000000000E+000  0.000000000000E+000  0.000000000000E+000  0.000000000000E+000  0.000000000000E+000
   9.675000000000E+001  1.000000000000E+000  5.474175214767E-001  1.920908805914E-003  4.467430114746E-001  2.637568104547E-005  3.219707878088E-006  3.888969542459E-003  0.000000000000E+000  0.000000000000E+000  0.000000000000E+000  0.000000000000E+000  0.000000000000E+000  0.000000000000E+000
   9.700000000000E+001  1.000000000000E+000  5.474181771278E-001  1.920902403072E-003  4.467423558235E-001  2.637292527652E-005  3.219548261768E-006  3.888974199072E-003  0.000000000000E+000  0.000000000000E+000  0.000000000000E+000  0.000000000000E+000  0.000000000000E+000  0.000000000000E+000
   9.725000000000E+001  1.000000000000E+000  5.474191308022E-001  1.920892507769E-003  4.467414021492E-001  2.637136276462E-005  3.220466624043E-006  3.888995386660E-003  0.000000000000E+000  0.000000000000E+000  0.000000000000E+000  0.000000000000E+000  0.000000000000E+000  0.000000000000E+000
   9.750000000000E+001  1.000000000000E+000  5.474192500114E-001  1.920887967572E-003  4.467412829399E-001  2.637140823936E-005  3.220326561859E-006  3.888980718330E-003  0.000000000000E+000  0.000000000000E+000  0.000000000000E+000  0.000000000000E+000  0.000000000000E+000  0.000000000000E+000
   9.775000000000E+001  1.000000000000E+000  5.474209189415E-001  1.920931390487E-003  4.467395842075E-001  2.637688703544E-005  3.218450956410E-006  3.888970473781E-003  0.000000000000E+000  0.000000000000E+000  0.000000000000E+000  0.000000000000E+000  0.000000000000E+000  0.000000000000E+000
   9.800000000000E+001  1.000000000000E+000  5.474217534065E-001  1.920966082253E-003  4.467387497425E-001  2.638342266437E-005  3.217020321244E-006  3.888946259394E-003  0.000000000000E+000  0.000000000000E+000  0.000000000000E+000  0.000000000000E+000  0.000000000000E+000  0.000000000000E+000
   9.825000000000E+001  1.000000000000E+000  5.474223494530E-001  1.920961658470E-003  4.467381536961E-001  2.638160549395E-005  3.217027369828E-006  3.888952312991E-003  0.000000000000E+000  0.000000000000E+000  0.000000000000E+000  0.000000000000E+000  0.000000000000E+000  0.000000000000E+000
   9.850000000000E+001  1.000000000000E+000  5.474229454994E-001  1.920955488458E-003  4.467375874519E-001  2.637999386934E-005  3.217139692424E-006  3.888956271112E-003  0.000000000000E+000  0.000000000000E+000  0.000000000000E+000  0.000000000000E+000  0.000000000000E+000  0.000000000000E+000
   9.875000000000E+001  1.000000000000E+000  5.474244952202E-001  1.920946524478E-003  4.467359483242E-001  2.637784746184E-005  3.218153551643E-006  3.888987936080E-003  0.000000000000E+000  0.000000000000E+000  0.000000000000E+000  0.000000000000E+000  0.000000000000E+000  0.000000000000E+000
   9.900000000000E+001  1.000000000000E+000  5.474245548248E-001  1.920943264849E-003  4.467359185219E-001  2.637792567839E-005  3.217988705728E-006  3.888974897563E-003  0.000000000000E+000  0.000000000000E+000  0.000000000000E+000  0.000000000000E+000  0.000000000000E+000  0.000000000000E+000
   9.925000000000E+001  1.000000000000E+000  5.474246740341E-001  1.920939190313E-003  4.467358589172E-001  2.637803117977E-005  3.217830681024E-006  3.888959763572E-003  0.000000000000E+000  0.000000000000E+000  0.000000000000E+000  0.000000000000E+000  0.000000000000E+000  0.000000000000E+000
   9.950000000000E+001  1.000000000000E+000  5.474255084991E-001  1.920929877087E-003  4.467349648476E-001  2.637491343194E-005  3.218267920602E-006  3.888980252668E-003  0.000000000000E+000  0.000000000000E+000  0.000000000000E+000  0.000000000000E+000  0.000000000000E+000  0.000000000000E+000
   9.975000000000E+001  1.000000000000E+000  5.474271178246E-001  1.920921611600E-003  4.467333555222E-001  2.637311263243E-005  3.219201744287E-006  3.889007726684E-003  0.000000000000E+000  0.000000000000E+000  0.000000000000E+000  0.000000000000E+000  0.000000000000E+000  0.000000000000E+000
   1.000000000000E+002  1.000000000000E+000  5.474271774292E-001  1.920918468386E-003  4.467333257198E-001  2.637323996169E-005  3.219070777050E-006  3.888995619491E-003  0.000000000000E+000  0.000000000000E+000  0.000000000000E+000  0.000000000000E+000  0.000000000000E+000  0.000000000000E+000
   1.002500000000E+002  1.000000000000E+000  5.474275350571E-001  1.920984243043E-003  4.467329680920E-001  2.638412115630E-005  3.215522383471E-006  3.888934850693E-003  0.000000000000E+000  0.000000000000E+000  0.000000000000E+000  0.000000000000E+000  0.000000000000E+000  0.000000000000E+000
   1.005000000000E+002  1.000000000000E+000  5.474289655685E-001  1.920970622450E-003  4.467315375805E-001  2.638068872329E-005  3.216545792384E-006  3.888967446983E-003  0.000000000000E+000  0.000000000000E+000  0.000000000000E+000  0.000000000000E+000  0.000000000000E+000  0.000000000000E+000
   1.007500000000E+002  1.000000000000E+000  5.474296212196E-001  1.920972135849E-003  4.467308223248E-001  2.638070327521E-005  3.216437789888E-006  3.888967446983E-003  0.000000000000E+000  0.000000000000E+000  0.000000000000E+000  0.000000000000E+000  0.000000000000E+000  0.000000000000E+000
   1.010000000000E+002  1.000000000000E+000  5.474302768707E-001  1.920958398841E-003  4.467302262783E-001  2.637826582941E-005  3.217206767658E-006  3.888982580975E-003  0.000000000000E+000  0.000000000000E+000  0.000000000000E+000  0.000000000000E+000  0.000000000000E+000  0.000000000000E+000
   1.012500000000E+002  1.000000000000E+000  5.474303364754E-001  1.920954091474E-003  4.467301666737E-001  2.637839679664E-005  3.217096036678E-006  3.888968611136E-003  0.000000000000E+000  0.000000000000E+000  0.000000000000E+000  0.000000000000E+000  0.000000000000E+000  0.000000000000E+000
   1.015000000000E+002  1.000000000000E+000  5.474312305450E-001  1.920941984281E-003  4.467292129993E-001  2.637671968841E-005  3.218060101062E-006  3.888987470418E-003  0.000000000000E+000  0.000000000000E+000  0.000000000000E+000  0.000000000000E+000  0.000000000000E+000  0.000000000000E+000
   1.017500000000E+002  1.000000000000E+000  5.474321246147E-001  1.920945360325E-003  4.467283785343E-001  2.637564648467E-005  3.217543053324E-006  3.888987936080E-003  0.000000000000E+000  0.000000000000E+000  0.000000000000E+000  0.000000000000E+000  0.000000000000E+000  0.000000000000E+000
   1.020000000000E+002  1.000000000000E+000  5.474327802658E-001  1.920939888805E-003  4.467276632786E-001  2.637491343194E-005  3.218093979740E-006  3.889000043273E-003  0.000000000000E+000  0.000000000000E+000  0.000000000000E+000  0.000000000000E+000  0.000000000000E+000  0.000000000000E+000
   1.022500000000E+002  1.000000000000E+000  5.474335551262E-001  1.920967129990E-003  4.467269182205E-001  2.637972102093E-005  3.216839104425E-006  3.888979321346E-003  0.000000000000E+000  0.000000000000E+000  0.000000000000E+000  0.000000000000E+000  0.000000000000E+000  0.000000000000E+000
   1.025000000000E+002  1.000000000000E+000  5.474339127541E-001  1.920957234688E-003  4.467265605927E-001  2.637829675223E-005  3.217144922019E-006  3.888979554176E-003  0.000000000000E+000  0.000000000000E+000  0.000000000000E+000  0.000000000000E+000  0.000000000000E+000  0.000000000000E+000
   1.027500000000E+002  1.000000000000E+000  5.474343895912E-001  1.920983078890E-003  4.467260837555E-001  2.638257137733E-005  3.215644483134E-006  3.888952312991E-003  0.000000000000E+000  0.000000000000E+000  0.000000000000E+000  0.000000000000E+000  0.000000000000E+000  0.000000000000E+000
   1.030000000000E+002  1.000000000000E+000  5.474352836609E-001  1.920987968333E-003  4.467251896858E-001  2.638164551172E-005  3.215236802134E-006  3.888958366588E-003  0.000000000000E+000  0.000000000000E+000  0.000000000000E+000  0.000000000000E+000  0.000000000000E+000  0.000000000000E+000
   1.032500000000E+002  1.000000000000E+000  5.474362969398E-001  1.920979353599E-003  4.467241466045E-001  2.637956276885E-005  3.215930973965E-006  3.888979787007E-003  0.000000000000E+000  0.000000000000E+000  0.000000000000E+000  0.000000000000E+000  0.000000000000E+000  0.000000000000E+000
   1.035000000000E+002  1.000000000000E+000  5.474367141724E-001  1.920970971696E-003  4.467237293720E-001  2.637807119754E-005  3.216316144972E-006  3.888986539096E-003  0.000000000000E+000  0.000000000000E+000  0.000000000000E+000  0.000000000000E+000  0.000000000000E+000  0.000000000000E+000
   1.037500000000E+002  1.000000000000E+000  5.474373102188E-001  1.920955022797E-003  4.467231631279E-001  2.637567376951E-005  3.216967343178E-006  3.888992825523E-003  0.000000000000E+000  0.000000000000E+000  0.000000000000E+000  0.000000000000E+000  0.000000000000E+000  0.000000000000E+000
   1.040000000000E+002  1.000000000000E+000  5.474376678467E-001  1.920954324305E-003  4.467228055000E-001  2.637481702550E-005  3.216585355403E-006  3.888986539096E-003  0.000000000000E+000  0.000000000000E+000  0.000000000000E+000  0.000000000000E+000  0.000000000000E+000  0.000000000000E+000
   1.042500000000E+002  1.000000000000E+000  5.474383234978E-001  1.920954440720E-003  4.467221200466E-001  2.637609395606E-005  3.216945060558E-006  3.888987703249E-003  0.000000000000E+000  0.000000000000E+000  0.000000000000E+000  0.000000000000E+000  0.000000000000E+000  0.000000000000E+000
   1.045000000000E+002  1.000000000000E+000  5.474393963814E-001  1.920977956615E-003  4.467210173607E-001  2.637777106429E-005  3.215801370970E-006  3.888989333063E-003  0.000000000000E+000  0.000000000000E+000  0.000000000000E+000  0.000000000000E+000  0.000000000000E+000  0.000000000000E+000
   1.047500000000E+002  1.000000000000E+000  5.474395155907E-001  1.920971786603E-003  4.467209577560E-001  2.637766010594E-005  3.215669266865E-006  3.888972336426E-003  0.000000000000E+000  0.000000000000E+000  0.000000000000E+000  0.000000000000E+000  0.000000000000E+000  0.000000000000E+000
   1.050000000000E+002  1.000000000000E+000  5.474399924278E-001  1.920958515257E-003  4.467204809189E-001  2.637554098328E-005  3.216243840143E-006  3.888979554176E-003  0.000000000000E+000  0.000000000000E+000  0.000000000000E+000  0.000000000000E+000  0.000000000000E+000  0.000000000000E+000
   1.052500000000E+002  1.000000000000E+000  5.474408864975E-001  1.920957351103E-003  4.467195272446E-001  2.637425131979E-005  3.216523282390E-006  3.888997482136E-003  0.000000000000E+000  0.000000000000E+000  0.000000000000E+000  0.000000000000E+000  0.000000000000E+000  0.000000000000E+000
   1.055000000000E+002  1.000000000000E+000  5.474413633347E-001  1.920953858644E-003  4.467191398144E-001  2.637486068124E-005  3.216685854568E-006  3.888989565894E-003  0.000000000000E+000  0.000000000000E+000  0.000000000000E+000  0.000000000000E+000  0.000000000000E+000  0.000000000000E+000
   1.057500000000E+002  1.000000000000E+000  5.474417805672E-001  1.920978887938E-003  4.467186629772E-001  2.637887882884E-005  3.215351171093E-006  3.888968378305E-003  0.000000000000E+000  0.000000000000E+000  0.000000000000E+000  0.000000000000E+000  0.000000000000E+000  0.000000000000E+000
   1.060000000000E+002  1.000000000000E+000  5.474421381950E-001  1.920967712067E-003  4.467183351517E-001  2.637738907652E-005  3.215766355424E-006  3.888969775289E-003  0.000000000000E+000  0.000000000000E+000  0.000000000000E+000  0.000000000000E+000  0.000000000000E+000  0.000000000000E+000
   1.062500000000E+002  1.000000000000E+000  5.474427342415E-001  1.920967595652E-003  4.467177391052E-001  2.637702709762E-005  3.215569449821E-006  3.888966515660E-003  0.000000000000E+000  0.000000000000E+000  0.000000000000E+000  0.000000000000E+000  0.000000000000E+000  0.000000000000E+000
   1.065000000000E+002  1.000000000000E+000  5.474427342415E-001  1.920963753946E-003  4.467177391052E-001  2.637707257236E-005  3.215479182472E-006  3.888954641297E-003  0.000000000000E+000  0.000000000000E+000  0.000000000000E+000  0.000000000000E+000  0.000000000000E+000  0.000000000000E+000
   1.067500000000E+002  1.000000000000E+000  5.474430322647E-001  1.920953858644E-003  4.467175006866E-001  2.637594843691E-005  3.215793412892E-006  3.888952545822E-003  0.000000000000E+000  0.000000000000E+000  0.000000000000E+000  0.000000000000E+000  0.000000000000E+000  0.000000000000E+000
   1.070000000000E+002  1.000000000000E+000  5.474436879158E-001  1.920955837704E-003  4.467167854309E-001  2.637584475451E-005  3.215730885131E-006  3.888956038281E-003  0.000000000000E+000  0.000000000000E+000  0.000000000000E+000  0.000000000000E+000  0.000000000000E+000  0.000000000000E+000
   1.072500000000E+002  1.000000000000E+000  5.474437475204E-001  1.920948969200E-003  4.467167556286E-001  2.637577563291E-005  3.215655169697E-006  3.888939041644E-003  0.000000000000E+000  0.000000000000E+000  0.000000000000E+000  0.000000000000E+000  0.000000000000E+000  0.000000000000E+000
   1.075000000000E+002  1.000000000000E+000  5.474446415901E-001  1.920937560499E-003  4.467158615589E-001  2.637386023707E-005  3.216669483663E-006  3.888963256031E-003  0.000000000000E+000  0.000000000000E+000  0.000000000000E+000  0.000000000000E+000  0.000000000000E+000  0.000000000000E+000
   1.077500000000E+002  1.000000000000E+000  5.474447607994E-001  1.920934300870E-003  4.467157423496E-001  2.637387115101E-005  3.216573531972E-006  3.888952778652E-003  0.000000000000E+000  0.000000000000E+000  0.000000000000E+000  0.000000000000E+000  0.000000000000E+000  0.000000000000E+000
   1.080000000000E+002  1.000000000000E+000  5.474449396133E-001  1.920963986777E-003  4.467155933380E-001  2.637929901539E-005  3.214754315195E-006  3.888913895935E-003  0.000000000000E+000  0.000000000000E+000  0.000000000000E+000  0.000000000000E+000  0.000000000000E+000  0.000000000000E+000
   1.082500000000E+002  1.000000000000E+000  5.474449992180E-001  1.920961309224E-003  4.467155635357E-001  2.637940451677E-005  3.214656317141E-006  3.888903651386E-003  0.000000000000E+000  0.000000000000E+000  0.000000000000E+000  0.000000000000E+000  0.000000000000E+000  0.000000000000E+000
   1.085000000000E+002  1.000000000000E+000  5.474453568459E-001  1.920949551277E-003  4.467152059078E-001  2.637806755956E-005  3.215035803805E-006  3.888901555911E-003  0.000000000000E+000  0.000000000000E+000  0.000000000000E+000  0.000000000000E+000  0.000000000000E+000  0.000000000000E+000
   1.087500000000E+002  1.000000000000E+000  5.474454164505E-001  1.920945942402E-003  4.467151463032E-001  2.637815487105E-005  3.214949856556E-006  3.888889914379E-003  0.000000000000E+000  0.000000000000E+000  0.000000000000E+000  0.000000000000E+000  0.000000000000E+000  0.000000000000E+000
   1.090000000000E+002  1.000000000000E+000  5.474457144737E-001  1.920945127495E-003  4.467148482800E-001  2.637744728418E-005  3.214593562006E-006  3.888882929459E-003  0.000000000000E+000  0.000000000000E+000  0.000000000000E+000  0.000000000000E+000  0.000000000000E+000  0.000000000000E+000
   1.092500000000E+002  1.000000000000E+000  5.474461317062E-001  1.920945360325E-003  4.467144310474E-001  2.637823126861E-005  3.214744538127E-006  3.888881765306E-003  0.000000000000E+000  0.000000000000E+000  0.000000000000E+000  0.000000000000E+000  0.000000000000E+000  0.000000000000E+000
   1.095000000000E+002  1.000000000000E+000  5.474464893341E-001  1.920935697854E-003  4.467141330242E-001  2.637719626364E-005  3.215013975932E-006  3.888877807185E-003  0.000000000000E+000  0.000000000000E+000  0.000000000000E+000  0.000000000000E+000  0.000000000000E+000  0.000000000000E+000
   1.097500000000E+002  1.000000000000E+000  5.474467873573E-001  1.920935348608E-003  4.467138051987E-001  2.637652141857E-005  3.214650860173E-006  3.888871520758E-003  0.000000000000E+000  0.000000000000E+000  0.000000000000E+000  0.000000000000E+000  0.000000000000E+000  0.000000000000E+000
   1.100000000000E+002  1.000000000000E+000  5.474471449852E-001  1.920926151797E-003  4.467134773731E-001  2.637527359184E-005  3.215002607249E-006  3.888872917742E-003  0.000000000000E+000  0.000000000000E+000  0.000000000000E+000  0.000000000000E+000  0.000000000000E+000  0.000000000000E+000
   1.102500000000E+002  1.000000000000E+000  5.474475026131E-001  1.920926151797E-003  4.467131197453E-001  2.637615398271E-005  3.215145852664E-006  3.888870123774E-003  0.000000000000E+000  0.000000000000E+000  0.000000000000E+000  0.000000000000E+000  0.000000000000E+000  0.000000000000E+000
   1.105000000000E+002  1.000000000000E+000  5.474475026131E-001  1.920920796692E-003  4.467131197453E-001  2.637634679559E-005  3.215043307137E-006  3.888853359967E-003  0.000000000000E+000  0.000000000000E+000  0.000000000000E+000  0.000000000000E+000  0.000000000000E+000  0.000000000000E+000
   1.107500000000E+002  1.000000000000E+000  5.474478006363E-001  1.920913928188E-003  4.467128217220E-001  2.637540637807E-005  3.215370725229E-006  3.888856852427E-003  0.000000000000E+000  0.000000000000E+000  0.000000000000E+000  0.000000000000E+000  0.000000000000E+000  0.000000000000E+000
   1.110000000000E+002  1.000000000000E+000  5.474479198456E-001  1.920907758176E-003  4.467127621174E-001  2.637552097440E-005  3.215330480089E-006  3.888841019943E-003  0.000000000000E+000  0.000000000000E+000  0.000000000000E+000  0.000000000000E+000  0.000000000000E+000  0.000000000000E+000
   1.112500000000E+002  1.000000000000E+000  5.474480986595E-001  1.920926268212E-003  4.467125833035E-001  2.637917896209E-005  3.214177695554E-006  3.888814011589E-003  0.000000000000E+000  0.000000000000E+000  0.000000000000E+000  0.000000000000E+000  0.000000000000E+000  0.000000000000E+000
   1.115000000000E+002  1.000000000000E+000  5.474481582642E-001  1.920921960846E-003  4.467125535011E-001  2.637932266225E-005  3.214121761630E-006  3.888801438734E-003  0.000000000000E+000  0.000000000000E+000  0.000000000000E+000  0.000000000000E+000  0.000000000000E+000  0.000000000000E+000
   1.117500000000E+002  1.000000000000E+000  5.474490523338E-001  1.920920098200E-003  4.467116296291E-001  2.637828038132E-005  3.214577418476E-006  3.888820996508E-003  0.000000000000E+000  0.000000000000E+000  0.000000000000E+000  0.000000000000E+000  0.000000000000E+000  0.000000000000E+000
   1.120000000000E+002  1.000000000000E+000  5.474492311478E-001  1.920951181091E-003  4.467114508152E-001  2.638392288645E-005  3.212736146452E-006  3.888782812282E-003  0.000000000000E+000  0.000000000000E+000  0.000000000000E+000  0.000000000000E+000  0.000000000000E+000  0.000000000000E+000
   1.122500000000E+002  1.000000000000E+000  5.474495887756E-001  1.920943497680E-003  4.467111229897E-001  2.638298792590E-005  3.213021273041E-006  3.888783045113E-003  0.000000000000E+000  0.000000000000E+000  0.000000000000E+000  0.000000000000E+000  0.000000000000E+000  0.000000000000E+000
   1.125000000000E+002  1.000000000000E+000  5.474502444267E-001  1.920946757309E-003  4.467104375362E-001  2.638154910528E-005  3.212375759176E-006  3.888782113791E-003  0.000000000000E+000  0.000000000000E+000  0.000000000000E+000  0.000000000000E+000  0.000000000000E+000  0.000000000000E+000
   1.127500000000E+002  1.000000000000E+000  5.474506020546E-001  1.920939888805E-003  4.467100799084E-001  2.638026853674E-005  3.212707042621E-006  3.888788633049E-003  0.000000000000E+000  0.000000000000E+000  0.000000000000E+000  0.000000000000E+000  0.000000000000E+000  0.000000000000E+000
   1.130000000000E+002  1.000000000000E+000  5.474506616592E-001  1.920936163515E-003  4.467100501060E-001  2.638033038238E-005  3.212565843569E-006  3.888775128871E-003  0.000000000000E+000  0.000000000000E+000  0.000000000000E+000  0.000000000000E+000  0.000000000000E+000  0.000000000000E+000
   1.132500000000E+002  1.000000000000E+000  5.474510192871E-001  1.920935697854E-003  4.467096626759E-001  2.638109617692E-005  3.212674300812E-006  3.888771170750E-003  0.000000000000E+000  0.000000000000E+000  0.000000000000E+000  0.000000000000E+000  0.000000000000E+000  0.000000000000E+000
   1.135000000000E+002  1.000000000000E+000  5.474510788918E-001  1.920932787471E-003  4.467096030712E-001  2.638118712639E-005  3.212527417418E-006  3.888759529218E-003  0.000000000000E+000  0.000000000000E+000  0.000000000000E+000  0.000000000000E+000  0.000000000000E+000  0.000000000000E+000
   1.137500000000E+002  1.000000000000E+000  5.474513173103E-001  1.920966198668E-003  4.467093944550E-001  2.638664409460E-005  3.210674094589E-006  3.888727398589E-003  0.000000000000E+000  0.000000000000E+000  0.000000000000E+000  0.000000000000E+000  0.000000000000E+000  0.000000000000E+000
   1.140000000000E+002  1.000000000000E+000  5.474513769150E-001  1.920961192809E-003  4.467093944550E-001  2.638675869093E-005  3.210511522411E-006  3.888710169122E-003  0.000000000000E+000  0.000000000000E+000  0.000000000000E+000  0.000000000000E+000  0.000000000000E+000  0.000000000000E+000
   1.142500000000E+002  1.000000000000E+000  5.474517345428E-001  1.920959213749E-003  4.467090070248E-001  2.638756268425E-005  3.210621798644E-006  3.888702485710E-003  0.000000000000E+000  0.000000000000E+000  0.000000000000E+000  0.000000000000E+000  0.000000000000E+000  0.000000000000E+000
   1.145000000000E+002  1.000000000000E+000  5.474520325661E-001  1.920952927321E-003  4.467086791992E-001  2.638655860210E-005  3.210907607354E-006  3.888706443831E-003  0.000000000000E+000  0.000000000000E+000  0.000000000000E+000  0.000000000000E+000  0.000000000000E+000  0.000000000000E+000
   1.147500000000E+002  1.000000000000E+000  5.474523901939E-001  1.920945127495E-003  4.467083513737E-001  2.638521073095E-005  3.211301873307E-006  3.888713661581E-003  0.000000000000E+000  0.000000000000E+000  0.000000000000E+000  0.000000000000E+000  0.000000000000E+000  0.000000000000E+000
   1.150000000000E+002  1.000000000000E+000  5.474528074265E-001  1.920933951624E-003  4.467079341412E-001  2.638348632900E-005  3.211816647308E-006  3.888720413670E-003  0.000000000000E+000  0.000000000000E+000  0.000000000000E+000  0.000000000000E+000  0.000000000000E+000  0.000000000000E+000
   1.152500000000E+002  1.000000000000E+000  5.474528670311E-001  1.920927898027E-003  4.467079043388E-001  2.638340629346E-005  3.211780267520E-006  3.888706443831E-003  0.000000000000E+000  0.000000000000E+000  0.000000000000E+000  0.000000000000E+000  0.000000000000E+000  0.000000000000E+000
   1.155000000000E+002  1.000000000000E+000  5.474537611008E-001  1.920916605741E-003  4.467070102692E-001  2.638002479216E-005  3.212351657567E-006  3.888729028404E-003  0.000000000000E+000  0.000000000000E+000  0.000000000000E+000  0.000000000000E+000  0.000000000000E+000  0.000000000000E+000
   1.157500000000E+002  1.000000000000E+000  5.474537611008E-001  1.920911017805E-003  4.467070102692E-001  2.637984471221E-005  3.212355068172E-006  3.888718085364E-003  0.000000000000E+000  0.000000000000E+000  0.000000000000E+000  0.000000000000E+000  0.000000000000E+000  0.000000000000E+000
   1.160000000000E+002  1.000000000000E+000  5.474540591240E-001  1.920911483467E-003  4.467066824436E-001  2.637890247570E-005  3.212093815819E-006  3.888718783855E-003  0.000000000000E+000  0.000000000000E+000  0.000000000000E+000  0.000000000000E+000  0.000000000000E+000  0.000000000000E+000
   1.162500000000E+002  1.000000000000E+000  5.474541783333E-001  1.920905429870E-003  4.467066228390E-001  2.637873330968E-005  3.212076762793E-006  3.888706443831E-003  0.000000000000E+000  0.000000000000E+000  0.000000000000E+000  0.000000000000E+000  0.000000000000E+000  0.000000000000E+000
   1.165000000000E+002  1.000000000000E+000  5.474545955658E-001  1.920903217979E-003  4.467062354088E-001  2.637928446347E-005  3.212310502931E-006  3.888704348356E-003  0.000000000000E+000  0.000000000000E+000  0.000000000000E+000  0.000000000000E+000  0.000000000000E+000  0.000000000000E+000
   1.167500000000E+002  1.000000000000E+000  5.474551320076E-001  1.920903567225E-003  4.467056691647E-001  2.638029582158E-005  3.212703177269E-006  3.888709470630E-003  0.000000000000E+000  0.000000000000E+000  0.000000000000E+000  0.000000000000E+000  0.000000000000E+000  0.000000000000E+000
   1.170000000000E+002  1.000000000000E+000  5.474551320076E-001  1.920898328535E-003  4.467056393623E-001  2.638016303536E-005  3.212691808585E-006  3.888698760420E-003  0.000000000000E+000  0.000000000000E+000  0.000000000000E+000  0.000000000000E+000  0.000000000000E+000  0.000000000000E+000
   1.172500000000E+002  1.000000000000E+000  5.474552512169E-001  1.920893555507E-003  4.467056095600E-001  2.638003388711E-005  3.212682031517E-006  3.888688748702E-003  0.000000000000E+000  0.000000000000E+000  0.000000000000E+000  0.000000000000E+000  0.000000000000E+000  0.000000000000E+000
   1.175000000000E+002  1.000000000000E+000  5.474553704262E-001  1.920888433233E-003  4.467054605484E-001  2.637996476551E-005  3.212653837181E-006  3.888677340001E-003  0.000000000000E+000  0.000000000000E+000  0.000000000000E+000  0.000000000000E+000  0.000000000000E+000  0.000000000000E+000
   1.177500000000E+002  1.000000000000E+000  5.474553704262E-001  1.920883776620E-003  4.467054605484E-001  2.637995021360E-005  3.212610181436E-006  3.888665698469E-003  0.000000000000E+000  0.000000000000E+000  0.000000000000E+000  0.000000000000E+000  0.000000000000E+000  0.000000000000E+000
   1.180000000000E+002  1.000000000000E+000  5.474554300308E-001  1.920880633406E-003  4.467054605484E-001  2.637994475663E-005  3.212569026800E-006  3.888657316566E-003  0.000000000000E+000  0.000000000000E+000  0.000000000000E+000  0.000000000000E+000  0.000000000000E+000  0.000000000000E+000
   1.182500000000E+002  1.000000000000E+000  5.474560260773E-001  1.920865266584E-003  4.467048346996E-001  2.637716170284E-005  3.213456921003E-006  3.888675710186E-003  0.000000000000E+000  0.000000000000E+000  0.000000000000E+000  0.000000000000E+000  0.000000000000E+000  0.000000000000E+000
   1.185000000000E+002  1.000000000000E+000  5.474564433098E-001  1.920858048834E-003  4.467044472694E-001  2.637601573952E-005  3.213804347979E-006  3.888680832461E-003  0.000000000000E+000  0.000000000000E+000  0.000000000000E+000  0.000000000000E+000  0.000000000000E+000  0.000000000000E+000
   1.187500000000E+002  1.000000000000E+000  5.474569797516E-001  1.920853392221E-003  4.467039108276E-001  2.637406396389E-005  3.213855279682E-006  3.888688981533E-003  0.000000000000E+000  0.000000000000E+000  0.000000000000E+000  0.000000000000E+000  0.000000000000E+000  0.000000000000E+000
   1.190000000000E+002  1.000000000000E+000  5.474570393562E-001  1.920847804286E-003  4.467038810253E-001  2.637393663463E-005  3.213754780518E-006  3.888674546033E-003  0.000000000000E+000  0.000000000000E+000  0.000000000000E+000  0.000000000000E+000  0.000000000000E+000  0.000000000000E+000
   1.192500000000E+002  1.000000000000E+000  5.474570393562E-001  1.920845010318E-003  4.467038810253E-001  2.637383295223E-005  3.213666104784E-006  3.888666396961E-003  0.000000000000E+000  0.000000000000E+000  0.000000000000E+000  0.000000000000E+000  0.000000000000E+000  0.000000000000E+000
   1.195000000000E+002  1.000000000000E+000  5.474572181702E-001  1.920876209624E-003  4.467036724091E-001  2.637918987602E-005  3.211828925487E-006  3.888630773872E-003  0.000000000000E+000  0.000000000000E+000  0.000000000000E+000  0.000000000000E+000  0.000000000000E+000  0.000000000000E+000
   1.197500000000E+002  1.000000000000E+000  5.474579334259E-001  1.920878188685E-003  4.467029571533E-001  2.638050318637E-005  3.212229557903E-006  3.888637293130E-003  0.000000000000E+000  0.000000000000E+000  0.000000000000E+000  0.000000000000E+000  0.000000000000E+000  0.000000000000E+000
   1.200000000000E+002  1.000000000000E+000  5.474582314491E-001  1.920878072269E-003  4.467026889324E-001  2.637967736518E-005  3.211878492948E-006  3.888632869348E-003  0.000000000000E+000  0.000000000000E+000  0.000000000000E+000  0.000000000000E+000  0.000000000000E+000  0.000000000000E+000
   1.202500000000E+002  1.000000000000E+000  5.474583506584E-001  1.920907991007E-003  4.467025399208E-001  2.638496698637E-005  3.210088380001E-006  3.888596547768E-003  0.000000000000E+000  0.000000000000E+000  0.000000000000E+000  0.000000000000E+000  0.000000000000E+000  0.000000000000E+000
   1.205000000000E+002  1.000000000000E+000  5.474583506584E-001  1.920905779116E-003  4.467025399208E-001  2.638495061547E-005  3.210003342247E-006  3.888589097187E-003  0.000000000000E+000  0.000000000000E+000  0.000000000000E+000  0.000000000000E+000  0.000000000000E+000  0.000000000000E+000
   1.207500000000E+002  1.000000000000E+000  5.474584698677E-001  1.920900191180E-003  4.467024803162E-001  2.638485239004E-005  3.209927172065E-006  3.888575127348E-003  0.000000000000E+000  0.000000000000E+000  0.000000000000E+000  0.000000000000E+000  0.000000000000E+000  0.000000000000E+000
   1.210000000000E+002  1.000000000000E+000  5.474585294724E-001  1.920896698721E-003  4.467024207115E-001  2.638471778482E-005  3.209883516320E-006  3.888567211106E-003  0.000000000000E+000  0.000000000000E+000  0.000000000000E+000  0.000000000000E+000  0.000000000000E+000  0.000000000000E+000
   1.212500000000E+002  1.000000000000E+000  5.474585890770E-001  1.920892042108E-003  4.467023909092E-001  2.638458681758E-005  3.209854412489E-006  3.888556966558E-003  0.000000000000E+000  0.000000000000E+000  0.000000000000E+000  0.000000000000E+000  0.000000000000E+000  0.000000000000E+000
   1.215000000000E+002  1.000000000000E+000  5.474588871002E-001  1.920881797560E-003  4.467020630836E-001  2.638310252223E-005  3.210300974388E-006  3.888561623171E-003  0.000000000000E+000  0.000000000000E+000  0.000000000000E+000  0.000000000000E+000  0.000000000000E+000  0.000000000000E+000
   1.217500000000E+002  1.000000000000E+000  5.474588871002E-001  1.920877140947E-003  4.467020630836E-001  2.638298974489E-005  3.210278237020E-006  3.888551378623E-003  0.000000000000E+000  0.000000000000E+000  0.000000000000E+000  0.000000000000E+000  0.000000000000E+000  0.000000000000E+000
   1.220000000000E+002  1.000000000000E+000  5.474593043327E-001  1.920869341120E-003  4.467016756535E-001  2.638151636347E-005  3.210729119019E-006  3.888561390340E-003  0.000000000000E+000  0.000000000000E+000  0.000000000000E+000  0.000000000000E+000  0.000000000000E+000  0.000000000000E+000
   1.222500000000E+002  1.000000000000E+000  5.474599003792E-001  1.920863636769E-003  4.467010796070E-001  2.637957550178E-005  3.210804607079E-006  3.888567909598E-003  0.000000000000E+000  0.000000000000E+000  0.000000000000E+000  0.000000000000E+000  0.000000000000E+000  0.000000000000E+000
   1.225000000000E+002  1.000000000000E+000  5.474599599838E-001  1.920861541294E-003  4.467010498047E-001  2.637956094986E-005  3.210775957996E-006  3.888562554494E-003  0.000000000000E+000  0.000000000000E+000  0.000000000000E+000  0.000000000000E+000  0.000000000000E+000  0.000000000000E+000
   1.227500000000E+002  1.000000000000E+000  5.474605560303E-001  1.920853857882E-003  4.467004239559E-001  2.637904799485E-005  3.211359626221E-006  3.888568840921E-003  0.000000000000E+000  0.000000000000E+000  0.000000000000E+000  0.000000000000E+000  0.000000000000E+000  0.000000000000E+000
   1.230000000000E+002  1.000000000000E+000  5.474606156349E-001  1.920850132592E-003  4.467003941536E-001  2.637901889102E-005  3.211323928554E-006  3.888559760526E-003  0.000000000000E+000  0.000000000000E+000  0.000000000000E+000  0.000000000000E+000  0.000000000000E+000  0.000000000000E+000
   1.232500000000E+002  1.000000000000E+000  5.474606156349E-001  1.920847105794E-003  4.467003643513E-001  2.637898978719E-005  3.211306648154E-006  3.888552775607E-003  0.000000000000E+000  0.000000000000E+000  0.000000000000E+000  0.000000000000E+000  0.000000000000E+000  0.000000000000E+000
   1.235000000000E+002  1.000000000000E+000  5.474610328674E-001  1.920844311826E-003  4.466999471188E-001  2.637963552843E-005  3.211541070414E-006  3.888549050316E-003  0.000000000000E+000  0.000000000000E+000  0.000000000000E+000  0.000000000000E+000  0.000000000000E+000  0.000000000000E+000
   1.237500000000E+002  1.000000000000E+000  5.474610924721E-001  1.920839771628E-003  4.466999471188E-001  2.637958277774E-005  3.211533339709E-006  3.888539038599E-003  0.000000000000E+000  0.000000000000E+000  0.000000000000E+000  0.000000000000E+000  0.000000000000E+000  0.000000000000E+000
   1.240000000000E+002  1.000000000000E+000  5.474611520767E-001  1.920837326907E-003  4.466999173164E-001  2.637954457896E-005  3.211535386072E-006  3.888533916324E-003  0.000000000000E+000  0.000000000000E+000  0.000000000000E+000  0.000000000000E+000  0.000000000000E+000  0.000000000000E+000
   1.242500000000E+002  1.000000000000E+000  5.474614500999E-001  1.920837326907E-003  4.466995596886E-001  2.637871148181E-005  3.211261400793E-006  3.888532286510E-003  0.000000000000E+000  0.000000000000E+000  0.000000000000E+000  0.000000000000E+000  0.000000000000E+000  0.000000000000E+000
   1.245000000000E+002  1.000000000000E+000  5.474615097046E-001  1.920833019540E-003  4.466995596886E-001  2.637866600708E-005  3.211241164536E-006  3.888522740453E-003  0.000000000000E+000  0.000000000000E+000  0.000000000000E+000  0.000000000000E+000  0.000000000000E+000  0.000000000000E+000
   1.247500000000E+002  1.000000000000E+000  5.474618077278E-001  1.920823124237E-003  4.466992318630E-001  2.637725447130E-005  3.211678176740E-006  3.888526931405E-003  0.000000000000E+000  0.000000000000E+000  0.000000000000E+000  0.000000000000E+000  0.000000000000E+000  0.000000000000E+000
   1.250000000000E+002  1.000000000000E+000  5.474618673325E-001  1.920818584040E-003  4.466992020607E-001  2.637724173837E-005  3.211612465748E-006  3.888514824212E-003  0.000000000000E+000  0.000000000000E+000  0.000000000000E+000  0.000000000000E+000  0.000000000000E+000  0.000000000000E+000
   1.252500000000E+002  1.000000000000E+000  5.474619269371E-001  1.920815790072E-003  4.466991424561E-001  2.637727266119E-005  3.211515377188E-006  3.888505278155E-003  0.000000000000E+000  0.000000000000E+000  0.000000000000E+000  0.000000000000E+000  0.000000000000E+000  0.000000000000E+000
   1.255000000000E+002  1.000000000000E+000  5.474619865417E-001  1.920814625919E-003  4.466991126537E-001  2.637733086885E-005  3.211444209228E-006  3.888499923050E-003  0.000000000000E+000  0.000000000000E+000  0.000000000000E+000  0.000000000000E+000  0.000000000000E+000  0.000000000000E+000
   1.257500000000E+002  1.000000000000E+000  5.474626421928E-001  1.920817769133E-003  4.466984570026E-001  2.637732723088E-005  3.211374860257E-006  3.888505045325E-003  0.000000000000E+000  0.000000000000E+000  0.000000000000E+000  0.000000000000E+000  0.000000000000E+000  0.000000000000E+000
   1.260000000000E+002  1.000000000000E+000  5.474632382393E-001  1.920803915709E-003  4.466978609562E-001  2.637491161295E-005  3.212204774172E-006  3.888521809131E-003  0.000000000000E+000  0.000000000000E+000  0.000000000000E+000  0.000000000000E+000  0.000000000000E+000  0.000000000000E+000
   1.262500000000E+002  1.000000000000E+000  5.474632978439E-001  1.920798677020E-003  4.466978311539E-001  2.637491343194E-005  3.212180445189E-006  3.888509469107E-003  0.000000000000E+000  0.000000000000E+000  0.000000000000E+000  0.000000000000E+000  0.000000000000E+000  0.000000000000E+000
   1.265000000000E+002  1.000000000000E+000  5.474632978439E-001  1.920796115883E-003  4.466978311539E-001  2.637484794832E-005  3.212149522369E-006  3.888503182679E-003  0.000000000000E+000  0.000000000000E+000  0.000000000000E+000  0.000000000000E+000  0.000000000000E+000  0.000000000000E+000
   1.267500000000E+002  1.000000000000E+000  5.474634766579E-001  1.920794486068E-003  4.466976225376E-001  2.637420584506E-005  3.211954208382E-006  3.888498758897E-003  0.000000000000E+000  0.000000000000E+000  0.000000000000E+000  0.000000000000E+000  0.000000000000E+000  0.000000000000E+000
   1.270000000000E+002  1.000000000000E+000  5.474635958672E-001  1.920791924931E-003  4.466975033283E-001  2.637414945639E-005  3.211914190615E-006  3.888492472470E-003  0.000000000000E+000  0.000000000000E+000  0.000000000000E+000  0.000000000000E+000  0.000000000000E+000  0.000000000000E+000
   1.272500000000E+002  1.000000000000E+000  5.474642515182E-001  1.920787035488E-003  4.466968774796E-001  2.637375291670E-005  3.212462843294E-006  3.888502949849E-003  0.000000000000E+000  0.000000000000E+000  0.000000000000E+000  0.000000000000E+000  0.000000000000E+000  0.000000000000E+000
   1.275000000000E+002  1.000000000000E+000  5.474643707275E-001  1.920818001963E-003  4.466967582703E-001  2.637912803038E-005  3.210677050447E-006  3.888468258083E-003  0.000000000000E+000  0.000000000000E+000  0.000000000000E+000  0.000000000000E+000  0.000000000000E+000  0.000000000000E+000
   1.277500000000E+002  1.000000000000E+000  5.474644303322E-001  1.920813927427E-003  4.466966986656E-001  2.637917168613E-005  3.210580416635E-006  3.888455918059E-003  0.000000000000E+000  0.000000000000E+000  0.000000000000E+000  0.000000000000E+000  0.000000000000E+000  0.000000000000E+000
   1.280000000000E+002  1.000000000000E+000  5.474644303322E-001  1.920812414028E-003  4.466966986656E-001  2.637923898874E-005  3.210489921912E-006  3.888448933139E-003  0.000000000000E+000  0.000000000000E+000  0.000000000000E+000  0.000000000000E+000  0.000000000000E+000  0.000000000000E+000
   1.282500000000E+002  1.000000000000E+000  5.474649071693E-001  1.920838956721E-003  4.466962516308E-001  2.638339356054E-005  3.209113401681E-006  3.888428211212E-003  0.000000000000E+000  0.000000000000E+000  0.000000000000E+000  0.000000000000E+000  0.000000000000E+000  0.000000000000E+000
   1.285000000000E+002  1.000000000000E+000  5.474649667740E-001  1.920836511999E-003  4.466961920261E-001  2.638345540618E-005  3.209019268979E-006  3.888419363648E-003  0.000000000000E+000  0.000000000000E+000  0.000000000000E+000  0.000000000000E+000  0.000000000000E+000  0.000000000000E+000
   1.287500000000E+002  1.000000000000E+000  5.474655032158E-001  1.920835929923E-003  4.466956555843E-001  2.638182559167E-005  3.208976522728E-006  3.888430772349E-003  0.000000000000E+000  0.000000000000E+000  0.000000000000E+000  0.000000000000E+000  0.000000000000E+000  0.000000000000E+000
   1.290000000000E+002  1.000000000000E+000  5.474655032158E-001  1.920833485201E-003  4.466956257820E-001  2.638190198923E-005  3.208881707906E-006  3.888421691954E-003  0.000000000000E+000  0.000000000000E+000  0.000000000000E+000  0.000000000000E+000  0.000000000000E+000  0.000000000000E+000
   1.292500000000E+002  1.000000000000E+000  5.474659204483E-001  1.920831506141E-003  4.466952681541E-001  2.638265505084E-005  3.209017222616E-006  3.888415405527E-003  0.000000000000E+000  0.000000000000E+000  0.000000000000E+000  0.000000000000E+000  0.000000000000E+000  0.000000000000E+000
   1.295000000000E+002  1.000000000000E+000  5.474659800529E-001  1.920827780850E-003  4.466952085495E-001  2.638273326738E-005  3.208917860320E-006  3.888403531164E-003  0.000000000000E+000  0.000000000000E+000  0.000000000000E+000  0.000000000000E+000  0.000000000000E+000  0.000000000000E+000
   1.297500000000E+002  1.000000000000E+000  5.474662780762E-001  1.920830341987E-003  4.466949105263E-001  2.638206387928E-005  3.208570888091E-006  3.888403763995E-003  0.000000000000E+000  0.000000000000E+000  0.000000000000E+000  0.000000000000E+000  0.000000000000E+000  0.000000000000E+000
   1.300000000000E+002  1.000000000000E+000  5.474668145180E-001  1.920825452544E-003  4.466943740845E-001  2.638149271661E-005  3.209016767869E-006  3.888412378728E-003  0.000000000000E+000  0.000000000000E+000  0.000000000000E+000  0.000000000000E+000  0.000000000000E+000  0.000000000000E+000
   1.302500000000E+002  1.000000000000E+000  5.474671125412E-001  1.920817070641E-003  4.466940462589E-001  2.638018850121E-005  3.209414444427E-006  3.888417733833E-003  0.000000000000E+000  0.000000000000E+000  0.000000000000E+000  0.000000000000E+000  0.000000000000E+000  0.000000000000E+000
   1.305000000000E+002  1.000000000000E+000  5.474671721458E-001  1.920816139318E-003  4.466939866543E-001  2.638031037350E-005  3.209366241208E-006  3.888413077220E-003  0.000000000000E+000  0.000000000000E+000  0.000000000000E+000  0.000000000000E+000  0.000000000000E+000  0.000000000000E+000
   1.307500000000E+002  1.000000000000E+000  5.474672317505E-001  1.920813112520E-003  4.466939866543E-001  2.638040677994E-005  3.209311898900E-006  3.888403763995E-003  0.000000000000E+000  0.000000000000E+000  0.000000000000E+000  0.000000000000E+000  0.000000000000E+000  0.000000000000E+000
   1.310000000000E+002  1.000000000000E+000  5.474673509598E-001  1.920809387229E-003  4.466938972473E-001  2.638049772941E-005  3.209255282854E-006  3.888393053785E-003  0.000000000000E+000  0.000000000000E+000  0.000000000000E+000  0.000000000000E+000  0.000000000000E+000  0.000000000000E+000
   1.312500000000E+002  1.000000000000E+000  5.474673509598E-001  1.920806476846E-003  4.466938674450E-001  2.638059959281E-005  3.209193437215E-006  3.888383973390E-003  0.000000000000E+000  0.000000000000E+000  0.000000000000E+000  0.000000000000E+000  0.000000000000E+000  0.000000000000E+000
   1.315000000000E+002  1.000000000000E+000  5.474677085876E-001  1.920808106661E-003  4.466934800148E-001  2.638141631905E-005  3.209376927771E-006  3.888386534527E-003  0.000000000000E+000  0.000000000000E+000  0.000000000000E+000  0.000000000000E+000  0.000000000000E+000  0.000000000000E+000
   1.317500000000E+002  1.000000000000E+000  5.474680662155E-001  1.920798211358E-003  4.466931521893E-001  2.638014484546E-005  3.209758006051E-006  3.888387931511E-003  0.000000000000E+000  0.000000000000E+000  0.000000000000E+000  0.000000000000E+000  0.000000000000E+000  0.000000000000E+000
   1.320000000000E+002  1.000000000000E+000  5.474681258202E-001  1.920795650221E-003  4.466931223869E-001  2.638025580382E-005  3.209679107385E-006  3.888378618285E-003  0.000000000000E+000  0.000000000000E+000  0.000000000000E+000  0.000000000000E+000  0.000000000000E+000  0.000000000000E+000
   1.322500000000E+002  1.000000000000E+000  5.474681854248E-001  1.920794951729E-003  4.466930925846E-001  2.638038495206E-005  3.209608394172E-006  3.888373961672E-003  0.000000000000E+000  0.000000000000E+000  0.000000000000E+000  0.000000000000E+000  0.000000000000E+000  0.000000000000E+000
   1.325000000000E+002  1.000000000000E+000  5.474684834480E-001  1.920787966810E-003  4.466927945614E-001  2.637935358507E-005  3.209917167624E-006  3.888377221301E-003  0.000000000000E+000  0.000000000000E+000  0.000000000000E+000  0.000000000000E+000  0.000000000000E+000  0.000000000000E+000
   1.327500000000E+002  1.000000000000E+000  5.474688410759E-001  1.920786919072E-003  4.466924071312E-001  2.638019032020E-005  3.210084969396E-006  3.888373263180E-003  0.000000000000E+000  0.000000000000E+000  0.000000000000E+000  0.000000000000E+000  0.000000000000E+000  0.000000000000E+000
   1.330000000000E+002  1.000000000000E+000  5.474689006805E-001  1.920784823596E-003  4.466923475266E-001  2.638041405589E-005  3.210035401935E-006  3.888365346938E-003  0.000000000000E+000  0.000000000000E+000  0.000000000000E+000  0.000000000000E+000  0.000000000000E+000  0.000000000000E+000
   1.332500000000E+002  1.000000000000E+000  5.474689602852E-001  1.920782262459E-003  4.466923177242E-001  2.638063415361E-005  3.209983333363E-006  3.888356033713E-003  0.000000000000E+000  0.000000000000E+000  0.000000000000E+000  0.000000000000E+000  0.000000000000E+000  0.000000000000E+000
   1.335000000000E+002  1.000000000000E+000  5.474689602852E-001  1.920781098306E-003  4.466923177242E-001  2.638086334628E-005  3.209937631254E-006  3.888349980116E-003  0.000000000000E+000  0.000000000000E+000  0.000000000000E+000  0.000000000000E+000  0.000000000000E+000  0.000000000000E+000
   1.337500000000E+002  1.000000000000E+000  5.474694967270E-001  1.920785638504E-003  4.466917514801E-001  2.637945908646E-005  3.209398755644E-006  3.888355102390E-003  0.000000000000E+000  0.000000000000E+000  0.000000000000E+000  0.000000000000E+000  0.000000000000E+000  0.000000000000E+000
   1.340000000000E+002  1.000000000000E+000  5.474695563316E-001  1.920782378875E-003  4.466917514801E-001  2.637958277774E-005  3.209380565750E-006  3.888346254826E-003  0.000000000000E+000  0.000000000000E+000  0.000000000000E+000  0.000000000000E+000  0.000000000000E+000  0.000000000000E+000
   1.342500000000E+002  1.000000000000E+000  5.474696159363E-001  1.920779934153E-003  4.466916918755E-001  2.637974466779E-005  3.209327360310E-006  3.888337872922E-003  0.000000000000E+000  0.000000000000E+000  0.000000000000E+000  0.000000000000E+000  0.000000000000E+000  0.000000000000E+000
   1.345000000000E+002  1.000000000000E+000  5.474699139595E-001  1.920772134326E-003  4.466913640499E-001  2.637878606038E-005  3.209643409718E-006  3.888338804245E-003  0.000000000000E+000  0.000000000000E+000  0.000000000000E+000  0.000000000000E+000  0.000000000000E+000  0.000000000000E+000
   1.347500000000E+002  1.000000000000E+000  5.474699735641E-001  1.920770038851E-003  4.466913342476E-001  2.637896068336E-005  3.209581564079E-006  3.888330888003E-003  0.000000000000E+000  0.000000000000E+000  0.000000000000E+000  0.000000000000E+000  0.000000000000E+000  0.000000000000E+000
   1.350000000000E+002  1.000000000000E+000  5.474703311920E-001  1.920762006193E-003  4.466910064220E-001  2.637772922753E-005  3.209988790331E-006  3.888336708769E-003  0.000000000000E+000  0.000000000000E+000  0.000000000000E+000  0.000000000000E+000  0.000000000000E+000  0.000000000000E+000
   1.352500000000E+002  1.000000000000E+000  5.474705100060E-001  1.920756767504E-003  4.466907978058E-001  2.637698344188E-005  3.210164777556E-006  3.888337174430E-003  0.000000000000E+000  0.000000000000E+000  0.000000000000E+000  0.000000000000E+000  0.000000000000E+000  0.000000000000E+000
   1.355000000000E+002  1.000000000000E+000  5.474705696106E-001  1.920754904859E-003  4.466907978058E-001  2.637681427586E-005  3.210084059901E-006  3.888332052156E-003  0.000000000000E+000  0.000000000000E+000  0.000000000000E+000  0.000000000000E+000  0.000000000000E+000  0.000000000000E+000
   1.357500000000E+002  1.000000000000E+000  5.474708676338E-001  1.920746057294E-003  4.466904699802E-001  2.637527541083E-005  3.210488330296E-006  3.888338571414E-003  0.000000000000E+000  0.000000000000E+000  0.000000000000E+000  0.000000000000E+000  0.000000000000E+000  0.000000000000E+000
   1.360000000000E+002  1.000000000000E+000  5.474713444710E-001  1.920778770000E-003  4.466899931431E-001  2.638113073772E-005  3.209004489690E-006  3.888313891366E-003  0.000000000000E+000  0.000000000000E+000  0.000000000000E+000  0.000000000000E+000  0.000000000000E+000  0.000000000000E+000
   1.362500000000E+002  1.000000000000E+000  5.474713444710E-001  1.920777140185E-003  4.466899633408E-001  2.638098521857E-005  3.208982434444E-006  3.888310631737E-003  0.000000000000E+000  0.000000000000E+000  0.000000000000E+000  0.000000000000E+000  0.000000000000E+000  0.000000000000E+000
   1.365000000000E+002  1.000000000000E+000  5.474717617035E-001  1.920775277540E-003  4.466895461082E-001  2.638149453560E-005  3.209187752873E-006  3.888309001923E-003  0.000000000000E+000  0.000000000000E+000  0.000000000000E+000  0.000000000000E+000  0.000000000000E+000  0.000000000000E+000
   1.367500000000E+002  1.000000000000E+000  5.474717617035E-001  1.920771435834E-003  4.466895461082E-001  2.638132900756E-005  3.209155238437E-006  3.888300852850E-003  0.000000000000E+000  0.000000000000E+000  0.000000000000E+000  0.000000000000E+000  0.000000000000E+000  0.000000000000E+000
   1.370000000000E+002  1.000000000000E+000  5.474718213081E-001  1.920767710544E-003  4.466895461082E-001  2.638117621245E-005  3.209127498849E-006  3.888292936608E-003  0.000000000000E+000  0.000000000000E+000  0.000000000000E+000  0.000000000000E+000  0.000000000000E+000  0.000000000000E+000
   1.372500000000E+002  1.000000000000E+000  5.474718213081E-001  1.920762122609E-003  4.466895461082E-001  2.638102705532E-005  3.209095211787E-006  3.888280829415E-003  0.000000000000E+000  0.000000000000E+000  0.000000000000E+000  0.000000000000E+000  0.000000000000E+000  0.000000000000E+000
   1.375000000000E+002  1.000000000000E+000  5.474718809128E-001  1.920758862980E-003  4.466894865036E-001  2.638089972606E-005  3.209066562704E-006  3.888273844495E-003  0.000000000000E+000  0.000000000000E+000  0.000000000000E+000  0.000000000000E+000  0.000000000000E+000  0.000000000000E+000
   1.377500000000E+002  1.000000000000E+000  5.474718809128E-001  1.920756767504E-003  4.466894865036E-001  2.638078331074E-005  3.209037686247E-006  3.888269187883E-003  0.000000000000E+000  0.000000000000E+000  0.000000000000E+000  0.000000000000E+000  0.000000000000E+000  0.000000000000E+000
   1.380000000000E+002  1.000000000000E+000  5.474721789360E-001  1.920748851262E-003  4.466892182827E-001  2.637951001816E-005  3.209392616554E-006  3.888274077326E-003  0.000000000000E+000  0.000000000000E+000  0.000000000000E+000  0.000000000000E+000  0.000000000000E+000  0.000000000000E+000
   1.382500000000E+002  1.000000000000E+000  5.474722385406E-001  1.920745824464E-003  4.466891586781E-001  2.637938450789E-005  3.209360329492E-006  3.888267325237E-003  0.000000000000E+000  0.000000000000E+000  0.000000000000E+000  0.000000000000E+000  0.000000000000E+000  0.000000000000E+000
   1.385000000000E+002  1.000000000000E+000  5.474725961685E-001  1.920747221448E-003  4.466888010502E-001  2.637849866005E-005  3.209072929167E-006  3.888268955052E-003  0.000000000000E+000  0.000000000000E+000  0.000000000000E+000  0.000000000000E+000  0.000000000000E+000  0.000000000000E+000
   1.387500000000E+002  1.000000000000E+000  5.474727153778E-001  1.920778770000E-003  4.466886520386E-001  2.638383193698E-005  3.207296913388E-006  3.888236358762E-003  0.000000000000E+000  0.000000000000E+000  0.000000000000E+000  0.000000000000E+000  0.000000000000E+000  0.000000000000E+000
   1.390000000000E+002  1.000000000000E+000  5.474730730057E-001  1.920779352076E-003  4.466883540154E-001  2.638290789037E-005  3.206994961147E-006  3.888235893101E-003  0.000000000000E+000  0.000000000000E+000  0.000000000000E+000  0.000000000000E+000  0.000000000000E+000  0.000000000000E+000
   1.392500000000E+002  1.000000000000E+000  5.474733114243E-001  1.920771901496E-003  4.466880559921E-001  2.638165824465E-005  3.207333293176E-006  3.888241015375E-003  0.000000000000E+000  0.000000000000E+000  0.000000000000E+000  0.000000000000E+000  0.000000000000E+000  0.000000000000E+000
   1.395000000000E+002  1.000000000000E+000  5.474733710289E-001  1.920768641867E-003  4.466880559921E-001  2.638154728629E-005  3.207284407836E-006  3.888233099133E-003  0.000000000000E+000  0.000000000000E+000  0.000000000000E+000  0.000000000000E+000  0.000000000000E+000  0.000000000000E+000
   1.397500000000E+002  1.000000000000E+000  5.474733710289E-001  1.920766895637E-003  4.466880559921E-001  2.638146906975E-005  3.207233476132E-006  3.888228209689E-003  0.000000000000E+000  0.000000000000E+000  0.000000000000E+000  0.000000000000E+000  0.000000000000E+000  0.000000000000E+000
   1.400000000000E+002  1.000000000000E+000  5.474740266800E-001  1.920752925798E-003  4.466874003410E-001  2.637861325638E-005  3.208116368114E-006  3.888250561431E-003  0.000000000000E+000  0.000000000000E+000  0.000000000000E+000  0.000000000000E+000  0.000000000000E+000  0.000000000000E+000
   1.402500000000E+002  1.000000000000E+000  5.474740862846E-001  1.920748502016E-003  4.466873705387E-001  2.637851321197E-005  3.208054067727E-006  3.888239385560E-003  0.000000000000E+000  0.000000000000E+000  0.000000000000E+000  0.000000000000E+000  0.000000000000E+000  0.000000000000E+000
   1.405000000000E+002  1.000000000000E+000  5.474741458893E-001  1.920744427480E-003  4.466873109341E-001  2.637841680553E-005  3.207993586329E-006  3.888229141012E-003  0.000000000000E+000  0.000000000000E+000  0.000000000000E+000  0.000000000000E+000  0.000000000000E+000  0.000000000000E+000
   1.407500000000E+002  1.000000000000E+000  5.474748015404E-001  1.920748385601E-003  4.466866254807E-001  2.637972647790E-005  3.208424459444E-006  3.888241015375E-003  0.000000000000E+000  0.000000000000E+000  0.000000000000E+000  0.000000000000E+000  0.000000000000E+000  0.000000000000E+000
   1.410000000000E+002  1.000000000000E+000  5.474748015404E-001  1.920745475218E-003  4.466866254807E-001  2.637968100316E-005  3.208365114915E-006  3.888233099133E-003  0.000000000000E+000  0.000000000000E+000  0.000000000000E+000  0.000000000000E+000  0.000000000000E+000  0.000000000000E+000
   1.412500000000E+002  1.000000000000E+000  5.474748015404E-001  1.920742448419E-003  4.466866552830E-001  2.637966827024E-005  3.208313501091E-006  3.888224950060E-003  0.000000000000E+000  0.000000000000E+000  0.000000000000E+000  0.000000000000E+000  0.000000000000E+000  0.000000000000E+000
   1.415000000000E+002  1.000000000000E+000  5.474748015404E-001  1.920739421621E-003  4.466866552830E-001  2.637965371832E-005  3.208261659893E-006  3.888216568157E-003  0.000000000000E+000  0.000000000000E+000  0.000000000000E+000  0.000000000000E+000  0.000000000000E+000  0.000000000000E+000
   1.417500000000E+002  1.000000000000E+000  5.474748015404E-001  1.920736278407E-003  4.466866552830E-001  2.637965008034E-005  3.208227781215E-006  3.888208651915E-003  0.000000000000E+000  0.000000000000E+000  0.000000000000E+000  0.000000000000E+000  0.000000000000E+000  0.000000000000E+000
   1.420000000000E+002  1.000000000000E+000  5.474748015404E-001  1.920732785948E-003  4.466866552830E-001  2.637960460561E-005  3.208229600205E-006  3.888200968504E-003  0.000000000000E+000  0.000000000000E+000  0.000000000000E+000  0.000000000000E+000  0.000000000000E+000  0.000000000000E+000
   1.422500000000E+002  1.000000000000E+000  5.474748611450E-001  1.920730457641E-003  4.466866254807E-001  2.637951001816E-005  3.208274620192E-006  3.888198407367E-003  0.000000000000E+000  0.000000000000E+000  0.000000000000E+000  0.000000000000E+000  0.000000000000E+000  0.000000000000E+000
   1.425000000000E+002  1.000000000000E+000  5.474748611450E-001  1.920726150274E-003  4.466866552830E-001  2.637939178385E-005  3.208328507753E-006  3.888191422448E-003  0.000000000000E+000  0.000000000000E+000  0.000000000000E+000  0.000000000000E+000  0.000000000000E+000  0.000000000000E+000
   1.427500000000E+002  1.000000000000E+000  5.474749207497E-001  1.920721144415E-003  4.466865658760E-001  2.637926991156E-005  3.208380576325E-006  3.888183273375E-003  0.000000000000E+000  0.000000000000E+000  0.000000000000E+000  0.000000000000E+000  0.000000000000E+000  0.000000000000E+000
   1.430000000000E+002  1.000000000000E+000  5.474749803543E-001  1.920718932524E-003  4.466865658760E-001  2.637916804815E-005  3.208444240954E-006  3.888181177899E-003  0.000000000000E+000  0.000000000000E+000  0.000000000000E+000  0.000000000000E+000  0.000000000000E+000  0.000000000000E+000
   1.432500000000E+002  1.000000000000E+000  5.474752187729E-001  1.920718466863E-003  4.466862678528E-001  2.637828220031E-005  3.208241651009E-006  3.888181177899E-003  0.000000000000E+000  0.000000000000E+000  0.000000000000E+000  0.000000000000E+000  0.000000000000E+000  0.000000000000E+000
   1.435000000000E+002  1.000000000000E+000  5.474752187729E-001  1.920714159496E-003  4.466862678528E-001  2.637816396600E-005  3.208296448065E-006  3.888174425811E-003  0.000000000000E+000  0.000000000000E+000  0.000000000000E+000  0.000000000000E+000  0.000000000000E+000  0.000000000000E+000
   1.437500000000E+002  1.000000000000E+000  5.474752783775E-001  1.920708105899E-003  4.466862678528E-001  2.637803481775E-005  3.208339194316E-006  3.888163482770E-003  0.000000000000E+000  0.000000000000E+000  0.000000000000E+000  0.000000000000E+000  0.000000000000E+000  0.000000000000E+000
   1.440000000000E+002  1.000000000000E+000  5.474752783775E-001  1.920703914948E-003  4.466862678528E-001  2.637792022142E-005  3.208385123799E-006  3.888156730682E-003  0.000000000000E+000  0.000000000000E+000  0.000000000000E+000  0.000000000000E+000  0.000000000000E+000  0.000000000000E+000
   1.442500000000E+002  1.000000000000E+000  5.474755764008E-001  1.920695300214E-003  4.466859996319E-001  2.637665966176E-005  3.208814405298E-006  3.888162318617E-003  0.000000000000E+000  0.000000000000E+000  0.000000000000E+000  0.000000000000E+000  0.000000000000E+000  0.000000000000E+000
   1.445000000000E+002  1.000000000000E+000  5.474758744240E-001  1.920687500387E-003  4.466857016087E-001  2.637544093886E-005  3.209230044376E-006  3.888168837875E-003  0.000000000000E+000  0.000000000000E+000  0.000000000000E+000  0.000000000000E+000  0.000000000000E+000  0.000000000000E+000
   1.447500000000E+002  1.000000000000E+000  5.474761724472E-001  1.920679351315E-003  4.466854035854E-001  2.637397847138E-005  3.209734131815E-006  3.888179780915E-003  0.000000000000E+000  0.000000000000E+000  0.000000000000E+000  0.000000000000E+000  0.000000000000E+000  0.000000000000E+000
   1.450000000000E+002  1.000000000000E+000  5.474768280983E-001  1.920680748299E-003  4.466847479343E-001  2.637375291670E-005  3.209740270904E-006  3.888185136020E-003  0.000000000000E+000  0.000000000000E+000  0.000000000000E+000  0.000000000000E+000  0.000000000000E+000  0.000000000000E+000
   1.452500000000E+002  1.000000000000E+000  5.474768280983E-001  1.920677255839E-003  4.466847479343E-001  2.637368015712E-005  3.209739816157E-006  3.888177918270E-003  0.000000000000E+000  0.000000000000E+000  0.000000000000E+000  0.000000000000E+000  0.000000000000E+000  0.000000000000E+000
   1.455000000000E+002  1.000000000000E+000  5.474768280983E-001  1.920674578287E-003  4.466847181320E-001  2.637364195834E-005  3.209704345863E-006  3.888171166182E-003  0.000000000000E+000  0.000000000000E+000  0.000000000000E+000  0.000000000000E+000  0.000000000000E+000  0.000000000000E+000
   1.457500000000E+002  1.000000000000E+000  5.474771857262E-001  1.920667942613E-003  4.466843903065E-001  2.637221587065E-005  3.210151135136E-006  3.888183040544E-003  0.000000000000E+000  0.000000000000E+000  0.000000000000E+000  0.000000000000E+000  0.000000000000E+000  0.000000000000E+000
   1.460000000000E+002  1.000000000000E+000  5.474773049355E-001  1.920699025504E-003  4.466842412949E-001  2.637749821588E-005  3.208416273992E-006  3.888151375577E-003  0.000000000000E+000  0.000000000000E+000  0.000000000000E+000  0.000000000000E+000  0.000000000000E+000  0.000000000000E+000
   1.462500000000E+002  1.000000000000E+000  5.474776625633E-001  1.920698676258E-003  4.466839134693E-001  2.637815305206E-005  3.208624320905E-006  3.888151608407E-003  0.000000000000E+000  0.000000000000E+000  0.000000000000E+000  0.000000000000E+000  0.000000000000E+000  0.000000000000E+000
   1.465000000000E+002  1.000000000000E+000  5.474776625633E-001  1.920695765875E-003  4.466839134693E-001  2.637811121531E-005  3.208587713743E-006  3.888144390658E-003  0.000000000000E+000  0.000000000000E+000  0.000000000000E+000  0.000000000000E+000  0.000000000000E+000  0.000000000000E+000
   1.467500000000E+002  1.000000000000E+000  5.474777221680E-001  1.920693437569E-003  4.466838538647E-001  2.637802208483E-005  3.208531779819E-006  3.888138104230E-003  0.000000000000E+000  0.000000000000E+000  0.000000000000E+000  0.000000000000E+000  0.000000000000E+000  0.000000000000E+000
   1.470000000000E+002  1.000000000000E+000  5.474779009819E-001  1.920693204738E-003  4.466836750507E-001  2.637737634359E-005  3.208284397260E-006  3.888135310262E-003  0.000000000000E+000  0.000000000000E+000  0.000000000000E+000  0.000000000000E+000  0.000000000000E+000  0.000000000000E+000
   1.472500000000E+002  1.000000000000E+000  5.474779605865E-001  1.920688897371E-003  4.466836750507E-001  2.637726720423E-005  3.208199359506E-006  3.888123901561E-003  0.000000000000E+000  0.000000000000E+000  0.000000000000E+000  0.000000000000E+000  0.000000000000E+000  0.000000000000E+000
   1.475000000000E+002  1.000000000000E+000  5.474781990051E-001  1.920688198879E-003  4.466834068298E-001  2.637764191604E-005  3.208294401702E-006  3.888122271746E-003  0.000000000000E+000  0.000000000000E+000  0.000000000000E+000  0.000000000000E+000  0.000000000000E+000  0.000000000000E+000
   1.477500000000E+002  1.000000000000E+000  5.474783778191E-001  1.920681563206E-003  4.466831982136E-001  2.637663601490E-005  3.208556790923E-006  3.888124832883E-003  0.000000000000E+000  0.000000000000E+000  0.000000000000E+000  0.000000000000E+000  0.000000000000E+000  0.000000000000E+000
   1.480000000000E+002  1.000000000000E+000  5.474783778191E-001  1.920678652823E-003  4.466832280159E-001  2.637654324644E-005  3.208504949725E-006  3.888117615134E-003  0.000000000000E+000  0.000000000000E+000  0.000000000000E+000  0.000000000000E+000  0.000000000000E+000  0.000000000000E+000
   1.482500000000E+002  1.000000000000E+000  5.474783778191E-001  1.920675975271E-003  4.466832280159E-001  2.637645775394E-005  3.208447651559E-006  3.888110397384E-003  0.000000000000E+000  0.000000000000E+000  0.000000000000E+000  0.000000000000E+000  0.000000000000E+000  0.000000000000E+000
   1.485000000000E+002  1.000000000000E+000  5.474784374237E-001  1.920675276779E-003  4.466831982136E-001  2.637639227032E-005  3.208399448340E-006  3.888107836246E-003  0.000000000000E+000  0.000000000000E+000  0.000000000000E+000  0.000000000000E+000  0.000000000000E+000  0.000000000000E+000
   1.487500000000E+002  1.000000000000E+000  5.474787354469E-001  1.920676906593E-003  4.466829001904E-001  2.637554280227E-005  3.208082262063E-006  3.888108534738E-003  0.000000000000E+000  0.000000000000E+000  0.000000000000E+000  0.000000000000E+000  0.000000000000E+000  0.000000000000E+000
   1.490000000000E+002  1.000000000000E+000  5.474788546562E-001  1.920697395690E-003  4.466827809811E-001  2.637903344294E-005  3.206901737940E-006  3.888086415827E-003  0.000000000000E+000  0.000000000000E+000  0.000000000000E+000  0.000000000000E+000  0.000000000000E+000  0.000000000000E+000
   1.492500000000E+002  1.000000000000E+000  5.474788546562E-001  1.920694368891E-003  4.466827809811E-001  2.637896977831E-005  3.206871724615E-006  3.888079430908E-003  0.000000000000E+000  0.000000000000E+000  0.000000000000E+000  0.000000000000E+000  0.000000000000E+000  0.000000000000E+000
   1.495000000000E+002  1.000000000000E+000  5.474788546562E-001  1.920691458508E-003  4.466828107834E-001  2.637890611368E-005  3.206842393411E-006  3.888072445989E-003  0.000000000000E+000  0.000000000000E+000  0.000000000000E+000  0.000000000000E+000  0.000000000000E+000  0.000000000000E+000
   1.497500000000E+002  1.000000000000E+000  5.474791526794E-001  1.920683193021E-003  4.466824829578E-001  2.637747638801E-005  3.207275085515E-006  3.888080362231E-003  0.000000000000E+000  0.000000000000E+000  0.000000000000E+000  0.000000000000E+000  0.000000000000E+000  0.000000000000E+000
   1.500000000000E+002  1.000000000000E+000  5.474795103073E-001  1.920682727359E-003  4.466821551323E-001  2.637809302541E-005  3.207483359802E-006  3.888081060722E-003  0.000000000000E+000  0.000000000000E+000  0.000000000000E+000  0.000000000000E+000  0.000000000000E+000  0.000000000000E+000
   1.502500000000E+002  1.000000000000E+000  5.474798083305E-001  1.920674578287E-003  4.466818571091E-001  2.637690704432E-005  3.207828285667E-006  3.888084320351E-003  0.000000000000E+000  0.000000000000E+000  0.000000000000E+000  0.000000000000E+000  0.000000000000E+000  0.000000000000E+000
   1.505000000000E+002  1.000000000000E+000  5.474798083305E-001  1.920673181303E-003  4.466818571091E-001  2.637685611262E-005  3.207804638805E-006  3.888080595061E-003  0.000000000000E+000  0.000000000000E+000  0.000000000000E+000  0.000000000000E+000  0.000000000000E+000  0.000000000000E+000
   1.507500000000E+002  1.000000000000E+000  5.474798083305E-001  1.920670154504E-003  4.466818869114E-001  2.637679426698E-005  3.207774398106E-006  3.888073842973E-003  0.000000000000E+000  0.000000000000E+000  0.000000000000E+000  0.000000000000E+000  0.000000000000E+000  0.000000000000E+000
   1.510000000000E+002  1.000000000000E+000  5.474800467491E-001  1.920662936755E-003  4.466816186905E-001  2.637558827701E-005  3.208133421140E-006  3.888079430908E-003  0.000000000000E+000  0.000000000000E+000  0.000000000000E+000  0.000000000000E+000  0.000000000000E+000  0.000000000000E+000
   1.512500000000E+002  1.000000000000E+000  5.474800467491E-001  1.920659909956E-003  4.466816186905E-001  2.637556099216E-005  3.208113184883E-006  3.888072678819E-003  0.000000000000E+000  0.000000000000E+000  0.000000000000E+000  0.000000000000E+000  0.000000000000E+000  0.000000000000E+000
   1.515000000000E+002  1.000000000000E+000  5.474802255630E-001  1.920692040585E-003  4.466814696789E-001  2.638103251229E-005  3.206361725461E-006  3.888040781021E-003  0.000000000000E+000  0.000000000000E+000  0.000000000000E+000  0.000000000000E+000  0.000000000000E+000  0.000000000000E+000
   1.517500000000E+002  1.000000000000E+000  5.474808216095E-001  1.920687733218E-003  4.466808438301E-001  2.637884608703E-005  3.206563860658E-006  3.888056613505E-003  0.000000000000E+000  0.000000000000E+000  0.000000000000E+000  0.000000000000E+000  0.000000000000E+000  0.000000000000E+000
   1.520000000000E+002  1.000000000000E+000  5.474811792374E-001  1.920687500387E-003  4.466804862022E-001  2.637955185492E-005  3.206796009181E-006  3.888058010489E-003  0.000000000000E+000  0.000000000000E+000  0.000000000000E+000  0.000000000000E+000  0.000000000000E+000  0.000000000000E+000
   1.522500000000E+002  1.000000000000E+000  5.474811792374E-001  1.920684357174E-003  4.466804862022E-001  2.637950819917E-005  3.206793280697E-006  3.888051258400E-003  0.000000000000E+000  0.000000000000E+000  0.000000000000E+000  0.000000000000E+000  0.000000000000E+000  0.000000000000E+000
   1.525000000000E+002  1.000000000000E+000  5.474811792374E-001  1.920680864714E-003  4.466804862022E-001  2.637941179273E-005  3.206806695744E-006  3.888044739142E-003  0.000000000000E+000  0.000000000000E+000  0.000000000000E+000  0.000000000000E+000  0.000000000000E+000  0.000000000000E+000
   1.527500000000E+002  1.000000000000E+000  5.474812388420E-001  1.920677488670E-003  4.466804862022E-001  2.637931538629E-005  3.206820338164E-006  3.888038452715E-003  0.000000000000E+000  0.000000000000E+000  0.000000000000E+000  0.000000000000E+000  0.000000000000E+000  0.000000000000E+000
   1.530000000000E+002  1.000000000000E+000  5.474812388420E-001  1.920674112625E-003  4.466804862022E-001  2.637922079884E-005  3.206833980585E-006  3.888032166287E-003  0.000000000000E+000  0.000000000000E+000  0.000000000000E+000  0.000000000000E+000  0.000000000000E+000  0.000000000000E+000
   1.532500000000E+002  1.000000000000E+000  5.474812984467E-001  1.920669688843E-003  4.466804265976E-001  2.637911711645E-005  3.206843757653E-006  3.888023551553E-003  0.000000000000E+000  0.000000000000E+000  0.000000000000E+000  0.000000000000E+000  0.000000000000E+000  0.000000000000E+000
   1.535000000000E+002  1.000000000000E+000  5.474812984467E-001  1.920666429214E-003  4.466804265976E-001  2.637902616698E-005  3.206854898963E-006  3.888017497957E-003  0.000000000000E+000  0.000000000000E+000  0.000000000000E+000  0.000000000000E+000  0.000000000000E+000  0.000000000000E+000
   1.537500000000E+002  1.000000000000E+000  5.474812984467E-001  1.920664566569E-003  4.466804563999E-001  2.637894613144E-005  3.206868996131E-006  3.888014471158E-003  0.000000000000E+000  0.000000000000E+000  0.000000000000E+000  0.000000000000E+000  0.000000000000E+000  0.000000000000E+000
   1.540000000000E+002  1.000000000000E+000  5.474812984467E-001  1.920661190525E-003  4.466804563999E-001  2.637885336298E-005  3.206876726836E-006  3.888008184731E-003  0.000000000000E+000  0.000000000000E+000  0.000000000000E+000  0.000000000000E+000  0.000000000000E+000  0.000000000000E+000
   1.542500000000E+002  1.000000000000E+000  5.474812984467E-001  1.920657930896E-003  4.466804563999E-001  2.637876241351E-005  3.206884684914E-006  3.888001898304E-003  0.000000000000E+000  0.000000000000E+000  0.000000000000E+000  0.000000000000E+000  0.000000000000E+000  0.000000000000E+000
   1.545000000000E+002  1.000000000000E+000  5.474815964699E-001  1.920658978634E-003  4.466801285744E-001  2.637790748850E-005  3.206636620234E-006  3.888003760949E-003  0.000000000000E+000  0.000000000000E+000  0.000000000000E+000  0.000000000000E+000  0.000000000000E+000  0.000000000000E+000
   1.547500000000E+002  1.000000000000E+000  5.474816560745E-001  1.920657814480E-003  4.466800987720E-001  2.637783472892E-005  3.206652536392E-006  3.888002363965E-003  0.000000000000E+000  0.000000000000E+000  0.000000000000E+000  0.000000000000E+000  0.000000000000E+000  0.000000000000E+000
   1.550000000000E+002  1.000000000000E+000  5.474819540977E-001  1.920657115988E-003  4.466797709465E-001  2.637842226250E-005  3.206898554708E-006  3.888003760949E-003  0.000000000000E+000  0.000000000000E+000  0.000000000000E+000  0.000000000000E+000  0.000000000000E+000  0.000000000000E+000
   1.552500000000E+002  1.000000000000E+000  5.474823117256E-001  1.920648501255E-003  4.466794729233E-001  2.637696343299E-005  3.207368763469E-006  3.888012375683E-003  0.000000000000E+000  0.000000000000E+000  0.000000000000E+000  0.000000000000E+000  0.000000000000E+000  0.000000000000E+000
   1.555000000000E+002  1.000000000000E+000  5.474823117256E-001  1.920645358041E-003  4.466794431210E-001  2.637687430251E-005  3.207376721548E-006  3.888006554917E-003  0.000000000000E+000  0.000000000000E+000  0.000000000000E+000  0.000000000000E+000  0.000000000000E+000  0.000000000000E+000
   1.557500000000E+002  1.000000000000E+000  5.474823713303E-001  1.920642680489E-003  4.466794133186E-001  2.637678881001E-005  3.207386271242E-006  3.888001432642E-003  0.000000000000E+000  0.000000000000E+000  0.000000000000E+000  0.000000000000E+000  0.000000000000E+000  0.000000000000E+000
   1.560000000000E+002  1.000000000000E+000  5.474823713303E-001  1.920636161231E-003  4.466793835163E-001  2.637768375280E-005  3.207763938917E-006  3.887991653755E-003  0.000000000000E+000  0.000000000000E+000  0.000000000000E+000  0.000000000000E+000  0.000000000000E+000  0.000000000000E+000
   1.562500000000E+002  1.000000000000E+000  5.474824309349E-001  1.920632086694E-003  4.466793537140E-001  2.637758188939E-005  3.207774625480E-006  3.887983737513E-003  0.000000000000E+000  0.000000000000E+000  0.000000000000E+000  0.000000000000E+000  0.000000000000E+000  0.000000000000E+000
   1.565000000000E+002  1.000000000000E+000  5.474827289581E-001  1.920624636114E-003  4.466790854931E-001  2.637639045133E-005  3.208168436686E-006  3.887990256771E-003  0.000000000000E+000  0.000000000000E+000  0.000000000000E+000  0.000000000000E+000  0.000000000000E+000  0.000000000000E+000
   1.567500000000E+002  1.000000000000E+000  5.474827289581E-001  1.920621609315E-003  4.466790854931E-001  2.637633951963E-005  3.208174575775E-006  3.887984203175E-003  0.000000000000E+000  0.000000000000E+000  0.000000000000E+000  0.000000000000E+000  0.000000000000E+000  0.000000000000E+000
   1.570000000000E+002  1.000000000000E+000  5.474827289581E-001  1.920618698932E-003  4.466790854931E-001  2.637628858793E-005  3.208181169612E-006  3.887978382409E-003  0.000000000000E+000  0.000000000000E+000  0.000000000000E+000  0.000000000000E+000  0.000000000000E+000  0.000000000000E+000
   1.572500000000E+002  1.000000000000E+000  5.474827885628E-001  1.920617301948E-003  4.466790556908E-001  2.637626312207E-005  3.208213911421E-006  3.887976752594E-003  0.000000000000E+000  0.000000000000E+000  0.000000000000E+000  0.000000000000E+000  0.000000000000E+000  0.000000000000E+000
   1.575000000000E+002  1.000000000000E+000  5.474827885628E-001  1.920614042319E-003  4.466790556908E-001  2.637623401824E-005  3.208255748177E-006  3.887970931828E-003  0.000000000000E+000  0.000000000000E+000  0.000000000000E+000  0.000000000000E+000  0.000000000000E+000  0.000000000000E+000
   1.577500000000E+002  1.000000000000E+000  5.474827885628E-001  1.920610666275E-003  4.466790556908E-001  2.637620673340E-005  3.208297130186E-006  3.887965111062E-003  0.000000000000E+000  0.000000000000E+000  0.000000000000E+000  0.000000000000E+000  0.000000000000E+000  0.000000000000E+000
   1.580000000000E+002  1.000000000000E+000  5.474829077721E-001  1.920641283505E-003  4.466789066792E-001  2.638150363055E-005  3.206641167708E-006  3.887934610248E-003  0.000000000000E+000  0.000000000000E+000  0.000000000000E+000  0.000000000000E+000  0.000000000000E+000  0.000000000000E+000
   1.582500000000E+002  1.000000000000E+000  5.474829673767E-001  1.920640002936E-003  4.466788768768E-001  2.638149453560E-005  3.206691417290E-006  3.887933446094E-003  0.000000000000E+000  0.000000000000E+000  0.000000000000E+000  0.000000000000E+000  0.000000000000E+000  0.000000000000E+000
   1.585000000000E+002  1.000000000000E+000  5.474832653999E-001  1.920639188029E-003  4.466785490513E-001  2.638216574269E-005  3.206977680748E-006  3.887935308740E-003  0.000000000000E+000  0.000000000000E+000  0.000000000000E+000  0.000000000000E+000  0.000000000000E+000  0.000000000000E+000
   1.587500000000E+002  1.000000000000E+000  5.474838614464E-001  1.920625916682E-003  4.466779828072E-001  2.637958823470E-005  3.207883764844E-006  3.887957194820E-003  0.000000000000E+000  0.000000000000E+000  0.000000000000E+000  0.000000000000E+000  0.000000000000E+000  0.000000000000E+000
   1.590000000000E+002  1.000000000000E+000  5.474838614464E-001  1.920622657053E-003  4.466779828072E-001  2.637956276885E-005  3.207925146853E-006  3.887951606885E-003  0.000000000000E+000  0.000000000000E+000  0.000000000000E+000  0.000000000000E+000  0.000000000000E+000  0.000000000000E+000
   1.592500000000E+002  1.000000000000E+000  5.474840998650E-001  1.920623239130E-003  4.466777145863E-001  2.637874786160E-005  3.207702093277E-006  3.887952771038E-003  0.000000000000E+000  0.000000000000E+000  0.000000000000E+000  0.000000000000E+000  0.000000000000E+000  0.000000000000E+000
   1.595000000000E+002  1.000000000000E+000  5.474841594696E-001  1.920619048178E-003  4.466776549816E-001  2.637872785272E-005  3.207745294276E-006  3.887945087627E-003  0.000000000000E+000  0.000000000000E+000  0.000000000000E+000  0.000000000000E+000  0.000000000000E+000  0.000000000000E+000
   1.597500000000E+002  1.000000000000E+000  5.474842190742E-001  1.920616254210E-003  4.466776251793E-001  2.637873149069E-005  3.207798954463E-006  3.887940431014E-003  0.000000000000E+000  0.000000000000E+000  0.000000000000E+000  0.000000000000E+000  0.000000000000E+000  0.000000000000E+000
   1.600000000000E+002  1.000000000000E+000  5.474842190742E-001  1.920613110997E-003  4.466776251793E-001  2.637873330968E-005  3.207851023035E-006  3.887935308740E-003  0.000000000000E+000  0.000000000000E+000  0.000000000000E+000  0.000000000000E+000  0.000000000000E+000  0.000000000000E+000
   1.602500000000E+002  1.000000000000E+000  5.474842786789E-001  1.920610549860E-003  4.466775953770E-001  2.637877332745E-005  3.207866029697E-006  3.887929720804E-003  0.000000000000E+000  0.000000000000E+000  0.000000000000E+000  0.000000000000E+000  0.000000000000E+000  0.000000000000E+000
   1.605000000000E+002  1.000000000000E+000  5.474843382835E-001  1.920608920045E-003  4.466775655746E-001  2.637884972501E-005  3.207846702935E-006  3.887924831361E-003  0.000000000000E+000  0.000000000000E+000  0.000000000000E+000  0.000000000000E+000  0.000000000000E+000  0.000000000000E+000
   1.607500000000E+002  1.000000000000E+000  5.474846363068E-001  1.920609385706E-003  4.466772377491E-001  2.637960096763E-005  3.208059752069E-006  3.887926694006E-003  0.000000000000E+000  0.000000000000E+000  0.000000000000E+000  0.000000000000E+000  0.000000000000E+000  0.000000000000E+000
   1.610000000000E+002  1.000000000000E+000  5.474846959114E-001  1.920607173815E-003  4.466772079468E-001  2.637967554620E-005  3.208024736523E-006  3.887919709086E-003  0.000000000000E+000  0.000000000000E+000  0.000000000000E+000  0.000000000000E+000  0.000000000000E+000  0.000000000000E+000
   1.612500000000E+002  1.000000000000E+000  5.474852919579E-001  1.920603681356E-003  4.466766119003E-001  2.637762008817E-005  3.208192765669E-006  3.887935308740E-003  0.000000000000E+000  0.000000000000E+000  0.000000000000E+000  0.000000000000E+000  0.000000000000E+000  0.000000000000E+000
   1.615000000000E+002  1.000000000000E+000  5.474852919579E-001  1.920602051541E-003  4.466765820980E-001  2.637769830471E-005  3.208155476386E-006  3.887929720804E-003  0.000000000000E+000  0.000000000000E+000  0.000000000000E+000  0.000000000000E+000  0.000000000000E+000  0.000000000000E+000
   1.617500000000E+002  1.000000000000E+000  5.474852919579E-001  1.920600305311E-003  4.466765820980E-001  2.637771649461E-005  3.208098860341E-006  3.887924132869E-003  0.000000000000E+000  0.000000000000E+000  0.000000000000E+000  0.000000000000E+000  0.000000000000E+000  0.000000000000E+000
   1.620000000000E+002  1.000000000000E+000  5.474853515625E-001  1.920600887388E-003  4.466765224934E-001  2.637770194269E-005  3.208032012481E-006  3.887923201546E-003  0.000000000000E+000  0.000000000000E+000  0.000000000000E+000  0.000000000000E+000  0.000000000000E+000  0.000000000000E+000
   1.622500000000E+002  1.000000000000E+000  5.474854111671E-001  1.920599257573E-003  4.466765224934E-001  2.637766920088E-005  3.207956069673E-006  3.887917613611E-003  0.000000000000E+000  0.000000000000E+000  0.000000000000E+000  0.000000000000E+000  0.000000000000E+000  0.000000000000E+000
   1.625000000000E+002  1.000000000000E+000  5.474854111671E-001  1.920597744174E-003  4.466764926910E-001  2.637763464008E-005  3.207879899492E-006  3.887911792845E-003  0.000000000000E+000  0.000000000000E+000  0.000000000000E+000  0.000000000000E+000  0.000000000000E+000  0.000000000000E+000
   1.627500000000E+002  1.000000000000E+000  5.474854111671E-001  1.920596696436E-003  4.466764926910E-001  2.637769648572E-005  3.207773715985E-006  3.887905739248E-003  0.000000000000E+000  0.000000000000E+000  0.000000000000E+000  0.000000000000E+000  0.000000000000E+000  0.000000000000E+000
   1.630000000000E+002  1.000000000000E+000  5.474854707718E-001  1.920596347190E-003  4.466764628887E-001  2.637785109982E-005  3.207637291780E-006  3.887899219990E-003  0.000000000000E+000  0.000000000000E+000  0.000000000000E+000  0.000000000000E+000  0.000000000000E+000  0.000000000000E+000
   1.632500000000E+002  1.000000000000E+000  5.474855303764E-001  1.920595066622E-003  4.466764032841E-001  2.637799843797E-005  3.207496547475E-006  3.887890372425E-003  0.000000000000E+000  0.000000000000E+000  0.000000000000E+000  0.000000000000E+000  0.000000000000E+000  0.000000000000E+000
   1.635000000000E+002  1.000000000000E+000  5.474858283997E-001  1.920590293594E-003  4.466761052608E-001  2.637703437358E-005  3.207738473066E-006  3.887896193191E-003  0.000000000000E+000  0.000000000000E+000  0.000000000000E+000  0.000000000000E+000  0.000000000000E+000  0.000000000000E+000
   1.637500000000E+002  1.000000000000E+000  5.474858880043E-001  1.920590293594E-003  4.466760754585E-001  2.637719262566E-005  3.207603413102E-006  3.887890372425E-003  0.000000000000E+000  0.000000000000E+000  0.000000000000E+000  0.000000000000E+000  0.000000000000E+000  0.000000000000E+000
   1.640000000000E+002  1.000000000000E+000  5.474858880043E-001  1.920589595102E-003  4.466760456562E-001  2.637737634359E-005  3.207477448086E-006  3.887883387506E-003  0.000000000000E+000  0.000000000000E+000  0.000000000000E+000  0.000000000000E+000  0.000000000000E+000  0.000000000000E+000
   1.642500000000E+002  1.000000000000E+000  5.474859476089E-001  1.920589362271E-003  4.466760158539E-001  2.637759462232E-005  3.207363761248E-006  3.887877101079E-003  0.000000000000E+000  0.000000000000E+000  0.000000000000E+000  0.000000000000E+000  0.000000000000E+000  0.000000000000E+000
   1.645000000000E+002  1.000000000000E+000  5.474859476089E-001  1.920588547364E-003  4.466760158539E-001  2.637780926307E-005  3.207248710169E-006  3.887869883329E-003  0.000000000000E+000  0.000000000000E+000  0.000000000000E+000  0.000000000000E+000  0.000000000000E+000  0.000000000000E+000
   1.647500000000E+002  1.000000000000E+000  5.474859476089E-001  1.920587848872E-003  4.466760158539E-001  2.637802390382E-005  3.207133659089E-006  3.887862898409E-003  0.000000000000E+000  0.000000000000E+000  0.000000000000E+000  0.000000000000E+000  0.000000000000E+000  0.000000000000E+000
   1.650000000000E+002  1.000000000000E+000  5.474859476089E-001  1.920588547364E-003  4.466760158539E-001  2.637824945850E-005  3.207024292351E-006  3.887858940288E-003  0.000000000000E+000  0.000000000000E+000  0.000000000000E+000  0.000000000000E+000  0.000000000000E+000  0.000000000000E+000
   1.652500000000E+002  1.000000000000E+000  5.474860072136E-001  1.920587616041E-003  4.466759860516E-001  2.637840952957E-005  3.206926749044E-006  3.887852188200E-003  0.000000000000E+000  0.000000000000E+000  0.000000000000E+000  0.000000000000E+000  0.000000000000E+000  0.000000000000E+000
   1.655000000000E+002  1.000000000000E+000  5.474861860275E-001  1.920583425090E-003  4.466758072376E-001  2.637776924530E-005  3.207100689906E-006  3.887854050845E-003  0.000000000000E+000  0.000000000000E+000  0.000000000000E+000  0.000000000000E+000  0.000000000000E+000  0.000000000000E+000
   1.657500000000E+002  1.000000000000E+000  5.474865436554E-001  1.920584589243E-003  4.466754496098E-001  2.637857141963E-005  3.207265535821E-006  3.887855447829E-003  0.000000000000E+000  0.000000000000E+000  0.000000000000E+000  0.000000000000E+000  0.000000000000E+000  0.000000000000E+000
   1.660000000000E+002  1.000000000000E+000  5.474865436554E-001  1.920583308674E-003  4.466754496098E-001  2.637867874000E-005  3.207185500287E-006  3.887848928571E-003  0.000000000000E+000  0.000000000000E+000  0.000000000000E+000  0.000000000000E+000  0.000000000000E+000  0.000000000000E+000
   1.662500000000E+002  1.000000000000E+000  5.474869012833E-001  1.920578419231E-003  4.466750919819E-001  2.637739817146E-005  3.207589770682E-006  3.887862199917E-003  0.000000000000E+000  0.000000000000E+000  0.000000000000E+000  0.000000000000E+000  0.000000000000E+000  0.000000000000E+000
   1.665000000000E+002  1.000000000000E+000  5.474869012833E-001  1.920577138662E-003  4.466750621796E-001  2.637750731083E-005  3.207505187675E-006  3.887855680659E-003  0.000000000000E+000  0.000000000000E+000  0.000000000000E+000  0.000000000000E+000  0.000000000000E+000  0.000000000000E+000
   1.667500000000E+002  1.000000000000E+000  5.474869608879E-001  1.920575858094E-003  4.466750621796E-001  2.637760917423E-005  3.207433564967E-006  3.887849627063E-003  0.000000000000E+000  0.000000000000E+000  0.000000000000E+000  0.000000000000E+000  0.000000000000E+000  0.000000000000E+000
   1.670000000000E+002  1.000000000000E+000  5.474873185158E-001  1.920573879033E-003  4.466746747494E-001  2.637836951180E-005  3.207624558854E-006  3.887844970450E-003  0.000000000000E+000  0.000000000000E+000  0.000000000000E+000  0.000000000000E+000  0.000000000000E+000  0.000000000000E+000
   1.672500000000E+002  1.000000000000E+000  5.474873185158E-001  1.920571899973E-003  4.466746449471E-001  2.637848410814E-005  3.207606368960E-006  3.887839382514E-003  0.000000000000E+000  0.000000000000E+000  0.000000000000E+000  0.000000000000E+000  0.000000000000E+000  0.000000000000E+000
   1.675000000000E+002  1.000000000000E+000  5.474873781204E-001  1.920570502989E-003  4.466746151447E-001  2.637860598043E-005  3.207590680177E-006  3.887834493071E-003  0.000000000000E+000  0.000000000000E+000  0.000000000000E+000  0.000000000000E+000  0.000000000000E+000  0.000000000000E+000
   1.677500000000E+002  1.000000000000E+000  5.474883913994E-001  1.920597511344E-003  4.466736018658E-001  2.638090336404E-005  3.206426981706E-006  3.887837752700E-003  0.000000000000E+000  0.000000000000E+000  0.000000000000E+000  0.000000000000E+000  0.000000000000E+000  0.000000000000E+000
   1.680000000000E+002  1.000000000000E+000  5.474883913994E-001  1.920595415868E-003  4.466736018658E-001  2.638105252117E-005  3.206427436453E-006  3.887831931934E-003  0.000000000000E+000  0.000000000000E+000  0.000000000000E+000  0.000000000000E+000  0.000000000000E+000  0.000000000000E+000
   1.682500000000E+002  1.000000000000E+000  5.474883913994E-001  1.920593320392E-003  4.466736018658E-001  2.638120531628E-005  3.206423571100E-006  3.887825878337E-003  0.000000000000E+000  0.000000000000E+000  0.000000000000E+000  0.000000000000E+000  0.000000000000E+000  0.000000000000E+000
   1.685000000000E+002  1.000000000000E+000  5.474886894226E-001  1.920595299453E-003  4.466733038425E-001  2.638059231685E-005  3.206157543900E-006  3.887826809660E-003  0.000000000000E+000  0.000000000000E+000  0.000000000000E+000  0.000000000000E+000  0.000000000000E+000  0.000000000000E+000
   1.687500000000E+002  1.000000000000E+000  5.474886894226E-001  1.920593320392E-003  4.466733038425E-001  2.638074693095E-005  3.206148903701E-006  3.887820988894E-003  0.000000000000E+000  0.000000000000E+000  0.000000000000E+000  0.000000000000E+000  0.000000000000E+000  0.000000000000E+000
   1.690000000000E+002  1.000000000000E+000  5.474886894226E-001  1.920591457747E-003  4.466733038425E-001  2.638090518303E-005  3.206140490875E-006  3.887815168127E-003  0.000000000000E+000  0.000000000000E+000  0.000000000000E+000  0.000000000000E+000  0.000000000000E+000  0.000000000000E+000
   1.692500000000E+002  1.000000000000E+000  5.474887490273E-001  1.920589944348E-003  4.466732740402E-001  2.638106707309E-005  3.206133897038E-006  3.887810278684E-003  0.000000000000E+000  0.000000000000E+000  0.000000000000E+000  0.000000000000E+000  0.000000000000E+000  0.000000000000E+000
   1.695000000000E+002  1.000000000000E+000  5.474887490273E-001  1.920589595102E-003  4.466732740402E-001  2.638123623910E-005  3.206132305422E-006  3.887807950377E-003  0.000000000000E+000  0.000000000000E+000  0.000000000000E+000  0.000000000000E+000  0.000000000000E+000  0.000000000000E+000
   1.697500000000E+002  1.000000000000E+000  5.474887490273E-001  1.920587848872E-003  4.466732740402E-001  2.638139449118E-005  3.206124347344E-006  3.887802595273E-003  0.000000000000E+000  0.000000000000E+000  0.000000000000E+000  0.000000000000E+000  0.000000000000E+000  0.000000000000E+000
   1.700000000000E+002  1.000000000000E+000  5.474887490273E-001  1.920586219057E-003  4.466732740402E-001  2.638155638124E-005  3.206113888155E-006  3.887797240168E-003  0.000000000000E+000  0.000000000000E+000  0.000000000000E+000  0.000000000000E+000  0.000000000000E+000  0.000000000000E+000
   1.702500000000E+002  1.000000000000E+000  5.474887490273E-001  1.920584589243E-003  4.466732740402E-001  2.638171827130E-005  3.206100700481E-006  3.887791885063E-003  0.000000000000E+000  0.000000000000E+000  0.000000000000E+000  0.000000000000E+000  0.000000000000E+000  0.000000000000E+000
   1.705000000000E+002  1.000000000000E+000  5.474887490273E-001  1.920583075844E-003  4.466732740402E-001  2.638187834236E-005  3.206087967556E-006  3.887786529958E-003  0.000000000000E+000  0.000000000000E+000  0.000000000000E+000  0.000000000000E+000  0.000000000000E+000  0.000000000000E+000
   1.707500000000E+002  1.000000000000E+000  5.474888086319E-001  1.920583425090E-003  4.466732442379E-001  2.638205660332E-005  3.206084102203E-006  3.887785831466E-003  0.000000000000E+000  0.000000000000E+000  0.000000000000E+000  0.000000000000E+000  0.000000000000E+000  0.000000000000E+000
   1.710000000000E+002  1.000000000000E+000  5.474888086319E-001  1.920581795275E-003  4.466732442379E-001  2.638221849338E-005  3.206071141904E-006  3.887780243531E-003  0.000000000000E+000  0.000000000000E+000  0.000000000000E+000  0.000000000000E+000  0.000000000000E+000  0.000000000000E+000
   1.712500000000E+002  1.000000000000E+000  5.474888682365E-001  1.920579001307E-003  4.466732144356E-001  2.638236765051E-005  3.206053861504E-006  3.887772327289E-003  0.000000000000E+000  0.000000000000E+000  0.000000000000E+000  0.000000000000E+000  0.000000000000E+000  0.000000000000E+000
   1.715000000000E+002  1.000000000000E+000  5.474891662598E-001  1.920573296957E-003  4.466728866100E-001  2.638141086209E-005  3.206422206858E-006  3.887780010700E-003  0.000000000000E+000  0.000000000000E+000  0.000000000000E+000  0.000000000000E+000  0.000000000000E+000  0.000000000000E+000
   1.717500000000E+002  1.000000000000E+000  5.474891662598E-001  1.920571550727E-003  4.466728866100E-001  2.638156729518E-005  3.206409246559E-006  3.887774189934E-003  0.000000000000E+000  0.000000000000E+000  0.000000000000E+000  0.000000000000E+000  0.000000000000E+000  0.000000000000E+000
   1.720000000000E+002  1.000000000000E+000  5.474891662598E-001  1.920569920912E-003  4.466728866100E-001  2.638172372826E-005  3.206396741007E-006  3.887768834829E-003  0.000000000000E+000  0.000000000000E+000  0.000000000000E+000  0.000000000000E+000  0.000000000000E+000  0.000000000000E+000
   1.722500000000E+002  1.000000000000E+000  5.474891662598E-001  1.920568174683E-003  4.466728866100E-001  2.638188198034E-005  3.206384008081E-006  3.887763246894E-003  0.000000000000E+000  0.000000000000E+000  0.000000000000E+000  0.000000000000E+000  0.000000000000E+000  0.000000000000E+000
   1.725000000000E+002  1.000000000000E+000  5.474894046783E-001  1.920568291098E-003  4.466726779938E-001  2.638249679876E-005  3.206526344002E-006  3.887762781233E-003  0.000000000000E+000  0.000000000000E+000  0.000000000000E+000  0.000000000000E+000  0.000000000000E+000  0.000000000000E+000
   1.727500000000E+002  1.000000000000E+000  5.474895238876E-001  1.920600770973E-003  4.466725289822E-001  2.638798287080E-005  3.204808081136E-006  3.887732978910E-003  0.000000000000E+000  0.000000000000E+000  0.000000000000E+000  0.000000000000E+000  0.000000000000E+000  0.000000000000E+000
   1.730000000000E+002  1.000000000000E+000  5.474895238876E-001  1.920599257573E-003  4.466725289822E-001  2.638814657985E-005  3.204785343769E-006  3.887727623805E-003  0.000000000000E+000  0.000000000000E+000  0.000000000000E+000  0.000000000000E+000  0.000000000000E+000  0.000000000000E+000
   1.732500000000E+002  1.000000000000E+000  5.474895238876E-001  1.920597860590E-003  4.466725289822E-001  2.638831028889E-005  3.204761469533E-006  3.887722035870E-003  0.000000000000E+000  0.000000000000E+000  0.000000000000E+000  0.000000000000E+000  0.000000000000E+000  0.000000000000E+000
   1.735000000000E+002  1.000000000000E+000  5.474895834923E-001  1.920594135299E-003  4.466725289822E-001  2.638833757374E-005  3.204740096407E-006  3.887712955475E-003  0.000000000000E+000  0.000000000000E+000  0.000000000000E+000  0.000000000000E+000  0.000000000000E+000  0.000000000000E+000
   1.737500000000E+002  1.000000000000E+000  5.474901795387E-001  1.920596696436E-003  4.466718733311E-001  2.638962905621E-005  3.205223265468E-006  3.887723432854E-003  0.000000000000E+000  0.000000000000E+000  0.000000000000E+000  0.000000000000E+000  0.000000000000E+000  0.000000000000E+000
   1.740000000000E+002  1.000000000000E+000  5.474902391434E-001  1.920594251715E-003  4.466718733311E-001  2.638954356371E-005  3.205224174962E-006  3.887718776241E-003  0.000000000000E+000  0.000000000000E+000  0.000000000000E+000  0.000000000000E+000  0.000000000000E+000  0.000000000000E+000
   1.742500000000E+002  1.000000000000E+000  5.474902391434E-001  1.920591690578E-003  4.466718733311E-001  2.638945807121E-005  3.205224857084E-006  3.887713886797E-003  0.000000000000E+000  0.000000000000E+000  0.000000000000E+000  0.000000000000E+000  0.000000000000E+000  0.000000000000E+000
   1.745000000000E+002  1.000000000000E+000  5.474902391434E-001  1.920590642840E-003  4.466719031334E-001  2.638938349264E-005  3.205231678294E-006  3.887712256983E-003  0.000000000000E+000  0.000000000000E+000  0.000000000000E+000  0.000000000000E+000  0.000000000000E+000  0.000000000000E+000
   1.747500000000E+002  1.000000000000E+000  5.474902391434E-001  1.920588547364E-003  4.466718733311E-001  2.638930163812E-005  3.205234634152E-006  3.887708531693E-003  0.000000000000E+000  0.000000000000E+000  0.000000000000E+000  0.000000000000E+000  0.000000000000E+000  0.000000000000E+000
   1.750000000000E+002  1.000000000000E+000  5.474908351898E-001  1.920574926771E-003  4.466712474823E-001  2.638644582476E-005  3.206173460057E-006  3.887733211741E-003  0.000000000000E+000  0.000000000000E+000  0.000000000000E+000  0.000000000000E+000  0.000000000000E+000  0.000000000000E+000
   1.752500000000E+002  1.000000000000E+000  5.474908351898E-001  1.920572482049E-003  4.466712474823E-001  2.638636033225E-005  3.206174596926E-006  3.887728555128E-003  0.000000000000E+000  0.000000000000E+000  0.000000000000E+000  0.000000000000E+000  0.000000000000E+000  0.000000000000E+000
   1.755000000000E+002  1.000000000000E+000  5.474910736084E-001  1.920566312037E-003  4.466710388660E-001  2.638535988808E-005  3.206484961993E-006  3.887733444571E-003  0.000000000000E+000  0.000000000000E+000  0.000000000000E+000  0.000000000000E+000  0.000000000000E+000  0.000000000000E+000
   1.757500000000E+002  1.000000000000E+000  5.474910736084E-001  1.920563983731E-003  4.466710388660E-001  2.638529076648E-005  3.206490873708E-006  3.887729020789E-003  0.000000000000E+000  0.000000000000E+000  0.000000000000E+000  0.000000000000E+000  0.000000000000E+000  0.000000000000E+000
   1.760000000000E+002  1.000000000000E+000  5.474911928177E-001  1.920563168824E-003  4.466709196568E-001  2.638525074872E-005  3.206508836229E-006  3.887728322297E-003  0.000000000000E+000  0.000000000000E+000  0.000000000000E+000  0.000000000000E+000  0.000000000000E+000  0.000000000000E+000
   1.762500000000E+002  1.000000000000E+000  5.474911928177E-001  1.920560840517E-003  4.466709196568E-001  2.638519617904E-005  3.206519522791E-006  3.887723898515E-003  0.000000000000E+000  0.000000000000E+000  0.000000000000E+000  0.000000000000E+000  0.000000000000E+000  0.000000000000E+000
   1.765000000000E+002  1.000000000000E+000  5.474914908409E-001  1.920562470332E-003  4.466706216335E-001  2.638437581481E-005  3.206267592759E-006  3.887726459652E-003  0.000000000000E+000  0.000000000000E+000  0.000000000000E+000  0.000000000000E+000  0.000000000000E+000  0.000000000000E+000
   1.767500000000E+002  1.000000000000E+000  5.474914908409E-001  1.920560374856E-003  4.466706216335E-001  2.638433215907E-005  3.206268729627E-006  3.887722268701E-003  0.000000000000E+000  0.000000000000E+000  0.000000000000E+000  0.000000000000E+000  0.000000000000E+000  0.000000000000E+000
   1.770000000000E+002  1.000000000000E+000  5.474915504456E-001  1.920558279380E-003  4.466705918312E-001  2.638428486534E-005  3.206270321243E-006  3.887717844918E-003  0.000000000000E+000  0.000000000000E+000  0.000000000000E+000  0.000000000000E+000  0.000000000000E+000  0.000000000000E+000
   1.772500000000E+002  1.000000000000E+000  5.474915504456E-001  1.920556067489E-003  4.466705918312E-001  2.638423939061E-005  3.206271458112E-006  3.887713653967E-003  0.000000000000E+000  0.000000000000E+000  0.000000000000E+000  0.000000000000E+000  0.000000000000E+000  0.000000000000E+000
   1.775000000000E+002  1.000000000000E+000  5.474918484688E-001  1.920557813719E-003  4.466702640057E-001  2.638340265548E-005  3.206007932022E-006  3.887716215104E-003  0.000000000000E+000  0.000000000000E+000  0.000000000000E+000  0.000000000000E+000  0.000000000000E+000  0.000000000000E+000
   1.777500000000E+002  1.000000000000E+000  5.474920868874E-001  1.920558162965E-003  4.466700851917E-001  2.638284240675E-005  3.205836264897E-006  3.887716215104E-003  0.000000000000E+000  0.000000000000E+000  0.000000000000E+000  0.000000000000E+000  0.000000000000E+000  0.000000000000E+000
   1.780000000000E+002  1.000000000000E+000  5.474923849106E-001  1.920551527292E-003  4.466697871685E-001  2.638164369273E-005  3.206227120245E-006  3.887724364176E-003  0.000000000000E+000  0.000000000000E+000  0.000000000000E+000  0.000000000000E+000  0.000000000000E+000  0.000000000000E+000
   1.782500000000E+002  1.000000000000E+000  5.474923849106E-001  1.920549198985E-003  4.466697573662E-001  2.638158730406E-005  3.206229393982E-006  3.887719940394E-003  0.000000000000E+000  0.000000000000E+000  0.000000000000E+000  0.000000000000E+000  0.000000000000E+000  0.000000000000E+000
   1.785000000000E+002  1.000000000000E+000  5.474923849106E-001  1.920546987094E-003  4.466697275639E-001  2.638153091539E-005  3.206231667718E-006  3.887715516612E-003  0.000000000000E+000  0.000000000000E+000  0.000000000000E+000  0.000000000000E+000  0.000000000000E+000  0.000000000000E+000
   1.787500000000E+002  1.000000000000E+000  5.474924445152E-001  1.920544775203E-003  4.466697275639E-001  2.638147452672E-005  3.206233941455E-006  3.887711325660E-003  0.000000000000E+000  0.000000000000E+000  0.000000000000E+000  0.000000000000E+000  0.000000000000E+000  0.000000000000E+000
   1.790000000000E+002  1.000000000000E+000  5.474924445152E-001  1.920542679727E-003  4.466696977615E-001  2.638142177602E-005  3.206231667718E-006  3.887706901878E-003  0.000000000000E+000  0.000000000000E+000  0.000000000000E+000  0.000000000000E+000  0.000000000000E+000  0.000000000000E+000
   1.792500000000E+002  1.000000000000E+000  5.474925041199E-001  1.920540467836E-003  4.466696977615E-001  2.638138357725E-005  3.206242354281E-006  3.887702710927E-003  0.000000000000E+000  0.000000000000E+000  0.000000000000E+000  0.000000000000E+000  0.000000000000E+000  0.000000000000E+000
   1.795000000000E+002  1.000000000000E+000  5.474925041199E-001  1.920538023114E-003  4.466696679592E-001  2.638135811139E-005  3.206270775991E-006  3.887698519975E-003  0.000000000000E+000  0.000000000000E+000  0.000000000000E+000  0.000000000000E+000  0.000000000000E+000  0.000000000000E+000
   1.797500000000E+002  1.000000000000E+000  5.474925637245E-001  1.920535694808E-003  4.466696381569E-001  2.638133082655E-005  3.206298970326E-006  3.887694561854E-003  0.000000000000E+000  0.000000000000E+000  0.000000000000E+000  0.000000000000E+000  0.000000000000E+000  0.000000000000E+000
   1.800000000000E+002  1.000000000000E+000  5.474925637245E-001  1.920533366501E-003  4.466696381569E-001  2.638130354171E-005  3.206328074157E-006  3.887690603733E-003  0.000000000000E+000  0.000000000000E+000  0.000000000000E+000  0.000000000000E+000  0.000000000000E+000  0.000000000000E+000
   1.802500000000E+002  1.000000000000E+000  5.474928617477E-001  1.920528127812E-003  4.466693401337E-001  2.638017031131E-005  3.206742576367E-006  3.887702012435E-003  0.000000000000E+000  0.000000000000E+000  0.000000000000E+000  0.000000000000E+000  0.000000000000E+000  0.000000000000E+000
   1.805000000000E+002  1.000000000000E+000  5.474928617477E-001  1.920525915921E-003  4.466693401337E-001  2.638014302647E-005  3.206771907571E-006  3.887698287144E-003  0.000000000000E+000  0.000000000000E+000  0.000000000000E+000  0.000000000000E+000  0.000000000000E+000  0.000000000000E+000
   1.807500000000E+002  1.000000000000E+000  5.474929213524E-001  1.920524053276E-003  4.466692805290E-001  2.638012119860E-005  3.206800329281E-006  3.887695260346E-003  0.000000000000E+000  0.000000000000E+000  0.000000000000E+000  0.000000000000E+000  0.000000000000E+000  0.000000000000E+000
   1.810000000000E+002  1.000000000000E+000  5.474929809570E-001  1.920522190630E-003  4.466692507267E-001  2.638013211254E-005  3.206835799574E-006  3.887692000717E-003  0.000000000000E+000  0.000000000000E+000  0.000000000000E+000  0.000000000000E+000  0.000000000000E+000  0.000000000000E+000
   1.812500000000E+002  1.000000000000E+000  5.474933385849E-001  1.920521724969E-003  4.466688632965E-001  2.638087426021E-005  3.207077952538E-006  3.887692699209E-003  0.000000000000E+000  0.000000000000E+000  0.000000000000E+000  0.000000000000E+000  0.000000000000E+000  0.000000000000E+000
   1.815000000000E+002  1.000000000000E+000  5.474933385849E-001  1.920518581755E-003  4.466688632965E-001  2.638096702867E-005  3.207041345377E-006  3.887683851644E-003  0.000000000000E+000  0.000000000000E+000  0.000000000000E+000  0.000000000000E+000  0.000000000000E+000  0.000000000000E+000
   1.817500000000E+002  1.000000000000E+000  5.474933981895E-001  1.920519280247E-003  4.466688334942E-001  2.638108890096E-005  3.207021336493E-006  3.887683618814E-003  0.000000000000E+000  0.000000000000E+000  0.000000000000E+000  0.000000000000E+000  0.000000000000E+000  0.000000000000E+000
   1.820000000000E+002  1.000000000000E+000  5.474933981895E-001  1.920517999679E-003  4.466688334942E-001  2.638121986820E-005  3.206984501958E-006  3.887678496540E-003  0.000000000000E+000  0.000000000000E+000  0.000000000000E+000  0.000000000000E+000  0.000000000000E+000  0.000000000000E+000
   1.822500000000E+002  1.000000000000E+000  5.474933981895E-001  1.920516486280E-003  4.466688334942E-001  2.638131627464E-005  3.206957899238E-006  3.887673607096E-003  0.000000000000E+000  0.000000000000E+000  0.000000000000E+000  0.000000000000E+000  0.000000000000E+000  0.000000000000E+000
   1.825000000000E+002  1.000000000000E+000  5.474933981895E-001  1.920514740050E-003  4.466688334942E-001  2.638136174937E-005  3.206948804291E-006  3.887669183314E-003  0.000000000000E+000  0.000000000000E+000  0.000000000000E+000  0.000000000000E+000  0.000000000000E+000  0.000000000000E+000
   1.827500000000E+002  1.000000000000E+000  5.474933981895E-001  1.920513110235E-003  4.466688036919E-001  2.638135265443E-005  3.206921064702E-006  3.887664759532E-003  0.000000000000E+000  0.000000000000E+000  0.000000000000E+000  0.000000000000E+000  0.000000000000E+000  0.000000000000E+000
   1.830000000000E+002  1.000000000000E+000  5.474934577942E-001  1.920511596836E-003  4.466688036919E-001  2.638129080879E-005  3.206874907846E-006  3.887660335749E-003  0.000000000000E+000  0.000000000000E+000  0.000000000000E+000  0.000000000000E+000  0.000000000000E+000  0.000000000000E+000
   1.832500000000E+002  1.000000000000E+000  5.474934577942E-001  1.920510199852E-003  4.466688036919E-001  2.638123078214E-005  3.206828523616E-006  3.887656144798E-003  0.000000000000E+000  0.000000000000E+000  0.000000000000E+000  0.000000000000E+000  0.000000000000E+000  0.000000000000E+000
   1.835000000000E+002  1.000000000000E+000  5.474934577942E-001  1.920508686453E-003  4.466688036919E-001  2.638117075549E-005  3.206782366760E-006  3.887651721016E-003  0.000000000000E+000  0.000000000000E+000  0.000000000000E+000  0.000000000000E+000  0.000000000000E+000  0.000000000000E+000
   1.837500000000E+002  1.000000000000E+000  5.474938154221E-001  1.920509734191E-003  4.466684460640E-001  2.638180558279E-005  3.206981546100E-006  3.887655213475E-003  0.000000000000E+000  0.000000000000E+000  0.000000000000E+000  0.000000000000E+000  0.000000000000E+000  0.000000000000E+000
   1.840000000000E+002  1.000000000000E+000  5.474941134453E-001  1.920502749272E-003  4.466681480408E-001  2.638037767611E-005  3.207398549421E-006  3.887665458024E-003  0.000000000000E+000  0.000000000000E+000  0.000000000000E+000  0.000000000000E+000  0.000000000000E+000  0.000000000000E+000
   1.842500000000E+002  1.000000000000E+000  5.474941134453E-001  1.920501119457E-003  4.466681480408E-001  2.638031583047E-005  3.207353074686E-006  3.887660801411E-003  0.000000000000E+000  0.000000000000E+000  0.000000000000E+000  0.000000000000E+000  0.000000000000E+000  0.000000000000E+000
   1.845000000000E+002  1.000000000000E+000  5.474941134453E-001  1.920499489643E-003  4.466681480408E-001  2.638025216584E-005  3.207306463082E-006  3.887656144798E-003  0.000000000000E+000  0.000000000000E+000  0.000000000000E+000  0.000000000000E+000  0.000000000000E+000  0.000000000000E+000
   1.847500000000E+002  1.000000000000E+000  5.474941134453E-001  1.920497743413E-003  4.466681480408E-001  2.638018668222E-005  3.207259169358E-006  3.887651488185E-003  0.000000000000E+000  0.000000000000E+000  0.000000000000E+000  0.000000000000E+000  0.000000000000E+000  0.000000000000E+000
   1.850000000000E+002  1.000000000000E+000  5.474941134453E-001  1.920495997183E-003  4.466681480408E-001  2.638012119860E-005  3.207211875633E-006  3.887646831572E-003  0.000000000000E+000  0.000000000000E+000  0.000000000000E+000  0.000000000000E+000  0.000000000000E+000  0.000000000000E+000
   1.852500000000E+002  1.000000000000E+000  5.474941134453E-001  1.920494367369E-003  4.466681480408E-001  2.638005571498E-005  3.207164354535E-006  3.887641942129E-003  0.000000000000E+000  0.000000000000E+000  0.000000000000E+000  0.000000000000E+000  0.000000000000E+000  0.000000000000E+000
   1.855000000000E+002  1.000000000000E+000  5.474941134453E-001  1.920492621139E-003  4.466681480408E-001  2.637999023136E-005  3.207117060811E-006  3.887637285516E-003  0.000000000000E+000  0.000000000000E+000  0.000000000000E+000  0.000000000000E+000  0.000000000000E+000  0.000000000000E+000
   1.857500000000E+002  1.000000000000E+000  5.474941134453E-001  1.920490991324E-003  4.466681480408E-001  2.637992474774E-005  3.207069767086E-006  3.887632628903E-003  0.000000000000E+000  0.000000000000E+000  0.000000000000E+000  0.000000000000E+000  0.000000000000E+000  0.000000000000E+000
   1.860000000000E+002  1.000000000000E+000  5.474941134453E-001  1.920489245094E-003  4.466681778431E-001  2.637985926413E-005  3.207022700735E-006  3.887627972290E-003  0.000000000000E+000  0.000000000000E+000  0.000000000000E+000  0.000000000000E+000  0.000000000000E+000  0.000000000000E+000
   1.862500000000E+002  1.000000000000E+000  5.474941730499E-001  1.920488080941E-003  4.466681182384E-001  2.637979741849E-005  3.206980409232E-006  3.887624247000E-003  0.000000000000E+000  0.000000000000E+000  0.000000000000E+000  0.000000000000E+000  0.000000000000E+000  0.000000000000E+000
   1.865000000000E+002  1.000000000000E+000  5.474941730499E-001  1.920486567542E-003  4.466681182384E-001  2.637973557285E-005  3.206929477528E-006  3.887619823217E-003  0.000000000000E+000  0.000000000000E+000  0.000000000000E+000  0.000000000000E+000  0.000000000000E+000  0.000000000000E+000
   1.867500000000E+002  1.000000000000E+000  5.474944710732E-001  1.920480863191E-003  4.466678202152E-001  2.637828583829E-005  3.207349891454E-006  3.887633327395E-003  0.000000000000E+000  0.000000000000E+000  0.000000000000E+000  0.000000000000E+000  0.000000000000E+000  0.000000000000E+000
   1.870000000000E+002  1.000000000000E+000  5.474944710732E-001  1.920479349792E-003  4.466678202152E-001  2.637822944962E-005  3.207288500562E-006  3.887628437951E-003  0.000000000000E+000  0.000000000000E+000  0.000000000000E+000  0.000000000000E+000  0.000000000000E+000  0.000000000000E+000
   1.872500000000E+002  1.000000000000E+000  5.474945306778E-001  1.920476905070E-003  4.466677606106E-001  2.637816578499E-005  3.207223016943E-006  3.887621453032E-003  0.000000000000E+000  0.000000000000E+000  0.000000000000E+000  0.000000000000E+000  0.000000000000E+000  0.000000000000E+000
   1.875000000000E+002  1.000000000000E+000  5.474945306778E-001  1.920475391671E-003  4.466677606106E-001  2.637811121531E-005  3.207162080798E-006  3.887616796419E-003  0.000000000000E+000  0.000000000000E+000  0.000000000000E+000  0.000000000000E+000  0.000000000000E+000  0.000000000000E+000
   1.877500000000E+002  1.000000000000E+000  5.474945306778E-001  1.920473994687E-003  4.466677606106E-001  2.637805482664E-005  3.207101826774E-006  3.887612139806E-003  0.000000000000E+000  0.000000000000E+000  0.000000000000E+000  0.000000000000E+000  0.000000000000E+000  0.000000000000E+000
   1.880000000000E+002  1.000000000000E+000  5.474945902824E-001  1.920472597703E-003  4.466677606106E-001  2.637800025695E-005  3.207040435882E-006  3.887607483193E-003  0.000000000000E+000  0.000000000000E+000  0.000000000000E+000  0.000000000000E+000  0.000000000000E+000  0.000000000000E+000
   1.882500000000E+002  1.000000000000E+000  5.474946498871E-001  1.920473761857E-003  4.466677010059E-001  2.637796569616E-005  3.206988594684E-006  3.887608647346E-003  0.000000000000E+000  0.000000000000E+000  0.000000000000E+000  0.000000000000E+000  0.000000000000E+000  0.000000000000E+000
   1.885000000000E+002  1.000000000000E+000  5.474948883057E-001  1.920476322994E-003  4.466674327850E-001  2.637714533194E-005  3.206668452549E-006  3.887611208484E-003  0.000000000000E+000  0.000000000000E+000  0.000000000000E+000  0.000000000000E+000  0.000000000000E+000  0.000000000000E+000
   1.887500000000E+002  1.000000000000E+000  5.474948883057E-001  1.920475042425E-003  4.466674327850E-001  2.637709258124E-005  3.206605924788E-006  3.887606784701E-003  0.000000000000E+000  0.000000000000E+000  0.000000000000E+000  0.000000000000E+000  0.000000000000E+000  0.000000000000E+000
   1.890000000000E+002  1.000000000000E+000  5.474949479103E-001  1.920473761857E-003  4.466674029827E-001  2.637703801156E-005  3.206543169654E-006  3.887602360919E-003  0.000000000000E+000  0.000000000000E+000  0.000000000000E+000  0.000000000000E+000  0.000000000000E+000  0.000000000000E+000
   1.892500000000E+002  1.000000000000E+000  5.474949479103E-001  1.920472481288E-003  4.466674029827E-001  2.637698526087E-005  3.206480414519E-006  3.887597704306E-003  0.000000000000E+000  0.000000000000E+000  0.000000000000E+000  0.000000000000E+000  0.000000000000E+000  0.000000000000E+000
   1.895000000000E+002  1.000000000000E+000  5.474949479103E-001  1.920471200719E-003  4.466674029827E-001  2.637693251017E-005  3.206417659385E-006  3.887593280524E-003  0.000000000000E+000  0.000000000000E+000  0.000000000000E+000  0.000000000000E+000  0.000000000000E+000  0.000000000000E+000
   1.897500000000E+002  1.000000000000E+000  5.474949479103E-001  1.920469803736E-003  4.466674029827E-001  2.637687975948E-005  3.206355131624E-006  3.887588856742E-003  0.000000000000E+000  0.000000000000E+000  0.000000000000E+000  0.000000000000E+000  0.000000000000E+000  0.000000000000E+000
   1.900000000000E+002  1.000000000000E+000  5.474949479103E-001  1.920468523167E-003  4.466674029827E-001  2.637682518980E-005  3.206292149116E-006  3.887584432960E-003  0.000000000000E+000  0.000000000000E+000  0.000000000000E+000  0.000000000000E+000  0.000000000000E+000  0.000000000000E+000
   1.902500000000E+002  1.000000000000E+000  5.474949479103E-001  1.920467242599E-003  4.466674029827E-001  2.637677243911E-005  3.206229621355E-006  3.887580009177E-003  0.000000000000E+000  0.000000000000E+000  0.000000000000E+000  0.000000000000E+000  0.000000000000E+000  0.000000000000E+000
   1.905000000000E+002  1.000000000000E+000  5.474950075150E-001  1.920465962030E-003  4.466674029827E-001  2.637671968841E-005  3.206166866221E-006  3.887575585395E-003  0.000000000000E+000  0.000000000000E+000  0.000000000000E+000  0.000000000000E+000  0.000000000000E+000  0.000000000000E+000
   1.907500000000E+002  1.000000000000E+000  5.474950075150E-001  1.920462935232E-003  4.466673731804E-001  2.637665238581E-005  3.206096835129E-006  3.887567203492E-003  0.000000000000E+000  0.000000000000E+000  0.000000000000E+000  0.000000000000E+000  0.000000000000E+000  0.000000000000E+000
   1.910000000000E+002  1.000000000000E+000  5.474950075150E-001  1.920461654663E-003  4.466673731804E-001  2.637659963511E-005  3.206034307368E-006  3.887562779710E-003  0.000000000000E+000  0.000000000000E+000  0.000000000000E+000  0.000000000000E+000  0.000000000000E+000  0.000000000000E+000
   1.912500000000E+002  1.000000000000E+000  5.474950075150E-001  1.920460490510E-003  4.466673731804E-001  2.637654688442E-005  3.205971779607E-006  3.887558588758E-003  0.000000000000E+000  0.000000000000E+000  0.000000000000E+000  0.000000000000E+000  0.000000000000E+000  0.000000000000E+000
   1.915000000000E+002  1.000000000000E+000  5.474950075150E-001  1.920459209941E-003  4.466673731804E-001  2.637649413373E-005  3.205909479220E-006  3.887554164976E-003  0.000000000000E+000  0.000000000000E+000  0.000000000000E+000  0.000000000000E+000  0.000000000000E+000  0.000000000000E+000
   1.917500000000E+002  1.000000000000E+000  5.474950671196E-001  1.920458045788E-003  4.466673731804E-001  2.637644320203E-005  3.205846724086E-006  3.887549974024E-003  0.000000000000E+000  0.000000000000E+000  0.000000000000E+000  0.000000000000E+000  0.000000000000E+000  0.000000000000E+000
   1.920000000000E+002  1.000000000000E+000  5.474950671196E-001  1.920456648804E-003  4.466673731804E-001  2.637639045133E-005  3.205784423699E-006  3.887545317411E-003  0.000000000000E+000  0.000000000000E+000  0.000000000000E+000  0.000000000000E+000  0.000000000000E+000  0.000000000000E+000
   1.922500000000E+002  1.000000000000E+000  5.474951267242E-001  1.920455833897E-003  4.466673135757E-001  2.637634133862E-005  3.205724624422E-006  3.887542057782E-003  0.000000000000E+000  0.000000000000E+000  0.000000000000E+000  0.000000000000E+000  0.000000000000E+000  0.000000000000E+000
   1.925000000000E+002  1.000000000000E+000  5.474951267242E-001  1.920454553328E-003  4.466673135757E-001  2.637628676894E-005  3.205662778782E-006  3.887537634000E-003  0.000000000000E+000  0.000000000000E+000  0.000000000000E+000  0.000000000000E+000  0.000000000000E+000  0.000000000000E+000
   1.927500000000E+002  1.000000000000E+000  5.474951267242E-001  1.920453272760E-003  4.466673135757E-001  2.637623401824E-005  3.205601387890E-006  3.887533443049E-003  0.000000000000E+000  0.000000000000E+000  0.000000000000E+000  0.000000000000E+000  0.000000000000E+000  0.000000000000E+000
   1.930000000000E+002  1.000000000000E+000  5.474951267242E-001  1.920452108607E-003  4.466673135757E-001  2.637617944856E-005  3.205541133866E-006  3.887529252097E-003  0.000000000000E+000  0.000000000000E+000  0.000000000000E+000  0.000000000000E+000  0.000000000000E+000  0.000000000000E+000
   1.932500000000E+002  1.000000000000E+000  5.474951267242E-001  1.920450944453E-003  4.466673135757E-001  2.637612305989E-005  3.205481789337E-006  3.887525061145E-003  0.000000000000E+000  0.000000000000E+000  0.000000000000E+000  0.000000000000E+000  0.000000000000E+000  0.000000000000E+000
   1.935000000000E+002  1.000000000000E+000  5.474951267242E-001  1.920449663885E-003  4.466673135757E-001  2.637606849021E-005  3.205422444807E-006  3.887520870194E-003  0.000000000000E+000  0.000000000000E+000  0.000000000000E+000  0.000000000000E+000  0.000000000000E+000  0.000000000000E+000
   1.937500000000E+002  1.000000000000E+000  5.474951267242E-001  1.920448499732E-003  4.466673135757E-001  2.637601392053E-005  3.205360144420E-006  3.887516679242E-003  0.000000000000E+000  0.000000000000E+000  0.000000000000E+000  0.000000000000E+000  0.000000000000E+000  0.000000000000E+000
   1.940000000000E+002  1.000000000000E+000  5.474951863289E-001  1.920446404256E-003  4.466672539711E-001  2.637595389388E-005  3.205290340702E-006  3.887510159984E-003  0.000000000000E+000  0.000000000000E+000  0.000000000000E+000  0.000000000000E+000  0.000000000000E+000  0.000000000000E+000
   1.942500000000E+002  1.000000000000E+000  5.474951863289E-001  1.920446404256E-003  4.466672539711E-001  2.637592479005E-005  3.205248049198E-006  3.887509461492E-003  0.000000000000E+000  0.000000000000E+000  0.000000000000E+000  0.000000000000E+000  0.000000000000E+000  0.000000000000E+000
   1.945000000000E+002  1.000000000000E+000  5.474951863289E-001  1.920444890857E-003  4.466672539711E-001  2.637589750520E-005  3.205217126379E-006  3.887505270541E-003  0.000000000000E+000  0.000000000000E+000  0.000000000000E+000  0.000000000000E+000  0.000000000000E+000  0.000000000000E+000
   1.947500000000E+002  1.000000000000E+000  5.474954843521E-001  1.920447219163E-003  4.466669857502E-001  2.637507714098E-005  3.204921313227E-006  3.887507831678E-003  0.000000000000E+000  0.000000000000E+000  0.000000000000E+000  0.000000000000E+000  0.000000000000E+000  0.000000000000E+000
   1.950000000000E+002  1.000000000000E+000  5.474954843521E-001  1.920445705764E-003  4.466669857502E-001  2.637505167513E-005  3.204885615560E-006  3.887503640726E-003  0.000000000000E+000  0.000000000000E+000  0.000000000000E+000  0.000000000000E+000  0.000000000000E+000  0.000000000000E+000
   1.952500000000E+002  1.000000000000E+000  5.474954843521E-001  1.920444308780E-003  4.466669857502E-001  2.637502620928E-005  3.204845370419E-006  3.887499449775E-003  0.000000000000E+000  0.000000000000E+000  0.000000000000E+000  0.000000000000E+000  0.000000000000E+000  0.000000000000E+000
   1.955000000000E+002  1.000000000000E+000  5.474956631660E-001  1.920477836393E-003  4.466668367386E-001  2.638046680659E-005  3.203063670298E-006  3.887470113114E-003  0.000000000000E+000  0.000000000000E+000  0.000000000000E+000  0.000000000000E+000  0.000000000000E+000  0.000000000000E+000
   1.957500000000E+002  1.000000000000E+000  5.474956631660E-001  1.920478418469E-003  4.466668069363E-001  2.638046134962E-005  3.203032520105E-006  3.887470345944E-003  0.000000000000E+000  0.000000000000E+000  0.000000000000E+000  0.000000000000E+000  0.000000000000E+000  0.000000000000E+000
   1.960000000000E+002  1.000000000000E+000  5.474956631660E-001  1.920477021486E-003  4.466668069363E-001  2.638043588377E-005  3.202992047591E-006  3.887466154993E-003  0.000000000000E+000  0.000000000000E+000  0.000000000000E+000  0.000000000000E+000  0.000000000000E+000  0.000000000000E+000
   1.962500000000E+002  1.000000000000E+000  5.474956631660E-001  1.920475624502E-003  4.466668069363E-001  2.638041405589E-005  3.202951802450E-006  3.887461964041E-003  0.000000000000E+000  0.000000000000E+000  0.000000000000E+000  0.000000000000E+000  0.000000000000E+000  0.000000000000E+000
   1.965000000000E+002  1.000000000000E+000  5.474960207939E-001  1.920476555824E-003  4.466664791107E-001  2.638106161612E-005  3.203168489563E-006  3.887465922162E-003  0.000000000000E+000  0.000000000000E+000  0.000000000000E+000  0.000000000000E+000  0.000000000000E+000  0.000000000000E+000
   1.967500000000E+002  1.000000000000E+000  5.474963188171E-001  1.920470851474E-003  4.466661810875E-001  2.637987927301E-005  3.203555706932E-006  3.887475701049E-003  0.000000000000E+000  0.000000000000E+000  0.000000000000E+000  0.000000000000E+000  0.000000000000E+000  0.000000000000E+000
   1.970000000000E+002  1.000000000000E+000  5.474963188171E-001  1.920469105244E-003  4.466661810875E-001  2.637983925524E-005  3.203552068953E-006  3.887472208589E-003  0.000000000000E+000  0.000000000000E+000  0.000000000000E+000  0.000000000000E+000  0.000000000000E+000  0.000000000000E+000
   1.972500000000E+002  1.000000000000E+000  5.474963188171E-001  1.920467475429E-003  4.466661810875E-001  2.637979923747E-005  3.203548203601E-006  3.887468716130E-003  0.000000000000E+000  0.000000000000E+000  0.000000000000E+000  0.000000000000E+000  0.000000000000E+000  0.000000000000E+000
   1.975000000000E+002  1.000000000000E+000  5.474963188171E-001  1.920465729199E-003  4.466661810875E-001  2.637976103870E-005  3.203544338248E-006  3.887465223670E-003  0.000000000000E+000  0.000000000000E+000  0.000000000000E+000  0.000000000000E+000  0.000000000000E+000  0.000000000000E+000
   1.977500000000E+002  1.000000000000E+000  5.474963188171E-001  1.920464099385E-003  4.466661512852E-001  2.637972647790E-005  3.203539790775E-006  3.887461498380E-003  0.000000000000E+000  0.000000000000E+000  0.000000000000E+000  0.000000000000E+000  0.000000000000E+000  0.000000000000E+000
   1.980000000000E+002  1.000000000000E+000  5.474966168404E-001  1.920458045788E-003  4.466658830643E-001  2.637857687660E-005  3.203914729966E-006  3.887470345944E-003  0.000000000000E+000  0.000000000000E+000  0.000000000000E+000  0.000000000000E+000  0.000000000000E+000  0.000000000000E+000
   1.982500000000E+002  1.000000000000E+000  5.474966168404E-001  1.920456532389E-003  4.466658830643E-001  2.637854595378E-005  3.203906089766E-006  3.887466853485E-003  0.000000000000E+000  0.000000000000E+000  0.000000000000E+000  0.000000000000E+000  0.000000000000E+000  0.000000000000E+000
   1.985000000000E+002  1.000000000000E+000  5.474966168404E-001  1.920455018990E-003  4.466658830643E-001  2.637851503096E-005  3.203893129466E-006  3.887463361025E-003  0.000000000000E+000  0.000000000000E+000  0.000000000000E+000  0.000000000000E+000  0.000000000000E+000  0.000000000000E+000
   1.987500000000E+002  1.000000000000E+000  5.474966168404E-001  1.920453505591E-003  4.466658830643E-001  2.637850047904E-005  3.203884716640E-006  3.887459868565E-003  0.000000000000E+000  0.000000000000E+000  0.000000000000E+000  0.000000000000E+000  0.000000000000E+000  0.000000000000E+000
   1.990000000000E+002  1.000000000000E+000  5.474966764450E-001  1.920451992191E-003  4.466658532619E-001  2.637849866005E-005  3.203881306035E-006  3.887456608936E-003  0.000000000000E+000  0.000000000000E+000  0.000000000000E+000  0.000000000000E+000  0.000000000000E+000  0.000000000000E+000
   1.992500000000E+002  1.000000000000E+000  5.474967360497E-001  1.920450944453E-003  4.466657936573E-001  2.637850047904E-005  3.203879714420E-006  3.887454047799E-003  0.000000000000E+000  0.000000000000E+000  0.000000000000E+000  0.000000000000E+000  0.000000000000E+000  0.000000000000E+000
   1.995000000000E+002  1.000000000000E+000  5.474967360497E-001  1.920449431054E-003  4.466657638550E-001  2.637849866005E-005  3.203876076441E-006  3.887450788170E-003  0.000000000000E+000  0.000000000000E+000  0.000000000000E+000  0.000000000000E+000  0.000000000000E+000  0.000000000000E+000
   1.997500000000E+002  1.000000000000E+000  5.474967956543E-001  1.920447917655E-003  4.466657638550E-001  2.637849684106E-005  3.203872438462E-006  3.887447295710E-003  0.000000000000E+000  0.000000000000E+000  0.000000000000E+000  0.000000000000E+000  0.000000000000E+000  0.000000000000E+000
   2.000000000000E+002  1.000000000000E+000  5.474967956543E-001  1.920446404256E-003  4.466657340527E-001  2.637849502207E-005  3.203868800483E-006  3.887443803251E-003  0.000000000000E+000  0.000000000000E+000  0.000000000000E+000  0.000000000000E+000  0.000000000000E+000  0.000000000000E+000
