#                    1                    2                    3                    4                    5                    6                    7                    8                    9                   10                   11                   12                   13                   14
#               Time |      Random Number |   === cumu Prob ===>
#               [fs] |                 [] |                 [] |
   0.000000000000E+000  0.000000000000E+000  0.000000000000E+000  0.000000000000E+000  0.000000000000E+000  0.000000000000E+000  0.000000000000E+000  0.000000000000E+000  0.000000000000E+000  0.000000000000E+000  0.000000000000E+000  0.000000000000E+000  0.000000000000E+000  0.000000000000E+000
   2.500000000000E-001  5.585238651720E-001  7.980576279223E-006  7.980576279223E-006  7.980576521847E-006  7.980576521847E-006  7.980576521847E-006  7.980576521847E-006  7.980767683548E-006  7.980767683548E-006  7.983410683945E-006  7.983410683945E-006  1.038916440230E-005  1.038916440230E-005
   5.000000000000E-001  4.678372786223E-001  1.881327315276E-005  1.881327315276E-005  1.881327346338E-005  1.881327346338E-005  1.881327346338E-005  1.881327346338E-005  1.881368519957E-005  1.881368519957E-005  1.881867190394E-005  1.881867190394E-005  2.171222674083E-005  2.171222674083E-005
   7.500000000000E-001  2.002881891208E-001  2.629222835960E-005  2.629222835960E-005  2.629222877649E-005  2.629222877649E-005  2.629222877649E-005  2.629222877649E-005  2.629260654652E-005  2.629260654652E-005  2.629599340090E-005  2.629599340090E-005  2.712032524587E-005  2.712032524587E-005
   1.000000000000E+000  8.853202691545E-001  1.341137507395E-004  1.341137507395E-004  1.341137523019E-004  1.341137523019E-004  1.341137523019E-004  1.341137523019E-004  1.341155488968E-004  1.341155488968E-004  1.341168435569E-004  1.341168435569E-004  1.341168435569E-004  1.341168435569E-004
   1.250000000000E+000  2.101971050104E-001  2.235188640788E-004  2.235188640788E-004  2.235188640788E-004  2.235188640788E-004  2.235188640788E-004  2.235188640788E-004  2.235208986975E-004  2.235208986975E-004  2.235215441555E-004  2.235215441555E-004  2.235215441555E-004  2.235215441555E-004
   1.500000000000E+000  3.341577148081E-001  5.002869161367E-004  5.002869161367E-004  5.002869276347E-004  5.002869276347E-004  5.002869276347E-004  5.002869276347E-004  5.002889948076E-004  5.002889948076E-004  5.002889948076E-004  5.002889948076E-004  5.002893673462E-004  5.002893673462E-004
   1.750000000000E+000  1.453518785326E-002  9.640470205066E-004  9.640470205066E-004  9.999999984117E-001  9.999999984117E-001  9.999999984117E-001  9.999999984117E-001  9.999999997911E-001  9.999999997911E-001  9.999999997911E-001  9.999999997911E-001  9.999999999149E-001  9.999999999149E-001
   2.000000000000E+000  5.948475206094E-001  2.714271677856E-003  2.714271677856E-003  2.714271677856E-003  2.714271677856E-003  2.714271727613E-003  2.714271727613E-003  2.714273110954E-003  2.714273110954E-003  2.714273110954E-003  2.714273110954E-003  2.714273110954E-003  2.714273110954E-003
   2.250000000000E+000  2.947688675743E-001  5.115013937057E-003  5.115013937057E-003  5.115013937057E-003  5.115013937057E-003  5.115013994967E-003  5.115013994967E-003  5.115015414177E-003  5.115015414177E-003  5.115015414177E-003  5.115015414177E-003  5.115015414177E-003  5.115015414177E-003
   2.500000000000E+000  6.555438873923E-001  8.086626069700E-003  8.086626069700E-003  8.086626069700E-003  8.086626069700E-003  8.086626133016E-003  8.086626133016E-003  8.086627483216E-003  8.086627483216E-003  8.086627504351E-003  8.086627504351E-003  8.086627504351E-003  8.086627504351E-003
   2.750000000000E+000  5.259281879775E-001  6.479317952369E-003  6.479317952369E-003  6.479317952369E-003  6.479317952369E-003  9.999999983926E-001  9.999999983926E-001  9.999999992514E-001  9.999999992514E-001  9.999999992682E-001  9.999999992682E-001  9.999999992682E-001  9.999999992682E-001
   3.000000000000E+000  3.477265185475E-001  1.261306328792E-002  1.261306328792E-002  1.261306342212E-002  1.261306342212E-002  1.261306342212E-002  1.261306342212E-002  1.261306514711E-002  1.261306514711E-002  1.261306520833E-002  1.261306520833E-002  1.261306521892E-002  1.261306521892E-002
   3.250000000000E+000  3.302816013219E-002  7.625027222799E-003  7.625027222799E-003  7.625027356622E-003  7.625027356622E-003  7.625027356622E-003  7.625027356622E-003  9.999999893474E-001  9.999999893474E-001  9.999999893921E-001  9.999999893921E-001  9.999999894147E-001  9.999999894147E-001
   3.500000000000E+000  1.293180496395E-001  1.565844092440E-002  1.565844092440E-002  1.565844093548E-002  1.565844093548E-002  1.565844222923E-002  1.565844222923E-002  1.565844222923E-002  1.565844222923E-002  1.565844238417E-002  1.565844238417E-002  1.565844242015E-002  1.565844242015E-002
   3.750000000000E+000  5.714161082033E-003  2.817280751836E-002  2.817280751836E-002  4.670907909442E-001  4.670907909442E-001  5.275524274841E-001  5.275524274841E-001  5.275524274841E-001  5.275524274841E-001  5.416132512470E-001  5.416132512470E-001  5.416981650038E-001  5.416981650038E-001
   4.000000000000E+000  5.804063516364E-002  0.000000000000E+000  0.000000000000E+000  0.000000000000E+000  0.000000000000E+000  0.000000000000E+000  0.000000000000E+000  0.000000000000E+000  0.000000000000E+000  0.000000000000E+000  0.000000000000E+000  0.000000000000E+000  0.000000000000E+000
   4.250000000000E+000  6.720746760845E-002  0.000000000000E+000  0.000000000000E+000  0.000000000000E+000  0.000000000000E+000  0.000000000000E+000  0.000000000000E+000  9.827483597141E-001  9.827483597141E-001  9.999357390661E-001  9.999357390661E-001  9.999999999999E-001  9.999999999999E-001
   4.500000000000E+000  3.929828723909E-001  0.000000000000E+000  0.000000000000E+000  1.459679973758E-004  1.459679973758E-004  3.349339863525E-002  3.349339863525E-002  3.349339863525E-002  3.349339863525E-002  3.349339863525E-002  3.349339863525E-002  3.362585958020E-002  3.362585958020E-002
   4.750000000000E+000  8.901171650085E-001  0.000000000000E+000  0.000000000000E+000  9.519780275900E-008  9.519780275900E-008  5.396922662822E-002  5.396922662822E-002  5.396922662822E-002  5.396922662822E-002  5.396927092963E-002  5.396927092963E-002  5.407162101695E-002  5.407162101695E-002
   5.000000000000E+000  8.217104518997E-001  0.000000000000E+000  0.000000000000E+000  8.496869356759E-008  8.496869356759E-008  3.300554088291E-002  3.300554088291E-002  3.300554088291E-002  3.300554088291E-002  3.300569283897E-002  3.300569283897E-002  3.302598691592E-002  3.302598691592E-002
   5.250000000000E+000  2.618849097100E-001  0.000000000000E+000  0.000000000000E+000  5.657829186802E-008  5.657829186802E-008  1.065488630874E-002  1.065488630874E-002  1.065488630874E-002  1.065488630874E-002  9.999854725487E-001  9.999854725487E-001  9.999860763580E-001  9.999860763580E-001
   5.500000000000E+000  2.187059040135E-001  0.000000000000E+000  0.000000000000E+000  5.935845215630E-008  5.935845215630E-008  1.360543865882E-002  1.360543865882E-002  1.360547339056E-002  1.360547339056E-002  1.360547339056E-002  1.360547339056E-002  1.360612696385E-002  1.360612696385E-002
   5.750000000000E+000  8.721469287446E-001  0.000000000000E+000  0.000000000000E+000  7.708876310914E-008  7.708876310914E-008  9.966565406151E-003  9.966565406151E-003  9.966580032274E-003  9.966580032274E-003  9.966580032274E-003  9.966580032274E-003  9.968876189908E-003  9.968876189908E-003
   6.000000000000E+000  8.129795953181E-001  0.000000000000E+000  0.000000000000E+000  7.756139925870E-008  7.756139925870E-008  7.798601984163E-003  7.798601984163E-003  7.798612437674E-003  7.798612437674E-003  7.798612437674E-003  7.798612437674E-003  7.801006042043E-003  7.801006042043E-003
   6.250000000000E+000  4.506284204793E-001  5.080924700950E-008  5.080924700950E-008  7.957928594212E-008  7.957928594212E-008  6.415743951372E-003  6.415743951372E-003  6.415750264298E-003  6.415750264298E-003  6.415750264298E-003  6.415750264298E-003  6.417020571990E-003  6.417020571990E-003
   6.500000000000E+000  9.900936955390E-001  2.317490218087E-007  2.317490218087E-007  2.851111797402E-007  2.851111797402E-007  5.512603010893E-003  5.512603010893E-003  5.512611839348E-003  5.512611839348E-003  5.512611839348E-003  5.512611839348E-003  5.512611839348E-003  5.512611839348E-003
   6.750000000000E+000  7.368802291503E-002  2.055418050846E-007  2.055418050846E-007  2.478931650261E-007  2.478931650261E-007  4.924316245905E-003  4.924316245905E-003  4.924321318820E-003  4.924321318820E-003  4.924321318820E-003  4.924321318820E-003  4.924321318820E-003  4.924321318820E-003
   7.000000000000E+000  7.662374438393E-001  2.661703455078E-007  2.661703455078E-007  2.884080805314E-007  2.884080805314E-007  4.570331706583E-003  4.570331706583E-003  4.570336688508E-003  4.570336688508E-003  4.570336688508E-003  4.570336688508E-003  4.570336688508E-003  4.570336688508E-003
   7.250000000000E+000  2.958192956376E-001  2.258843342337E-007  2.258843342337E-007  2.469813634000E-007  2.469813634000E-007  4.369833284019E-003  4.369833284019E-003  4.369836856790E-003  4.369836856790E-003  4.369836856790E-003  4.369836856790E-003  4.369836856790E-003  4.369836856790E-003
   7.500000000000E+000  3.081271090502E-001  4.299107779133E-007  4.299107779133E-007  4.587673163181E-007  4.587673163181E-007  4.267314585519E-003  4.267314585519E-003  4.267320571380E-003  4.267320571380E-003  4.267320571380E-003  4.267320571380E-003  4.267320571380E-003  4.267320571380E-003
   7.750000000000E+000  3.557538661356E-002  1.202898389391E-007  1.202898389391E-007  1.349300808203E-007  1.349300808203E-007  4.215231543245E-003  4.215231543245E-003  4.215233216994E-003  4.215233216994E-003  4.215233216994E-003  4.215233216994E-003  4.215233216994E-003  4.215233216994E-003
   8.000000000000E+000  7.891495000002E-002  5.281586287481E-007  5.281586287481E-007  5.451839260533E-007  5.451839260533E-007  4.181179374091E-003  4.181179374091E-003  4.181186142850E-003  4.181186142850E-003  4.181186142850E-003  4.181186142850E-003  4.181186142850E-003  4.181186142850E-003
   8.250000000000E+000  3.150617786591E-001  2.483568484343E-007  2.483568484343E-007  2.527506315745E-007  2.527506315745E-007  4.149443313596E-003  4.149443313596E-003  4.149446406765E-003  4.149446406765E-003  4.149446406765E-003  4.149446406765E-003  4.149446406765E-003  4.149446406765E-003
   8.500000000000E+000  6.264984231686E-001  3.487445240092E-007  3.487445240092E-007  3.554973738593E-007  3.554973738593E-007  4.102697277639E-003  4.102697277639E-003  4.102701778851E-003  4.102701778851E-003  4.102701778851E-003  4.102701778851E-003  4.102701778851E-003  4.102701778851E-003
   8.750000000000E+000  4.854430548207E-001  2.472712870440E-007  2.472712870440E-007  2.507381748631E-007  2.507381748631E-007  4.051221188575E-003  4.051221188575E-003  4.051224678077E-003  4.051224678077E-003  4.051224678077E-003  4.051224678077E-003  4.051224678077E-003  4.051224678077E-003
   9.000000000000E+000  8.216732725698E-001  1.061460096264E-007  1.061460096264E-007  1.071045431074E-007  1.071045431074E-007  3.987844117768E-003  3.987844117768E-003  3.987845657980E-003  3.987845657980E-003  3.987845657980E-003  3.987845657980E-003  3.987883675017E-003  3.987883675017E-003
   9.250000000000E+000  7.095698687776E-002  2.482712285942E-007  2.482712285942E-007  2.485471464732E-007  2.485471464732E-007  3.915778453070E-003  3.915778453070E-003  3.915782333801E-003  3.915782333801E-003  3.915782333801E-003  3.915782333801E-003  3.915863525312E-003  3.915863525312E-003
   9.500000000000E+000  4.135961700956E-001  6.769635586005E-008  6.769635586005E-008  6.792693694389E-008  6.792693694389E-008  3.832782457182E-003  3.832782457182E-003  3.832783592292E-003  3.832783592292E-003  3.832783592292E-003  3.832783592292E-003  3.832903455324E-003  3.832903455324E-003
   9.750000000000E+000  2.367586875914E-002  1.883054459210E-007  1.883054459210E-007  1.883054459210E-007  1.883054459210E-007  3.740128870944E-003  3.740128870944E-003  3.740132616418E-003  3.740132616418E-003  3.740132616418E-003  3.740132616418E-003  3.740290501587E-003  3.740290501587E-003
   1.000000000000E+001  2.833614857335E-001  6.998138335804E-008  6.998138335804E-008  6.998138335804E-008  6.998138335804E-008  3.635911507349E-003  3.635911507349E-003  3.635913099665E-003  3.635913099665E-003  3.635913099665E-003  3.635913099665E-003  3.636105696562E-003  3.636105696562E-003
   1.025000000000E+001  3.397200260666E-001  8.585116033500E-008  8.585116033500E-008  8.585116033500E-008  8.585116033500E-008  3.521269123844E-003  3.521269123844E-003  3.521271382521E-003  3.521271382521E-003  3.521271382521E-003  3.521271382521E-003  3.521492741013E-003  3.521492741013E-003
   1.050000000000E+001  5.440779604235E-001  1.098841463091E-007  1.098841463091E-007  1.098841463091E-007  1.098841463091E-007  3.395254841015E-003  3.395254841015E-003  3.395258390779E-003  3.395258390779E-003  3.395258390779E-003  3.395258390779E-003  3.395498691383E-003  3.395498691383E-003
   1.075000000000E+001  8.356581609840E-001  2.381110162854E-008  2.381110162854E-008  2.381110162854E-008  2.381110162854E-008  3.258887055838E-003  3.258887055838E-003  3.258888053575E-003  3.258888053575E-003  3.258888053575E-003  3.258888053575E-003  3.259136950915E-003  3.259136950915E-003
   1.100000000000E+001  8.425997298309E-002  5.988681416464E-009  5.988681416464E-009  5.988681416464E-009  5.988681416464E-009  3.113908418179E-003  3.113908418179E-003  3.113908830321E-003  3.113908830321E-003  3.113908830321E-003  3.113908830321E-003  3.114156654327E-003  3.114156654327E-003
   1.125000000000E+001  7.148811313160E-001  2.026972961480E-008  2.026972961480E-008  2.026972961480E-008  2.026972961480E-008  2.962799587532E-003  2.962799587532E-003  2.962801644137E-003  2.962801644137E-003  2.962801644137E-003  2.962801644137E-003  2.963041320019E-003  2.963041320019E-003
   1.150000000000E+001  7.675048318868E-001  6.538532902854E-009  6.538532902854E-009  6.538532902854E-009  6.538532902854E-009  2.805059064781E-003  2.805059064781E-003  2.805061043056E-003  2.805061043056E-003  2.805061043056E-003  2.805061043056E-003  2.805288069143E-003  2.805288069143E-003
   1.175000000000E+001  9.883530875715E-001  0.000000000000E+000  0.000000000000E+000  8.632902068464E-010  8.632902068464E-010  2.644249470348E-003  2.644249470348E-003  2.644250213563E-003  2.644250213563E-003  2.644250213563E-003  2.644250213563E-003  2.644462679533E-003  2.644462679533E-003
   1.200000000000E+001  1.469009777003E-001  0.000000000000E+000  0.000000000000E+000  0.000000000000E+000  0.000000000000E+000  2.482813547503E-003  2.482813547503E-003  2.482813962521E-003  2.482813962521E-003  2.482813962521E-003  2.482813962521E-003  2.483012449383E-003  2.483012449383E-003
   1.225000000000E+001  9.741609775478E-001  0.000000000000E+000  0.000000000000E+000  0.000000000000E+000  0.000000000000E+000  2.319241291809E-003  2.319241291809E-003  2.319243365804E-003  2.319243365804E-003  2.319243365804E-003  2.319243365804E-003  2.319428975323E-003  2.319428975323E-003
   1.250000000000E+001  1.283820080163E-001  0.000000000000E+000  0.000000000000E+000  0.000000000000E+000  0.000000000000E+000  2.157362839334E-003  2.157362839334E-003  2.157365336655E-003  2.157365336655E-003  2.157365336655E-003  2.157365336655E-003  2.157539852367E-003  2.157539852367E-003
   1.275000000000E+001  1.400208277170E-001  1.083160158749E-008  1.083160158749E-008  1.721360507189E-008  1.721360507189E-008  1.996766377017E-003  1.996766377017E-003  1.996766377017E-003  1.996766377017E-003  1.996766377017E-003  1.996766377017E-003  1.996931394804E-003  1.996931394804E-003
   1.300000000000E+001  4.746482662601E-002  0.000000000000E+000  0.000000000000E+000  0.000000000000E+000  0.000000000000E+000  1.838967528464E-003  1.838967528464E-003  1.838968264121E-003  1.838968264121E-003  1.838968264121E-003  1.838968264121E-003  1.839124880560E-003  1.839124880560E-003
   1.325000000000E+001  2.053787081769E-001  0.000000000000E+000  0.000000000000E+000  8.643584975130E-010  8.643584975130E-010  1.683551047978E-003  1.683551047978E-003  1.683551756119E-003  1.683551756119E-003  1.683551756119E-003  1.683551756119E-003  1.683700394084E-003  1.683700394084E-003
   1.350000000000E+001  8.309704291786E-001  0.000000000000E+000  0.000000000000E+000  0.000000000000E+000  0.000000000000E+000  1.533199892141E-003  1.533199892141E-003  1.533201177363E-003  1.533201177363E-003  1.533201177363E-003  1.533201177363E-003  1.533342247086E-003  1.533342247086E-003
   1.375000000000E+001  1.117645211052E-001  0.000000000000E+000  0.000000000000E+000  0.000000000000E+000  0.000000000000E+000  1.386977953946E-003  1.386977953946E-003  1.386978856798E-003  1.386978856798E-003  1.386978856798E-003  1.386978856798E-003  1.387112357211E-003  1.387112357211E-003
   1.400000000000E+001  7.035980545011E-001  8.500064263430E-009  8.500064263430E-009  8.799230615542E-009  8.799230615542E-009  1.245572703903E-003  1.245572703903E-003  1.245572703903E-003  1.245572703903E-003  1.245572703903E-003  1.245572703903E-003  1.245698391762E-003  1.245698391762E-003
   1.425000000000E+001  1.222210416518E-001  0.000000000000E+000  0.000000000000E+000  0.000000000000E+000  0.000000000000E+000  1.109164673650E-003  1.109164673650E-003  1.109166066204E-003  1.109166066204E-003  1.109166066204E-003  1.109166066204E-003  1.109283979035E-003  1.109283979035E-003
   1.450000000000E+001  7.238911113379E-001  1.698328877095E-008  1.698328877095E-008  1.698328877095E-008  1.698328877095E-008  9.789251076285E-004  9.789251076285E-004  9.789251076285E-004  9.789251076285E-004  9.789251076285E-004  9.789251076285E-004  9.790352756490E-004  9.790352756490E-004
   1.475000000000E+001  1.808186701357E-001  0.000000000000E+000  0.000000000000E+000  7.659380403093E-010  7.659380403093E-010  8.543071603032E-004  8.543071603032E-004  8.543071817872E-004  8.543071817872E-004  8.543071817872E-004  8.543071817872E-004  8.544099188737E-004  8.544099188737E-004
   1.500000000000E+001  3.416123041124E-001  0.000000000000E+000  0.000000000000E+000  0.000000000000E+000  0.000000000000E+000  7.354245693980E-004  7.354245693980E-004  7.354254816270E-004  7.354254816270E-004  7.354254816270E-004  7.354254816270E-004  7.355210721010E-004  7.355210721010E-004
   1.525000000000E+001  3.030996209772E-001  0.000000000000E+000  0.000000000000E+000  0.000000000000E+000  0.000000000000E+000  6.228467356746E-004  6.228467356746E-004  6.228472889672E-004  6.228472889672E-004  6.228472889672E-004  6.228472889672E-004  6.229362699062E-004  6.229362699062E-004
   1.550000000000E+001  2.845507246381E-001  0.000000000000E+000  0.000000000000E+000  4.842766966455E-010  4.842766966455E-010  5.160768036363E-004  5.160768036363E-004  5.160768036363E-004  5.160768036363E-004  5.160768036363E-004  5.160768036363E-004  5.161595450205E-004  5.161595450205E-004
   1.575000000000E+001  8.665045651853E-001  0.000000000000E+000  0.000000000000E+000  0.000000000000E+000  0.000000000000E+000  4.155372486694E-004  4.155372486694E-004  4.155374252988E-004  4.155374252988E-004  4.155374252988E-004  4.155374252988E-004  4.156143476114E-004  4.156143476114E-004
   1.600000000000E+001  4.789751166072E-001  0.000000000000E+000  0.000000000000E+000  1.272152443403E-010  1.272152443403E-010  3.210086935635E-004  3.210086935635E-004  3.210091425715E-004  3.210091425715E-004  3.210091425715E-004  3.210091425715E-004  3.210805885562E-004  3.210805885562E-004
   1.625000000000E+001  8.351610456541E-001  0.000000000000E+000  0.000000000000E+000  0.000000000000E+000  0.000000000000E+000  2.325825950137E-004  2.325825950137E-004  2.325828662587E-004  2.325828662587E-004  2.325828662587E-004  2.325828662587E-004  2.326490063698E-004  2.326490063698E-004
   1.650000000000E+001  4.077391301551E-001  1.682849448595E-004  1.682849448595E-004  2.586123239558E-003  2.586123239558E-003  3.123838524951E-002  3.123838524951E-002  3.174469021362E-002  3.174469021362E-002  3.174469021362E-002  3.174469021362E-002  3.178239285326E-002  3.178239285326E-002
   1.675000000000E+001  8.218469018382E-001  2.667185222135E-005  2.667185222135E-005  2.571691703938E-004  2.571691703938E-004  4.580757154944E-004  4.580757154944E-004  4.726848301967E-004  4.726848301967E-004  4.726848301967E-004  4.726848301967E-004  4.730399109143E-004  4.730399109143E-004
   1.700000000000E+001  1.490268170216E-002  0.000000000000E+000  0.000000000000E+000  0.000000000000E+000  0.000000000000E+000  0.000000000000E+000  0.000000000000E+000  0.000000000000E+000  0.000000000000E+000  0.000000000000E+000  0.000000000000E+000  0.000000000000E+000  0.000000000000E+000
   1.725000000000E+001  3.926393475264E-001  1.547809421312E-006  1.547809421312E-006  4.390164595031E-006  4.390164595031E-006  4.064621874903E-005  4.064621874903E-005  4.064621874903E-005  4.064621874903E-005  4.064621874903E-005  4.064621874903E-005  4.157688488673E-005  4.157688488673E-005
   1.750000000000E+001  4.520913168917E-001  0.000000000000E+000  0.000000000000E+000  0.000000000000E+000  0.000000000000E+000  0.000000000000E+000  0.000000000000E+000  0.000000000000E+000  0.000000000000E+000  0.000000000000E+000  0.000000000000E+000  0.000000000000E+000  0.000000000000E+000
   1.775000000000E+001  7.456319250067E-001  0.000000000000E+000  0.000000000000E+000  0.000000000000E+000  0.000000000000E+000  0.000000000000E+000  0.000000000000E+000  0.000000000000E+000  0.000000000000E+000  0.000000000000E+000  0.000000000000E+000  0.000000000000E+000  0.000000000000E+000
   1.800000000000E+001  8.601348428575E-001  0.000000000000E+000  0.000000000000E+000  0.000000000000E+000  0.000000000000E+000  0.000000000000E+000  0.000000000000E+000  0.000000000000E+000  0.000000000000E+000  0.000000000000E+000  0.000000000000E+000  0.000000000000E+000  0.000000000000E+000
   1.825000000000E+001  2.038457255470E-001  0.000000000000E+000  0.000000000000E+000  0.000000000000E+000  0.000000000000E+000  0.000000000000E+000  0.000000000000E+000  0.000000000000E+000  0.000000000000E+000  0.000000000000E+000  0.000000000000E+000  0.000000000000E+000  0.000000000000E+000
   1.850000000000E+001  2.179889835087E-001  0.000000000000E+000  0.000000000000E+000  0.000000000000E+000  0.000000000000E+000  0.000000000000E+000  0.000000000000E+000  0.000000000000E+000  0.000000000000E+000  0.000000000000E+000  0.000000000000E+000  0.000000000000E+000  0.000000000000E+000
   1.875000000000E+001  7.398344207955E-001  0.000000000000E+000  0.000000000000E+000  0.000000000000E+000  0.000000000000E+000  0.000000000000E+000  0.000000000000E+000  0.000000000000E+000  0.000000000000E+000  0.000000000000E+000  0.000000000000E+000  0.000000000000E+000  0.000000000000E+000
   1.900000000000E+001  9.594515443562E-001  0.000000000000E+000  0.000000000000E+000  0.000000000000E+000  0.000000000000E+000  0.000000000000E+000  0.000000000000E+000  0.000000000000E+000  0.000000000000E+000  0.000000000000E+000  0.000000000000E+000  0.000000000000E+000  0.000000000000E+000
   1.925000000000E+001  6.238588858526E-001  0.000000000000E+000  0.000000000000E+000  0.000000000000E+000  0.000000000000E+000  0.000000000000E+000  0.000000000000E+000  0.000000000000E+000  0.000000000000E+000  0.000000000000E+000  0.000000000000E+000  0.000000000000E+000  0.000000000000E+000
   1.950000000000E+001  8.329807332733E-001  0.000000000000E+000  0.000000000000E+000  0.000000000000E+000  0.000000000000E+000  0.000000000000E+000  0.000000000000E+000  0.000000000000E+000  0.000000000000E+000  0.000000000000E+000  0.000000000000E+000  0.000000000000E+000  0.000000000000E+000
   1.975000000000E+001  6.559484208727E-001  0.000000000000E+000  0.000000000000E+000  0.000000000000E+000  0.000000000000E+000  0.000000000000E+000  0.000000000000E+000  0.000000000000E+000  0.000000000000E+000  0.000000000000E+000  0.000000000000E+000  0.000000000000E+000  0.000000000000E+000
   2.000000000000E+001  9.296473157685E-001  0.000000000000E+000  0.000000000000E+000  0.000000000000E+000  0.000000000000E+000  0.000000000000E+000  0.000000000000E+000  0.000000000000E+000  0.000000000000E+000  0.000000000000E+000  0.000000000000E+000  0.000000000000E+000  0.000000000000E+000
   2.025000000000E+001  2.012408674254E-001  0.000000000000E+000  0.000000000000E+000  0.000000000000E+000  0.000000000000E+000  0.000000000000E+000  0.000000000000E+000  0.000000000000E+000  0.000000000000E+000  0.000000000000E+000  0.000000000000E+000  0.000000000000E+000  0.000000000000E+000
   2.050000000000E+001  2.330856769403E-001  0.000000000000E+000  0.000000000000E+000  0.000000000000E+000  0.000000000000E+000  0.000000000000E+000  0.000000000000E+000  0.000000000000E+000  0.000000000000E+000  0.000000000000E+000  0.000000000000E+000  0.000000000000E+000  0.000000000000E+000
   2.075000000000E+001  8.899092639993E-001  0.000000000000E+000  0.000000000000E+000  0.000000000000E+000  0.000000000000E+000  0.000000000000E+000  0.000000000000E+000  0.000000000000E+000  0.000000000000E+000  0.000000000000E+000  0.000000000000E+000  0.000000000000E+000  0.000000000000E+000
   2.100000000000E+001  1.445635409504E-001  0.000000000000E+000  0.000000000000E+000  0.000000000000E+000  0.000000000000E+000  0.000000000000E+000  0.000000000000E+000  0.000000000000E+000  0.000000000000E+000  0.000000000000E+000  0.000000000000E+000  0.000000000000E+000  0.000000000000E+000
   2.125000000000E+001  6.772306782960E-002  0.000000000000E+000  0.000000000000E+000  0.000000000000E+000  0.000000000000E+000  0.000000000000E+000  0.000000000000E+000  0.000000000000E+000  0.000000000000E+000  0.000000000000E+000  0.000000000000E+000  0.000000000000E+000  0.000000000000E+000
   2.150000000000E+001  2.922406745332E-001  0.000000000000E+000  0.000000000000E+000  0.000000000000E+000  0.000000000000E+000  0.000000000000E+000  0.000000000000E+000  0.000000000000E+000  0.000000000000E+000  0.000000000000E+000  0.000000000000E+000  0.000000000000E+000  0.000000000000E+000
   2.175000000000E+001  7.069136384351E-001  0.000000000000E+000  0.000000000000E+000  0.000000000000E+000  0.000000000000E+000  0.000000000000E+000  0.000000000000E+000  0.000000000000E+000  0.000000000000E+000  0.000000000000E+000  0.000000000000E+000  0.000000000000E+000  0.000000000000E+000
   2.200000000000E+001  2.405124429816E-001  0.000000000000E+000  0.000000000000E+000  0.000000000000E+000  0.000000000000E+000  0.000000000000E+000  0.000000000000E+000  0.000000000000E+000  0.000000000000E+000  0.000000000000E+000  0.000000000000E+000  0.000000000000E+000  0.000000000000E+000
   2.225000000000E+001  3.321901188400E-002  0.000000000000E+000  0.000000000000E+000  0.000000000000E+000  0.000000000000E+000  0.000000000000E+000  0.000000000000E+000  0.000000000000E+000  0.000000000000E+000  0.000000000000E+000  0.000000000000E+000  0.000000000000E+000  0.000000000000E+000
   2.250000000000E+001  7.327197810082E-001  0.000000000000E+000  0.000000000000E+000  0.000000000000E+000  0.000000000000E+000  0.000000000000E+000  0.000000000000E+000  0.000000000000E+000  0.000000000000E+000  0.000000000000E+000  0.000000000000E+000  0.000000000000E+000  0.000000000000E+000
   2.275000000000E+001  5.912979260368E-001  0.000000000000E+000  0.000000000000E+000  0.000000000000E+000  0.000000000000E+000  0.000000000000E+000  0.000000000000E+000  0.000000000000E+000  0.000000000000E+000  0.000000000000E+000  0.000000000000E+000  0.000000000000E+000  0.000000000000E+000
   2.300000000000E+001  3.060245546569E-001  0.000000000000E+000  0.000000000000E+000  0.000000000000E+000  0.000000000000E+000  0.000000000000E+000  0.000000000000E+000  0.000000000000E+000  0.000000000000E+000  0.000000000000E+000  0.000000000000E+000  0.000000000000E+000  0.000000000000E+000
   2.325000000000E+001  9.628860665696E-001  0.000000000000E+000  0.000000000000E+000  0.000000000000E+000  0.000000000000E+000  0.000000000000E+000  0.000000000000E+000  0.000000000000E+000  0.000000000000E+000  0.000000000000E+000  0.000000000000E+000  0.000000000000E+000  0.000000000000E+000
   2.350000000000E+001  4.294883648430E-001  0.000000000000E+000  0.000000000000E+000  0.000000000000E+000  0.000000000000E+000  0.000000000000E+000  0.000000000000E+000  0.000000000000E+000  0.000000000000E+000  0.000000000000E+000  0.000000000000E+000  0.000000000000E+000  0.000000000000E+000
   2.375000000000E+001  4.136630721210E-001  0.000000000000E+000  0.000000000000E+000  0.000000000000E+000  0.000000000000E+000  0.000000000000E+000  0.000000000000E+000  0.000000000000E+000  0.000000000000E+000  0.000000000000E+000  0.000000000000E+000  0.000000000000E+000  0.000000000000E+000
   2.400000000000E+001  9.878380545258E-001  0.000000000000E+000  0.000000000000E+000  0.000000000000E+000  0.000000000000E+000  0.000000000000E+000  0.000000000000E+000  0.000000000000E+000  0.000000000000E+000  0.000000000000E+000  0.000000000000E+000  0.000000000000E+000  0.000000000000E+000
   2.425000000000E+001  5.974840725708E-001  0.000000000000E+000  0.000000000000E+000  0.000000000000E+000  0.000000000000E+000  0.000000000000E+000  0.000000000000E+000  0.000000000000E+000  0.000000000000E+000  0.000000000000E+000  0.000000000000E+000  0.000000000000E+000  0.000000000000E+000
   2.450000000000E+001  9.058166174192E-001  0.000000000000E+000  0.000000000000E+000  0.000000000000E+000  0.000000000000E+000  0.000000000000E+000  0.000000000000E+000  0.000000000000E+000  0.000000000000E+000  0.000000000000E+000  0.000000000000E+000  0.000000000000E+000  0.000000000000E+000
   2.475000000000E+001  5.719664267344E-002  0.000000000000E+000  0.000000000000E+000  0.000000000000E+000  0.000000000000E+000  0.000000000000E+000  0.000000000000E+000  0.000000000000E+000  0.000000000000E+000  0.000000000000E+000  0.000000000000E+000  0.000000000000E+000  0.000000000000E+000
   2.500000000000E+001  7.912470080219E-001  0.000000000000E+000  0.000000000000E+000  0.000000000000E+000  0.000000000000E+000  0.000000000000E+000  0.000000000000E+000  0.000000000000E+000  0.000000000000E+000  0.000000000000E+000  0.000000000000E+000  0.000000000000E+000  0.000000000000E+000
   2.525000000000E+001  2.039913750902E-001  0.000000000000E+000  0.000000000000E+000  0.000000000000E+000  0.000000000000E+000  0.000000000000E+000  0.000000000000E+000  0.000000000000E+000  0.000000000000E+000  0.000000000000E+000  0.000000000000E+000  0.000000000000E+000  0.000000000000E+000
   2.550000000000E+001  9.898884082867E-001  0.000000000000E+000  0.000000000000E+000  0.000000000000E+000  0.000000000000E+000  0.000000000000E+000  0.000000000000E+000  0.000000000000E+000  0.000000000000E+000  0.000000000000E+000  0.000000000000E+000  0.000000000000E+000  0.000000000000E+000
   2.575000000000E+001  5.898968964541E-001  0.000000000000E+000  0.000000000000E+000  0.000000000000E+000  0.000000000000E+000  0.000000000000E+000  0.000000000000E+000  0.000000000000E+000  0.000000000000E+000  0.000000000000E+000  0.000000000000E+000  0.000000000000E+000  0.000000000000E+000
   2.600000000000E+001  5.262463068268E-001  0.000000000000E+000  0.000000000000E+000  0.000000000000E+000  0.000000000000E+000  0.000000000000E+000  0.000000000000E+000  0.000000000000E+000  0.000000000000E+000  0.000000000000E+000  0.000000000000E+000  0.000000000000E+000  0.000000000000E+000
   2.625000000000E+001  6.835906762188E-001  0.000000000000E+000  0.000000000000E+000  0.000000000000E+000  0.000000000000E+000  0.000000000000E+000  0.000000000000E+000  0.000000000000E+000  0.000000000000E+000  0.000000000000E+000  0.000000000000E+000  0.000000000000E+000  0.000000000000E+000
   2.650000000000E+001  3.121609015081E-001  0.000000000000E+000  0.000000000000E+000  0.000000000000E+000  0.000000000000E+000  0.000000000000E+000  0.000000000000E+000  0.000000000000E+000  0.000000000000E+000  0.000000000000E+000  0.000000000000E+000  0.000000000000E+000  0.000000000000E+000
   2.675000000000E+001  1.813643921241E-001  0.000000000000E+000  0.000000000000E+000  0.000000000000E+000  0.000000000000E+000  0.000000000000E+000  0.000000000000E+000  0.000000000000E+000  0.000000000000E+000  0.000000000000E+000  0.000000000000E+000  0.000000000000E+000  0.000000000000E+000
   2.700000000000E+001  3.388491998437E-001  0.000000000000E+000  0.000000000000E+000  0.000000000000E+000  0.000000000000E+000  0.000000000000E+000  0.000000000000E+000  0.000000000000E+000  0.000000000000E+000  0.000000000000E+000  0.000000000000E+000  0.000000000000E+000  0.000000000000E+000
   2.725000000000E+001  5.679009264668E-001  0.000000000000E+000  0.000000000000E+000  0.000000000000E+000  0.000000000000E+000  0.000000000000E+000  0.000000000000E+000  0.000000000000E+000  0.000000000000E+000  0.000000000000E+000  0.000000000000E+000  0.000000000000E+000  0.000000000000E+000
   2.750000000000E+001  7.553969934623E-001  0.000000000000E+000  0.000000000000E+000  0.000000000000E+000  0.000000000000E+000  0.000000000000E+000  0.000000000000E+000  0.000000000000E+000  0.000000000000E+000  0.000000000000E+000  0.000000000000E+000  0.000000000000E+000  0.000000000000E+000
   2.775000000000E+001  1.134284793592E-001  0.000000000000E+000  0.000000000000E+000  0.000000000000E+000  0.000000000000E+000  0.000000000000E+000  0.000000000000E+000  0.000000000000E+000  0.000000000000E+000  0.000000000000E+000  0.000000000000E+000  0.000000000000E+000  0.000000000000E+000
   2.800000000000E+001  5.360582985752E-001  0.000000000000E+000  0.000000000000E+000  0.000000000000E+000  0.000000000000E+000  0.000000000000E+000  0.000000000000E+000  0.000000000000E+000  0.000000000000E+000  0.000000000000E+000  0.000000000000E+000  0.000000000000E+000  0.000000000000E+000
   2.825000000000E+001  2.776124601239E-001  0.000000000000E+000  0.000000000000E+000  0.000000000000E+000  0.000000000000E+000  0.000000000000E+000  0.000000000000E+000  0.000000000000E+000  0.000000000000E+000  0.000000000000E+000  0.000000000000E+000  0.000000000000E+000  0.000000000000E+000
   2.850000000000E+001  3.584538556023E-001  0.000000000000E+000  0.000000000000E+000  0.000000000000E+000  0.000000000000E+000  0.000000000000E+000  0.000000000000E+000  0.000000000000E+000  0.000000000000E+000  0.000000000000E+000  0.000000000000E+000  0.000000000000E+000  0.000000000000E+000
   2.875000000000E+001  1.879610931392E-001  0.000000000000E+000  0.000000000000E+000  0.000000000000E+000  0.000000000000E+000  0.000000000000E+000  0.000000000000E+000  0.000000000000E+000  0.000000000000E+000  0.000000000000E+000  0.000000000000E+000  0.000000000000E+000  0.000000000000E+000
   2.900000000000E+001  5.079020341726E-002  0.000000000000E+000  0.000000000000E+000  0.000000000000E+000  0.000000000000E+000  0.000000000000E+000  0.000000000000E+000  0.000000000000E+000  0.000000000000E+000  0.000000000000E+000  0.000000000000E+000  0.000000000000E+000  0.000000000000E+000
   2.925000000000E+001  8.866964179879E-001  0.000000000000E+000  0.000000000000E+000  0.000000000000E+000  0.000000000000E+000  0.000000000000E+000  0.000000000000E+000  0.000000000000E+000  0.000000000000E+000  0.000000000000E+000  0.000000000000E+000  0.000000000000E+000  0.000000000000E+000
   2.950000000000E+001  4.312889038862E-001  0.000000000000E+000  0.000000000000E+000  0.000000000000E+000  0.000000000000E+000  0.000000000000E+000  0.000000000000E+000  0.000000000000E+000  0.000000000000E+000  0.000000000000E+000  0.000000000000E+000  0.000000000000E+000  0.000000000000E+000
   2.975000000000E+001  4.225827771796E-001  0.000000000000E+000  0.000000000000E+000  0.000000000000E+000  0.000000000000E+000  0.000000000000E+000  0.000000000000E+000  0.000000000000E+000  0.000000000000E+000  0.000000000000E+000  0.000000000000E+000  0.000000000000E+000  0.000000000000E+000
   3.000000000000E+001  8.032499851083E-001  0.000000000000E+000  0.000000000000E+000  0.000000000000E+000  0.000000000000E+000  0.000000000000E+000  0.000000000000E+000  0.000000000000E+000  0.000000000000E+000  0.000000000000E+000  0.000000000000E+000  0.000000000000E+000  0.000000000000E+000
   3.025000000000E+001  2.270767285030E-001  0.000000000000E+000  0.000000000000E+000  0.000000000000E+000  0.000000000000E+000  0.000000000000E+000  0.000000000000E+000  0.000000000000E+000  0.000000000000E+000  0.000000000000E+000  0.000000000000E+000  0.000000000000E+000  0.000000000000E+000
   3.050000000000E+001  7.934483585149E-001  0.000000000000E+000  0.000000000000E+000  0.000000000000E+000  0.000000000000E+000  0.000000000000E+000  0.000000000000E+000  0.000000000000E+000  0.000000000000E+000  0.000000000000E+000  0.000000000000E+000  0.000000000000E+000  0.000000000000E+000
   3.075000000000E+001  5.685790052308E-001  0.000000000000E+000  0.000000000000E+000  0.000000000000E+000  0.000000000000E+000  0.000000000000E+000  0.000000000000E+000  0.000000000000E+000  0.000000000000E+000  0.000000000000E+000  0.000000000000E+000  0.000000000000E+000  0.000000000000E+000
   3.100000000000E+001  2.429856437509E-001  0.000000000000E+000  0.000000000000E+000  0.000000000000E+000  0.000000000000E+000  0.000000000000E+000  0.000000000000E+000  0.000000000000E+000  0.000000000000E+000  0.000000000000E+000  0.000000000000E+000  0.000000000000E+000  0.000000000000E+000
   3.125000000000E+001  1.742762708168E-001  0.000000000000E+000  0.000000000000E+000  0.000000000000E+000  0.000000000000E+000  0.000000000000E+000  0.000000000000E+000  0.000000000000E+000  0.000000000000E+000  0.000000000000E+000  0.000000000000E+000  0.000000000000E+000  0.000000000000E+000
   3.150000000000E+001  1.922511501896E-001  0.000000000000E+000  0.000000000000E+000  0.000000000000E+000  0.000000000000E+000  0.000000000000E+000  0.000000000000E+000  0.000000000000E+000  0.000000000000E+000  0.000000000000E+000  0.000000000000E+000  0.000000000000E+000  0.000000000000E+000
   3.175000000000E+001  3.347725856377E-001  0.000000000000E+000  0.000000000000E+000  0.000000000000E+000  0.000000000000E+000  0.000000000000E+000  0.000000000000E+000  0.000000000000E+000  0.000000000000E+000  0.000000000000E+000  0.000000000000E+000  0.000000000000E+000  0.000000000000E+000
   3.200000000000E+001  7.490563963865E-001  0.000000000000E+000  0.000000000000E+000  0.000000000000E+000  0.000000000000E+000  0.000000000000E+000  0.000000000000E+000  0.000000000000E+000  0.000000000000E+000  0.000000000000E+000  0.000000000000E+000  0.000000000000E+000  0.000000000000E+000
   3.225000000000E+001  7.001086564312E-001  0.000000000000E+000  0.000000000000E+000  0.000000000000E+000  0.000000000000E+000  0.000000000000E+000  0.000000000000E+000  0.000000000000E+000  0.000000000000E+000  0.000000000000E+000  0.000000000000E+000  0.000000000000E+000  0.000000000000E+000
   3.250000000000E+001  4.213499584304E-002  0.000000000000E+000  0.000000000000E+000  0.000000000000E+000  0.000000000000E+000  0.000000000000E+000  0.000000000000E+000  0.000000000000E+000  0.000000000000E+000  0.000000000000E+000  0.000000000000E+000  0.000000000000E+000  0.000000000000E+000
   3.275000000000E+001  8.150599474460E-001  0.000000000000E+000  0.000000000000E+000  0.000000000000E+000  0.000000000000E+000  0.000000000000E+000  0.000000000000E+000  0.000000000000E+000  0.000000000000E+000  0.000000000000E+000  0.000000000000E+000  0.000000000000E+000  0.000000000000E+000
   3.300000000000E+001  2.903684529855E-001  0.000000000000E+000  0.000000000000E+000  0.000000000000E+000  0.000000000000E+000  0.000000000000E+000  0.000000000000E+000  0.000000000000E+000  0.000000000000E+000  0.000000000000E+000  0.000000000000E+000  0.000000000000E+000  0.000000000000E+000
   3.325000000000E+001  1.396267669593E-001  0.000000000000E+000  0.000000000000E+000  0.000000000000E+000  0.000000000000E+000  0.000000000000E+000  0.000000000000E+000  0.000000000000E+000  0.000000000000E+000  0.000000000000E+000  0.000000000000E+000  0.000000000000E+000  0.000000000000E+000
   3.350000000000E+001  2.952575148534E-002  5.492894039566E-012  5.492894039566E-012  5.492894039566E-012  5.492894039566E-012  4.447205426420E-009  4.447205426420E-009  4.450625556039E-009  4.450625556039E-009  4.450625556039E-009  4.450625556039E-009  5.368890753006E-009  5.368890753006E-009
   3.375000000000E+001  2.155638371235E-001  0.000000000000E+000  0.000000000000E+000  7.864483959464E-012  7.864483959464E-012  2.910295569530E-009  2.910295569530E-009  2.910295569530E-009  2.910295569530E-009  2.910295569530E-009  2.910295569530E-009  3.465255290884E-009  3.465255290884E-009
   3.400000000000E+001  3.457290555290E-001  0.000000000000E+000  0.000000000000E+000  0.000000000000E+000  0.000000000000E+000  1.018150103484E-008  1.018150103484E-008  1.018150103484E-008  1.018150103484E-008  1.018150103484E-008  1.018150103484E-008  1.036229297051E-008  1.036229297051E-008
   3.425000000000E+001  1.244572739018E-002  1.842227330677E-010  1.842227330677E-010  2.387769337201E-010  2.387769337201E-010  2.111465811157E-008  2.111465811157E-008  2.113250586885E-008  2.113250586885E-008  2.113250586885E-008  2.113250586885E-008  2.113250586885E-008  2.113250586885E-008
   3.450000000000E+001  9.337306001070E-001  6.035596423112E-011  6.035596423112E-011  6.035596423112E-011  6.035596423112E-011  2.619436843929E-008  2.619436843929E-008  2.619436843929E-008  2.619436843929E-008  2.619436843929E-008  2.619436843929E-008  2.619436843929E-008  2.619436843929E-008
   3.475000000000E+001  5.916023381456E-001  5.028248400829E-011  5.028248400829E-011  5.028248400829E-011  5.028248400829E-011  2.550616197343E-008  2.550616197343E-008  2.550616197343E-008  2.550616197343E-008  2.550616197343E-008  2.550616197343E-008  2.550616197343E-008  2.550616197343E-008
   3.500000000000E+001  2.222532680684E-001  7.055766611301E-011  7.055766611301E-011  7.486223973546E-011  7.486223973546E-011  3.464813082472E-008  3.464813082472E-008  3.464813082472E-008  3.464813082472E-008  3.464813082472E-008  3.464813082472E-008  3.464813082472E-008  3.464813082472E-008
   3.525000000000E+001  1.647079046816E-001  0.000000000000E+000  0.000000000000E+000  0.000000000000E+000  0.000000000000E+000  5.259422862124E-008  5.259422862124E-008  5.265444860545E-008  5.265444860545E-008  5.265444860545E-008  5.265444860545E-008  5.265444860545E-008  5.265444860545E-008
   3.550000000000E+001  7.755936882112E-001  0.000000000000E+000  0.000000000000E+000  9.277205631706E-012  9.277205631706E-012  3.170001883745E-008  3.170001883745E-008  3.180235652498E-008  3.180235652498E-008  3.180235652498E-008  3.180235652498E-008  3.180235652498E-008  3.180235652498E-008
   3.575000000000E+001  9.702893646781E-001  1.147997194509E-010  1.147997194509E-010  1.147997194509E-010  1.147997194509E-010  5.951612512963E-008  5.951612512963E-008  5.951612512963E-008  5.951612512963E-008  5.951612512963E-008  5.951612512963E-008  5.951612512963E-008  5.951612512963E-008
   3.600000000000E+001  6.340359961116E-002  0.000000000000E+000  0.000000000000E+000  6.329399056611E-011  6.329399056611E-011  4.731713186002E-008  4.731713186002E-008  4.737918347116E-008  4.737918347116E-008  4.737918347116E-008  4.737918347116E-008  4.740606691310E-008  4.740606691310E-008
   3.625000000000E+001  8.434605587712E-001  0.000000000000E+000  0.000000000000E+000  4.680272796019E-011  4.680272796019E-011  7.630207806297E-008  7.630207806297E-008  7.634533783677E-008  7.634533783677E-008  7.634533783677E-008  7.634533783677E-008  7.640520816826E-008  7.640520816826E-008
   3.650000000000E+001  3.553770520757E-001  0.000000000000E+000  0.000000000000E+000  0.000000000000E+000  0.000000000000E+000  7.473972332316E-008  7.473972332316E-008  7.480391098740E-008  7.480391098740E-008  7.480391098740E-008  7.480391098740E-008  7.487425963485E-008  7.487425963485E-008
   3.675000000000E+001  9.341540943846E-001  3.696355800587E-011  3.696355800587E-011  4.703499181373E-011  4.703499181373E-011  5.669144528941E-008  5.669144528941E-008  5.669144528941E-008  5.669144528941E-008  5.669144528941E-008  5.669144528941E-008  5.675080867025E-008  5.675080867025E-008
   3.700000000000E+001  2.120970180390E-001  0.000000000000E+000  0.000000000000E+000  0.000000000000E+000  0.000000000000E+000  8.228374685130E-008  8.228374685130E-008  8.245682319755E-008  8.245682319755E-008  8.245682319755E-008  8.245682319755E-008  8.250142076185E-008  8.250142076185E-008
   3.725000000000E+001  7.310530697645E-001  0.000000000000E+000  0.000000000000E+000  1.290158296264E-011  1.290158296264E-011  6.524161294623E-004  6.524161294623E-004  6.524165352041E-004  6.524165352041E-004  6.524165352041E-004  6.524165352041E-004  6.528680659521E-004  6.528680659521E-004
   3.750000000000E+001  2.947737365289E-001  9.340256594091E-014  9.340256594091E-014  9.340256594091E-014  9.340256594091E-014  4.738291927009E-008  4.738291927009E-008  4.738291927009E-008  4.738291927009E-008  4.738291927009E-008  4.738291927009E-008  4.830801156906E-008  4.830801156906E-008
   3.775000000000E+001  6.212895222984E-001  0.000000000000E+000  0.000000000000E+000  1.779396454860E-012  1.779396454860E-012  1.050475327256E-007  1.050475327256E-007  1.050475327256E-007  1.050475327256E-007  1.050475327256E-007  1.050475327256E-007  1.055554277351E-007  1.055554277351E-007
   3.800000000000E+001  7.207962266485E-001  0.000000000000E+000  0.000000000000E+000  5.325362929355E-013  5.325362929355E-013  7.875511344171E-008  7.875511344171E-008  7.875511344171E-008  7.875511344171E-008  7.875511344171E-008  7.875511344171E-008  7.887887930109E-008  7.887887930109E-008
   3.825000000000E+001  6.518278142462E-001  0.000000000000E+000  0.000000000000E+000  2.180497773731E-012  2.180497773731E-012  4.475313836546E-008  4.475313836546E-008  4.475313836546E-008  4.475313836546E-008  4.475313836546E-008  4.475313836546E-008  4.475313836546E-008  4.475313836546E-008
   3.850000000000E+001  7.755445227592E-001  0.000000000000E+000  0.000000000000E+000  2.536955969658E-013  2.536955969658E-013  7.453820192369E-008  7.453820192369E-008  7.453820192369E-008  7.453820192369E-008  7.453820192369E-008  7.453820192369E-008  7.453820192369E-008  7.453820192369E-008
   3.875000000000E+001  1.792842700329E-001  0.000000000000E+000  0.000000000000E+000  2.505944841899E-012  2.505944841899E-012  8.924391205649E-008  8.924391205649E-008  8.924391205649E-008  8.924391205649E-008  8.924391205649E-008  8.924391205649E-008  8.924391205649E-008  8.924391205649E-008
   3.900000000000E+001  5.860349590951E-001  7.163051941056E-011  7.163051941056E-011  7.163051941056E-011  7.163051941056E-011  8.238450711585E-008  8.238450711585E-008  8.289402403174E-008  8.289402403174E-008  8.289402403174E-008  8.289402403174E-008  8.289402403174E-008  8.289402403174E-008
   3.925000000000E+001  3.138059711426E-001  0.000000000000E+000  0.000000000000E+000  5.656840281859E-012  5.656840281859E-012  9.877038850573E-008  9.877038850573E-008  9.877038850573E-008  9.877038850573E-008  9.877038850573E-008  9.877038850573E-008  9.877038850573E-008  9.877038850573E-008
   3.950000000000E+001  1.827340086607E-001  2.451877072205E-011  2.451877072205E-011  2.451877072205E-011  2.451877072205E-011  1.056918032732E-007  1.056918032732E-007  1.058640615781E-007  1.058640615781E-007  1.058640615781E-007  1.058640615781E-007  1.058640615781E-007  1.058640615781E-007
   3.975000000000E+001  6.447704740826E-001  0.000000000000E+000  0.000000000000E+000  0.000000000000E+000  0.000000000000E+000  8.283930806952E-008  8.283930806952E-008  8.283930806952E-008  8.283930806952E-008  8.283930806952E-008  8.283930806952E-008  8.283930806952E-008  8.283930806952E-008
   4.000000000000E+001  8.440195311521E-002  0.000000000000E+000  0.000000000000E+000  0.000000000000E+000  0.000000000000E+000  1.270459941307E-007  1.270459941307E-007  1.270459941307E-007  1.270459941307E-007  1.270459941307E-007  1.270459941307E-007  1.270861751578E-007  1.270861751578E-007
   4.025000000000E+001  4.472890673296E-001  3.215983044859E-011  3.215983044859E-011  3.215983044859E-011  3.215983044859E-011  6.942065016065E-008  6.942065016065E-008  6.968809634120E-008  6.968809634120E-008  6.968809634120E-008  6.968809634120E-008  6.974955906253E-008  6.974955906253E-008
   4.050000000000E+001  8.170292966289E-001  0.000000000000E+000  0.000000000000E+000  0.000000000000E+000  0.000000000000E+000  1.150192999657E-007  1.150192999657E-007  1.150192999657E-007  1.150192999657E-007  1.150192999657E-007  1.150192999657E-007  1.150932176808E-007  1.150932176808E-007
   4.075000000000E+001  4.487568666899E-001  2.741242469267E-011  2.741242469267E-011  3.299428833789E-011  3.299428833789E-011  1.003185687996E-007  1.003185687996E-007  1.005975328873E-007  1.005975328873E-007  1.005975328873E-007  1.005975328873E-007  1.006573627497E-007  1.006573627497E-007
   4.100000000000E+001  9.996406785070E-001  1.637728975778E-011  1.637728975778E-011  1.637728975778E-011  1.637728975778E-011  1.117369294238E-007  1.117369294238E-007  1.119236719564E-007  1.119236719564E-007  1.119236719564E-007  1.119236719564E-007  1.119687392433E-007  1.119687392433E-007
   4.125000000000E+001  9.638743716894E-001  7.947721099797E-012  7.947721099797E-012  1.294059768314E-011  1.294059768314E-011  9.341665977208E-008  9.341665977208E-008  9.352137817383E-008  9.352137817383E-008  9.352137817383E-008  9.352137817383E-008  9.354232546328E-008  9.354232546328E-008
   4.150000000000E+001  3.240954762083E-001  0.000000000000E+000  0.000000000000E+000  4.501044831469E-012  4.501044831469E-012  7.506397942467E-008  7.506397942467E-008  7.506397942467E-008  7.506397942467E-008  7.506397942467E-008  7.506397942467E-008  7.506940870971E-008  7.506940870971E-008
   4.175000000000E+001  1.821118818966E-001  2.372341545007E-011  2.372341545007E-011  2.372341545007E-011  2.372341545007E-011  1.174886625315E-007  1.174886625315E-007  1.179406875492E-007  1.179406875492E-007  1.179406875492E-007  1.179406875492E-007  1.179406875492E-007  1.179406875492E-007
   4.200000000000E+001  2.540558584010E-002  0.000000000000E+000  0.000000000000E+000  1.709356477148E-012  1.709356477148E-012  1.025998100200E-007  1.025998100200E-007  1.025998100200E-007  1.025998100200E-007  1.025998100200E-007  1.025998100200E-007  1.025998100200E-007  1.025998100200E-007
   4.225000000000E+001  2.428255261109E-001  0.000000000000E+000  0.000000000000E+000  0.000000000000E+000  0.000000000000E+000  8.201681042963E-008  8.201681042963E-008  8.201681042963E-008  8.201681042963E-008  8.201681042963E-008  8.201681042963E-008  8.201681042963E-008  8.201681042963E-008
   4.250000000000E+001  6.802171747286E-001  8.125569848238E-012  8.125569848238E-012  1.328627733862E-011  1.328627733862E-011  7.155847598409E-008  7.155847598409E-008  7.203305285300E-008  7.203305285300E-008  7.203305285300E-008  7.203305285300E-008  7.203305285300E-008  7.203305285300E-008
   4.275000000000E+001  6.229095905774E-001  0.000000000000E+000  0.000000000000E+000  0.000000000000E+000  0.000000000000E+000  1.023591364298E-007  1.023591364298E-007  1.023591364298E-007  1.023591364298E-007  1.023591364298E-007  1.023591364298E-007  1.023591364298E-007  1.023591364298E-007
   4.300000000000E+001  3.054664698265E-001  4.213597358472E-012  4.213597358472E-012  4.213597358472E-012  4.213597358472E-012  5.512851274591E-008  5.512851274591E-008  5.512851274591E-008  5.512851274591E-008  5.512851274591E-008  5.512851274591E-008  5.512851274591E-008  5.512851274591E-008
   4.325000000000E+001  8.239033268913E-001  0.000000000000E+000  0.000000000000E+000  4.240671159036E-013  4.240671159036E-013  6.054763046395E-008  6.054763046395E-008  6.072326097469E-008  6.072326097469E-008  6.072326097469E-008  6.072326097469E-008  6.072538847522E-008  6.072538847522E-008
   4.350000000000E+001  1.038373293477E-001  0.000000000000E+000  0.000000000000E+000  3.415389671252E-014  3.415389671252E-014  5.212611229755E-008  5.212611229755E-008  5.230266021030E-008  5.230266021030E-008  5.230266021030E-008  5.230266021030E-008  5.230644291197E-008  5.230644291197E-008
   4.375000000000E+001  8.560979826228E-001  4.377285443023E-012  4.377285443023E-012  5.580768840399E-012  5.580768840399E-012  3.728680763213E-008  3.728680763213E-008  3.728680763213E-008  3.728680763213E-008  3.728680763213E-008  3.728680763213E-008  3.729214730908E-008  3.729214730908E-008
   4.400000000000E+001  9.724990570277E-001  6.816850799005E-012  6.816850799005E-012  6.886826676038E-012  6.886826676038E-012  5.253771135911E-008  5.253771135911E-008  5.253771135911E-008  5.253771135911E-008  5.253771135911E-008  5.253771135911E-008  5.254277368796E-008  5.254277368796E-008
   4.425000000000E+001  4.776404428293E-002  0.000000000000E+000  0.000000000000E+000  0.000000000000E+000  0.000000000000E+000  4.201086287806E-008  4.201086287806E-008  4.217670232791E-008  4.217670232791E-008  4.217670232791E-008  4.217670232791E-008  4.218155963545E-008  4.218155963545E-008
   4.450000000000E+001  7.743171769273E-001  0.000000000000E+000  0.000000000000E+000  0.000000000000E+000  0.000000000000E+000  6.945950597053E-004  6.945950597053E-004  6.945958442362E-004  6.945958442362E-004  6.945958442362E-004  6.945958442362E-004  6.951330324609E-004  6.951330324609E-004
   4.475000000000E+001  2.600533706623E-001  4.152805447741E-014  4.152805447741E-014  4.255200489300E-013  4.255200489300E-013  1.989214627604E-008  1.989214627604E-008  1.989214627604E-008  1.989214627604E-008  1.989214627604E-008  1.989214627604E-008  2.062230050453E-008  2.062230050453E-008
   4.500000000000E+001  3.064025049304E-001  1.649375571198E-012  1.649375571198E-012  2.960438478168E-012  2.960438478168E-012  8.002651728055E-008  8.002651728055E-008  8.002651728055E-008  8.002651728055E-008  8.002651728055E-008  8.002651728055E-008  8.041247718913E-008  8.041247718913E-008
   4.525000000000E+001  9.318331914050E-001  2.395505620845E-013  2.395505620845E-013  4.217693634404E-013  4.217693634404E-013  1.861664656332E-008  1.861664656332E-008  1.861664656332E-008  1.861664656332E-008  1.861664656332E-008  1.861664656332E-008  1.872456342761E-008  1.872456342761E-008
   4.550000000000E+001  5.041100936240E-001  6.100213994983E-012  6.100213994983E-012  6.100213994983E-012  6.100213994983E-012  7.148684795176E-008  7.148684795176E-008  7.148684795176E-008  7.148684795176E-008  7.148684795176E-008  7.148684795176E-008  7.148684795176E-008  7.148684795176E-008
   4.575000000000E+001  4.420961563374E-001  0.000000000000E+000  0.000000000000E+000  7.211839757148E-014  7.211839757148E-014  1.799045371973E-008  1.799045371973E-008  1.799471799814E-008  1.799471799814E-008  1.799471799814E-008  1.799471799814E-008  1.799471799814E-008  1.799471799814E-008
   4.600000000000E+001  9.044058448051E-001  0.000000000000E+000  0.000000000000E+000  0.000000000000E+000  0.000000000000E+000  6.982409071354E-008  6.982409071354E-008  7.005405566340E-008  7.005405566340E-008  7.005405566340E-008  7.005405566340E-008  7.005405566340E-008  7.005405566340E-008
   4.625000000000E+001  3.511334251828E-001  0.000000000000E+000  0.000000000000E+000  2.215355970001E-013  2.215355970001E-013  1.778897939100E-008  1.778897939100E-008  1.785569820912E-008  1.785569820912E-008  1.785569820912E-008  1.785569820912E-008  1.785569820912E-008  1.785569820912E-008
   4.650000000000E+001  7.000083273746E-001  2.479825536655E-012  2.479825536655E-012  2.479825536655E-012  2.479825536655E-012  3.496869126454E-008  3.496869126454E-008  3.496869126454E-008  3.496869126454E-008  3.496869126454E-008  3.496869126454E-008  3.496869126454E-008  3.496869126454E-008
   4.675000000000E+001  9.374873510964E-001  8.331557480216E-013  8.331557480216E-013  8.331557480216E-013  8.331557480216E-013  2.954975320102E-008  2.954975320102E-008  2.954975320102E-008  2.954975320102E-008  2.954975320102E-008  2.954975320102E-008  2.954975320102E-008  2.954975320102E-008
   4.700000000000E+001  1.833059850992E-002  1.557037836123E-012  1.557037836123E-012  1.557037836123E-012  1.557037836123E-012  5.717302258340E-008  5.717302258340E-008  5.717302258340E-008  5.717302258340E-008  5.717302258340E-008  5.717302258340E-008  5.717302258340E-008  5.717302258340E-008
   4.725000000000E+001  6.873063367889E-001  0.000000000000E+000  0.000000000000E+000  0.000000000000E+000  0.000000000000E+000  8.657350184975E-009  8.657350184975E-009  8.659958088099E-009  8.659958088099E-009  8.659958088099E-009  8.659958088099E-009  8.685647377424E-009  8.685647377424E-009
   4.750000000000E+001  7.431919864245E-001  7.644666639487E-013  7.644666639487E-013  7.644666639487E-013  7.644666639487E-013  2.258093257809E-008  2.258093257809E-008  2.258093257809E-008  2.258093257809E-008  2.258093257809E-008  2.258093257809E-008  2.262985890191E-008  2.262985890191E-008
   4.775000000000E+001  7.006463993131E-001  2.148751207703E-012  2.148751207703E-012  2.148751207703E-012  2.148751207703E-012  4.262673830269E-008  4.262673830269E-008  4.262673830269E-008  4.262673830269E-008  4.262673830269E-008  4.262673830269E-008  4.268470083044E-008  4.268470083044E-008
   4.800000000000E+001  2.508756161315E-001  0.000000000000E+000  0.000000000000E+000  8.710013086844E-013  8.710013086844E-013  2.065748007639E-008  2.065748007639E-008  2.066563858389E-008  2.066563858389E-008  2.066563858389E-008  2.066563858389E-008  2.071149094770E-008  2.071149094770E-008
   4.825000000000E+001  6.907681285941E-001  1.832315910601E-012  1.832315910601E-012  1.832315910601E-012  1.832315910601E-012  1.194239746721E-008  1.194239746721E-008  1.234275955521E-008  1.234275955521E-008  1.234275955521E-008  1.234275955521E-008  1.237370881484E-008  1.237370881484E-008
   4.850000000000E+001  4.801311715558E-001  4.766385368019E-013  4.766385368019E-013  4.766385368019E-013  4.766385368019E-013  1.533078551417E-008  1.533078551417E-008  1.538213212535E-008  1.538213212535E-008  1.538213212535E-008  1.538213212535E-008  1.539963383872E-008  1.539963383872E-008
   4.875000000000E+001  5.283717717564E-001  0.000000000000E+000  0.000000000000E+000  7.838994054571E-013  7.838994054571E-013  1.363236036954E-008  1.363236036954E-008  1.363236036954E-008  1.363236036954E-008  1.363236036954E-008  1.363236036954E-008  1.363614822112E-008  1.363614822112E-008
   4.900000000000E+001  2.689493623845E-001  0.000000000000E+000  0.000000000000E+000  0.000000000000E+000  0.000000000000E+000  2.108455176089E-008  2.108455176089E-008  2.108455176089E-008  2.108455176089E-008  2.108455176089E-008  2.108455176089E-008  2.108455176089E-008  2.108455176089E-008
   4.925000000000E+001  1.073404024932E-001  0.000000000000E+000  0.000000000000E+000  0.000000000000E+000  0.000000000000E+000  9.678573175705E-009  9.678573175705E-009  9.678573175705E-009  9.678573175705E-009  9.678573175705E-009  9.678573175705E-009  9.678573175705E-009  9.678573175705E-009
   4.950000000000E+001  2.230195174723E-001  0.000000000000E+000  0.000000000000E+000  0.000000000000E+000  0.000000000000E+000  5.027314861247E-009  5.027314861247E-009  5.027314861247E-009  5.027314861247E-009  5.027314861247E-009  5.027314861247E-009  5.027314861247E-009  5.027314861247E-009
   4.975000000000E+001  1.352260087124E-001  0.000000000000E+000  0.000000000000E+000  1.259289511312E-012  1.259289511312E-012  8.777864406771E-009  8.777864406771E-009  8.777864406771E-009  8.777864406771E-009  8.777864406771E-009  8.777864406771E-009  8.777864406771E-009  8.777864406771E-009
   5.000000000000E+001  5.472201544390E-001  2.389335618759E-012  2.389335618759E-012  2.389335618759E-012  2.389335618759E-012  6.610625269530E-009  6.610625269530E-009  6.749065881664E-009  6.749065881664E-009  6.749065881664E-009  6.749065881664E-009  6.749065881664E-009  6.749065881664E-009
   5.025000000000E+001  4.564457702441E-001  1.755702637953E-012  1.755702637953E-012  1.755702637953E-012  1.755702637953E-012  2.631912917279E-009  2.631912917279E-009  2.704256993372E-009  2.704256993372E-009  2.704256993372E-009  2.704256993372E-009  2.704256993372E-009  2.704256993372E-009
   5.050000000000E+001  3.557224102488E-001  4.271069724191E-014  4.271069724191E-014  7.537914575138E-013  7.537914575138E-013  4.218416060572E-010  4.218416060572E-010  4.234706079815E-010  4.234706079815E-010  4.234706079815E-010  4.234706079815E-010  4.241971098314E-010  4.241971098314E-010
   5.075000000000E+001  8.589568622463E-001  0.000000000000E+000  0.000000000000E+000  0.000000000000E+000  0.000000000000E+000  0.000000000000E+000  0.000000000000E+000  0.000000000000E+000  0.000000000000E+000  0.000000000000E+000  0.000000000000E+000  0.000000000000E+000  0.000000000000E+000
   5.100000000000E+001  6.867272147778E-001  0.000000000000E+000  0.000000000000E+000  0.000000000000E+000  0.000000000000E+000  0.000000000000E+000  0.000000000000E+000  0.000000000000E+000  0.000000000000E+000  0.000000000000E+000  0.000000000000E+000  0.000000000000E+000  0.000000000000E+000
   5.125000000000E+001  9.196028654306E-001  0.000000000000E+000  0.000000000000E+000  0.000000000000E+000  0.000000000000E+000  0.000000000000E+000  0.000000000000E+000  0.000000000000E+000  0.000000000000E+000  0.000000000000E+000  0.000000000000E+000  0.000000000000E+000  0.000000000000E+000
   5.150000000000E+001  1.125663377196E-002  0.000000000000E+000  0.000000000000E+000  0.000000000000E+000  0.000000000000E+000  0.000000000000E+000  0.000000000000E+000  0.000000000000E+000  0.000000000000E+000  0.000000000000E+000  0.000000000000E+000  0.000000000000E+000  0.000000000000E+000
   5.175000000000E+001  1.924874625920E-001  0.000000000000E+000  0.000000000000E+000  0.000000000000E+000  0.000000000000E+000  0.000000000000E+000  0.000000000000E+000  0.000000000000E+000  0.000000000000E+000  0.000000000000E+000  0.000000000000E+000  0.000000000000E+000  0.000000000000E+000
   5.200000000000E+001  6.259085155103E-001  0.000000000000E+000  0.000000000000E+000  0.000000000000E+000  0.000000000000E+000  0.000000000000E+000  0.000000000000E+000  0.000000000000E+000  0.000000000000E+000  0.000000000000E+000  0.000000000000E+000  0.000000000000E+000  0.000000000000E+000
   5.225000000000E+001  2.070859850395E-001  0.000000000000E+000  0.000000000000E+000  0.000000000000E+000  0.000000000000E+000  0.000000000000E+000  0.000000000000E+000  0.000000000000E+000  0.000000000000E+000  0.000000000000E+000  0.000000000000E+000  0.000000000000E+000  0.000000000000E+000
   5.250000000000E+001  4.620392300530E-001  0.000000000000E+000  0.000000000000E+000  0.000000000000E+000  0.000000000000E+000  0.000000000000E+000  0.000000000000E+000  0.000000000000E+000  0.000000000000E+000  0.000000000000E+000  0.000000000000E+000  0.000000000000E+000  0.000000000000E+000
   5.275000000000E+001  5.503631098107E-001  0.000000000000E+000  0.000000000000E+000  0.000000000000E+000  0.000000000000E+000  0.000000000000E+000  0.000000000000E+000  0.000000000000E+000  0.000000000000E+000  0.000000000000E+000  0.000000000000E+000  0.000000000000E+000  0.000000000000E+000
   5.300000000000E+001  9.935349651847E-001  0.000000000000E+000  0.000000000000E+000  0.000000000000E+000  0.000000000000E+000  0.000000000000E+000  0.000000000000E+000  0.000000000000E+000  0.000000000000E+000  0.000000000000E+000  0.000000000000E+000  0.000000000000E+000  0.000000000000E+000
   5.325000000000E+001  2.426231683339E-001  0.000000000000E+000  0.000000000000E+000  0.000000000000E+000  0.000000000000E+000  0.000000000000E+000  0.000000000000E+000  0.000000000000E+000  0.000000000000E+000  0.000000000000E+000  0.000000000000E+000  0.000000000000E+000  0.000000000000E+000
   5.350000000000E+001  9.365482407653E-001  0.000000000000E+000  0.000000000000E+000  0.000000000000E+000  0.000000000000E+000  0.000000000000E+000  0.000000000000E+000  0.000000000000E+000  0.000000000000E+000  0.000000000000E+000  0.000000000000E+000  0.000000000000E+000  0.000000000000E+000
   5.375000000000E+001  2.945482619277E-001  0.000000000000E+000  0.000000000000E+000  0.000000000000E+000  0.000000000000E+000  0.000000000000E+000  0.000000000000E+000  0.000000000000E+000  0.000000000000E+000  0.000000000000E+000  0.000000000000E+000  0.000000000000E+000  0.000000000000E+000
   5.400000000000E+001  2.009161613313E-001  0.000000000000E+000  0.000000000000E+000  0.000000000000E+000  0.000000000000E+000  0.000000000000E+000  0.000000000000E+000  0.000000000000E+000  0.000000000000E+000  0.000000000000E+000  0.000000000000E+000  0.000000000000E+000  0.000000000000E+000
   5.425000000000E+001  4.061429852257E-001  0.000000000000E+000  0.000000000000E+000  0.000000000000E+000  0.000000000000E+000  0.000000000000E+000  0.000000000000E+000  0.000000000000E+000  0.000000000000E+000  0.000000000000E+000  0.000000000000E+000  0.000000000000E+000  0.000000000000E+000
   5.450000000000E+001  9.243270575850E-001  0.000000000000E+000  0.000000000000E+000  0.000000000000E+000  0.000000000000E+000  0.000000000000E+000  0.000000000000E+000  0.000000000000E+000  0.000000000000E+000  0.000000000000E+000  0.000000000000E+000  0.000000000000E+000  0.000000000000E+000
   5.475000000000E+001  7.998868017413E-001  0.000000000000E+000  0.000000000000E+000  0.000000000000E+000  0.000000000000E+000  0.000000000000E+000  0.000000000000E+000  0.000000000000E+000  0.000000000000E+000  0.000000000000E+000  0.000000000000E+000  0.000000000000E+000  0.000000000000E+000
   5.500000000000E+001  9.086732497612E-001  0.000000000000E+000  0.000000000000E+000  0.000000000000E+000  0.000000000000E+000  0.000000000000E+000  0.000000000000E+000  0.000000000000E+000  0.000000000000E+000  0.000000000000E+000  0.000000000000E+000  0.000000000000E+000  0.000000000000E+000
   5.525000000000E+001  2.264483264871E-001  0.000000000000E+000  0.000000000000E+000  0.000000000000E+000  0.000000000000E+000  0.000000000000E+000  0.000000000000E+000  0.000000000000E+000  0.000000000000E+000  0.000000000000E+000  0.000000000000E+000  0.000000000000E+000  0.000000000000E+000
   5.550000000000E+001  7.160967443456E-001  0.000000000000E+000  0.000000000000E+000  0.000000000000E+000  0.000000000000E+000  0.000000000000E+000  0.000000000000E+000  0.000000000000E+000  0.000000000000E+000  0.000000000000E+000  0.000000000000E+000  0.000000000000E+000  0.000000000000E+000
   5.575000000000E+001  3.377014793011E-001  0.000000000000E+000  0.000000000000E+000  0.000000000000E+000  0.000000000000E+000  0.000000000000E+000  0.000000000000E+000  0.000000000000E+000  0.000000000000E+000  0.000000000000E+000  0.000000000000E+000  0.000000000000E+000  0.000000000000E+000
   5.600000000000E+001  5.322115166290E-001  0.000000000000E+000  0.000000000000E+000  0.000000000000E+000  0.000000000000E+000  0.000000000000E+000  0.000000000000E+000  0.000000000000E+000  0.000000000000E+000  0.000000000000E+000  0.000000000000E+000  0.000000000000E+000  0.000000000000E+000
   5.625000000000E+001  6.195679338012E-001  0.000000000000E+000  0.000000000000E+000  0.000000000000E+000  0.000000000000E+000  0.000000000000E+000  0.000000000000E+000  0.000000000000E+000  0.000000000000E+000  0.000000000000E+000  0.000000000000E+000  0.000000000000E+000  0.000000000000E+000
   5.650000000000E+001  4.690002924134E-001  0.000000000000E+000  0.000000000000E+000  0.000000000000E+000  0.000000000000E+000  0.000000000000E+000  0.000000000000E+000  0.000000000000E+000  0.000000000000E+000  0.000000000000E+000  0.000000000000E+000  0.000000000000E+000  0.000000000000E+000
   5.675000000000E+001  7.886887765669E-001  0.000000000000E+000  0.000000000000E+000  0.000000000000E+000  0.000000000000E+000  0.000000000000E+000  0.000000000000E+000  0.000000000000E+000  0.000000000000E+000  0.000000000000E+000  0.000000000000E+000  0.000000000000E+000  0.000000000000E+000
   5.700000000000E+001  6.634504144980E-001  0.000000000000E+000  0.000000000000E+000  0.000000000000E+000  0.000000000000E+000  0.000000000000E+000  0.000000000000E+000  0.000000000000E+000  0.000000000000E+000  0.000000000000E+000  0.000000000000E+000  0.000000000000E+000  0.000000000000E+000
   5.725000000000E+001  8.551417285050E-001  0.000000000000E+000  0.000000000000E+000  0.000000000000E+000  0.000000000000E+000  0.000000000000E+000  0.000000000000E+000  0.000000000000E+000  0.000000000000E+000  0.000000000000E+000  0.000000000000E+000  0.000000000000E+000  0.000000000000E+000
   5.750000000000E+001  7.977418740317E-001  0.000000000000E+000  0.000000000000E+000  0.000000000000E+000  0.000000000000E+000  0.000000000000E+000  0.000000000000E+000  0.000000000000E+000  0.000000000000E+000  0.000000000000E+000  0.000000000000E+000  0.000000000000E+000  0.000000000000E+000
   5.775000000000E+001  5.129417682067E-001  0.000000000000E+000  0.000000000000E+000  0.000000000000E+000  0.000000000000E+000  0.000000000000E+000  0.000000000000E+000  0.000000000000E+000  0.000000000000E+000  0.000000000000E+000  0.000000000000E+000  0.000000000000E+000  0.000000000000E+000
   5.800000000000E+001  1.141293489845E-001  0.000000000000E+000  0.000000000000E+000  0.000000000000E+000  0.000000000000E+000  0.000000000000E+000  0.000000000000E+000  0.000000000000E+000  0.000000000000E+000  0.000000000000E+000  0.000000000000E+000  0.000000000000E+000  0.000000000000E+000
   5.825000000000E+001  7.229844506149E-001  0.000000000000E+000  0.000000000000E+000  0.000000000000E+000  0.000000000000E+000  0.000000000000E+000  0.000000000000E+000  0.000000000000E+000  0.000000000000E+000  0.000000000000E+000  0.000000000000E+000  0.000000000000E+000  0.000000000000E+000
   5.850000000000E+001  9.927677821299E-001  0.000000000000E+000  0.000000000000E+000  0.000000000000E+000  0.000000000000E+000  0.000000000000E+000  0.000000000000E+000  0.000000000000E+000  0.000000000000E+000  0.000000000000E+000  0.000000000000E+000  0.000000000000E+000  0.000000000000E+000
   5.875000000000E+001  1.635747798271E-001  0.000000000000E+000  0.000000000000E+000  0.000000000000E+000  0.000000000000E+000  0.000000000000E+000  0.000000000000E+000  0.000000000000E+000  0.000000000000E+000  0.000000000000E+000  0.000000000000E+000  0.000000000000E+000  0.000000000000E+000
   5.900000000000E+001  6.850083322384E-001  0.000000000000E+000  0.000000000000E+000  0.000000000000E+000  0.000000000000E+000  0.000000000000E+000  0.000000000000E+000  0.000000000000E+000  0.000000000000E+000  0.000000000000E+000  0.000000000000E+000  0.000000000000E+000  0.000000000000E+000
   5.925000000000E+001  6.918653216253E-001  0.000000000000E+000  0.000000000000E+000  0.000000000000E+000  0.000000000000E+000  0.000000000000E+000  0.000000000000E+000  0.000000000000E+000  0.000000000000E+000  0.000000000000E+000  0.000000000000E+000  0.000000000000E+000  0.000000000000E+000
   5.950000000000E+001  6.026501498303E-001  0.000000000000E+000  0.000000000000E+000  0.000000000000E+000  0.000000000000E+000  0.000000000000E+000  0.000000000000E+000  0.000000000000E+000  0.000000000000E+000  0.000000000000E+000  0.000000000000E+000  0.000000000000E+000  0.000000000000E+000
   5.975000000000E+001  6.592537872664E-001  0.000000000000E+000  0.000000000000E+000  0.000000000000E+000  0.000000000000E+000  0.000000000000E+000  0.000000000000E+000  0.000000000000E+000  0.000000000000E+000  0.000000000000E+000  0.000000000000E+000  0.000000000000E+000  0.000000000000E+000
   6.000000000000E+001  3.914465500382E-001  0.000000000000E+000  0.000000000000E+000  0.000000000000E+000  0.000000000000E+000  0.000000000000E+000  0.000000000000E+000  0.000000000000E+000  0.000000000000E+000  0.000000000000E+000  0.000000000000E+000  0.000000000000E+000  0.000000000000E+000
   6.025000000000E+001  8.453283635214E-001  0.000000000000E+000  0.000000000000E+000  0.000000000000E+000  0.000000000000E+000  0.000000000000E+000  0.000000000000E+000  0.000000000000E+000  0.000000000000E+000  0.000000000000E+000  0.000000000000E+000  0.000000000000E+000  0.000000000000E+000
   6.050000000000E+001  8.335662637153E-002  0.000000000000E+000  0.000000000000E+000  0.000000000000E+000  0.000000000000E+000  0.000000000000E+000  0.000000000000E+000  0.000000000000E+000  0.000000000000E+000  0.000000000000E+000  0.000000000000E+000  0.000000000000E+000  0.000000000000E+000
   6.075000000000E+001  4.779390965704E-001  0.000000000000E+000  0.000000000000E+000  0.000000000000E+000  0.000000000000E+000  0.000000000000E+000  0.000000000000E+000  0.000000000000E+000  0.000000000000E+000  0.000000000000E+000  0.000000000000E+000  0.000000000000E+000  0.000000000000E+000
   6.100000000000E+001  2.231212886820E-003  0.000000000000E+000  0.000000000000E+000  0.000000000000E+000  0.000000000000E+000  0.000000000000E+000  0.000000000000E+000  0.000000000000E+000  0.000000000000E+000  0.000000000000E+000  0.000000000000E+000  0.000000000000E+000  0.000000000000E+000
   6.125000000000E+001  8.727304638280E-001  0.000000000000E+000  0.000000000000E+000  0.000000000000E+000  0.000000000000E+000  0.000000000000E+000  0.000000000000E+000  0.000000000000E+000  0.000000000000E+000  0.000000000000E+000  0.000000000000E+000  0.000000000000E+000  0.000000000000E+000
   6.150000000000E+001  5.406006732728E-001  0.000000000000E+000  0.000000000000E+000  0.000000000000E+000  0.000000000000E+000  0.000000000000E+000  0.000000000000E+000  0.000000000000E+000  0.000000000000E+000  0.000000000000E+000  0.000000000000E+000  0.000000000000E+000  0.000000000000E+000
   6.175000000000E+001  5.313887229040E-001  0.000000000000E+000  0.000000000000E+000  0.000000000000E+000  0.000000000000E+000  0.000000000000E+000  0.000000000000E+000  0.000000000000E+000  0.000000000000E+000  0.000000000000E+000  0.000000000000E+000  0.000000000000E+000  0.000000000000E+000
   6.200000000000E+001  3.594149721555E-001  0.000000000000E+000  0.000000000000E+000  0.000000000000E+000  0.000000000000E+000  0.000000000000E+000  0.000000000000E+000  0.000000000000E+000  0.000000000000E+000  0.000000000000E+000  0.000000000000E+000  0.000000000000E+000  0.000000000000E+000
   6.225000000000E+001  2.991973173021E-001  0.000000000000E+000  0.000000000000E+000  0.000000000000E+000  0.000000000000E+000  0.000000000000E+000  0.000000000000E+000  0.000000000000E+000  0.000000000000E+000  0.000000000000E+000  0.000000000000E+000  0.000000000000E+000  0.000000000000E+000
   6.250000000000E+001  6.994085602694E-001  0.000000000000E+000  0.000000000000E+000  0.000000000000E+000  0.000000000000E+000  0.000000000000E+000  0.000000000000E+000  0.000000000000E+000  0.000000000000E+000  0.000000000000E+000  0.000000000000E+000  0.000000000000E+000  0.000000000000E+000
   6.275000000000E+001  1.951712400604E-002  0.000000000000E+000  0.000000000000E+000  0.000000000000E+000  0.000000000000E+000  0.000000000000E+000  0.000000000000E+000  0.000000000000E+000  0.000000000000E+000  0.000000000000E+000  0.000000000000E+000  0.000000000000E+000  0.000000000000E+000
   6.300000000000E+001  2.642944932287E-002  0.000000000000E+000  0.000000000000E+000  0.000000000000E+000  0.000000000000E+000  0.000000000000E+000  0.000000000000E+000  0.000000000000E+000  0.000000000000E+000  0.000000000000E+000  0.000000000000E+000  0.000000000000E+000  0.000000000000E+000
   6.325000000000E+001  7.433488020602E-001  0.000000000000E+000  0.000000000000E+000  0.000000000000E+000  0.000000000000E+000  0.000000000000E+000  0.000000000000E+000  0.000000000000E+000  0.000000000000E+000  0.000000000000E+000  0.000000000000E+000  0.000000000000E+000  0.000000000000E+000
   6.350000000000E+001  3.649632572298E-001  0.000000000000E+000  0.000000000000E+000  0.000000000000E+000  0.000000000000E+000  0.000000000000E+000  0.000000000000E+000  0.000000000000E+000  0.000000000000E+000  0.000000000000E+000  0.000000000000E+000  0.000000000000E+000  0.000000000000E+000
   6.375000000000E+001  3.987269913274E-001  0.000000000000E+000  0.000000000000E+000  0.000000000000E+000  0.000000000000E+000  0.000000000000E+000  0.000000000000E+000  0.000000000000E+000  0.000000000000E+000  0.000000000000E+000  0.000000000000E+000  0.000000000000E+000  0.000000000000E+000
   6.400000000000E+001  3.427524814075E-002  0.000000000000E+000  0.000000000000E+000  0.000000000000E+000  0.000000000000E+000  0.000000000000E+000  0.000000000000E+000  0.000000000000E+000  0.000000000000E+000  0.000000000000E+000  0.000000000000E+000  0.000000000000E+000  0.000000000000E+000
   6.425000000000E+001  6.887410420659E-001  0.000000000000E+000  0.000000000000E+000  0.000000000000E+000  0.000000000000E+000  0.000000000000E+000  0.000000000000E+000  0.000000000000E+000  0.000000000000E+000  0.000000000000E+000  0.000000000000E+000  0.000000000000E+000  0.000000000000E+000
   6.450000000000E+001  1.207383467177E-001  0.000000000000E+000  0.000000000000E+000  0.000000000000E+000  0.000000000000E+000  0.000000000000E+000  0.000000000000E+000  0.000000000000E+000  0.000000000000E+000  0.000000000000E+000  0.000000000000E+000  0.000000000000E+000  0.000000000000E+000
   6.475000000000E+001  2.551131093337E-001  0.000000000000E+000  0.000000000000E+000  0.000000000000E+000  0.000000000000E+000  0.000000000000E+000  0.000000000000E+000  0.000000000000E+000  0.000000000000E+000  0.000000000000E+000  0.000000000000E+000  0.000000000000E+000  0.000000000000E+000
   6.500000000000E+001  9.964535383967E-001  0.000000000000E+000  0.000000000000E+000  0.000000000000E+000  0.000000000000E+000  0.000000000000E+000  0.000000000000E+000  0.000000000000E+000  0.000000000000E+000  0.000000000000E+000  0.000000000000E+000  0.000000000000E+000  0.000000000000E+000
   6.525000000000E+001  6.822626758331E-001  0.000000000000E+000  0.000000000000E+000  0.000000000000E+000  0.000000000000E+000  0.000000000000E+000  0.000000000000E+000  0.000000000000E+000  0.000000000000E+000  0.000000000000E+000  0.000000000000E+000  0.000000000000E+000  0.000000000000E+000
   6.550000000000E+001  7.736823040820E-001  0.000000000000E+000  0.000000000000E+000  0.000000000000E+000  0.000000000000E+000  0.000000000000E+000  0.000000000000E+000  0.000000000000E+000  0.000000000000E+000  0.000000000000E+000  0.000000000000E+000  0.000000000000E+000  0.000000000000E+000
   6.575000000000E+001  6.712791114388E-001  0.000000000000E+000  0.000000000000E+000  0.000000000000E+000  0.000000000000E+000  0.000000000000E+000  0.000000000000E+000  0.000000000000E+000  0.000000000000E+000  0.000000000000E+000  0.000000000000E+000  0.000000000000E+000  0.000000000000E+000
   6.600000000000E+001  3.325100546998E-001  0.000000000000E+000  0.000000000000E+000  0.000000000000E+000  0.000000000000E+000  0.000000000000E+000  0.000000000000E+000  0.000000000000E+000  0.000000000000E+000  0.000000000000E+000  0.000000000000E+000  0.000000000000E+000  0.000000000000E+000
   6.625000000000E+001  7.311371560891E-001  0.000000000000E+000  0.000000000000E+000  0.000000000000E+000  0.000000000000E+000  0.000000000000E+000  0.000000000000E+000  0.000000000000E+000  0.000000000000E+000  0.000000000000E+000  0.000000000000E+000  0.000000000000E+000  0.000000000000E+000
   6.650000000000E+001  6.901985586932E-001  0.000000000000E+000  0.000000000000E+000  0.000000000000E+000  0.000000000000E+000  0.000000000000E+000  0.000000000000E+000  0.000000000000E+000  0.000000000000E+000  0.000000000000E+000  0.000000000000E+000  0.000000000000E+000  0.000000000000E+000
   6.675000000000E+001  4.028344467473E-001  0.000000000000E+000  0.000000000000E+000  0.000000000000E+000  0.000000000000E+000  0.000000000000E+000  0.000000000000E+000  0.000000000000E+000  0.000000000000E+000  0.000000000000E+000  0.000000000000E+000  0.000000000000E+000  0.000000000000E+000
   6.700000000000E+001  6.909024029629E-001  0.000000000000E+000  0.000000000000E+000  0.000000000000E+000  0.000000000000E+000  0.000000000000E+000  0.000000000000E+000  0.000000000000E+000  0.000000000000E+000  0.000000000000E+000  0.000000000000E+000  0.000000000000E+000  0.000000000000E+000
   6.725000000000E+001  8.392385683652E-001  0.000000000000E+000  0.000000000000E+000  0.000000000000E+000  0.000000000000E+000  0.000000000000E+000  0.000000000000E+000  0.000000000000E+000  0.000000000000E+000  0.000000000000E+000  0.000000000000E+000  0.000000000000E+000  0.000000000000E+000
   6.750000000000E+001  5.263465571867E-001  0.000000000000E+000  0.000000000000E+000  0.000000000000E+000  0.000000000000E+000  0.000000000000E+000  0.000000000000E+000  0.000000000000E+000  0.000000000000E+000  0.000000000000E+000  0.000000000000E+000  0.000000000000E+000  0.000000000000E+000
   6.775000000000E+001  5.347825924198E-001  1.791811167418E-013  1.791811167418E-013  1.791811167418E-013  1.791811167418E-013  2.344561946649E-010  2.344561946649E-010  2.344561946649E-010  2.344561946649E-010  2.344561946649E-010  2.344561946649E-010  2.348111164336E-010  2.348111164336E-010
   6.800000000000E+001  4.567082476896E-001  1.895733175809E-013  1.895733175809E-013  1.917136761517E-013  1.917136761517E-013  7.174187750620E-010  7.174187750620E-010  7.418617023329E-010  7.418617023329E-010  7.418617023329E-010  7.418617023329E-010  7.422778232572E-010  7.422778232572E-010
   6.825000000000E+001  8.631484496256E-001  7.349645702945E-013  7.349645702945E-013  7.580009637851E-013  7.580009637851E-013  1.201067161349E-009  1.201067161349E-009  1.230829180816E-009  1.230829180816E-009  1.230829180816E-009  1.230829180816E-009  1.231094870034E-009  1.231094870034E-009
   6.850000000000E+001  8.354519484627E-001  0.000000000000E+000  0.000000000000E+000  3.037878233658E-015  3.037878233658E-015  1.824435329814E-009  1.824435329814E-009  1.824435329814E-009  1.824435329814E-009  1.824435329814E-009  1.824435329814E-009  1.824775134598E-009  1.824775134598E-009
   6.875000000000E+001  7.518403711293E-001  3.778661062251E-013  3.778661062251E-013  3.929231537212E-013  3.929231537212E-013  1.771114907856E-009  1.771114907856E-009  1.793964707438E-009  1.793964707438E-009  1.793964707438E-009  1.793964707438E-009  1.794342776480E-009  1.794342776480E-009
   6.900000000000E+001  6.329205743029E-001  1.621247762059E-012  1.621247762059E-012  1.631840186401E-012  1.631840186401E-012  1.800880972111E-009  1.800880972111E-009  1.800880972111E-009  1.800880972111E-009  1.800880972111E-009  1.800880972111E-009  1.801206942224E-009  1.801206942224E-009
   6.925000000000E+001  3.700076413577E-001  0.000000000000E+000  0.000000000000E+000  5.874882843027E-015  5.874882843027E-015  2.284755330469E-009  2.284755330469E-009  2.293405819169E-009  2.293405819169E-009  2.293405819169E-009  2.293405819169E-009  2.293624478770E-009  2.293624478770E-009
   6.950000000000E+001  9.669512054840E-002  0.000000000000E+000  0.000000000000E+000  0.000000000000E+000  0.000000000000E+000  2.837598546246E-009  2.837598546246E-009  2.856054717836E-009  2.856054717836E-009  2.856054717836E-009  2.856054717836E-009  2.856325909216E-009  2.856325909216E-009
   6.975000000000E+001  7.418550984271E-001  2.736621722017E-014  2.736621722017E-014  2.906131048388E-014  2.906131048388E-014  3.286775629782E-009  3.286775629782E-009  3.293959333593E-009  3.293959333593E-009  3.293959333593E-009  3.293959333593E-009  3.294256374245E-009  3.294256374245E-009
   7.000000000000E+001  6.073786307253E-001  7.637153077816E-016  7.637153077816E-016  2.493424462115E-014  2.493424462115E-014  5.019620147404E-009  5.019620147404E-009  5.019620147404E-009  5.019620147404E-009  5.019620147404E-009  5.019620147404E-009  5.019963924487E-009  5.019963924487E-009
   7.025000000000E+001  8.767952101899E-001  1.198852102830E-012  1.198852102830E-012  1.198852102830E-012  1.198852102830E-012  4.026107173511E-009  4.026107173511E-009  4.026107173511E-009  4.026107173511E-009  4.026107173511E-009  4.026107173511E-009  4.026489904209E-009  4.026489904209E-009
   7.050000000000E+001  4.418908001672E-002  0.000000000000E+000  0.000000000000E+000  1.779532391301E-015  1.779532391301E-015  2.293498204419E-009  2.293498204419E-009  2.305759881427E-009  2.305759881427E-009  2.305759881427E-009  2.305759881427E-009  2.306025307591E-009  2.306025307591E-009
   7.075000000000E+001  6.959801349595E-001  1.721794025569E-014  1.721794025569E-014  1.769028536077E-014  1.769028536077E-014  6.226713346359E-009  6.226713346359E-009  6.237630236748E-009  6.237630236748E-009  6.237630236748E-009  6.237630236748E-009  6.237905580781E-009  6.237905580781E-009
   7.100000000000E+001  4.250315526164E-001  8.010780392692E-014  8.010780392692E-014  1.535659866339E-013  1.535659866339E-013  3.335472928947E-009  3.335472928947E-009  3.340706440281E-009  3.340706440281E-009  3.340706440281E-009  3.340706440281E-009  3.340986837221E-009  3.340986837221E-009
   7.125000000000E+001  8.205479293813E-001  1.225985978446E-013  1.225985978446E-013  1.225985978446E-013  1.225985978446E-013  2.767052422658E-009  2.767052422658E-009  2.771312851234E-009  2.771312851234E-009  2.771312851234E-009  2.771312851234E-009  2.771523872591E-009  2.771523872591E-009
   7.150000000000E+001  1.929806896501E-001  3.627660101721E-014  3.627660101721E-014  1.179979021797E-013  1.179979021797E-013  7.273752118455E-009  7.273752118455E-009  7.273752118455E-009  7.273752118455E-009  7.273752118455E-009  7.273752118455E-009  7.274101157396E-009  7.274101157396E-009
   7.175000000000E+001  1.732945054444E-001  3.962813063002E-013  3.962813063002E-013  3.962813063002E-013  3.962813063002E-013  4.993531008325E-009  4.993531008325E-009  4.993531008325E-009  4.993531008325E-009  4.993531008325E-009  4.993531008325E-009  4.993831284531E-009  4.993831284531E-009
   7.200000000000E+001  4.830904589327E-001  0.000000000000E+000  0.000000000000E+000  3.204423525878E-013  3.204423525878E-013  2.528573914827E-009  2.528573914827E-009  2.529553448484E-009  2.529553448484E-009  2.529553448484E-009  2.529553448484E-009  2.529824691958E-009  2.529824691958E-009
   7.225000000000E+001  9.887927328457E-001  5.540195060646E-013  5.540195060646E-013  5.540195060646E-013  5.540195060646E-013  8.858068113236E-009  8.858068113236E-009  8.870170284829E-009  8.870170284829E-009  8.870170284829E-009  8.870170284829E-009  8.870501373084E-009  8.870501373084E-009
   7.250000000000E+001  3.965352464959E-001  1.828204457018E-013  1.828204457018E-013  2.586860845091E-013  2.586860845091E-013  3.336411996806E-009  3.336411996806E-009  3.338874862919E-009  3.338874862919E-009  3.338874862919E-009  3.338874862919E-009  3.339090591300E-009  3.339090591300E-009
   7.275000000000E+001  7.695208114615E-001  7.487257516581E-014  7.487257516581E-014  1.595811291157E-013  1.595811291157E-013  4.089049236957E-009  4.089049236957E-009  4.089049236957E-009  4.089049236957E-009  4.089049236957E-009  4.089049236957E-009  4.089295744768E-009  4.089295744768E-009
   7.300000000000E+001  7.333504140073E-002  2.434592810998E-013  2.434592810998E-013  2.434592810998E-013  2.434592810998E-013  7.513541956849E-009  7.513541956849E-009  7.517425808184E-009  7.517425808184E-009  7.517425808184E-009  7.517425808184E-009  7.517706756259E-009  7.517706756259E-009
   7.325000000000E+001  5.264067215587E-001  4.393547580411E-013  4.393547580411E-013  4.449381436108E-013  4.449381436108E-013  2.355894170030E-009  2.355894170030E-009  2.355894170030E-009  2.355894170030E-009  2.355894170030E-009  2.355894170030E-009  2.356129979151E-009  2.356129979151E-009
   7.350000000000E+001  3.416609601309E-001  6.493235993891E-014  6.493235993891E-014  1.111045632613E-013  1.111045632613E-013  7.838146127414E-009  7.838146127414E-009  7.840576280831E-009  7.840576280831E-009  7.840576280831E-009  7.840576280831E-009  7.840810441663E-009  7.840810441663E-009
   7.375000000000E+001  1.515801473913E-001  2.599401761063E-013  2.599401761063E-013  2.599401761063E-013  2.599401761063E-013  5.458154570125E-009  5.458154570125E-009  5.459490937352E-009  5.459490937352E-009  5.459490937352E-009  5.459490937352E-009  5.459757313042E-009  5.459757313042E-009
   7.400000000000E+001  3.434207817497E-001  1.998845150313E-013  1.998845150313E-013  2.248506061496E-013  2.248506061496E-013  4.986241007827E-009  4.986241007827E-009  4.986648875283E-009  4.986648875283E-009  4.986648875283E-009  4.986648875283E-009  4.986906656527E-009  4.986906656527E-009
   7.425000000000E+001  6.130124372924E-001  1.032576966256E-013  1.032576966256E-013  1.032576966256E-013  1.032576966256E-013  3.867194452798E-009  3.867194452798E-009  3.867194452798E-009  3.867194452798E-009  3.867194452798E-009  3.867194452798E-009  3.867389804395E-009  3.867389804395E-009
   7.450000000000E+001  4.849035168145E-001  2.202385421425E-014  2.202385421425E-014  2.842263294489E-014  2.842263294489E-014  4.039479693710E-009  4.039479693710E-009  4.039479693710E-009  4.039479693710E-009  4.039479693710E-009  4.039479693710E-009  4.039703130857E-009  4.039703130857E-009
   7.475000000000E+001  4.080752035074E-001  1.226134336290E-013  1.226134336290E-013  1.226134336290E-013  1.226134336290E-013  9.015180357264E-009  9.015180357264E-009  9.016061689154E-009  9.016061689154E-009  9.016061689154E-009  9.016061689154E-009  9.016346885074E-009  9.016346885074E-009
   7.500000000000E+001  6.602403368430E-001  2.079466815722E-015  2.079466815722E-015  2.079466815722E-015  2.079466815722E-015  1.946435416137E-009  1.946435416137E-009  1.946435416137E-009  1.946435416137E-009  1.946435416137E-009  1.946435416137E-009  1.946706318631E-009  1.946706318631E-009
   7.525000000000E+001  7.794226129776E-002  4.497090965445E-014  4.497090965445E-014  4.766741577924E-014  4.766741577924E-014  6.270550254704E-009  6.270550254704E-009  6.271496483259E-009  6.271496483259E-009  6.271496483259E-009  6.271496483259E-009  6.271715394797E-009  6.271715394797E-009
   7.550000000000E+001  6.008200086978E-001  9.539322992551E-013  9.539322992551E-013  9.577719981674E-013  9.577719981674E-013  5.037751908341E-009  5.037751908341E-009  5.042764812389E-009  5.042764812389E-009  5.042764812389E-009  5.042764812389E-009  5.043003206119E-009  5.043003206119E-009
   7.575000000000E+001  4.987349656375E-001  0.000000000000E+000  0.000000000000E+000  0.000000000000E+000  0.000000000000E+000  3.242318025598E-009  3.242318025598E-009  3.242318025598E-009  3.242318025598E-009  3.242318025598E-009  3.242318025598E-009  3.242536078674E-009  3.242536078674E-009
   7.600000000000E+001  5.260565070039E-001  1.004330305154E-014  1.004330305154E-014  1.004330305154E-014  1.004330305154E-014  3.873616109084E-009  3.873616109084E-009  3.873616109084E-009  3.873616109084E-009  3.873616109084E-009  3.873616109084E-009  3.873783515956E-009  3.873783515956E-009
   7.625000000000E+001  3.874319586585E-001  6.677198080760E-014  6.677198080760E-014  1.110143801967E-013  1.110143801967E-013  5.311321981899E-009  5.311321981899E-009  5.311321981899E-009  5.311321981899E-009  5.311321981899E-009  5.311321981899E-009  5.311537745760E-009  5.311537745760E-009
   7.650000000000E+001  9.782651663537E-001  9.333188133054E-015  9.333188133054E-015  9.333188133054E-015  9.333188133054E-015  6.032283287289E-009  6.032283287289E-009  6.035205000970E-009  6.035205000970E-009  6.035205000970E-009  6.035205000970E-009  6.035442804164E-009  6.035442804164E-009
   7.675000000000E+001  9.299180284343E-001  1.217649508609E-012  1.217649508609E-012  1.308303938887E-012  1.308303938887E-012  2.856115144718E-009  2.856115144718E-009  2.867461460276E-009  2.867461460276E-009  2.867461460276E-009  2.867461460276E-009  2.867624962778E-009  2.867624962778E-009
   7.700000000000E+001  2.571155307138E-001  3.465062600959E-015  3.465062600959E-015  3.465062600959E-015  3.465062600959E-015  4.781673882044E-009  4.781673882044E-009  4.781711039718E-009  4.781711039718E-009  4.781711039718E-009  4.781711039718E-009  4.781978779997E-009  4.781978779997E-009
   7.725000000000E+001  6.268042061843E-001  1.696410666626E-013  1.696410666626E-013  1.696410666626E-013  1.696410666626E-013  4.679934413579E-009  4.679934413579E-009  4.679934413579E-009  4.679934413579E-009  4.679934413579E-009  4.679934413579E-009  4.680178638978E-009  4.680178638978E-009
   7.750000000000E+001  8.310158795846E-001  7.481413460067E-014  7.481413460067E-014  7.488007412754E-014  7.488007412754E-014  4.615546929356E-009  4.615546929356E-009  4.615546929356E-009  4.615546929356E-009  4.615546929356E-009  4.615546929356E-009  4.615779162245E-009  4.615779162245E-009
   7.775000000000E+001  6.890784649046E-001  2.007875147316E-013  2.007875147316E-013  2.229547032898E-013  2.229547032898E-013  2.515177113581E-009  2.515177113581E-009  2.515177113581E-009  2.515177113581E-009  2.515177113581E-009  2.515177113581E-009  2.515386277474E-009  2.515386277474E-009
   7.800000000000E+001  3.902435405975E-001  0.000000000000E+000  0.000000000000E+000  0.000000000000E+000  0.000000000000E+000  3.838760220333E-009  3.838760220333E-009  3.843548875724E-009  3.843548875724E-009  3.843548875724E-009  3.843548875724E-009  3.843716329567E-009  3.843716329567E-009
   7.825000000000E+001  4.166916731833E-001  8.699355243775E-013  8.699355243775E-013  8.699355243775E-013  8.699355243775E-013  3.813586042193E-009  3.813586042193E-009  3.829324441757E-009  3.829324441757E-009  3.829324441757E-009  3.829324441757E-009  3.829522071959E-009  3.829522071959E-009
   7.850000000000E+001  8.855256462794E-002  0.000000000000E+000  0.000000000000E+000  2.103502695222E-014  2.103502695222E-014  1.951482915661E-009  1.951482915661E-009  1.951482915661E-009  1.951482915661E-009  1.951482915661E-009  1.951482915661E-009  1.951671493244E-009  1.951671493244E-009
   7.875000000000E+001  5.289344736186E-001  8.068306182353E-014  8.068306182353E-014  8.231161166972E-014  8.231161166972E-014  3.037772333427E-009  3.037772333427E-009  3.037772333427E-009  3.037772333427E-009  3.037772333427E-009  3.037772333427E-009  3.037923139921E-009  3.037923139921E-009
   7.900000000000E+001  9.437920708313E-001  3.735480847619E-013  3.735480847619E-013  3.735480847619E-013  3.735480847619E-013  3.761196658103E-009  3.761196658103E-009  3.761196658103E-009  3.761196658103E-009  3.761196658103E-009  3.761196658103E-009  3.761431751899E-009  3.761431751899E-009
   7.925000000000E+001  6.231824587893E-001  0.000000000000E+000  0.000000000000E+000  6.697589504018E-016  6.697589504018E-016  1.253258071802E-010  1.253258071802E-010  1.254013853669E-010  1.254013853669E-010  1.254013853669E-010  1.254013853669E-010  1.255242776527E-010  1.255242776527E-010
   7.950000000000E+001  8.029316171301E-002  6.276180700705E-013  6.276180700705E-013  6.321770104629E-013  6.321770104629E-013  3.956502853483E-009  3.956502853483E-009  3.956502853483E-009  3.956502853483E-009  3.956502853483E-009  3.956502853483E-009  3.956699359077E-009  3.956699359077E-009
   7.975000000000E+001  9.835989897167E-001  6.831152269357E-013  6.831152269357E-013  1.059657516548E-012  1.059657516548E-012  4.235469849539E-009  4.235469849539E-009  4.260586953146E-009  4.260586953146E-009  4.260586953146E-009  4.260586953146E-009  4.260810719644E-009  4.260810719644E-009
   8.000000000000E+001  5.681689862601E-001  0.000000000000E+000  0.000000000000E+000  2.195403928853E-014  2.195403928853E-014  1.325448170681E-009  1.325448170681E-009  1.325448170681E-009  1.325448170681E-009  1.325448170681E-009  1.325448170681E-009  1.325634263424E-009  1.325634263424E-009
   8.025000000000E+001  9.001255377711E-001  6.394343551302E-013  6.394343551302E-013  6.394343551302E-013  6.394343551302E-013  3.778158977430E-009  3.778158977430E-009  3.778158977430E-009  3.778158977430E-009  3.778158977430E-009  3.778158977430E-009  3.778387683801E-009  3.778387683801E-009
   8.050000000000E+001  7.886413429093E-001  1.172782043224E-014  1.172782043224E-014  6.987372896999E-014  6.987372896999E-014  9.218621021683E-010  9.218621021683E-010  9.218621021683E-010  9.218621021683E-010  9.218621021683E-010  9.218621021683E-010  9.219939834397E-010  9.219939834397E-010
   8.075000000000E+001  2.568773514752E-002  1.849958645809E-013  1.849958645809E-013  2.506162681222E-013  2.506162681222E-013  1.250853657392E-009  1.250853657392E-009  1.250853657392E-009  1.250853657392E-009  1.250853657392E-009  1.250853657392E-009  1.251060305785E-009  1.251060305785E-009
   8.100000000000E+001  6.879731148843E-001  6.072752949266E-013  6.072752949266E-013  6.072752949266E-013  6.072752949266E-013  1.716418525318E-009  1.716418525318E-009  1.716418525318E-009  1.716418525318E-009  1.716418525318E-009  1.716418525318E-009  1.716556303711E-009  1.716556303711E-009
   8.125000000000E+001  9.074490843961E-001  0.000000000000E+000  0.000000000000E+000  4.177348376097E-014  4.177348376097E-014  2.457232377031E-009  2.457232377031E-009  2.471266156193E-009  2.471266156193E-009  2.471266156193E-009  2.471266156193E-009  2.471490760020E-009  2.471490760020E-009
   8.150000000000E+001  4.066105045201E-001  6.602495061885E-013  6.602495061885E-013  6.653586475181E-013  6.653586475181E-013  6.146174261267E-010  6.146174261267E-010  6.302350497516E-010  6.302350497516E-010  6.302350497516E-010  6.302350497516E-010  6.303292593707E-010  6.303292593707E-010
   8.175000000000E+001  3.718628155106E-001  2.005160264078E-013  2.005160264078E-013  2.005160264078E-013  2.005160264078E-013  1.391821766866E-009  1.391821766866E-009  1.395495644882E-009  1.395495644882E-009  1.395495644882E-009  1.395495644882E-009  1.395692094707E-009  1.395692094707E-009
   8.200000000000E+001  6.386685102651E-001  0.000000000000E+000  0.000000000000E+000  1.648325694333E-014  1.648325694333E-014  1.674690244268E-009  1.674690244268E-009  1.674690244268E-009  1.674690244268E-009  1.674690244268E-009  1.674690244268E-009  1.674834515801E-009  1.674834515801E-009
   8.225000000000E+001  9.096450686081E-001  0.000000000000E+000  0.000000000000E+000  2.041042785382E-014  2.041042785382E-014  6.567018136137E-010  6.567018136137E-010  6.567018136137E-010  6.567018136137E-010  6.567018136137E-010  6.567018136137E-010  6.568914273095E-010  6.568914273095E-010
   8.250000000000E+001  2.119692694477E-001  1.050767889370E-013  1.050767889370E-013  1.050767889370E-013  1.050767889370E-013  1.188593071367E-009  1.188593071367E-009  1.188593071367E-009  1.188593071367E-009  1.188593071367E-009  1.188593071367E-009  1.188777202351E-009  1.188777202351E-009
   8.275000000000E+001  3.803650514833E-001  4.822205026074E-013  4.822205026074E-013  5.188543467123E-013  5.188543467123E-013  7.268006336511E-010  7.268006336511E-010  7.403696028984E-010  7.403696028984E-010  7.403696028984E-010  7.403696028984E-010  7.405063986325E-010  7.405063986325E-010
   8.300000000000E+001  3.349281938136E-001  0.000000000000E+000  0.000000000000E+000  0.000000000000E+000  0.000000000000E+000  6.087083312410E-010  6.087083312410E-010  6.087083312410E-010  6.087083312410E-010  6.087083312410E-010  6.087083312410E-010  6.088561687655E-010  6.088561687655E-010
   8.325000000000E+001  5.691875882358E-002  9.175875907262E-013  9.175875907262E-013  9.304912515592E-013  9.304912515592E-013  7.973696152440E-010  7.973696152440E-010  8.126927103575E-010  8.126927103575E-010  8.126927103575E-010  8.126927103575E-010  8.128621173651E-010  8.128621173651E-010
   8.350000000000E+001  5.438809270178E-001  0.000000000000E+000  0.000000000000E+000  8.720101513883E-016  8.720101513883E-016  4.602150986603E-010  4.602150986603E-010  4.602150986603E-010  4.602150986603E-010  4.602150986603E-010  4.602150986603E-010  4.603450019557E-010  4.603450019557E-010
   8.375000000000E+001  3.083519079769E-001  0.000000000000E+000  0.000000000000E+000  4.742972027797E-016  4.742972027797E-016  3.962951661699E-010  3.962951661699E-010  3.962951661699E-010  3.962951661699E-010  3.962951661699E-010  3.962951661699E-010  3.964869094672E-010  3.964869094672E-010
   8.400000000000E+001  9.997414490106E-001  1.610684668344E-013  1.610684668344E-013  1.892451311936E-013  1.892451311936E-013  2.235123332112E-010  2.235123332112E-010  2.235123332112E-010  2.235123332112E-010  2.235123332112E-010  2.235123332112E-010  2.236707733551E-010  2.236707733551E-010
   8.425000000000E+001  6.998542600719E-002  7.600147155552E-013  7.600147155552E-013  7.600147155552E-013  7.600147155552E-013  9.153715506335E-011  9.153715506335E-011  1.085771353332E-010  1.085771353332E-010  1.085771353332E-010  1.085771353332E-010  1.087195172671E-010  1.087195172671E-010
   8.450000000000E+001  6.925741950370E-003  1.710960626007E-013  1.710960626007E-013  1.742902767880E-013  1.742902767880E-013  1.008814831982E-010  1.008814831982E-010  1.008814831982E-010  1.008814831982E-010  1.008814831982E-010  1.008814831982E-010  1.010019489076E-010  1.010019489076E-010
   8.475000000000E+001  2.308552566090E-001  0.000000000000E+000  0.000000000000E+000  0.000000000000E+000  0.000000000000E+000  0.000000000000E+000  0.000000000000E+000  0.000000000000E+000  0.000000000000E+000  0.000000000000E+000  0.000000000000E+000  0.000000000000E+000  0.000000000000E+000
   8.500000000000E+001  7.044700844586E-001  0.000000000000E+000  0.000000000000E+000  0.000000000000E+000  0.000000000000E+000  0.000000000000E+000  0.000000000000E+000  0.000000000000E+000  0.000000000000E+000  0.000000000000E+000  0.000000000000E+000  0.000000000000E+000  0.000000000000E+000
   8.525000000000E+001  5.362483214499E-001  0.000000000000E+000  0.000000000000E+000  0.000000000000E+000  0.000000000000E+000  0.000000000000E+000  0.000000000000E+000  0.000000000000E+000  0.000000000000E+000  0.000000000000E+000  0.000000000000E+000  0.000000000000E+000  0.000000000000E+000
   8.550000000000E+001  5.741092370820E-001  0.000000000000E+000  0.000000000000E+000  0.000000000000E+000  0.000000000000E+000  0.000000000000E+000  0.000000000000E+000  0.000000000000E+000  0.000000000000E+000  0.000000000000E+000  0.000000000000E+000  0.000000000000E+000  0.000000000000E+000
   8.575000000000E+001  8.304750367954E-001  0.000000000000E+000  0.000000000000E+000  0.000000000000E+000  0.000000000000E+000  0.000000000000E+000  0.000000000000E+000  0.000000000000E+000  0.000000000000E+000  0.000000000000E+000  0.000000000000E+000  0.000000000000E+000  0.000000000000E+000
   8.600000000000E+001  4.657104805044E-001  0.000000000000E+000  0.000000000000E+000  0.000000000000E+000  0.000000000000E+000  0.000000000000E+000  0.000000000000E+000  0.000000000000E+000  0.000000000000E+000  0.000000000000E+000  0.000000000000E+000  0.000000000000E+000  0.000000000000E+000
   8.625000000000E+001  2.117402842259E-002  0.000000000000E+000  0.000000000000E+000  0.000000000000E+000  0.000000000000E+000  0.000000000000E+000  0.000000000000E+000  0.000000000000E+000  0.000000000000E+000  0.000000000000E+000  0.000000000000E+000  0.000000000000E+000  0.000000000000E+000
   8.650000000000E+001  8.790561914070E-001  0.000000000000E+000  0.000000000000E+000  0.000000000000E+000  0.000000000000E+000  0.000000000000E+000  0.000000000000E+000  0.000000000000E+000  0.000000000000E+000  0.000000000000E+000  0.000000000000E+000  0.000000000000E+000  0.000000000000E+000
   8.675000000000E+001  9.900353123215E-001  0.000000000000E+000  0.000000000000E+000  0.000000000000E+000  0.000000000000E+000  0.000000000000E+000  0.000000000000E+000  0.000000000000E+000  0.000000000000E+000  0.000000000000E+000  0.000000000000E+000  0.000000000000E+000  0.000000000000E+000
   8.700000000000E+001  4.422585301064E-001  0.000000000000E+000  0.000000000000E+000  0.000000000000E+000  0.000000000000E+000  0.000000000000E+000  0.000000000000E+000  0.000000000000E+000  0.000000000000E+000  0.000000000000E+000  0.000000000000E+000  0.000000000000E+000  0.000000000000E+000
   8.725000000000E+001  6.030968629118E-001  0.000000000000E+000  0.000000000000E+000  0.000000000000E+000  0.000000000000E+000  0.000000000000E+000  0.000000000000E+000  0.000000000000E+000  0.000000000000E+000  0.000000000000E+000  0.000000000000E+000  0.000000000000E+000  0.000000000000E+000
   8.750000000000E+001  3.531071664831E-001  0.000000000000E+000  0.000000000000E+000  0.000000000000E+000  0.000000000000E+000  0.000000000000E+000  0.000000000000E+000  0.000000000000E+000  0.000000000000E+000  0.000000000000E+000  0.000000000000E+000  0.000000000000E+000  0.000000000000E+000
   8.775000000000E+001  3.390886894532E-001  0.000000000000E+000  0.000000000000E+000  0.000000000000E+000  0.000000000000E+000  0.000000000000E+000  0.000000000000E+000  0.000000000000E+000  0.000000000000E+000  0.000000000000E+000  0.000000000000E+000  0.000000000000E+000  0.000000000000E+000
   8.800000000000E+001  7.141595337091E-002  0.000000000000E+000  0.000000000000E+000  0.000000000000E+000  0.000000000000E+000  0.000000000000E+000  0.000000000000E+000  0.000000000000E+000  0.000000000000E+000  0.000000000000E+000  0.000000000000E+000  0.000000000000E+000  0.000000000000E+000
   8.825000000000E+001  3.213085794408E-001  0.000000000000E+000  0.000000000000E+000  0.000000000000E+000  0.000000000000E+000  0.000000000000E+000  0.000000000000E+000  0.000000000000E+000  0.000000000000E+000  0.000000000000E+000  0.000000000000E+000  0.000000000000E+000  0.000000000000E+000
   8.850000000000E+001  6.530957722632E-001  0.000000000000E+000  0.000000000000E+000  0.000000000000E+000  0.000000000000E+000  0.000000000000E+000  0.000000000000E+000  0.000000000000E+000  0.000000000000E+000  0.000000000000E+000  0.000000000000E+000  0.000000000000E+000  0.000000000000E+000
   8.875000000000E+001  4.013201846332E-001  0.000000000000E+000  0.000000000000E+000  0.000000000000E+000  0.000000000000E+000  0.000000000000E+000  0.000000000000E+000  0.000000000000E+000  0.000000000000E+000  0.000000000000E+000  0.000000000000E+000  0.000000000000E+000  0.000000000000E+000
   8.900000000000E+001  6.422807786585E-001  0.000000000000E+000  0.000000000000E+000  0.000000000000E+000  0.000000000000E+000  0.000000000000E+000  0.000000000000E+000  0.000000000000E+000  0.000000000000E+000  0.000000000000E+000  0.000000000000E+000  0.000000000000E+000  0.000000000000E+000
   8.925000000000E+001  8.138176436417E-001  0.000000000000E+000  0.000000000000E+000  0.000000000000E+000  0.000000000000E+000  0.000000000000E+000  0.000000000000E+000  0.000000000000E+000  0.000000000000E+000  0.000000000000E+000  0.000000000000E+000  0.000000000000E+000  0.000000000000E+000
   8.950000000000E+001  2.925028679253E-001  0.000000000000E+000  0.000000000000E+000  0.000000000000E+000  0.000000000000E+000  0.000000000000E+000  0.000000000000E+000  0.000000000000E+000  0.000000000000E+000  0.000000000000E+000  0.000000000000E+000  0.000000000000E+000  0.000000000000E+000
   8.975000000000E+001  8.430965834592E-001  0.000000000000E+000  0.000000000000E+000  0.000000000000E+000  0.000000000000E+000  0.000000000000E+000  0.000000000000E+000  0.000000000000E+000  0.000000000000E+000  0.000000000000E+000  0.000000000000E+000  0.000000000000E+000  0.000000000000E+000
   9.000000000000E+001  9.155456944468E-002  0.000000000000E+000  0.000000000000E+000  0.000000000000E+000  0.000000000000E+000  0.000000000000E+000  0.000000000000E+000  0.000000000000E+000  0.000000000000E+000  0.000000000000E+000  0.000000000000E+000  0.000000000000E+000  0.000000000000E+000
   9.025000000000E+001  7.818722242765E-002  0.000000000000E+000  0.000000000000E+000  0.000000000000E+000  0.000000000000E+000  0.000000000000E+000  0.000000000000E+000  0.000000000000E+000  0.000000000000E+000  0.000000000000E+000  0.000000000000E+000  0.000000000000E+000  0.000000000000E+000
   9.050000000000E+001  1.942462448547E-001  0.000000000000E+000  0.000000000000E+000  0.000000000000E+000  0.000000000000E+000  0.000000000000E+000  0.000000000000E+000  0.000000000000E+000  0.000000000000E+000  0.000000000000E+000  0.000000000000E+000  0.000000000000E+000  0.000000000000E+000
   9.075000000000E+001  1.906517288673E-001  0.000000000000E+000  0.000000000000E+000  0.000000000000E+000  0.000000000000E+000  0.000000000000E+000  0.000000000000E+000  0.000000000000E+000  0.000000000000E+000  0.000000000000E+000  0.000000000000E+000  0.000000000000E+000  0.000000000000E+000
   9.100000000000E+001  9.417414227724E-001  0.000000000000E+000  0.000000000000E+000  0.000000000000E+000  0.000000000000E+000  0.000000000000E+000  0.000000000000E+000  0.000000000000E+000  0.000000000000E+000  0.000000000000E+000  0.000000000000E+000  0.000000000000E+000  0.000000000000E+000
   9.125000000000E+001  5.407755216425E-001  0.000000000000E+000  0.000000000000E+000  0.000000000000E+000  0.000000000000E+000  0.000000000000E+000  0.000000000000E+000  0.000000000000E+000  0.000000000000E+000  0.000000000000E+000  0.000000000000E+000  0.000000000000E+000  0.000000000000E+000
   9.150000000000E+001  4.610641101331E-001  0.000000000000E+000  0.000000000000E+000  0.000000000000E+000  0.000000000000E+000  0.000000000000E+000  0.000000000000E+000  0.000000000000E+000  0.000000000000E+000  0.000000000000E+000  0.000000000000E+000  0.000000000000E+000  0.000000000000E+000
   9.175000000000E+001  4.200700147571E-001  0.000000000000E+000  0.000000000000E+000  0.000000000000E+000  0.000000000000E+000  0.000000000000E+000  0.000000000000E+000  0.000000000000E+000  0.000000000000E+000  0.000000000000E+000  0.000000000000E+000  0.000000000000E+000  0.000000000000E+000
   9.200000000000E+001  5.178576540285E-002  0.000000000000E+000  0.000000000000E+000  0.000000000000E+000  0.000000000000E+000  0.000000000000E+000  0.000000000000E+000  0.000000000000E+000  0.000000000000E+000  0.000000000000E+000  0.000000000000E+000  0.000000000000E+000  0.000000000000E+000
   9.225000000000E+001  6.901464623690E-001  0.000000000000E+000  0.000000000000E+000  0.000000000000E+000  0.000000000000E+000  0.000000000000E+000  0.000000000000E+000  0.000000000000E+000  0.000000000000E+000  0.000000000000E+000  0.000000000000E+000  0.000000000000E+000  0.000000000000E+000
   9.250000000000E+001  9.538821452670E-001  0.000000000000E+000  0.000000000000E+000  0.000000000000E+000  0.000000000000E+000  0.000000000000E+000  0.000000000000E+000  0.000000000000E+000  0.000000000000E+000  0.000000000000E+000  0.000000000000E+000  0.000000000000E+000  0.000000000000E+000
   9.275000000000E+001  1.155960884996E-001  0.000000000000E+000  0.000000000000E+000  0.000000000000E+000  0.000000000000E+000  0.000000000000E+000  0.000000000000E+000  0.000000000000E+000  0.000000000000E+000  0.000000000000E+000  0.000000000000E+000  0.000000000000E+000  0.000000000000E+000
   9.300000000000E+001  7.052074800910E-001  0.000000000000E+000  0.000000000000E+000  0.000000000000E+000  0.000000000000E+000  0.000000000000E+000  0.000000000000E+000  0.000000000000E+000  0.000000000000E+000  0.000000000000E+000  0.000000000000E+000  0.000000000000E+000  0.000000000000E+000
   9.325000000000E+001  4.040745759133E-002  0.000000000000E+000  0.000000000000E+000  0.000000000000E+000  0.000000000000E+000  0.000000000000E+000  0.000000000000E+000  0.000000000000E+000  0.000000000000E+000  0.000000000000E+000  0.000000000000E+000  0.000000000000E+000  0.000000000000E+000
   9.350000000000E+001  8.333369022392E-001  0.000000000000E+000  0.000000000000E+000  0.000000000000E+000  0.000000000000E+000  0.000000000000E+000  0.000000000000E+000  0.000000000000E+000  0.000000000000E+000  0.000000000000E+000  0.000000000000E+000  0.000000000000E+000  0.000000000000E+000
   9.375000000000E+001  6.048417670706E-001  0.000000000000E+000  0.000000000000E+000  0.000000000000E+000  0.000000000000E+000  0.000000000000E+000  0.000000000000E+000  0.000000000000E+000  0.000000000000E+000  0.000000000000E+000  0.000000000000E+000  0.000000000000E+000  0.000000000000E+000
   9.400000000000E+001  1.352436470314E-001  0.000000000000E+000  0.000000000000E+000  0.000000000000E+000  0.000000000000E+000  0.000000000000E+000  0.000000000000E+000  0.000000000000E+000  0.000000000000E+000  0.000000000000E+000  0.000000000000E+000  0.000000000000E+000  0.000000000000E+000
   9.425000000000E+001  1.183321476254E-001  0.000000000000E+000  0.000000000000E+000  0.000000000000E+000  0.000000000000E+000  0.000000000000E+000  0.000000000000E+000  0.000000000000E+000  0.000000000000E+000  0.000000000000E+000  0.000000000000E+000  0.000000000000E+000  0.000000000000E+000
   9.450000000000E+001  8.019363713286E-001  0.000000000000E+000  0.000000000000E+000  0.000000000000E+000  0.000000000000E+000  0.000000000000E+000  0.000000000000E+000  0.000000000000E+000  0.000000000000E+000  0.000000000000E+000  0.000000000000E+000  0.000000000000E+000  0.000000000000E+000
   9.475000000000E+001  9.695970119982E-001  0.000000000000E+000  0.000000000000E+000  0.000000000000E+000  0.000000000000E+000  0.000000000000E+000  0.000000000000E+000  0.000000000000E+000  0.000000000000E+000  0.000000000000E+000  0.000000000000E+000  0.000000000000E+000  0.000000000000E+000
   9.500000000000E+001  7.457370745892E-001  0.000000000000E+000  0.000000000000E+000  0.000000000000E+000  0.000000000000E+000  0.000000000000E+000  0.000000000000E+000  0.000000000000E+000  0.000000000000E+000  0.000000000000E+000  0.000000000000E+000  0.000000000000E+000  0.000000000000E+000
   9.525000000000E+001  1.139473708745E-001  0.000000000000E+000  0.000000000000E+000  0.000000000000E+000  0.000000000000E+000  0.000000000000E+000  0.000000000000E+000  0.000000000000E+000  0.000000000000E+000  0.000000000000E+000  0.000000000000E+000  0.000000000000E+000  0.000000000000E+000
   9.550000000000E+001  5.451395010282E-001  0.000000000000E+000  0.000000000000E+000  0.000000000000E+000  0.000000000000E+000  0.000000000000E+000  0.000000000000E+000  0.000000000000E+000  0.000000000000E+000  0.000000000000E+000  0.000000000000E+000  0.000000000000E+000  0.000000000000E+000
   9.575000000000E+001  7.061227597391E-002  0.000000000000E+000  0.000000000000E+000  0.000000000000E+000  0.000000000000E+000  0.000000000000E+000  0.000000000000E+000  0.000000000000E+000  0.000000000000E+000  0.000000000000E+000  0.000000000000E+000  0.000000000000E+000  0.000000000000E+000
   9.600000000000E+001  3.182558478097E-001  0.000000000000E+000  0.000000000000E+000  0.000000000000E+000  0.000000000000E+000  0.000000000000E+000  0.000000000000E+000  0.000000000000E+000  0.000000000000E+000  0.000000000000E+000  0.000000000000E+000  0.000000000000E+000  0.000000000000E+000
   9.625000000000E+001  2.300896060456E-001  0.000000000000E+000  0.000000000000E+000  0.000000000000E+000  0.000000000000E+000  0.000000000000E+000  0.000000000000E+000  0.000000000000E+000  0.000000000000E+000  0.000000000000E+000  0.000000000000E+000  0.000000000000E+000  0.000000000000E+000
   9.650000000000E+001  6.355156907899E-002  0.000000000000E+000  0.000000000000E+000  0.000000000000E+000  0.000000000000E+000  0.000000000000E+000  0.000000000000E+000  0.000000000000E+000  0.000000000000E+000  0.000000000000E+000  0.000000000000E+000  0.000000000000E+000  0.000000000000E+000
   9.675000000000E+001  3.364737325349E-002  0.000000000000E+000  0.000000000000E+000  0.000000000000E+000  0.000000000000E+000  0.000000000000E+000  0.000000000000E+000  0.000000000000E+000  0.000000000000E+000  0.000000000000E+000  0.000000000000E+000  0.000000000000E+000  0.000000000000E+000
   9.700000000000E+001  1.264127072622E-001  0.000000000000E+000  0.000000000000E+000  0.000000000000E+000  0.000000000000E+000  0.000000000000E+000  0.000000000000E+000  0.000000000000E+000  0.000000000000E+000  0.000000000000E+000  0.000000000000E+000  0.000000000000E+000  0.000000000000E+000
   9.725000000000E+001  4.457879038025E-001  0.000000000000E+000  0.000000000000E+000  0.000000000000E+000  0.000000000000E+000  0.000000000000E+000  0.000000000000E+000  0.000000000000E+000  0.000000000000E+000  0.000000000000E+000  0.000000000000E+000  0.000000000000E+000  0.000000000000E+000
   9.750000000000E+001  5.093345741245E-001  0.000000000000E+000  0.000000000000E+000  0.000000000000E+000  0.000000000000E+000  0.000000000000E+000  0.000000000000E+000  0.000000000000E+000  0.000000000000E+000  0.000000000000E+000  0.000000000000E+000  0.000000000000E+000  0.000000000000E+000
   9.775000000000E+001  9.345872995630E-001  0.000000000000E+000  0.000000000000E+000  0.000000000000E+000  0.000000000000E+000  0.000000000000E+000  0.000000000000E+000  0.000000000000E+000  0.000000000000E+000  0.000000000000E+000  0.000000000000E+000  0.000000000000E+000  0.000000000000E+000
   9.800000000000E+001  7.179432688398E-001  0.000000000000E+000  0.000000000000E+000  0.000000000000E+000  0.000000000000E+000  0.000000000000E+000  0.000000000000E+000  0.000000000000E+000  0.000000000000E+000  0.000000000000E+000  0.000000000000E+000  0.000000000000E+000  0.000000000000E+000
   9.825000000000E+001  6.703665936278E-001  0.000000000000E+000  0.000000000000E+000  0.000000000000E+000  0.000000000000E+000  0.000000000000E+000  0.000000000000E+000  0.000000000000E+000  0.000000000000E+000  0.000000000000E+000  0.000000000000E+000  0.000000000000E+000  0.000000000000E+000
   9.850000000000E+001  2.069943261307E-001  0.000000000000E+000  0.000000000000E+000  0.000000000000E+000  0.000000000000E+000  0.000000000000E+000  0.000000000000E+000  0.000000000000E+000  0.000000000000E+000  0.000000000000E+000  0.000000000000E+000  0.000000000000E+000  0.000000000000E+000
   9.875000000000E+001  3.277223388927E-001  0.000000000000E+000  0.000000000000E+000  0.000000000000E+000  0.000000000000E+000  0.000000000000E+000  0.000000000000E+000  0.000000000000E+000  0.000000000000E+000  0.000000000000E+000  0.000000000000E+000  0.000000000000E+000  0.000000000000E+000
   9.900000000000E+001  3.015912383028E-001  0.000000000000E+000  0.000000000000E+000  0.000000000000E+000  0.000000000000E+000  0.000000000000E+000  0.000000000000E+000  0.000000000000E+000  0.000000000000E+000  0.000000000000E+000  0.000000000000E+000  0.000000000000E+000  0.000000000000E+000
   9.925000000000E+001  7.469748582192E-001  0.000000000000E+000  0.000000000000E+000  0.000000000000E+000  0.000000000000E+000  0.000000000000E+000  0.000000000000E+000  0.000000000000E+000  0.000000000000E+000  0.000000000000E+000  0.000000000000E+000  0.000000000000E+000  0.000000000000E+000
   9.950000000000E+001  9.810844917745E-001  0.000000000000E+000  0.000000000000E+000  0.000000000000E+000  0.000000000000E+000  0.000000000000E+000  0.000000000000E+000  0.000000000000E+000  0.000000000000E+000  0.000000000000E+000  0.000000000000E+000  0.000000000000E+000  0.000000000000E+000
   9.975000000000E+001  4.801951934661E-001  0.000000000000E+000  0.000000000000E+000  0.000000000000E+000  0.000000000000E+000  0.000000000000E+000  0.000000000000E+000  0.000000000000E+000  0.000000000000E+000  0.000000000000E+000  0.000000000000E+000  0.000000000000E+000  0.000000000000E+000
   1.000000000000E+002  4.349551899224E-001  0.000000000000E+000  0.000000000000E+000  0.000000000000E+000  0.000000000000E+000  0.000000000000E+000  0.000000000000E+000  0.000000000000E+000  0.000000000000E+000  0.000000000000E+000  0.000000000000E+000  0.000000000000E+000  0.000000000000E+000
   1.002500000000E+002  9.023054347820E-002  0.000000000000E+000  0.000000000000E+000  0.000000000000E+000  0.000000000000E+000  0.000000000000E+000  0.000000000000E+000  0.000000000000E+000  0.000000000000E+000  0.000000000000E+000  0.000000000000E+000  0.000000000000E+000  0.000000000000E+000
   1.005000000000E+002  4.266747423761E-001  0.000000000000E+000  0.000000000000E+000  0.000000000000E+000  0.000000000000E+000  0.000000000000E+000  0.000000000000E+000  0.000000000000E+000  0.000000000000E+000  0.000000000000E+000  0.000000000000E+000  0.000000000000E+000  0.000000000000E+000
   1.007500000000E+002  6.819277764130E-001  0.000000000000E+000  0.000000000000E+000  0.000000000000E+000  0.000000000000E+000  0.000000000000E+000  0.000000000000E+000  0.000000000000E+000  0.000000000000E+000  0.000000000000E+000  0.000000000000E+000  0.000000000000E+000  0.000000000000E+000
   1.010000000000E+002  6.652286474334E-001  0.000000000000E+000  0.000000000000E+000  0.000000000000E+000  0.000000000000E+000  0.000000000000E+000  0.000000000000E+000  0.000000000000E+000  0.000000000000E+000  0.000000000000E+000  0.000000000000E+000  0.000000000000E+000  0.000000000000E+000
   1.012500000000E+002  4.790466491687E-001  0.000000000000E+000  0.000000000000E+000  0.000000000000E+000  0.000000000000E+000  0.000000000000E+000  0.000000000000E+000  0.000000000000E+000  0.000000000000E+000  0.000000000000E+000  0.000000000000E+000  0.000000000000E+000  0.000000000000E+000
   1.015000000000E+002  3.774112738110E-001  0.000000000000E+000  0.000000000000E+000  0.000000000000E+000  0.000000000000E+000  0.000000000000E+000  0.000000000000E+000  0.000000000000E+000  0.000000000000E+000  0.000000000000E+000  0.000000000000E+000  0.000000000000E+000  0.000000000000E+000
   1.017500000000E+002  8.067613670485E-001  0.000000000000E+000  0.000000000000E+000  3.307393152102E-014  3.307393152102E-014  1.122615172040E-011  1.122615172040E-011  1.122615172040E-011  1.122615172040E-011  1.122615172040E-011  1.122615172040E-011  1.132313417396E-011  1.132313417396E-011
   1.020000000000E+002  9.827703910579E-001  1.968698979186E-013  1.968698979186E-013  1.968698979186E-013  1.968698979186E-013  2.454876915868E-011  2.454876915868E-011  2.552431231148E-011  2.552431231148E-011  2.552431231148E-011  2.552431231148E-011  2.557706441466E-011  2.557706441466E-011
   1.022500000000E+002  9.941300277137E-001  1.073892162430E-013  1.073892162430E-013  1.152792077057E-013  1.152792077057E-013  3.902304384052E-011  3.902304384052E-011  3.902304384052E-011  3.902304384052E-011  3.902304384052E-011  3.902304384052E-011  3.909302171914E-011  3.909302171914E-011
   1.025000000000E+002  3.101746418350E-001  3.973300864678E-014  3.973300864678E-014  3.973300864678E-014  3.973300864678E-014  2.530471292924E-011  2.530471292924E-011  2.626636243555E-011  2.626636243555E-011  2.626636243555E-011  2.626636243555E-011  2.632728116146E-011  2.632728116146E-011
   1.027500000000E+002  8.953039437071E-001  6.879170336393E-013  6.879170336393E-013  6.879170336393E-013  6.879170336393E-013  4.029767178021E-011  4.029767178021E-011  4.029767178021E-011  4.029767178021E-011  4.029767178021E-011  4.029767178021E-011  4.035754395831E-011  4.035754395831E-011
   1.030000000000E+002  6.458740983621E-001  2.159729817588E-014  2.159729817588E-014  4.880444544627E-014  4.880444544627E-014  9.518116791054E-011  9.518116791054E-011  9.518116791054E-011  9.518116791054E-011  9.518116791054E-011  9.518116791054E-011  9.525193702071E-011  9.525193702071E-011
   1.032500000000E+002  3.113125574130E-001  0.000000000000E+000  0.000000000000E+000  4.127829307996E-016  4.127829307996E-016  1.305873079497E-010  1.305873079497E-010  1.321968970422E-010  1.321968970422E-010  1.321968970422E-010  1.321968970422E-010  1.322748530299E-010  1.322748530299E-010
   1.035000000000E+002  9.660943016028E-001  4.212599986318E-014  4.212599986318E-014  4.503336593493E-014  4.503336593493E-014  5.725879728906E-011  5.725879728906E-011  5.829117541079E-011  5.829117541079E-011  5.829117541079E-011  5.829117541079E-011  5.833051579205E-011  5.833051579205E-011
   1.037500000000E+002  3.023999443762E-001  2.954774388160E-013  2.954774388160E-013  2.987956241497E-013  2.987956241497E-013  8.184574250490E-011  8.184574250490E-011  8.354506725965E-011  8.354506725965E-011  8.354506725965E-011  8.354506725965E-011  8.362921783018E-011  8.362921783018E-011
   1.040000000000E+002  8.983531395719E-001  0.000000000000E+000  0.000000000000E+000  4.972493960690E-014  4.972493960690E-014  5.631833481343E-011  5.631833481343E-011  5.631833481343E-011  5.631833481343E-011  5.631833481343E-011  5.631833481343E-011  5.637932235872E-011  5.637932235872E-011
   1.042500000000E+002  4.866016797540E-001  0.000000000000E+000  0.000000000000E+000  0.000000000000E+000  0.000000000000E+000  1.218867677057E-010  1.218867677057E-010  1.218867677057E-010  1.218867677057E-010  1.218867677057E-010  1.218867677057E-010  1.219543269626E-010  1.219543269626E-010
   1.045000000000E+002  9.967508147116E-001  1.172350219503E-014  1.172350219503E-014  4.468760489667E-014  4.468760489667E-014  2.049556907251E-010  2.049556907251E-010  2.049556907251E-010  2.049556907251E-010  2.049556907251E-010  2.049556907251E-010  2.050070939583E-010  2.050070939583E-010
   1.047500000000E+002  5.409231460553E-001  1.287195343413E-015  1.287195343413E-015  7.206226535129E-015  7.206226535129E-015  1.002281656796E-011  1.002281656796E-011  1.002281656796E-011  1.002281656796E-011  1.002281656796E-011  1.002281656796E-011  1.009603642551E-011  1.009603642551E-011
   1.050000000000E+002  9.971643168288E-002  1.459665530449E-013  1.459665530449E-013  1.508041009436E-013  1.508041009436E-013  9.535028360234E-011  9.535028360234E-011  9.671013083365E-011  9.671013083365E-011  9.671013083365E-011  9.671013083365E-011  9.677172509954E-011  9.677172509954E-011
   1.052500000000E+002  4.535048569310E-001  1.223290714805E-013  1.223290714805E-013  1.317843621460E-013  1.317843621460E-013  2.039810794734E-010  2.039810794734E-010  2.047110807756E-010  2.047110807756E-010  2.047110807756E-010  2.047110807756E-010  2.047559650490E-010  2.047559650490E-010
   1.055000000000E+002  7.996026985190E-001  0.000000000000E+000  0.000000000000E+000  0.000000000000E+000  0.000000000000E+000  8.864539809457E-011  8.864539809457E-011  8.864539809457E-011  8.864539809457E-011  8.864539809457E-011  8.864539809457E-011  8.871725914179E-011  8.871725914179E-011
   1.057500000000E+002  4.180272712988E-001  3.503579880891E-013  3.503579880891E-013  3.505894054883E-013  3.505894054883E-013  1.009050626563E-010  1.009050626563E-010  1.009050626563E-010  1.009050626563E-010  1.009050626563E-010  1.009050626563E-010  1.009437028953E-010  1.009437028953E-010
   1.060000000000E+002  1.521555012712E-001  0.000000000000E+000  0.000000000000E+000  6.454146365630E-017  6.454146365630E-017  7.739480408512E-011  7.739480408512E-011  7.825937367441E-011  7.825937367441E-011  7.825937367441E-011  7.825937367441E-011  7.830835359525E-011  7.830835359525E-011
   1.062500000000E+002  4.865238002290E-001  3.421062602180E-015  3.421062602180E-015  9.717066326744E-015  9.717066326744E-015  1.420236959992E-010  1.420236959992E-010  1.420236959992E-010  1.420236959992E-010  1.420236959992E-010  1.420236959992E-010  1.421005571993E-010  1.421005571993E-010
   1.065000000000E+002  9.986020889511E-001  0.000000000000E+000  0.000000000000E+000  0.000000000000E+000  0.000000000000E+000  0.000000000000E+000  0.000000000000E+000  0.000000000000E+000  0.000000000000E+000  0.000000000000E+000  0.000000000000E+000  0.000000000000E+000  0.000000000000E+000
   1.067500000000E+002  7.959399440581E-001  1.000833944247E-014  1.000833944247E-014  1.026696428287E-014  1.026696428287E-014  5.750594966118E-011  5.750594966118E-011  5.810618617567E-011  5.810618617567E-011  5.810618617567E-011  5.810618617567E-011  5.815156196811E-011  5.815156196811E-011
   1.070000000000E+002  4.241068097991E-001  0.000000000000E+000  0.000000000000E+000  1.463816869208E-015  1.463816869208E-015  1.728892826294E-010  1.728892826294E-010  1.728892826294E-010  1.728892826294E-010  1.728892826294E-010  1.728892826294E-010  1.729390254987E-010  1.729390254987E-010
   1.072500000000E+002  1.650460097142E-001  0.000000000000E+000  0.000000000000E+000  0.000000000000E+000  0.000000000000E+000  0.000000000000E+000  0.000000000000E+000  0.000000000000E+000  0.000000000000E+000  0.000000000000E+000  0.000000000000E+000  0.000000000000E+000  0.000000000000E+000
   1.075000000000E+002  1.443831670436E-001  2.693918151769E-013  2.693918151769E-013  2.789617189249E-013  2.789617189249E-013  2.284676668526E-010  2.284676668526E-010  2.297610690240E-010  2.297610690240E-010  2.297610690240E-010  2.297610690240E-010  2.298094159223E-010  2.298094159223E-010
   1.077500000000E+002  9.311980168111E-001  0.000000000000E+000  0.000000000000E+000  0.000000000000E+000  0.000000000000E+000  2.419169726852E-011  2.419169726852E-011  2.419169726852E-011  2.419169726852E-011  2.419169726852E-011  2.419169726852E-011  2.423272822234E-011  2.423272822234E-011
   1.080000000000E+002  5.669980217679E-001  8.431647077101E-013  8.431647077101E-013  8.431647077101E-013  8.431647077101E-013  3.247298471661E-011  3.247298471661E-011  3.247298471661E-011  3.247298471661E-011  3.247298471661E-011  3.247298471661E-011  3.251498124721E-011  3.251498124721E-011
   1.082500000000E+002  5.423191828174E-001  3.060928277533E-014  3.060928277533E-014  3.060928277533E-014  3.060928277533E-014  3.564569791934E-012  3.564569791934E-012  3.564569791934E-012  3.564569791934E-012  3.564569791934E-012  3.564569791934E-012  3.588679799382E-012  3.588679799382E-012
   1.085000000000E+002  2.640467846971E-001  0.000000000000E+000  0.000000000000E+000  0.000000000000E+000  0.000000000000E+000  8.469266542126E-011  8.469266542126E-011  8.521729102833E-011  8.521729102833E-011  8.521729102833E-011  8.521729102833E-011  8.528097890450E-011  8.528097890450E-011
   1.087500000000E+002  2.404183179306E-001  1.473429920866E-014  1.473429920866E-014  1.473429920866E-014  1.473429920866E-014  1.180264234884E-011  1.180264234884E-011  1.180264234884E-011  1.180264234884E-011  1.180264234884E-011  1.180264234884E-011  1.184365651710E-011  1.184365651710E-011
   1.090000000000E+002  6.259982014121E-001  1.445935034392E-014  1.445935034392E-014  2.907795016117E-014  2.907795016117E-014  6.641327154494E-011  6.641327154494E-011  6.641327154494E-011  6.641327154494E-011  6.641327154494E-011  6.641327154494E-011  6.646106172514E-011  6.646106172514E-011
   1.092500000000E+002  3.614854490041E-001  1.486654495238E-014  1.486654495238E-014  1.952201866665E-014  1.952201866665E-014  9.346961816151E-011  9.346961816151E-011  9.346961816151E-011  9.346961816151E-011  9.346961816151E-011  9.346961816151E-011  9.350053709793E-011  9.350053709793E-011
   1.095000000000E+002  7.321760739363E-001  0.000000000000E+000  0.000000000000E+000  0.000000000000E+000  0.000000000000E+000  6.866657638774E-011  6.866657638774E-011  6.898209992747E-011  6.898209992747E-011  6.898209992747E-011  6.898209992747E-011  6.904426948683E-011  6.904426948683E-011
   1.097500000000E+002  7.959334178149E-001  5.456257011694E-015  5.456257011694E-015  2.666570354054E-014  2.666570354054E-014  6.930089593702E-011  6.930089593702E-011  6.930089593702E-011  6.930089593702E-011  6.930089593702E-011  6.930089593702E-011  6.935195797774E-011  6.935195797774E-011
   1.100000000000E+002  8.352478295546E-001  3.770994228618E-014  3.770994228618E-014  3.906603118950E-014  3.906603118950E-014  7.455372364911E-011  7.455372364911E-011  7.490341596804E-011  7.490341596804E-011  7.490341596804E-011  7.490341596804E-011  7.495246188709E-011  7.495246188709E-011
   1.102500000000E+002  2.568794422945E-002  0.000000000000E+000  0.000000000000E+000  1.749730613443E-015  1.749730613443E-015  7.481172314554E-011  7.481172314554E-011  7.481172314554E-011  7.481172314554E-011  7.481172314554E-011  7.481172314554E-011  7.484259253048E-011  7.484259253048E-011
   1.105000000000E+002  4.934411970631E-001  0.000000000000E+000  0.000000000000E+000  0.000000000000E+000  0.000000000000E+000  0.000000000000E+000  0.000000000000E+000  0.000000000000E+000  0.000000000000E+000  0.000000000000E+000  0.000000000000E+000  0.000000000000E+000  0.000000000000E+000
   1.107500000000E+002  5.900743245875E-001  6.460537640099E-014  6.460537640099E-014  6.490998777084E-014  6.490998777084E-014  6.033136764585E-011  6.033136764585E-011  6.056693916859E-011  6.056693916859E-011  6.056693916859E-011  6.056693916859E-011  6.059183415473E-011  6.059183415473E-011
   1.110000000000E+002  7.119991693273E-001  0.000000000000E+000  0.000000000000E+000  6.692618913922E-016  6.692618913922E-016  5.595090945827E-012  5.595090945827E-012  5.595090945827E-012  5.595090945827E-012  5.595090945827E-012  5.595090945827E-012  5.649481996382E-012  5.649481996382E-012
   1.112500000000E+002  3.640432520507E-003  3.479846077599E-013  3.479846077599E-013  3.488948856046E-013  3.488948856046E-013  3.286858272533E-011  3.286858272533E-011  3.286858272533E-011  3.286858272533E-011  3.286858272533E-011  3.286858272533E-011  3.290975461570E-011  3.290975461570E-011
   1.115000000000E+002  1.458369611744E-001  1.383478377374E-014  1.383478377374E-014  1.439263985299E-014  1.439263985299E-014  2.489359665034E-012  2.489359665034E-012  2.489359665034E-012  2.489359665034E-012  2.489359665034E-012  2.489359665034E-012  2.528115758620E-012  2.528115758620E-012
   1.117500000000E+002  7.826037162548E-001  0.000000000000E+000  0.000000000000E+000  2.030591665794E-015  2.030591665794E-015  1.717959563856E-010  1.717959563856E-010  1.719784121309E-010  1.719784121309E-010  1.719784121309E-010  1.719784121309E-010  1.720114556073E-010  1.720114556073E-010
   1.120000000000E+002  9.442582532121E-001  1.492487668450E-012  1.492487668450E-012  1.492487668450E-012  1.492487668450E-012  2.809073700455E-011  2.809073700455E-011  2.809073700455E-011  2.809073700455E-011  2.809073700455E-011  2.809073700455E-011  2.812742822533E-011  2.812742822533E-011
   1.122500000000E+002  8.418657307320E-001  0.000000000000E+000  0.000000000000E+000  0.000000000000E+000  0.000000000000E+000  5.474101980453E-011  5.474101980453E-011  5.482585388925E-011  5.482585388925E-011  5.482585388925E-011  5.482585388925E-011  5.486636205533E-011  5.486636205533E-011
   1.125000000000E+002  6.389267753385E-001  4.404674119279E-014  4.404674119279E-014  1.254071577036E-013  1.254071577036E-013  1.094763485525E-010  1.094763485525E-010  1.094763485525E-010  1.094763485525E-010  1.094763485525E-010  1.094763485525E-010  1.095509078608E-010  1.095509078608E-010
   1.127500000000E+002  2.022724403968E-001  0.000000000000E+000  0.000000000000E+000  6.371635689885E-015  6.371635689885E-015  5.616377395761E-011  5.616377395761E-011  5.623877473266E-011  5.623877473266E-011  5.623877473266E-011  5.623877473266E-011  5.626814260125E-011  5.626814260125E-011
   1.130000000000E+002  9.745182231227E-001  2.076248577350E-014  2.076248577350E-014  2.667993798766E-014  2.667993798766E-014  2.659198903140E-013  2.659198903140E-013  2.659198903140E-013  2.659198903140E-013  2.659198903140E-013  2.659198903140E-013  3.006405572333E-013  3.006405572333E-013
   1.132500000000E+002  8.375096238164E-001  1.941699287704E-014  1.941699287704E-014  1.941699287704E-014  1.941699287704E-014  5.429012266425E-011  5.429012266425E-011  5.429012266425E-011  5.429012266425E-011  5.429012266425E-011  5.429012266425E-011  5.432860266119E-011  5.432860266119E-011
   1.135000000000E+002  9.643867886499E-001  1.849073804109E-014  1.849073804109E-014  2.207210281220E-014  2.207210281220E-014  5.139595866488E-012  5.139595866488E-012  5.139595866488E-012  5.139595866488E-012  5.139595866488E-012  5.139595866488E-012  5.172677173144E-012  5.172677173144E-012
   1.137500000000E+002  2.611853839833E-001  1.583709424804E-012  1.583709424804E-012  1.587700827482E-012  1.587700827482E-012  2.685670934222E-011  2.685670934222E-011  2.700530395853E-011  2.700530395853E-011  2.700530395853E-011  2.700530395853E-011  2.702187648752E-011  2.702187648752E-011
   1.140000000000E+002  3.380121717840E-001  0.000000000000E+000  0.000000000000E+000  0.000000000000E+000  0.000000000000E+000  0.000000000000E+000  0.000000000000E+000  0.000000000000E+000  0.000000000000E+000  0.000000000000E+000  0.000000000000E+000  0.000000000000E+000  0.000000000000E+000
   1.142500000000E+002  8.156398964717E-001  5.678270268911E-014  5.678270268911E-014  5.678270268911E-014  5.678270268911E-014  4.148808281856E-011  4.148808281856E-011  4.150161560729E-011  4.150161560729E-011  4.150161560729E-011  4.150161560729E-011  4.156297610293E-011  4.156297610293E-011
   1.145000000000E+002  5.260209812372E-001  0.000000000000E+000  0.000000000000E+000  6.007078203914E-017  6.007078203914E-017  3.270620548204E-011  3.270620548204E-011  3.270620548204E-011  3.270620548204E-011  3.270620548204E-011  3.270620548204E-011  3.273582322990E-011  3.273582322990E-011
   1.147500000000E+002  7.311922172789E-001  0.000000000000E+000  0.000000000000E+000  3.807311474872E-017  3.807311474872E-017  3.350968164634E-011  3.350968164634E-011  3.350968164634E-011  3.350968164634E-011  3.350968164634E-011  3.350968164634E-011  3.353116022910E-011  3.353116022910E-011
   1.150000000000E+002  4.207023469544E-001  8.317390061739E-014  8.317390061739E-014  8.317390061739E-014  8.317390061739E-014  3.644047531059E-011  3.644047531059E-011  3.644047531059E-011  3.644047531059E-011  3.644047531059E-011  3.644047531059E-011  3.647400193623E-011  3.647400193623E-011
   1.152500000000E+002  4.666615546058E-001  1.329383444082E-020  1.329383444082E-020  1.329383444082E-020  1.329383444082E-020  8.235523495307E-013  8.235523495307E-013  8.235523495307E-013  8.235523495307E-013  8.235523495307E-013  8.235523495307E-013  8.687374539991E-013  8.687374539991E-013
   1.155000000000E+002  2.318794502456E-001  5.209203263176E-013  5.209203263176E-013  5.430500723930E-013  5.430500723930E-013  7.025041522650E-011  7.025041522650E-011  7.025041522650E-011  7.025041522650E-011  7.025041522650E-011  7.025041522650E-011  7.030743847614E-011  7.030743847614E-011
   1.157500000000E+002  8.713540924085E-001  0.000000000000E+000  0.000000000000E+000  0.000000000000E+000  0.000000000000E+000  0.000000000000E+000  0.000000000000E+000  0.000000000000E+000  0.000000000000E+000  0.000000000000E+000  0.000000000000E+000  0.000000000000E+000  0.000000000000E+000
   1.160000000000E+002  4.795757195744E-001  1.959666228169E-014  1.959666228169E-014  6.390170602596E-014  6.390170602596E-014  2.019576357154E-011  2.019576357154E-011  2.019576357154E-011  2.019576357154E-011  2.019576357154E-011  2.019576357154E-011  2.021701020550E-011  2.021701020550E-011
   1.162500000000E+002  3.984444401543E-001  1.555374957157E-014  1.555374957157E-014  1.791202376910E-014  1.791202376910E-014  3.101840420830E-012  3.101840420830E-012  3.101840420830E-012  3.101840420830E-012  3.101840420830E-012  3.101840420830E-012  3.144590092093E-012  3.144590092093E-012
   1.165000000000E+002  3.712747271910E-001  1.353023124537E-014  1.353023124537E-014  1.353023124537E-014  1.353023124537E-014  1.906720901651E-011  1.906720901651E-011  1.906720901651E-011  1.906720901651E-011  1.906720901651E-011  1.906720901651E-011  1.910442583017E-011  1.910442583017E-011
   1.167500000000E+002  1.650837585480E-001  1.160835935804E-014  1.160835935804E-014  3.970761346378E-014  3.970761346378E-014  2.505346301050E-011  2.505346301050E-011  2.505346301050E-011  2.505346301050E-011  2.505346301050E-011  2.505346301050E-011  2.507930331904E-011  2.507930331904E-011
   1.170000000000E+002  4.846301712997E-001  8.740173898939E-015  8.740173898939E-015  8.740173898939E-015  8.740173898939E-015  2.950793907549E-014  2.950793907549E-014  2.950793907549E-014  2.950793907549E-014  2.950793907549E-014  2.950793907549E-014  5.241927174972E-014  5.241927174972E-014
   1.172500000000E+002  8.366136905328E-001  9.641100295215E-015  9.641100295215E-015  9.641100295215E-015  9.641100295215E-015  1.104796353324E-012  1.104796353324E-012  1.104796353324E-012  1.104796353324E-012  1.104796353324E-012  1.104796353324E-012  1.133531074169E-012  1.133531074169E-012
   1.175000000000E+002  2.753208193007E-001  6.077969415824E-016  6.077969415824E-016  6.077969415824E-016  6.077969415824E-016  2.556678507604E-012  2.556678507604E-012  2.556678507604E-012  2.556678507604E-012  2.556678507604E-012  2.556678507604E-012  2.602396344470E-012  2.602396344470E-012
   1.177500000000E+002  3.060083561627E-001  0.000000000000E+000  0.000000000000E+000  0.000000000000E+000  0.000000000000E+000  0.000000000000E+000  0.000000000000E+000  0.000000000000E+000  0.000000000000E+000  0.000000000000E+000  0.000000000000E+000  0.000000000000E+000  0.000000000000E+000
   1.180000000000E+002  1.010526006992E-001  0.000000000000E+000  0.000000000000E+000  0.000000000000E+000  0.000000000000E+000  0.000000000000E+000  0.000000000000E+000  0.000000000000E+000  0.000000000000E+000  0.000000000000E+000  0.000000000000E+000  0.000000000000E+000  0.000000000000E+000
   1.182500000000E+002  1.857950784231E-001  4.635744990871E-013  4.635744990871E-013  4.635744990871E-013  4.635744990871E-013  5.619709367689E-012  5.619709367689E-012  5.619709367689E-012  5.619709367689E-012  5.619709367689E-012  5.619709367689E-012  5.650816667620E-012  5.650816667620E-012
   1.185000000000E+002  7.393627487336E-002  2.047100448071E-013  2.047100448071E-013  2.047100448071E-013  2.047100448071E-013  1.695751852985E-012  1.695751852985E-012  1.695751852985E-012  1.695751852985E-012  1.695751852985E-012  1.695751852985E-012  1.722475214477E-012  1.722475214477E-012
   1.187500000000E+002  8.733279771325E-001  0.000000000000E+000  0.000000000000E+000  0.000000000000E+000  0.000000000000E+000  0.000000000000E+000  0.000000000000E+000  0.000000000000E+000  0.000000000000E+000  0.000000000000E+000  0.000000000000E+000  0.000000000000E+000  0.000000000000E+000
   1.190000000000E+002  5.691623670882E-001  0.000000000000E+000  0.000000000000E+000  0.000000000000E+000  0.000000000000E+000  0.000000000000E+000  0.000000000000E+000  0.000000000000E+000  0.000000000000E+000  0.000000000000E+000  0.000000000000E+000  0.000000000000E+000  0.000000000000E+000
   1.192500000000E+002  1.989959496607E-001  0.000000000000E+000  0.000000000000E+000  3.116545636128E-015  3.116545636128E-015  1.596274859896E-013  1.596274859896E-013  1.690889367969E-013  1.690889367969E-013  1.690889367969E-013  1.690889367969E-013  1.866866151255E-013  1.866866151255E-013
   1.195000000000E+002  4.570626843955E-001  0.000000000000E+000  0.000000000000E+000  0.000000000000E+000  0.000000000000E+000  0.000000000000E+000  0.000000000000E+000  0.000000000000E+000  0.000000000000E+000  0.000000000000E+000  0.000000000000E+000  0.000000000000E+000  0.000000000000E+000
   1.197500000000E+002  9.766679653045E-001  0.000000000000E+000  0.000000000000E+000  0.000000000000E+000  0.000000000000E+000  0.000000000000E+000  0.000000000000E+000  0.000000000000E+000  0.000000000000E+000  0.000000000000E+000  0.000000000000E+000  0.000000000000E+000  0.000000000000E+000
   1.200000000000E+002  7.387555669035E-001  0.000000000000E+000  0.000000000000E+000  0.000000000000E+000  0.000000000000E+000  0.000000000000E+000  0.000000000000E+000  0.000000000000E+000  0.000000000000E+000  0.000000000000E+000  0.000000000000E+000  0.000000000000E+000  0.000000000000E+000
   1.202500000000E+002  7.257069184841E-001  0.000000000000E+000  0.000000000000E+000  0.000000000000E+000  0.000000000000E+000  0.000000000000E+000  0.000000000000E+000  0.000000000000E+000  0.000000000000E+000  0.000000000000E+000  0.000000000000E+000  0.000000000000E+000  0.000000000000E+000
   1.205000000000E+002  5.134425562074E-001  5.976724094245E-015  5.976724094245E-015  6.243427968283E-015  6.243427968283E-015  6.243427968283E-015  6.243427968283E-015  9.545940639664E-015  9.545940639664E-015  9.545940639664E-015  9.545940639664E-015  1.154515909234E-014  1.154515909234E-014
   1.207500000000E+002  7.323592283067E-001  0.000000000000E+000  0.000000000000E+000  0.000000000000E+000  0.000000000000E+000  0.000000000000E+000  0.000000000000E+000  0.000000000000E+000  0.000000000000E+000  0.000000000000E+000  0.000000000000E+000  0.000000000000E+000  0.000000000000E+000
   1.210000000000E+002  5.062349434150E-001  0.000000000000E+000  0.000000000000E+000  0.000000000000E+000  0.000000000000E+000  0.000000000000E+000  0.000000000000E+000  0.000000000000E+000  0.000000000000E+000  0.000000000000E+000  0.000000000000E+000  0.000000000000E+000  0.000000000000E+000
   1.212500000000E+002  9.388589080437E-001  0.000000000000E+000  0.000000000000E+000  1.164400069279E-015  1.164400069279E-015  2.050604895797E-013  2.050604895797E-013  2.050604895797E-013  2.050604895797E-013  2.050604895797E-013  2.050604895797E-013  2.301354062324E-013  2.301354062324E-013
   1.215000000000E+002  8.055054389257E-002  0.000000000000E+000  0.000000000000E+000  0.000000000000E+000  0.000000000000E+000  0.000000000000E+000  0.000000000000E+000  0.000000000000E+000  0.000000000000E+000  0.000000000000E+000  0.000000000000E+000  0.000000000000E+000  0.000000000000E+000
   1.217500000000E+002  9.335774804252E-001  0.000000000000E+000  0.000000000000E+000  6.501796777203E-016  6.501796777203E-016  3.606244753013E-013  3.606244753013E-013  3.606244753013E-013  3.606244753013E-013  3.606244753013E-013  3.606244753013E-013  3.861248182494E-013  3.861248182494E-013
   1.220000000000E+002  2.411410242771E-001  0.000000000000E+000  0.000000000000E+000  0.000000000000E+000  0.000000000000E+000  0.000000000000E+000  0.000000000000E+000  0.000000000000E+000  0.000000000000E+000  0.000000000000E+000  0.000000000000E+000  0.000000000000E+000  0.000000000000E+000
   1.222500000000E+002  2.654891915464E-001  0.000000000000E+000  0.000000000000E+000  0.000000000000E+000  0.000000000000E+000  0.000000000000E+000  0.000000000000E+000  0.000000000000E+000  0.000000000000E+000  0.000000000000E+000  0.000000000000E+000  0.000000000000E+000  0.000000000000E+000
   1.225000000000E+002  7.946399098935E-001  0.000000000000E+000  0.000000000000E+000  0.000000000000E+000  0.000000000000E+000  0.000000000000E+000  0.000000000000E+000  0.000000000000E+000  0.000000000000E+000  0.000000000000E+000  0.000000000000E+000  0.000000000000E+000  0.000000000000E+000
   1.227500000000E+002  8.407737410002E-001  0.000000000000E+000  0.000000000000E+000  0.000000000000E+000  0.000000000000E+000  0.000000000000E+000  0.000000000000E+000  0.000000000000E+000  0.000000000000E+000  0.000000000000E+000  0.000000000000E+000  0.000000000000E+000  0.000000000000E+000
   1.230000000000E+002  8.890557780721E-002  0.000000000000E+000  0.000000000000E+000  0.000000000000E+000  0.000000000000E+000  0.000000000000E+000  0.000000000000E+000  0.000000000000E+000  0.000000000000E+000  0.000000000000E+000  0.000000000000E+000  0.000000000000E+000  0.000000000000E+000
   1.232500000000E+002  5.486825698232E-002  0.000000000000E+000  0.000000000000E+000  2.723493436356E-017  2.723493436356E-017  3.914306571807E-013  3.914306571807E-013  3.921050693471E-013  3.921050693471E-013  3.921050693471E-013  3.921050693471E-013  4.066362227907E-013  4.066362227907E-013
   1.235000000000E+002  6.360947662350E-001  0.000000000000E+000  0.000000000000E+000  0.000000000000E+000  0.000000000000E+000  0.000000000000E+000  0.000000000000E+000  0.000000000000E+000  0.000000000000E+000  0.000000000000E+000  0.000000000000E+000  0.000000000000E+000  0.000000000000E+000
   1.237500000000E+002  8.252055459388E-001  2.957451112638E-015  2.957451112638E-015  3.196681663621E-015  3.196681663621E-015  2.597751549947E-013  2.597751549947E-013  2.597751549947E-013  2.597751549947E-013  2.597751549947E-013  2.597751549947E-013  2.863200261192E-013  2.863200261192E-013
   1.240000000000E+002  1.720118609355E-001  0.000000000000E+000  0.000000000000E+000  0.000000000000E+000  0.000000000000E+000  0.000000000000E+000  0.000000000000E+000  0.000000000000E+000  0.000000000000E+000  0.000000000000E+000  0.000000000000E+000  0.000000000000E+000  0.000000000000E+000
   1.242500000000E+002  3.438744555364E-001  0.000000000000E+000  0.000000000000E+000  0.000000000000E+000  0.000000000000E+000  0.000000000000E+000  0.000000000000E+000  0.000000000000E+000  0.000000000000E+000  0.000000000000E+000  0.000000000000E+000  0.000000000000E+000  0.000000000000E+000
   1.245000000000E+002  8.468836052274E-001  2.952738820727E-016  2.952738820727E-016  3.096059427495E-016  3.096059427495E-016  4.358425985596E-013  4.358425985596E-013  4.358425985596E-013  4.358425985596E-013  4.358425985596E-013  4.358425985596E-013  4.556467491086E-013  4.556467491086E-013
   1.247500000000E+002  5.463328712798E-001  0.000000000000E+000  0.000000000000E+000  0.000000000000E+000  0.000000000000E+000  0.000000000000E+000  0.000000000000E+000  0.000000000000E+000  0.000000000000E+000  0.000000000000E+000  0.000000000000E+000  0.000000000000E+000  0.000000000000E+000
   1.250000000000E+002  4.864076722156E-001  0.000000000000E+000  0.000000000000E+000  0.000000000000E+000  0.000000000000E+000  0.000000000000E+000  0.000000000000E+000  0.000000000000E+000  0.000000000000E+000  0.000000000000E+000  0.000000000000E+000  0.000000000000E+000  0.000000000000E+000
   1.252500000000E+002  1.641425369084E-002  0.000000000000E+000  0.000000000000E+000  0.000000000000E+000  0.000000000000E+000  0.000000000000E+000  0.000000000000E+000  0.000000000000E+000  0.000000000000E+000  0.000000000000E+000  0.000000000000E+000  0.000000000000E+000  0.000000000000E+000
   1.255000000000E+002  5.031549328790E-001  0.000000000000E+000  0.000000000000E+000  0.000000000000E+000  0.000000000000E+000  0.000000000000E+000  0.000000000000E+000  0.000000000000E+000  0.000000000000E+000  0.000000000000E+000  0.000000000000E+000  0.000000000000E+000  0.000000000000E+000
   1.257500000000E+002  6.937153888707E-001  0.000000000000E+000  0.000000000000E+000  0.000000000000E+000  0.000000000000E+000  0.000000000000E+000  0.000000000000E+000  0.000000000000E+000  0.000000000000E+000  0.000000000000E+000  0.000000000000E+000  0.000000000000E+000  0.000000000000E+000
   1.260000000000E+002  6.590228350912E-001  0.000000000000E+000  0.000000000000E+000  0.000000000000E+000  0.000000000000E+000  0.000000000000E+000  0.000000000000E+000  0.000000000000E+000  0.000000000000E+000  0.000000000000E+000  0.000000000000E+000  0.000000000000E+000  0.000000000000E+000
   1.262500000000E+002  1.865430776291E-001  0.000000000000E+000  0.000000000000E+000  0.000000000000E+000  0.000000000000E+000  0.000000000000E+000  0.000000000000E+000  0.000000000000E+000  0.000000000000E+000  0.000000000000E+000  0.000000000000E+000  0.000000000000E+000  0.000000000000E+000
   1.265000000000E+002  2.856318369874E-001  0.000000000000E+000  0.000000000000E+000  1.714317088460E-016  1.714317088460E-016  4.043106381183E-013  4.043106381183E-013  4.048513756998E-013  4.048513756998E-013  4.048513756998E-013  4.048513756998E-013  4.192312260534E-013  4.192312260534E-013
   1.267500000000E+002  4.928754777156E-001  0.000000000000E+000  0.000000000000E+000  0.000000000000E+000  0.000000000000E+000  0.000000000000E+000  0.000000000000E+000  0.000000000000E+000  0.000000000000E+000  0.000000000000E+000  0.000000000000E+000  0.000000000000E+000  0.000000000000E+000
   1.270000000000E+002  5.798726371905E-001  0.000000000000E+000  0.000000000000E+000  0.000000000000E+000  0.000000000000E+000  0.000000000000E+000  0.000000000000E+000  0.000000000000E+000  0.000000000000E+000  0.000000000000E+000  0.000000000000E+000  0.000000000000E+000  0.000000000000E+000
   1.272500000000E+002  9.053994193482E-001  0.000000000000E+000  0.000000000000E+000  0.000000000000E+000  0.000000000000E+000  0.000000000000E+000  0.000000000000E+000  0.000000000000E+000  0.000000000000E+000  0.000000000000E+000  0.000000000000E+000  0.000000000000E+000  0.000000000000E+000
   1.275000000000E+002  2.447495264018E-001  0.000000000000E+000  0.000000000000E+000  0.000000000000E+000  0.000000000000E+000  0.000000000000E+000  0.000000000000E+000  0.000000000000E+000  0.000000000000E+000  0.000000000000E+000  0.000000000000E+000  0.000000000000E+000  0.000000000000E+000
   1.277500000000E+002  4.848970292212E-003  0.000000000000E+000  0.000000000000E+000  0.000000000000E+000  0.000000000000E+000  0.000000000000E+000  0.000000000000E+000  0.000000000000E+000  0.000000000000E+000  0.000000000000E+000  0.000000000000E+000  0.000000000000E+000  0.000000000000E+000
   1.280000000000E+002  4.574421685574E-001  3.019857586850E-014  3.019857586850E-014  3.031087742136E-014  3.031087742136E-014  4.311191472346E-013  4.311191472346E-013  4.477119348961E-013  4.477119348961E-013  4.477119348961E-013  4.477119348961E-013  4.598495599556E-013  4.598495599556E-013
   1.282500000000E+002  5.086635952985E-002  0.000000000000E+000  0.000000000000E+000  0.000000000000E+000  0.000000000000E+000  0.000000000000E+000  0.000000000000E+000  0.000000000000E+000  0.000000000000E+000  0.000000000000E+000  0.000000000000E+000  0.000000000000E+000  0.000000000000E+000
   1.285000000000E+002  4.788205827120E-001  0.000000000000E+000  0.000000000000E+000  0.000000000000E+000  0.000000000000E+000  0.000000000000E+000  0.000000000000E+000  0.000000000000E+000  0.000000000000E+000  0.000000000000E+000  0.000000000000E+000  0.000000000000E+000  0.000000000000E+000
   1.287500000000E+002  3.442144357870E-001  0.000000000000E+000  0.000000000000E+000  0.000000000000E+000  0.000000000000E+000  0.000000000000E+000  0.000000000000E+000  0.000000000000E+000  0.000000000000E+000  0.000000000000E+000  0.000000000000E+000  0.000000000000E+000  0.000000000000E+000
   1.290000000000E+002  5.862827435294E-001  0.000000000000E+000  0.000000000000E+000  0.000000000000E+000  0.000000000000E+000  0.000000000000E+000  0.000000000000E+000  0.000000000000E+000  0.000000000000E+000  0.000000000000E+000  0.000000000000E+000  0.000000000000E+000  0.000000000000E+000
   1.292500000000E+002  7.777064047312E-001  0.000000000000E+000  0.000000000000E+000  0.000000000000E+000  0.000000000000E+000  0.000000000000E+000  0.000000000000E+000  0.000000000000E+000  0.000000000000E+000  0.000000000000E+000  0.000000000000E+000  0.000000000000E+000  0.000000000000E+000
   1.295000000000E+002  2.562097617322E-001  0.000000000000E+000  0.000000000000E+000  0.000000000000E+000  0.000000000000E+000  0.000000000000E+000  0.000000000000E+000  0.000000000000E+000  0.000000000000E+000  0.000000000000E+000  0.000000000000E+000  0.000000000000E+000  0.000000000000E+000
   1.297500000000E+002  3.625252357752E-001  0.000000000000E+000  0.000000000000E+000  0.000000000000E+000  0.000000000000E+000  0.000000000000E+000  0.000000000000E+000  0.000000000000E+000  0.000000000000E+000  0.000000000000E+000  0.000000000000E+000  0.000000000000E+000  0.000000000000E+000
   1.300000000000E+002  3.553143470556E-002  0.000000000000E+000  0.000000000000E+000  0.000000000000E+000  0.000000000000E+000  0.000000000000E+000  0.000000000000E+000  0.000000000000E+000  0.000000000000E+000  0.000000000000E+000  0.000000000000E+000  0.000000000000E+000  0.000000000000E+000
   1.302500000000E+002  5.257954605355E-001  0.000000000000E+000  0.000000000000E+000  0.000000000000E+000  0.000000000000E+000  0.000000000000E+000  0.000000000000E+000  0.000000000000E+000  0.000000000000E+000  0.000000000000E+000  0.000000000000E+000  0.000000000000E+000  0.000000000000E+000
   1.305000000000E+002  3.727022538333E-001  0.000000000000E+000  0.000000000000E+000  0.000000000000E+000  0.000000000000E+000  0.000000000000E+000  0.000000000000E+000  0.000000000000E+000  0.000000000000E+000  0.000000000000E+000  0.000000000000E+000  0.000000000000E+000  0.000000000000E+000
   1.307500000000E+002  2.837836640522E-001  0.000000000000E+000  0.000000000000E+000  0.000000000000E+000  0.000000000000E+000  0.000000000000E+000  0.000000000000E+000  1.032999115374E-016  1.032999115374E-016  1.032999115374E-016  1.032999115374E-016  2.854769816609E-016  2.854769816609E-016
   1.310000000000E+002  7.366924586794E-001  0.000000000000E+000  0.000000000000E+000  0.000000000000E+000  0.000000000000E+000  0.000000000000E+000  0.000000000000E+000  0.000000000000E+000  0.000000000000E+000  0.000000000000E+000  0.000000000000E+000  0.000000000000E+000  0.000000000000E+000
   1.312500000000E+002  4.415251703605E-001  0.000000000000E+000  0.000000000000E+000  0.000000000000E+000  0.000000000000E+000  0.000000000000E+000  0.000000000000E+000  0.000000000000E+000  0.000000000000E+000  0.000000000000E+000  0.000000000000E+000  0.000000000000E+000  0.000000000000E+000
   1.315000000000E+002  6.088597610374E-001  0.000000000000E+000  0.000000000000E+000  0.000000000000E+000  0.000000000000E+000  0.000000000000E+000  0.000000000000E+000  0.000000000000E+000  0.000000000000E+000  0.000000000000E+000  0.000000000000E+000  0.000000000000E+000  0.000000000000E+000
   1.317500000000E+002  3.923874806394E-001  0.000000000000E+000  0.000000000000E+000  0.000000000000E+000  0.000000000000E+000  0.000000000000E+000  0.000000000000E+000  0.000000000000E+000  0.000000000000E+000  0.000000000000E+000  0.000000000000E+000  0.000000000000E+000  0.000000000000E+000
   1.320000000000E+002  3.121448198949E-002  0.000000000000E+000  0.000000000000E+000  0.000000000000E+000  0.000000000000E+000  0.000000000000E+000  0.000000000000E+000  0.000000000000E+000  0.000000000000E+000  0.000000000000E+000  0.000000000000E+000  0.000000000000E+000  0.000000000000E+000
   1.322500000000E+002  7.995353168624E-001  0.000000000000E+000  0.000000000000E+000  0.000000000000E+000  0.000000000000E+000  0.000000000000E+000  0.000000000000E+000  0.000000000000E+000  0.000000000000E+000  0.000000000000E+000  0.000000000000E+000  0.000000000000E+000  0.000000000000E+000
   1.325000000000E+002  3.338751519934E-001  0.000000000000E+000  0.000000000000E+000  0.000000000000E+000  0.000000000000E+000  0.000000000000E+000  0.000000000000E+000  0.000000000000E+000  0.000000000000E+000  0.000000000000E+000  0.000000000000E+000  0.000000000000E+000  0.000000000000E+000
   1.327500000000E+002  5.886664632878E-001  0.000000000000E+000  0.000000000000E+000  0.000000000000E+000  0.000000000000E+000  0.000000000000E+000  0.000000000000E+000  0.000000000000E+000  0.000000000000E+000  0.000000000000E+000  0.000000000000E+000  0.000000000000E+000  0.000000000000E+000
   1.330000000000E+002  4.540425951563E-001  0.000000000000E+000  0.000000000000E+000  0.000000000000E+000  0.000000000000E+000  0.000000000000E+000  0.000000000000E+000  0.000000000000E+000  0.000000000000E+000  0.000000000000E+000  0.000000000000E+000  0.000000000000E+000  0.000000000000E+000
   1.332500000000E+002  1.682770570291E-001  0.000000000000E+000  0.000000000000E+000  2.352555920678E-015  2.352555920678E-015  7.741707990129E-014  7.741707990129E-014  7.904766485389E-014  7.904766485389E-014  7.904766485389E-014  7.904766485389E-014  9.471684694626E-014  9.471684694626E-014
   1.335000000000E+002  9.844625478980E-002  0.000000000000E+000  0.000000000000E+000  2.602710615622E-015  2.602710615622E-015  9.566596713310E-014  9.566596713310E-014  9.704014817086E-014  9.704014817086E-014  9.704014817086E-014  9.704014817086E-014  1.039099667637E-013  1.039099667637E-013
   1.337500000000E+002  3.779043942326E-001  0.000000000000E+000  0.000000000000E+000  0.000000000000E+000  0.000000000000E+000  0.000000000000E+000  0.000000000000E+000  0.000000000000E+000  0.000000000000E+000  0.000000000000E+000  0.000000000000E+000  0.000000000000E+000  0.000000000000E+000
   1.340000000000E+002  6.907163447285E-001  0.000000000000E+000  0.000000000000E+000  0.000000000000E+000  0.000000000000E+000  1.319770167906E-014  1.319770167906E-014  1.328364869354E-014  1.328364869354E-014  1.328364869354E-014  1.328364869354E-014  2.448003782281E-014  2.448003782281E-014
   1.342500000000E+002  7.167173861158E-001  0.000000000000E+000  0.000000000000E+000  0.000000000000E+000  0.000000000000E+000  0.000000000000E+000  0.000000000000E+000  0.000000000000E+000  0.000000000000E+000  0.000000000000E+000  0.000000000000E+000  0.000000000000E+000  0.000000000000E+000
   1.345000000000E+002  2.473264224933E-001  0.000000000000E+000  0.000000000000E+000  0.000000000000E+000  0.000000000000E+000  0.000000000000E+000  0.000000000000E+000  0.000000000000E+000  0.000000000000E+000  0.000000000000E+000  0.000000000000E+000  0.000000000000E+000  0.000000000000E+000
   1.347500000000E+002  9.499314752147E-001  0.000000000000E+000  0.000000000000E+000  0.000000000000E+000  0.000000000000E+000  0.000000000000E+000  0.000000000000E+000  0.000000000000E+000  0.000000000000E+000  0.000000000000E+000  0.000000000000E+000  0.000000000000E+000  0.000000000000E+000
   1.350000000000E+002  5.830341696543E-001  0.000000000000E+000  0.000000000000E+000  0.000000000000E+000  0.000000000000E+000  0.000000000000E+000  0.000000000000E+000  0.000000000000E+000  0.000000000000E+000  0.000000000000E+000  0.000000000000E+000  0.000000000000E+000  0.000000000000E+000
   1.352500000000E+002  1.571051605763E-001  5.305258238069E-014  5.305258238069E-014  5.434642935472E-014  5.434642935472E-014  2.608761630368E-013  2.608761630368E-013  2.757688759330E-013  2.757688759330E-013  2.757688759330E-013  2.757688759330E-013  2.933233928043E-013  2.933233928043E-013
   1.355000000000E+002  5.857700355307E-001  0.000000000000E+000  0.000000000000E+000  0.000000000000E+000  0.000000000000E+000  0.000000000000E+000  0.000000000000E+000  0.000000000000E+000  0.000000000000E+000  0.000000000000E+000  0.000000000000E+000  0.000000000000E+000  0.000000000000E+000
   1.357500000000E+002  3.094266393693E-001  1.511094050719E-013  1.511094050719E-013  1.543188491680E-013  1.543188491680E-013  1.090841237339E-012  1.090841237339E-012  1.139152448867E-012  1.139152448867E-012  1.139152448867E-012  1.139152448867E-012  1.153058267556E-012  1.153058267556E-012
   1.360000000000E+002  7.053203959727E-001  4.664484469373E-013  4.664484469373E-013  4.664484469373E-013  4.664484469373E-013  2.184951740414E-012  2.184951740414E-012  2.184951740414E-012  2.184951740414E-012  2.184951740414E-012  2.184951740414E-012  2.199225283613E-012  2.199225283613E-012
   1.362500000000E+002  3.470733945729E-002  0.000000000000E+000  0.000000000000E+000  4.317051997547E-016  4.317051997547E-016  1.454030313583E-013  1.454030313583E-013  1.461482863270E-013  1.461482863270E-013  1.461482863270E-013  1.461482863270E-013  1.514487674228E-013  1.514487674228E-013
   1.365000000000E+002  9.179001464609E-001  0.000000000000E+000  0.000000000000E+000  9.082640138958E-015  9.082640138958E-015  2.725755992499E-012  2.725755992499E-012  2.726591230226E-012  2.726591230226E-012  2.726591230226E-012  2.726591230226E-012  2.753825279029E-012  2.753825279029E-012
   1.367500000000E+002  8.195925190418E-001  0.000000000000E+000  0.000000000000E+000  0.000000000000E+000  0.000000000000E+000  0.000000000000E+000  0.000000000000E+000  0.000000000000E+000  0.000000000000E+000  0.000000000000E+000  0.000000000000E+000  0.000000000000E+000  0.000000000000E+000
   1.370000000000E+002  5.299012917288E-001  0.000000000000E+000  0.000000000000E+000  0.000000000000E+000  0.000000000000E+000  0.000000000000E+000  0.000000000000E+000  0.000000000000E+000  0.000000000000E+000  0.000000000000E+000  0.000000000000E+000  0.000000000000E+000  0.000000000000E+000
   1.372500000000E+002  5.809256184747E-001  0.000000000000E+000  0.000000000000E+000  0.000000000000E+000  0.000000000000E+000  0.000000000000E+000  0.000000000000E+000  0.000000000000E+000  0.000000000000E+000  0.000000000000E+000  0.000000000000E+000  0.000000000000E+000  0.000000000000E+000
   1.375000000000E+002  6.430971690748E-001  0.000000000000E+000  0.000000000000E+000  0.000000000000E+000  0.000000000000E+000  2.373688678105E-013  2.373688678105E-013  2.382091130452E-013  2.382091130452E-013  2.382091130452E-013  2.382091130452E-013  2.583848301817E-013  2.583848301817E-013
   1.377500000000E+002  5.414637220206E-001  0.000000000000E+000  0.000000000000E+000  0.000000000000E+000  0.000000000000E+000  0.000000000000E+000  0.000000000000E+000  0.000000000000E+000  0.000000000000E+000  0.000000000000E+000  0.000000000000E+000  0.000000000000E+000  0.000000000000E+000
   1.380000000000E+002  6.982296795349E-002  0.000000000000E+000  0.000000000000E+000  1.412104717878E-016  1.412104717878E-016  2.810378902035E-012  2.810378902035E-012  2.853933503779E-012  2.853933503779E-012  2.853933503779E-012  2.853933503779E-012  2.868678758816E-012  2.868678758816E-012
   1.382500000000E+002  9.116194115428E-001  0.000000000000E+000  0.000000000000E+000  3.662640934215E-016  3.662640934215E-016  3.517469066256E-013  3.517469066256E-013  3.526119449251E-013  3.526119449251E-013  3.526119449251E-013  3.526119449251E-013  3.656082823329E-013  3.656082823329E-013
   1.385000000000E+002  6.885380104770E-001  0.000000000000E+000  0.000000000000E+000  3.134426949403E-014  3.134426949403E-014  4.159918852589E-012  4.159918852589E-012  4.160796142572E-012  4.160796142572E-012  4.160796142572E-012  4.160796142572E-012  4.174893848298E-012  4.174893848298E-012
   1.387500000000E+002  1.221759465453E-001  9.382559167812E-013  9.382559167812E-013  9.404804752949E-013  9.404804752949E-013  2.275802699423E-012  2.275802699423E-012  2.275802699423E-012  2.275802699423E-012  2.275802699423E-012  2.275802699423E-012  2.287191188888E-012  2.287191188888E-012
   1.390000000000E+002  4.135877197399E-001  0.000000000000E+000  0.000000000000E+000  5.993681542667E-014  5.993681542667E-014  3.851592628936E-012  3.851592628936E-012  3.851942996092E-012  3.851942996092E-012  3.851942996092E-012  3.851942996092E-012  3.868993585393E-012  3.868993585393E-012
   1.392500000000E+002  6.260069204544E-001  0.000000000000E+000  0.000000000000E+000  5.849181577474E-015  5.849181577474E-015  3.745629032295E-012  3.745629032295E-012  3.771985130784E-012  3.771985130784E-012  3.771985130784E-012  3.771985130784E-012  3.790013999668E-012  3.790013999668E-012
   1.395000000000E+002  8.311364579231E-001  0.000000000000E+000  0.000000000000E+000  0.000000000000E+000  0.000000000000E+000  0.000000000000E+000  0.000000000000E+000  0.000000000000E+000  0.000000000000E+000  0.000000000000E+000  0.000000000000E+000  0.000000000000E+000  0.000000000000E+000
   1.397500000000E+002  6.427032536034E-001  0.000000000000E+000  0.000000000000E+000  0.000000000000E+000  0.000000000000E+000  0.000000000000E+000  0.000000000000E+000  0.000000000000E+000  0.000000000000E+000  0.000000000000E+000  0.000000000000E+000  0.000000000000E+000  0.000000000000E+000
   1.400000000000E+002  2.810654905115E-001  1.404741369322E-013  1.404741369322E-013  1.451427085552E-013  1.451427085552E-013  9.630435016686E-012  9.630435016686E-012  9.738525461131E-012  9.738525461131E-012  9.738525461131E-012  9.738525461131E-012  9.757036620393E-012  9.757036620393E-012
   1.402500000000E+002  4.676497451729E-001  0.000000000000E+000  0.000000000000E+000  4.486406132695E-015  4.486406132695E-015  4.122575512733E-013  4.122575512733E-013  4.122575512733E-013  4.122575512733E-013  4.122575512733E-013  4.122575512733E-013  4.444007562244E-013  4.444007562244E-013
   1.405000000000E+002  3.291384735968E-001  0.000000000000E+000  0.000000000000E+000  3.971643711978E-015  3.971643711978E-015  4.138157393986E-013  4.138157393986E-013  4.138157393986E-013  4.138157393986E-013  4.138157393986E-013  4.138157393986E-013  4.473009019811E-013  4.473009019811E-013
   1.407500000000E+002  5.610997354116E-001  0.000000000000E+000  0.000000000000E+000  1.268149394939E-014  1.268149394939E-014  1.094804253403E-011  1.094804253403E-011  1.094804253403E-011  1.094804253403E-011  1.094804253403E-011  1.094804253403E-011  1.096222505972E-011  1.096222505972E-011
   1.410000000000E+002  2.317664966454E-001  0.000000000000E+000  0.000000000000E+000  0.000000000000E+000  0.000000000000E+000  0.000000000000E+000  0.000000000000E+000  0.000000000000E+000  0.000000000000E+000  0.000000000000E+000  0.000000000000E+000  0.000000000000E+000  0.000000000000E+000
   1.412500000000E+002  3.240404597220E-001  0.000000000000E+000  0.000000000000E+000  0.000000000000E+000  0.000000000000E+000  0.000000000000E+000  0.000000000000E+000  0.000000000000E+000  0.000000000000E+000  0.000000000000E+000  0.000000000000E+000  0.000000000000E+000  0.000000000000E+000
   1.415000000000E+002  3.091110825885E-001  0.000000000000E+000  0.000000000000E+000  0.000000000000E+000  0.000000000000E+000  0.000000000000E+000  0.000000000000E+000  0.000000000000E+000  0.000000000000E+000  0.000000000000E+000  0.000000000000E+000  0.000000000000E+000  0.000000000000E+000
   1.417500000000E+002  4.459207918976E-001  0.000000000000E+000  0.000000000000E+000  0.000000000000E+000  0.000000000000E+000  0.000000000000E+000  0.000000000000E+000  0.000000000000E+000  0.000000000000E+000  0.000000000000E+000  0.000000000000E+000  0.000000000000E+000  0.000000000000E+000
   1.420000000000E+002  2.806213888586E-001  0.000000000000E+000  0.000000000000E+000  0.000000000000E+000  0.000000000000E+000  0.000000000000E+000  0.000000000000E+000  0.000000000000E+000  0.000000000000E+000  0.000000000000E+000  0.000000000000E+000  0.000000000000E+000  0.000000000000E+000
   1.422500000000E+002  7.499092611215E-001  7.210255762694E-015  7.210255762694E-015  8.113998098085E-015  8.113998098085E-015  3.059755243543E-013  3.059755243543E-013  3.108803199426E-013  3.108803199426E-013  3.108803199426E-013  3.108803199426E-013  3.146434070795E-013  3.146434070795E-013
   1.425000000000E+002  1.684759162927E-001  0.000000000000E+000  0.000000000000E+000  0.000000000000E+000  0.000000000000E+000  0.000000000000E+000  0.000000000000E+000  0.000000000000E+000  0.000000000000E+000  0.000000000000E+000  0.000000000000E+000  0.000000000000E+000  0.000000000000E+000
   1.427500000000E+002  9.896067600309E-001  9.441350518256E-015  9.441350518256E-015  1.124689265568E-014  1.124689265568E-014  7.197217484717E-013  7.197217484717E-013  7.263288687848E-013  7.263288687848E-013  7.263288687848E-013  7.263288687848E-013  7.483459582723E-013  7.483459582723E-013
   1.430000000000E+002  8.225714666390E-001  8.629695573304E-015  8.629695573304E-015  1.040369785246E-014  1.040369785246E-014  1.727434522784E-013  1.727434522784E-013  1.790712928502E-013  1.790712928502E-013  1.790712928502E-013  1.790712928502E-013  1.834971638192E-013  1.834971638192E-013
   1.432500000000E+002  2.877759316289E-001  8.793840388864E-015  8.793840388864E-015  8.793840388864E-015  8.793840388864E-015  3.653154882020E-012  3.653154882020E-012  3.659923372330E-012  3.659923372330E-012  3.659923372330E-012  3.659923372330E-012  3.674516026005E-012  3.674516026005E-012
   1.435000000000E+002  1.640027458501E-001  0.000000000000E+000  0.000000000000E+000  0.000000000000E+000  0.000000000000E+000  0.000000000000E+000  0.000000000000E+000  0.000000000000E+000  0.000000000000E+000  0.000000000000E+000  0.000000000000E+000  0.000000000000E+000  0.000000000000E+000
   1.437500000000E+002  4.692862983278E-001  0.000000000000E+000  0.000000000000E+000  0.000000000000E+000  0.000000000000E+000  0.000000000000E+000  0.000000000000E+000  0.000000000000E+000  0.000000000000E+000  0.000000000000E+000  0.000000000000E+000  0.000000000000E+000  0.000000000000E+000
   1.440000000000E+002  8.291982647413E-001  0.000000000000E+000  0.000000000000E+000  0.000000000000E+000  0.000000000000E+000  0.000000000000E+000  0.000000000000E+000  0.000000000000E+000  0.000000000000E+000  0.000000000000E+000  0.000000000000E+000  0.000000000000E+000  0.000000000000E+000
   1.442500000000E+002  3.920774046921E-001  1.162513962965E-013  1.162513962965E-013  1.165975497742E-013  1.165975497742E-013  3.263787948101E-012  3.263787948101E-012  3.328937811775E-012  3.328937811775E-012  3.328937811775E-012  3.328937811775E-012  3.348500998970E-012  3.348500998970E-012
   1.445000000000E+002  1.827330503298E-001  1.599790347933E-013  1.599790347933E-013  1.602779456873E-013  1.602779456873E-013  3.688101348632E-012  3.688101348632E-012  3.757628265081E-012  3.757628265081E-012  3.757628265081E-012  3.757628265081E-012  3.775547446468E-012  3.775547446468E-012
   1.447500000000E+002  2.872120749266E-002  2.605537411715E-013  2.605537411715E-013  2.608800906174E-013  2.608800906174E-013  3.868368726391E-012  3.868368726391E-012  3.961903100371E-012  3.961903100371E-012  3.961903100371E-012  3.961903100371E-012  3.969566437142E-012  3.969566437142E-012
   1.450000000000E+002  9.825090032598E-001  1.778574708721E-014  1.778574708721E-014  1.778574708721E-014  1.778574708721E-014  8.155100421805E-012  8.155100421805E-012  8.162234306522E-012  8.162234306522E-012  8.162234306522E-012  8.162234306522E-012  8.191600989371E-012  8.191600989371E-012
   1.452500000000E+002  8.112565870196E-001  0.000000000000E+000  0.000000000000E+000  0.000000000000E+000  0.000000000000E+000  0.000000000000E+000  0.000000000000E+000  0.000000000000E+000  0.000000000000E+000  0.000000000000E+000  0.000000000000E+000  0.000000000000E+000  0.000000000000E+000
   1.455000000000E+002  9.918988050480E-001  0.000000000000E+000  0.000000000000E+000  0.000000000000E+000  0.000000000000E+000  1.968175952309E-013  1.968175952309E-013  1.968175952309E-013  1.968175952309E-013  1.968175952309E-013  1.968175952309E-013  2.102134476312E-013  2.102134476312E-013
   1.457500000000E+002  7.853053080621E-001  1.965772465536E-013  1.965772465536E-013  1.966618924756E-013  1.966618924756E-013  4.167631619180E-012  4.167631619180E-012  4.257907922148E-012  4.257907922148E-012  4.257907922148E-012  4.257907922148E-012  4.263138783300E-012  4.263138783300E-012
   1.460000000000E+002  3.013062102771E-001  3.879456261622E-013  3.879456261622E-013  3.880573085019E-013  3.880573085019E-013  1.373993165562E-012  1.373993165562E-012  1.373993165562E-012  1.373993165562E-012  1.373993165562E-012  1.373993165562E-012  1.380127119281E-012  1.380127119281E-012
   1.462500000000E+002  6.914955013325E-001  3.411535861331E-015  3.411535861331E-015  1.492754556748E-014  1.492754556748E-014  3.744646706268E-012  3.744646706268E-012  3.744646706268E-012  3.744646706268E-012  3.744646706268E-012  3.744646706268E-012  3.757218270156E-012  3.757218270156E-012
   1.465000000000E+002  7.970822824873E-002  0.000000000000E+000  0.000000000000E+000  0.000000000000E+000  0.000000000000E+000  0.000000000000E+000  0.000000000000E+000  0.000000000000E+000  0.000000000000E+000  0.000000000000E+000  0.000000000000E+000  0.000000000000E+000  0.000000000000E+000
   1.467500000000E+002  3.425481929987E-001  4.478933086449E-015  4.478933086449E-015  4.478933086449E-015  4.478933086449E-015  2.708314520180E-013  2.708314520180E-013  2.708314520180E-013  2.708314520180E-013  2.708314520180E-013  2.708314520180E-013  2.828887021025E-013  2.828887021025E-013
   1.470000000000E+002  7.878050836564E-001  4.937307441537E-015  4.937307441537E-015  1.594480331114E-014  1.594480331114E-014  1.814408909039E-012  1.814408909039E-012  1.814408909039E-012  1.814408909039E-012  1.814408909039E-012  1.814408909039E-012  1.828437082658E-012  1.828437082658E-012
   1.472500000000E+002  6.932524111711E-001  0.000000000000E+000  0.000000000000E+000  0.000000000000E+000  0.000000000000E+000  0.000000000000E+000  0.000000000000E+000  0.000000000000E+000  0.000000000000E+000  0.000000000000E+000  0.000000000000E+000  0.000000000000E+000  0.000000000000E+000
   1.475000000000E+002  2.964247391541E-001  6.153172828972E-015  6.153172828972E-015  6.153172828972E-015  6.153172828972E-015  2.192145475048E-012  2.192145475048E-012  2.192145475048E-012  2.192145475048E-012  2.192145475048E-012  2.192145475048E-012  2.211440535701E-012  2.211440535701E-012
   1.477500000000E+002  5.507961440914E-001  0.000000000000E+000  0.000000000000E+000  8.944304600171E-016  8.944304600171E-016  1.705256392109E-012  1.705256392109E-012  1.734264821400E-012  1.734264821400E-012  1.734264821400E-012  1.734264821400E-012  1.751839539942E-012  1.751839539942E-012
   1.480000000000E+002  9.826960566124E-001  0.000000000000E+000  0.000000000000E+000  0.000000000000E+000  0.000000000000E+000  0.000000000000E+000  0.000000000000E+000  0.000000000000E+000  0.000000000000E+000  0.000000000000E+000  0.000000000000E+000  0.000000000000E+000  0.000000000000E+000
   1.482500000000E+002  6.941968756759E-002  0.000000000000E+000  0.000000000000E+000  0.000000000000E+000  0.000000000000E+000  0.000000000000E+000  0.000000000000E+000  0.000000000000E+000  0.000000000000E+000  0.000000000000E+000  0.000000000000E+000  0.000000000000E+000  0.000000000000E+000
   1.485000000000E+002  2.673694727600E-001  2.945609733443E-015  2.945609733443E-015  5.616926395433E-015  5.616926395433E-015  1.396968121273E-013  1.396968121273E-013  1.396968121273E-013  1.396968121273E-013  1.396968121273E-013  1.396968121273E-013  1.424846216596E-013  1.424846216596E-013
   1.487500000000E+002  7.725557594873E-001  1.752843687180E-015  1.752843687180E-015  4.458831981931E-014  4.458831981931E-014  2.044008293500E-012  2.044008293500E-012  2.044008293500E-012  2.044008293500E-012  2.044008293500E-012  2.044008293500E-012  2.050462672561E-012  2.050462672561E-012
   1.490000000000E+002  4.760522574486E-001  5.176466265502E-013  5.176466265502E-013  5.204837881717E-013  5.204837881717E-013  1.096505345444E-012  1.096505345444E-012  1.096505345444E-012  1.096505345444E-012  1.096505345444E-012  1.096505345444E-012  1.102277286230E-012  1.102277286230E-012
   1.492500000000E+002  9.624642910480E-001  0.000000000000E+000  0.000000000000E+000  0.000000000000E+000  0.000000000000E+000  0.000000000000E+000  0.000000000000E+000  0.000000000000E+000  0.000000000000E+000  0.000000000000E+000  0.000000000000E+000  0.000000000000E+000  0.000000000000E+000
   1.495000000000E+002  1.791599999315E-001  0.000000000000E+000  0.000000000000E+000  0.000000000000E+000  0.000000000000E+000  0.000000000000E+000  0.000000000000E+000  0.000000000000E+000  0.000000000000E+000  0.000000000000E+000  0.000000000000E+000  0.000000000000E+000  0.000000000000E+000
   1.497500000000E+002  5.605934526075E-001  0.000000000000E+000  0.000000000000E+000  1.495701589127E-015  1.495701589127E-015  1.404691281597E-012  1.404691281597E-012  1.417794655094E-012  1.417794655094E-012  1.417794655094E-012  1.417794655094E-012  1.430517921017E-012  1.430517921017E-012
   1.500000000000E+002  8.769707007066E-001  3.181292945679E-016  3.181292945679E-016  3.181292945679E-016  3.181292945679E-016  1.597379134808E-012  1.597379134808E-012  1.597379134808E-012  1.597379134808E-012  1.597379134808E-012  1.597379134808E-012  1.612893051214E-012  1.612893051214E-012
   1.502500000000E+002  7.531832801274E-001  2.472587892475E-014  2.472587892475E-014  2.497962014219E-014  2.497962014219E-014  1.491818067869E-012  1.491818067869E-012  1.506678938117E-012  1.506678938117E-012  1.506678938117E-012  1.506678938117E-012  1.535192726685E-012  1.535192726685E-012
   1.505000000000E+002  7.256307949678E-001  0.000000000000E+000  0.000000000000E+000  0.000000000000E+000  0.000000000000E+000  0.000000000000E+000  0.000000000000E+000  0.000000000000E+000  0.000000000000E+000  0.000000000000E+000  0.000000000000E+000  0.000000000000E+000  0.000000000000E+000
   1.507500000000E+002  8.076278039479E-001  0.000000000000E+000  0.000000000000E+000  0.000000000000E+000  0.000000000000E+000  0.000000000000E+000  0.000000000000E+000  0.000000000000E+000  0.000000000000E+000  0.000000000000E+000  0.000000000000E+000  0.000000000000E+000  0.000000000000E+000
   1.510000000000E+002  7.244993679144E-001  1.103191211421E-013  1.103191211421E-013  1.103191211421E-013  1.103191211421E-013  1.073524063920E-012  1.073524063920E-012  1.091365916938E-012  1.091365916938E-012  1.091365916938E-012  1.091365916938E-012  1.102620909258E-012  1.102620909258E-012
   1.512500000000E+002  1.511399544994E-001  0.000000000000E+000  0.000000000000E+000  0.000000000000E+000  0.000000000000E+000  0.000000000000E+000  0.000000000000E+000  0.000000000000E+000  0.000000000000E+000  0.000000000000E+000  0.000000000000E+000  0.000000000000E+000  0.000000000000E+000
   1.515000000000E+002  9.423134117837E-001  3.026662116698E-013  3.026662116698E-013  3.027147385987E-013  3.027147385987E-013  4.913803801602E-013  4.913803801602E-013  5.221919289081E-013  5.221919289081E-013  5.221919289081E-013  5.221919289081E-013  5.267916169258E-013  5.267916169258E-013
   1.517500000000E+002  8.345788023151E-001  0.000000000000E+000  0.000000000000E+000  1.382838217520E-014  1.382838217520E-014  1.917935707800E-012  1.917935707800E-012  1.917935707800E-012  1.917935707800E-012  1.917935707800E-012  1.917935707800E-012  1.931584059819E-012  1.931584059819E-012
   1.520000000000E+002  2.392801318033E-002  7.696936342227E-016  7.696936342227E-016  5.520960089221E-015  5.520960089221E-015  1.244241587496E-012  1.244241587496E-012  1.244370912718E-012  1.244370912718E-012  1.244370912718E-012  1.244370912718E-012  1.259059702036E-012  1.259059702036E-012
   1.522500000000E+002  3.670739481232E-002  0.000000000000E+000  0.000000000000E+000  0.000000000000E+000  0.000000000000E+000  0.000000000000E+000  0.000000000000E+000  0.000000000000E+000  0.000000000000E+000  0.000000000000E+000  0.000000000000E+000  0.000000000000E+000  0.000000000000E+000
   1.525000000000E+002  9.812602090682E-002  0.000000000000E+000  0.000000000000E+000  0.000000000000E+000  0.000000000000E+000  0.000000000000E+000  0.000000000000E+000  0.000000000000E+000  0.000000000000E+000  0.000000000000E+000  0.000000000000E+000  0.000000000000E+000  0.000000000000E+000
   1.527500000000E+002  2.045293410239E-001  0.000000000000E+000  0.000000000000E+000  2.049221749476E-017  2.049221749476E-017  2.049221749476E-017  2.049221749476E-017  2.049221749476E-017  2.049221749476E-017  2.049221749476E-017  2.049221749476E-017  3.152895983175E-015  3.152895983175E-015
   1.530000000000E+002  2.745960430897E-001  7.749368949074E-018  7.749368949074E-018  2.020753355825E-017  2.020753355825E-017  2.020753355825E-017  2.020753355825E-017  2.020753355825E-017  2.020753355825E-017  2.020753355825E-017  2.020753355825E-017  1.652323636088E-015  1.652323636088E-015
   1.532500000000E+002  5.042855445595E-001  7.248057405550E-016  7.248057405550E-016  7.983563965049E-016  7.983563965049E-016  2.951406034361E-014  2.951406034361E-014  2.951406034361E-014  2.951406034361E-014  2.951406034361E-014  2.951406034361E-014  4.726635578738E-014  4.726635578738E-014
   1.535000000000E+002  9.951166354981E-001  3.771856736381E-016  3.771856736381E-016  3.843954493189E-016  3.843954493189E-016  3.843954493189E-016  3.843954493189E-016  3.843954493189E-016  3.843954493189E-016  3.843954493189E-016  3.843954493189E-016  3.639768406169E-015  3.639768406169E-015
   1.537500000000E+002  7.844759205731E-001  8.006652189073E-016  8.006652189073E-016  8.006652189073E-016  8.006652189073E-016  8.006652189073E-016  8.006652189073E-016  8.006652189073E-016  8.006652189073E-016  8.006652189073E-016  8.006652189073E-016  2.364619379224E-015  2.364619379224E-015
   1.540000000000E+002  3.840917049198E-001  1.120141720490E-015  1.120141720490E-015  1.120141720490E-015  1.120141720490E-015  2.662527053269E-015  2.662527053269E-015  2.662527053269E-015  2.662527053269E-015  2.662527053269E-015  2.662527053269E-015  6.406584659959E-015  6.406584659959E-015
   1.542500000000E+002  8.963593911336E-001  1.548631867738E-015  1.548631867738E-015  1.548631867738E-015  1.548631867738E-015  7.884323475092E-015  7.884323475092E-015  7.884323475092E-015  7.884323475092E-015  7.884323475092E-015  7.884323475092E-015  1.270961824788E-014  1.270961824788E-014
   1.545000000000E+002  7.343819837191E-001  0.000000000000E+000  0.000000000000E+000  0.000000000000E+000  0.000000000000E+000  0.000000000000E+000  0.000000000000E+000  0.000000000000E+000  0.000000000000E+000  0.000000000000E+000  0.000000000000E+000  0.000000000000E+000  0.000000000000E+000
   1.547500000000E+002  4.534349849177E-001  0.000000000000E+000  0.000000000000E+000  0.000000000000E+000  0.000000000000E+000  0.000000000000E+000  0.000000000000E+000  0.000000000000E+000  0.000000000000E+000  0.000000000000E+000  0.000000000000E+000  0.000000000000E+000  0.000000000000E+000
   1.550000000000E+002  1.660328019004E-001  0.000000000000E+000  0.000000000000E+000  0.000000000000E+000  0.000000000000E+000  0.000000000000E+000  0.000000000000E+000  0.000000000000E+000  0.000000000000E+000  0.000000000000E+000  0.000000000000E+000  0.000000000000E+000  0.000000000000E+000
   1.552500000000E+002  7.685780410325E-001  0.000000000000E+000  0.000000000000E+000  0.000000000000E+000  0.000000000000E+000  0.000000000000E+000  0.000000000000E+000  0.000000000000E+000  0.000000000000E+000  0.000000000000E+000  0.000000000000E+000  0.000000000000E+000  0.000000000000E+000
   1.555000000000E+002  6.245884406800E-001  6.995484217379E-015  6.995484217379E-015  6.995484217379E-015  6.995484217379E-015  7.485248682096E-015  7.485248682096E-015  7.485248682096E-015  7.485248682096E-015  7.485248682096E-015  7.485248682096E-015  2.021557162868E-014  2.021557162868E-014
   1.557500000000E+002  8.416002660692E-001  1.243809997540E-015  1.243809997540E-015  1.243809997540E-015  1.243809997540E-015  1.243809997540E-015  1.243809997540E-015  1.243809997540E-015  1.243809997540E-015  1.243809997540E-015  1.243809997540E-015  3.704073030609E-015  3.704073030609E-015
   1.560000000000E+002  4.264298171022E-001  6.301342608784E-015  6.301342608784E-015  3.697359758820E-014  3.697359758820E-014  3.839349440113E-014  3.839349440113E-014  3.839349440113E-014  3.839349440113E-014  3.839349440113E-014  3.839349440113E-014  5.479371407912E-014  5.479371407912E-014
   1.562500000000E+002  3.432557797882E-001  0.000000000000E+000  0.000000000000E+000  0.000000000000E+000  0.000000000000E+000  0.000000000000E+000  0.000000000000E+000  0.000000000000E+000  0.000000000000E+000  0.000000000000E+000  0.000000000000E+000  0.000000000000E+000  0.000000000000E+000
   1.565000000000E+002  4.729913972338E-001  0.000000000000E+000  0.000000000000E+000  0.000000000000E+000  0.000000000000E+000  0.000000000000E+000  0.000000000000E+000  0.000000000000E+000  0.000000000000E+000  0.000000000000E+000  0.000000000000E+000  0.000000000000E+000  0.000000000000E+000
   1.567500000000E+002  9.596739660819E-001  3.025223161824E-013  3.025223161824E-013  3.359121677731E-013  3.359121677731E-013  2.003902196216E-012  2.003902196216E-012  2.011829551756E-012  2.011829551756E-012  2.011829551756E-012  2.011829551756E-012  2.826114552721E-012  2.826114552721E-012
   1.570000000000E+002  3.599905127656E-001  3.232714933124E-015  3.232714933124E-015  3.611826307234E-015  3.611826307234E-015  2.436477222526E-014  2.436477222526E-014  2.445168227038E-014  2.445168227038E-014  2.445168227038E-014  2.445168227038E-014  3.211350640294E-014  3.211350640294E-014
   1.572500000000E+002  3.281503072441E-001  0.000000000000E+000  0.000000000000E+000  0.000000000000E+000  0.000000000000E+000  0.000000000000E+000  0.000000000000E+000  0.000000000000E+000  0.000000000000E+000  0.000000000000E+000  0.000000000000E+000  0.000000000000E+000  0.000000000000E+000
   1.575000000000E+002  4.239424984134E-001  4.038584920892E-015  4.038584920892E-015  5.731824400628E-015  5.731824400628E-015  3.235289514953E-014  3.235289514953E-014  3.250153171024E-014  3.250153171024E-014  3.250153171024E-014  3.250153171024E-014  3.541942841632E-014  3.541942841632E-014
   1.577500000000E+002  3.082349915989E-001  2.896510165786E-015  2.896510165786E-015  4.361173360903E-015  4.361173360903E-015  3.615941663450E-014  3.615941663450E-014  3.629517596773E-014  3.629517596773E-014  3.629517596773E-014  3.629517596773E-014  4.003519918142E-014  4.003519918142E-014
   1.580000000000E+002  7.434753953458E-001  1.844784858272E-013  1.844784858272E-013  1.847919298309E-013  1.847919298309E-013  1.847919298309E-013  1.847919298309E-013  2.082875884083E-013  2.082875884083E-013  2.082875884083E-013  2.082875884083E-013  2.096739633732E-013  2.096739633732E-013
   1.582500000000E+002  2.949773581107E-001  0.000000000000E+000  0.000000000000E+000  0.000000000000E+000  0.000000000000E+000  0.000000000000E+000  0.000000000000E+000  0.000000000000E+000  0.000000000000E+000  0.000000000000E+000  0.000000000000E+000  0.000000000000E+000  0.000000000000E+000
   1.585000000000E+002  8.255903796177E-001  0.000000000000E+000  0.000000000000E+000  0.000000000000E+000  0.000000000000E+000  0.000000000000E+000  0.000000000000E+000  0.000000000000E+000  0.000000000000E+000  0.000000000000E+000  0.000000000000E+000  0.000000000000E+000  0.000000000000E+000
   1.587500000000E+002  6.932485517702E-001  0.000000000000E+000  0.000000000000E+000  0.000000000000E+000  0.000000000000E+000  0.000000000000E+000  0.000000000000E+000  0.000000000000E+000  0.000000000000E+000  0.000000000000E+000  0.000000000000E+000  0.000000000000E+000  0.000000000000E+000
   1.590000000000E+002  6.914509147281E-001  0.000000000000E+000  0.000000000000E+000  2.418169624611E-015  2.418169624611E-015  2.513668536946E-014  2.513668536946E-014  2.513668536946E-014  2.513668536946E-014  2.513668536946E-014  2.513668536946E-014  3.479106586386E-014  3.479106586386E-014
   1.592500000000E+002  8.969402817264E-001  0.000000000000E+000  0.000000000000E+000  0.000000000000E+000  0.000000000000E+000  0.000000000000E+000  0.000000000000E+000  0.000000000000E+000  0.000000000000E+000  0.000000000000E+000  0.000000000000E+000  0.000000000000E+000  0.000000000000E+000
   1.595000000000E+002  6.735588797613E-001  0.000000000000E+000  0.000000000000E+000  0.000000000000E+000  0.000000000000E+000  0.000000000000E+000  0.000000000000E+000  0.000000000000E+000  0.000000000000E+000  0.000000000000E+000  0.000000000000E+000  0.000000000000E+000  0.000000000000E+000
   1.597500000000E+002  2.974991860275E-001  0.000000000000E+000  0.000000000000E+000  0.000000000000E+000  0.000000000000E+000  0.000000000000E+000  0.000000000000E+000  0.000000000000E+000  0.000000000000E+000  0.000000000000E+000  0.000000000000E+000  0.000000000000E+000  0.000000000000E+000
   1.600000000000E+002  7.950582222920E-001  0.000000000000E+000  0.000000000000E+000  0.000000000000E+000  0.000000000000E+000  1.487756342294E-015  1.487756342294E-015  1.487756342294E-015  1.487756342294E-015  1.487756342294E-015  1.487756342294E-015  7.379057097614E-015  7.379057097614E-015
   1.602500000000E+002  3.703006834144E-001  0.000000000000E+000  0.000000000000E+000  0.000000000000E+000  0.000000000000E+000  0.000000000000E+000  0.000000000000E+000  0.000000000000E+000  0.000000000000E+000  0.000000000000E+000  0.000000000000E+000  1.677407402706E-015  1.677407402706E-015
   1.605000000000E+002  7.345894521289E-001  0.000000000000E+000  0.000000000000E+000  0.000000000000E+000  0.000000000000E+000  0.000000000000E+000  0.000000000000E+000  0.000000000000E+000  0.000000000000E+000  0.000000000000E+000  0.000000000000E+000  0.000000000000E+000  0.000000000000E+000
   1.607500000000E+002  5.149489938145E-001  0.000000000000E+000  0.000000000000E+000  0.000000000000E+000  0.000000000000E+000  0.000000000000E+000  0.000000000000E+000  0.000000000000E+000  0.000000000000E+000  0.000000000000E+000  0.000000000000E+000  0.000000000000E+000  0.000000000000E+000
   1.610000000000E+002  1.873118071451E-001  0.000000000000E+000  0.000000000000E+000  0.000000000000E+000  0.000000000000E+000  0.000000000000E+000  0.000000000000E+000  0.000000000000E+000  0.000000000000E+000  0.000000000000E+000  0.000000000000E+000  0.000000000000E+000  0.000000000000E+000
   1.612500000000E+002  2.584286052577E-001  0.000000000000E+000  0.000000000000E+000  0.000000000000E+000  0.000000000000E+000  0.000000000000E+000  0.000000000000E+000  0.000000000000E+000  0.000000000000E+000  0.000000000000E+000  0.000000000000E+000  0.000000000000E+000  0.000000000000E+000
   1.615000000000E+002  1.889118100784E-001  0.000000000000E+000  0.000000000000E+000  0.000000000000E+000  0.000000000000E+000  0.000000000000E+000  0.000000000000E+000  1.097631555558E-016  1.097631555558E-016  1.097631555558E-016  1.097631555558E-016  3.460439039439E-015  3.460439039439E-015
   1.617500000000E+002  4.382343544857E-001  0.000000000000E+000  0.000000000000E+000  0.000000000000E+000  0.000000000000E+000  0.000000000000E+000  0.000000000000E+000  0.000000000000E+000  0.000000000000E+000  0.000000000000E+000  0.000000000000E+000  0.000000000000E+000  0.000000000000E+000
   1.620000000000E+002  8.397337870567E-001  0.000000000000E+000  0.000000000000E+000  0.000000000000E+000  0.000000000000E+000  0.000000000000E+000  0.000000000000E+000  0.000000000000E+000  0.000000000000E+000  0.000000000000E+000  0.000000000000E+000  0.000000000000E+000  0.000000000000E+000
   1.622500000000E+002  6.822705822964E-001  0.000000000000E+000  0.000000000000E+000  0.000000000000E+000  0.000000000000E+000  0.000000000000E+000  0.000000000000E+000  0.000000000000E+000  0.000000000000E+000  0.000000000000E+000  0.000000000000E+000  0.000000000000E+000  0.000000000000E+000
   1.625000000000E+002  9.545353768093E-001  0.000000000000E+000  0.000000000000E+000  1.478382224666E-015  1.478382224666E-015  1.478382224666E-015  1.478382224666E-015  1.660457941658E-015  1.660457941658E-015  1.660457941658E-015  1.660457941658E-015  3.707029382701E-015  3.707029382701E-015
   1.627500000000E+002  7.653001146626E-001  0.000000000000E+000  0.000000000000E+000  1.048693638837E-015  1.048693638837E-015  1.048693638837E-015  1.048693638837E-015  1.343689313234E-015  1.343689313234E-015  1.343689313234E-015  1.343689313234E-015  3.104565113815E-015  3.104565113815E-015
   1.630000000000E+002  1.196807484016E-002  4.630616155366E-016  4.630616155366E-016  1.754091809214E-015  1.754091809214E-015  1.754091809214E-015  1.754091809214E-015  2.406838559422E-015  2.406838559422E-015  2.406838559422E-015  2.406838559422E-015  4.778202779244E-015  4.778202779244E-015
   1.632500000000E+002  4.609602080572E-002  0.000000000000E+000  0.000000000000E+000  0.000000000000E+000  0.000000000000E+000  0.000000000000E+000  0.000000000000E+000  0.000000000000E+000  0.000000000000E+000  0.000000000000E+000  0.000000000000E+000  0.000000000000E+000  0.000000000000E+000
   1.635000000000E+002  8.771875242521E-002  0.000000000000E+000  0.000000000000E+000  0.000000000000E+000  0.000000000000E+000  0.000000000000E+000  0.000000000000E+000  0.000000000000E+000  0.000000000000E+000  0.000000000000E+000  0.000000000000E+000  0.000000000000E+000  0.000000000000E+000
   1.637500000000E+002  5.876036211598E-001  0.000000000000E+000  0.000000000000E+000  0.000000000000E+000  0.000000000000E+000  0.000000000000E+000  0.000000000000E+000  0.000000000000E+000  0.000000000000E+000  0.000000000000E+000  0.000000000000E+000  0.000000000000E+000  0.000000000000E+000
   1.640000000000E+002  2.798456245972E-001  1.690182181559E-015  1.690182181559E-015  3.239992902986E-015  3.239992902986E-015  4.602527705195E-015  4.602527705195E-015  5.708245008632E-015  5.708245008632E-015  5.708245008632E-015  5.708245008632E-015  1.115237477143E-014  1.115237477143E-014
   1.642500000000E+002  6.581795937127E-001  0.000000000000E+000  0.000000000000E+000  0.000000000000E+000  0.000000000000E+000  0.000000000000E+000  0.000000000000E+000  0.000000000000E+000  0.000000000000E+000  0.000000000000E+000  0.000000000000E+000  0.000000000000E+000  0.000000000000E+000
   1.645000000000E+002  8.561391256618E-002  5.703079834256E-015  5.703079834256E-015  6.425376095083E-015  6.425376095083E-015  8.650052315103E-015  8.650052315103E-015  1.020353325591E-014  1.020353325591E-014  1.020353325591E-014  1.020353325591E-014  1.455300389554E-014  1.455300389554E-014
   1.647500000000E+002  6.239875038336E-001  7.358147259622E-015  7.358147259622E-015  7.981306865961E-015  7.981306865961E-015  9.928542892220E-015  9.928542892220E-015  1.168617259582E-014  1.168617259582E-014  1.168617259582E-014  1.168617259582E-014  1.583486532974E-014  1.583486532974E-014
   1.650000000000E+002  2.423200554201E-001  1.094004696452E-014  1.094004696452E-014  1.160528587472E-014  1.160528587472E-014  1.434607270497E-014  1.434607270497E-014  1.677790142590E-014  1.677790142590E-014  1.677790142590E-014  1.677790142590E-014  1.791012122027E-014  1.791012122027E-014
   1.652500000000E+002  5.358837752371E-001  9.065161111587E-015  9.065161111587E-015  9.577536724097E-015  9.577536724097E-015  1.020951711943E-014  1.020951711943E-014  1.220178161284E-014  1.220178161284E-014  1.220178161284E-014  1.220178161284E-014  1.542000220400E-014  1.542000220400E-014
   1.655000000000E+002  7.156387329238E-001  0.000000000000E+000  0.000000000000E+000  0.000000000000E+000  0.000000000000E+000  0.000000000000E+000  0.000000000000E+000  0.000000000000E+000  0.000000000000E+000  0.000000000000E+000  0.000000000000E+000  0.000000000000E+000  0.000000000000E+000
   1.657500000000E+002  4.698098278296E-001  0.000000000000E+000  0.000000000000E+000  0.000000000000E+000  0.000000000000E+000  0.000000000000E+000  0.000000000000E+000  0.000000000000E+000  0.000000000000E+000  0.000000000000E+000  0.000000000000E+000  0.000000000000E+000  0.000000000000E+000
   1.660000000000E+002  5.838841435640E-001  6.416715980035E-015  6.416715980035E-015  6.416715980035E-015  6.416715980035E-015  6.416715980035E-015  6.416715980035E-015  8.655475351629E-015  8.655475351629E-015  8.655475351629E-015  8.655475351629E-015  2.109491037954E-014  2.109491037954E-014
   1.662500000000E+002  9.719009546617E-001  5.377013760646E-015  5.377013760646E-015  5.377013760646E-015  5.377013760646E-015  2.547690654463E-014  2.547690654463E-014  2.547690654463E-014  2.547690654463E-014  2.547690654463E-014  2.547690654463E-014  2.600117017206E-014  2.600117017206E-014
   1.665000000000E+002  2.508507623907E-001  0.000000000000E+000  0.000000000000E+000  0.000000000000E+000  0.000000000000E+000  7.193292737886E-016  7.193292737886E-016  1.089965127548E-015  1.089965127548E-015  1.089965127548E-015  1.089965127548E-015  4.394361178739E-015  4.394361178739E-015
   1.667500000000E+002  2.803403981165E-001  0.000000000000E+000  0.000000000000E+000  0.000000000000E+000  0.000000000000E+000  4.462613952671E-016  4.462613952671E-016  7.806526550117E-016  7.806526550117E-016  7.806526550117E-016  7.806526550117E-016  3.920189892183E-015  3.920189892183E-015
   1.670000000000E+002  4.532292059271E-001  0.000000000000E+000  0.000000000000E+000  1.704545399868E-014  1.704545399868E-014  2.222176980453E-013  2.222176980453E-013  2.225468896689E-013  2.225468896689E-013  2.225468896689E-013  2.225468896689E-013  2.472234250162E-013  2.472234250162E-013
   1.672500000000E+002  4.707055101218E-001  0.000000000000E+000  0.000000000000E+000  1.887026830010E-015  1.887026830010E-015  3.815966813673E-015  3.815966813673E-015  4.186216211633E-015  4.186216211633E-015  4.186216211633E-015  4.186216211633E-015  1.578773331655E-014  1.578773331655E-014
   1.675000000000E+002  4.069863132172E-001  0.000000000000E+000  0.000000000000E+000  2.453192161779E-015  2.453192161779E-015  3.774186010557E-014  3.774186010557E-014  3.823974137061E-014  3.823974137061E-014  3.823974137061E-014  3.823974137061E-014  4.983245492971E-014  4.983245492971E-014
   1.677500000000E+002  1.399245513108E-001  2.162774280280E-013  2.162774280280E-013  2.162774280280E-013  2.162774280280E-013  1.951096819713E-012  1.951096819713E-012  1.988301434389E-012  1.988301434389E-012  1.988301434389E-012  1.988301434389E-012  2.000464194529E-012  2.000464194529E-012
   1.680000000000E+002  9.024826095956E-001  0.000000000000E+000  0.000000000000E+000  0.000000000000E+000  0.000000000000E+000  0.000000000000E+000  0.000000000000E+000  0.000000000000E+000  0.000000000000E+000  0.000000000000E+000  0.000000000000E+000  0.000000000000E+000  0.000000000000E+000
   1.682500000000E+002  4.718041290079E-001  0.000000000000E+000  0.000000000000E+000  0.000000000000E+000  0.000000000000E+000  0.000000000000E+000  0.000000000000E+000  0.000000000000E+000  0.000000000000E+000  0.000000000000E+000  0.000000000000E+000  0.000000000000E+000  0.000000000000E+000
   1.685000000000E+002  6.767744638612E-001  7.465613304491E-015  7.465613304491E-015  1.562907390216E-014  1.562907390216E-014  7.366873137705E-013  7.366873137705E-013  7.382313353431E-013  7.382313353431E-013  7.382313353431E-013  7.382313353431E-013  7.446986461460E-013  7.446986461460E-013
   1.687500000000E+002  8.155371175709E-001  0.000000000000E+000  0.000000000000E+000  0.000000000000E+000  0.000000000000E+000  0.000000000000E+000  0.000000000000E+000  0.000000000000E+000  0.000000000000E+000  0.000000000000E+000  0.000000000000E+000  0.000000000000E+000  0.000000000000E+000
   1.690000000000E+002  4.045648958478E-001  0.000000000000E+000  0.000000000000E+000  0.000000000000E+000  0.000000000000E+000  0.000000000000E+000  0.000000000000E+000  0.000000000000E+000  0.000000000000E+000  0.000000000000E+000  0.000000000000E+000  0.000000000000E+000  0.000000000000E+000
   1.692500000000E+002  7.899851231597E-001  4.595115795871E-015  4.595115795871E-015  4.595115795871E-015  4.595115795871E-015  4.689875911684E-014  4.689875911684E-014  4.828556516291E-014  4.828556516291E-014  4.828556516291E-014  4.828556516291E-014  5.203035596497E-014  5.203035596497E-014
   1.695000000000E+002  4.767628971137E-001  5.905728718598E-016  5.905728718598E-016  5.905728718598E-016  5.905728718598E-016  5.905728718598E-016  5.905728718598E-016  8.028709691429E-016  8.028709691429E-016  8.028709691429E-016  8.028709691429E-016  8.854613810409E-016  8.854613810409E-016
   1.697500000000E+002  3.663704628784E-001  1.309502710281E-015  1.309502710281E-015  1.374824096730E-015  1.374824096730E-015  1.374824096730E-015  1.374824096730E-015  1.946697845544E-015  1.946697845544E-015  1.946697845544E-015  1.946697845544E-015  2.985702299115E-015  2.985702299115E-015
   1.700000000000E+002  2.305459997600E-001  0.000000000000E+000  0.000000000000E+000  0.000000000000E+000  0.000000000000E+000  0.000000000000E+000  0.000000000000E+000  0.000000000000E+000  0.000000000000E+000  0.000000000000E+000  0.000000000000E+000  0.000000000000E+000  0.000000000000E+000
   1.702500000000E+002  2.848108407152E-001  1.078613666865E-015  1.078613666865E-015  1.330967386662E-015  1.330967386662E-015  1.330967386662E-015  1.330967386662E-015  2.135571741392E-015  2.135571741392E-015  2.135571741392E-015  2.135571741392E-015  4.372392755894E-015  4.372392755894E-015
   1.705000000000E+002  8.587018283967E-001  7.061164897793E-016  7.061164897793E-016  1.023617904355E-015  1.023617904355E-015  1.023617904355E-015  1.023617904355E-015  1.782657597962E-015  1.782657597962E-015  1.782657597962E-015  1.782657597962E-015  4.292435802859E-015  4.292435802859E-015
   1.707500000000E+002  5.595056934087E-001  1.002897327754E-013  1.002897327754E-013  1.924884560084E-013  1.924884560084E-013  4.680814917786E-012  4.680814917786E-012  4.863219014372E-012  4.863219014372E-012  4.863219014372E-012  4.863219014372E-012  4.922023428819E-012  4.922023428819E-012
   1.710000000000E+002  6.845563595124E-002  0.000000000000E+000  0.000000000000E+000  0.000000000000E+000  0.000000000000E+000  0.000000000000E+000  0.000000000000E+000  0.000000000000E+000  0.000000000000E+000  0.000000000000E+000  0.000000000000E+000  0.000000000000E+000  0.000000000000E+000
   1.712500000000E+002  3.000698757851E-001  0.000000000000E+000  0.000000000000E+000  7.976576664971E-016  7.976576664971E-016  2.782884662419E-014  2.782884662419E-014  2.901864395280E-014  2.901864395280E-014  2.901864395280E-014  2.901864395280E-014  3.922927694641E-014  3.922927694641E-014
   1.715000000000E+002  8.229703153262E-001  4.479641571602E-014  4.479641571602E-014  4.574725767558E-014  4.574725767558E-014  4.726926059974E-013  4.726926059974E-013  4.726926059974E-013  4.726926059974E-013  4.726926059974E-013  4.726926059974E-013  4.820855022664E-013  4.820855022664E-013
   1.717500000000E+002  6.675974124790E-002  0.000000000000E+000  0.000000000000E+000  0.000000000000E+000  0.000000000000E+000  0.000000000000E+000  0.000000000000E+000  0.000000000000E+000  0.000000000000E+000  0.000000000000E+000  0.000000000000E+000  0.000000000000E+000  0.000000000000E+000
   1.720000000000E+002  6.050358863678E-001  0.000000000000E+000  0.000000000000E+000  0.000000000000E+000  0.000000000000E+000  0.000000000000E+000  0.000000000000E+000  0.000000000000E+000  0.000000000000E+000  0.000000000000E+000  0.000000000000E+000  0.000000000000E+000  0.000000000000E+000
   1.722500000000E+002  9.218351754155E-001  0.000000000000E+000  0.000000000000E+000  0.000000000000E+000  0.000000000000E+000  0.000000000000E+000  0.000000000000E+000  0.000000000000E+000  0.000000000000E+000  0.000000000000E+000  0.000000000000E+000  0.000000000000E+000  0.000000000000E+000
   1.725000000000E+002  8.645266171008E-001  0.000000000000E+000  0.000000000000E+000  1.529930245088E-014  1.529930245088E-014  3.149736152030E-013  3.149736152030E-013  3.159502310110E-013  3.159502310110E-013  3.159502310110E-013  3.159502310110E-013  3.222296356340E-013  3.222296356340E-013
   1.727500000000E+002  1.452622540981E-001  5.287110544976E-013  5.287110544976E-013  5.298008462346E-013  5.298008462346E-013  6.428680081155E-013  6.428680081155E-013  7.454650807082E-013  7.454650807082E-013  7.454650807082E-013  7.454650807082E-013  7.484680701056E-013  7.484680701056E-013
   1.730000000000E+002  7.757146283685E-001  1.537788222793E-014  1.537788222793E-014  1.686773367772E-014  1.686773367772E-014  1.686773367772E-014  1.686773367772E-014  1.996221345593E-014  1.996221345593E-014  1.996221345593E-014  1.996221345593E-014  2.349586462764E-014  2.349586462764E-014
   1.732500000000E+002  3.416015799326E-001  1.560588214014E-014  1.560588214014E-014  1.704772112066E-014  1.704772112066E-014  1.704772112066E-014  1.704772112066E-014  2.031910387535E-014  2.031910387535E-014  2.031910387535E-014  2.031910387535E-014  2.394013131499E-014  2.394013131499E-014
   1.735000000000E+002  7.847145137846E-002  0.000000000000E+000  0.000000000000E+000  0.000000000000E+000  0.000000000000E+000  0.000000000000E+000  0.000000000000E+000  0.000000000000E+000  0.000000000000E+000  0.000000000000E+000  0.000000000000E+000  0.000000000000E+000  0.000000000000E+000
   1.737500000000E+002  6.743926020914E-001  0.000000000000E+000  0.000000000000E+000  6.308277281859E-014  6.308277281859E-014  1.193886460358E-012  1.193886460358E-012  1.193886460358E-012  1.193886460358E-012  1.193886460358E-012  1.193886460358E-012  1.204348355626E-012  1.204348355626E-012
   1.740000000000E+002  8.452430846382E-001  0.000000000000E+000  0.000000000000E+000  0.000000000000E+000  0.000000000000E+000  0.000000000000E+000  0.000000000000E+000  0.000000000000E+000  0.000000000000E+000  0.000000000000E+000  0.000000000000E+000  0.000000000000E+000  0.000000000000E+000
   1.742500000000E+002  3.539469587083E-001  0.000000000000E+000  0.000000000000E+000  0.000000000000E+000  0.000000000000E+000  0.000000000000E+000  0.000000000000E+000  0.000000000000E+000  0.000000000000E+000  0.000000000000E+000  0.000000000000E+000  0.000000000000E+000  0.000000000000E+000
   1.745000000000E+002  9.583726145614E-001  0.000000000000E+000  0.000000000000E+000  0.000000000000E+000  0.000000000000E+000  0.000000000000E+000  0.000000000000E+000  0.000000000000E+000  0.000000000000E+000  0.000000000000E+000  0.000000000000E+000  0.000000000000E+000  0.000000000000E+000
   1.747500000000E+002  9.890737487335E-001  0.000000000000E+000  0.000000000000E+000  0.000000000000E+000  0.000000000000E+000  2.503437743112E-014  2.503437743112E-014  2.503437743112E-014  2.503437743112E-014  2.503437743112E-014  2.503437743112E-014  2.693009853251E-014  2.693009853251E-014
   1.750000000000E+002  5.054482901297E-001  2.226714322531E-013  2.226714322531E-013  2.226714322531E-013  2.226714322531E-013  1.461533019716E-012  1.461533019716E-012  1.461533019716E-012  1.461533019716E-012  1.461533019716E-012  1.461533019716E-012  1.467229330305E-012  1.467229330305E-012
   1.752500000000E+002  4.083953382045E-001  0.000000000000E+000  0.000000000000E+000  0.000000000000E+000  0.000000000000E+000  0.000000000000E+000  0.000000000000E+000  0.000000000000E+000  0.000000000000E+000  0.000000000000E+000  0.000000000000E+000  0.000000000000E+000  0.000000000000E+000
   1.755000000000E+002  4.348825071775E-001  1.424652835135E-013  1.424652835135E-013  1.424652835135E-013  1.424652835135E-013  6.350521233729E-013  6.350521233729E-013  6.350521233729E-013  6.350521233729E-013  6.350521233729E-013  6.350521233729E-013  6.415989761628E-013  6.415989761628E-013
   1.757500000000E+002  3.585245639433E-001  1.522075447075E-015  1.522075447075E-015  1.522075447075E-015  1.522075447075E-015  1.522075447075E-015  1.522075447075E-015  1.522075447075E-015  1.522075447075E-015  1.522075447075E-015  1.522075447075E-015  2.712579669427E-015  2.712579669427E-015
   1.760000000000E+002  2.342421509840E-001  6.915082803054E-015  6.915082803054E-015  6.915082803054E-015  6.915082803054E-015  2.749227865049E-013  2.749227865049E-013  2.749227865049E-013  2.749227865049E-013  2.749227865049E-013  2.749227865049E-013  2.791633237344E-013  2.791633237344E-013
   1.762500000000E+002  3.640291867510E-001  4.037202679168E-015  4.037202679168E-015  4.037202679168E-015  4.037202679168E-015  4.037202679168E-015  4.037202679168E-015  4.037202679168E-015  4.037202679168E-015  4.037202679168E-015  4.037202679168E-015  6.985168577455E-015  6.985168577455E-015
   1.765000000000E+002  8.194973085342E-001  4.611312141680E-015  4.611312141680E-015  3.370803234070E-014  3.370803234070E-014  7.701807680508E-013  7.701807680508E-013  7.702094876506E-013  7.702094876506E-013  7.702094876506E-013  7.702094876506E-013  7.768242099415E-013  7.768242099415E-013
   1.767500000000E+002  6.080892862229E-001  7.395489091109E-015  7.395489091109E-015  7.395504634075E-015  7.395504634075E-015  5.070968235463E-014  5.070968235463E-014  5.081962494514E-014  5.081962494514E-014  5.081962494514E-014  5.081962494514E-014  6.325077702500E-014  6.325077702500E-014
   1.770000000000E+002  1.791145662892E-001  2.555875427124E-015  2.555875427124E-015  2.555875427124E-015  2.555875427124E-015  1.871328822218E-014  1.871328822218E-014  1.877912451541E-014  1.877912451541E-014  1.877912451541E-014  1.877912451541E-014  2.339516608940E-014  2.339516608940E-014
   1.772500000000E+002  5.314256135240E-002  1.906013273584E-015  1.906013273584E-015  1.906018575420E-015  1.906018575420E-015  1.497538507382E-014  1.497538507382E-014  1.505014524668E-014  1.505014524668E-014  1.505014524668E-014  1.505014524668E-014  1.915124858400E-014  1.915124858400E-014
   1.775000000000E+002  8.492207495420E-001  1.988021581862E-015  1.988021581862E-015  5.315447073962E-014  5.315447073962E-014  7.828611825626E-013  7.828611825626E-013  7.829767027341E-013  7.829767027341E-013  7.829767027341E-013  7.829767027341E-013  7.904027803276E-013  7.904027803276E-013
   1.777500000000E+002  8.260286088159E-002  1.667703620141E-015  1.667703620141E-015  4.461913349712E-014  4.461913349712E-014  5.749250742095E-013  5.749250742095E-013  5.750693820402E-013  5.750693820402E-013  5.750693820402E-013  5.750693820402E-013  5.829027848000E-013  5.829027848000E-013
   1.780000000000E+002  2.718790029686E-002  1.011688346078E-013  1.011688346078E-013  1.012732483436E-013  1.012732483436E-013  9.316922860444E-013  9.316922860444E-013  9.443350139085E-013  9.443350139085E-013  9.443350139085E-013  9.443350139085E-013  9.526844171396E-013  9.526844171396E-013
   1.782500000000E+002  5.503707089375E-001  2.164122478875E-015  2.164122478875E-015  2.326225276549E-015  2.326225276549E-015  2.718403820626E-014  2.718403820626E-014  2.753599509377E-014  2.753599509377E-014  2.753599509377E-014  2.753599509377E-014  3.299391514765E-014  3.299391514765E-014
   1.785000000000E+002  5.799502075164E-001  2.236402445520E-015  2.236402445520E-015  2.426961379769E-015  2.426961379769E-015  3.303630948519E-014  3.303630948519E-014  3.353793121327E-014  3.353793121327E-014  3.353793121327E-014  3.353793121327E-014  4.004772746550E-014  4.004772746550E-014
   1.787500000000E+002  9.650699156481E-001  1.376284836517E-015  1.376284836517E-015  1.532653452376E-015  1.532653452376E-015  2.889863047822E-014  2.889863047822E-014  2.932645263850E-014  2.932645263850E-014  2.932645263850E-014  2.932645263850E-014  3.429533894634E-014  3.429533894634E-014
   1.790000000000E+002  6.510296339810E-001  0.000000000000E+000  0.000000000000E+000  0.000000000000E+000  0.000000000000E+000  0.000000000000E+000  0.000000000000E+000  0.000000000000E+000  0.000000000000E+000  0.000000000000E+000  0.000000000000E+000  0.000000000000E+000  0.000000000000E+000
   1.792500000000E+002  8.804699121229E-001  4.882096819347E-016  4.882096819347E-016  4.882096819347E-016  4.882096819347E-016  1.907185616867E-014  1.907185616867E-014  1.955372654015E-014  1.955372654015E-014  1.955372654015E-014  1.955372654015E-014  2.365527109649E-014  2.365527109649E-014
   1.795000000000E+002  8.829908641308E-001  2.379237495605E-016  2.379237495605E-016  2.379237495605E-016  2.379237495605E-016  1.936299804157E-014  1.936299804157E-014  2.024799468897E-014  2.024799468897E-014  2.024799468897E-014  2.024799468897E-014  2.516705753903E-014  2.516705753903E-014
   1.797500000000E+002  3.438334559211E-001  0.000000000000E+000  0.000000000000E+000  0.000000000000E+000  0.000000000000E+000  2.153554866190E-014  2.153554866190E-014  2.243523290232E-014  2.243523290232E-014  2.243523290232E-014  2.243523290232E-014  2.720890763876E-014  2.720890763876E-014
   1.800000000000E+002  2.806887313996E-001  0.000000000000E+000  0.000000000000E+000  0.000000000000E+000  0.000000000000E+000  2.052854109943E-014  2.052854109943E-014  2.162815364358E-014  2.162815364358E-014  2.162815364358E-014  2.162815364358E-014  2.709201825430E-014  2.709201825430E-014
   1.802500000000E+002  4.725226653574E-001  2.859124782892E-014  2.859124782892E-014  2.859124782892E-014  2.859124782892E-014  5.006875893179E-013  5.006875893179E-013  5.226797928664E-013  5.226797928664E-013  5.226797928664E-013  5.226797928664E-013  5.239706800258E-013  5.239706800258E-013
   1.805000000000E+002  8.767675866956E-001  0.000000000000E+000  0.000000000000E+000  0.000000000000E+000  0.000000000000E+000  0.000000000000E+000  0.000000000000E+000  0.000000000000E+000  0.000000000000E+000  0.000000000000E+000  0.000000000000E+000  0.000000000000E+000  0.000000000000E+000
   1.807500000000E+002  3.244624503792E-001  7.278107010825E-016  7.278107010825E-016  1.390817651910E-015  1.390817651910E-015  8.311739045773E-014  8.311739045773E-014  8.447404669064E-014  8.447404669064E-014  8.447404669064E-014  8.447404669064E-014  8.869005821352E-014  8.869005821352E-014
   1.810000000000E+002  2.190998963190E-001  2.008212871709E-016  2.008212871709E-016  1.383245613159E-015  1.383245613159E-015  4.022175124740E-014  4.022175124740E-014  4.114135949984E-014  4.114135949984E-014  4.114135949984E-014  4.114135949984E-014  4.468785208773E-014  4.468785208773E-014
   1.812500000000E+002  7.721944049171E-001  8.153111633448E-017  8.153111633448E-017  2.967825945690E-014  2.967825945690E-014  6.743079543949E-013  6.743079543949E-013  6.743079543949E-013  6.743079543949E-013  6.743079543949E-013  6.743079543949E-013  6.885560101652E-013  6.885560101652E-013
   1.815000000000E+002  4.384618649582E-001  7.650479896352E-016  7.650479896352E-016  1.480667485521E-015  1.480667485521E-015  1.480667485521E-015  1.480667485521E-015  1.480667485521E-015  1.480667485521E-015  1.480667485521E-015  1.480667485521E-015  1.213422848527E-014  1.213422848527E-014
   1.817500000000E+002  5.698801579139E-001  2.509421173150E-015  2.509421173150E-015  3.959649339970E-015  3.959649339970E-015  5.986285385103E-014  5.986285385103E-014  5.986285385103E-014  5.986285385103E-014  5.986285385103E-014  5.986285385103E-014  6.055307206548E-014  6.055307206548E-014
   1.820000000000E+002  4.583972734230E-001  0.000000000000E+000  0.000000000000E+000  0.000000000000E+000  0.000000000000E+000  0.000000000000E+000  0.000000000000E+000  0.000000000000E+000  0.000000000000E+000  0.000000000000E+000  0.000000000000E+000  0.000000000000E+000  0.000000000000E+000
   1.822500000000E+002  8.160586037510E-001  1.421797575145E-015  1.421797575145E-015  1.957061380702E-015  1.957061380702E-015  1.957061380702E-015  1.957061380702E-015  1.957061380702E-015  1.957061380702E-015  1.957061380702E-015  1.957061380702E-015  3.469634464084E-015  3.469634464084E-015
   1.825000000000E+002  9.164050151102E-001  7.433374499090E-016  7.433374499090E-016  1.398310527151E-015  1.398310527151E-015  1.828053327114E-015  1.828053327114E-015  1.828053327114E-015  1.828053327114E-015  1.828053327114E-015  1.828053327114E-015  3.699732140548E-015  3.699732140548E-015
   1.827500000000E+002  8.078108721710E-001  0.000000000000E+000  0.000000000000E+000  6.777008952244E-017  6.777008952244E-017  6.777008952244E-017  6.777008952244E-017  1.059326417640E-016  1.059326417640E-016  1.059326417640E-016  1.059326417640E-016  1.059326417640E-016  1.059326417640E-016
   1.830000000000E+002  9.894884066221E-001  0.000000000000E+000  0.000000000000E+000  0.000000000000E+000  0.000000000000E+000  0.000000000000E+000  0.000000000000E+000  0.000000000000E+000  0.000000000000E+000  0.000000000000E+000  0.000000000000E+000  0.000000000000E+000  0.000000000000E+000
   1.832500000000E+002  3.443329847736E-001  6.065767963241E-016  6.065767963241E-016  6.065767963241E-016  6.065767963241E-016  6.065767963241E-016  6.065767963241E-016  6.065767963241E-016  6.065767963241E-016  6.065767963241E-016  6.065767963241E-016  2.023432421381E-015  2.023432421381E-015
   1.835000000000E+002  8.156925110770E-001  6.701017592139E-016  6.701017592139E-016  6.701017592139E-016  6.701017592139E-016  6.701017592139E-016  6.701017592139E-016  6.701017592139E-016  6.701017592139E-016  6.701017592139E-016  6.701017592139E-016  2.408555663096E-015  2.408555663096E-015
   1.837500000000E+002  9.316106481417E-001  8.848689568227E-016  8.848689568227E-016  1.469458524223E-014  1.469458524223E-014  2.222451421702E-013  2.222451421702E-013  2.222451421702E-013  2.222451421702E-013  2.222451421702E-013  2.222451421702E-013  2.265602966629E-013  2.265602966629E-013
   1.840000000000E+002  2.046196732636E-001  2.361842870076E-014  2.361842870076E-014  2.361842870076E-014  2.361842870076E-014  3.332510189827E-013  3.332510189827E-013  3.564484431514E-013  3.564484431514E-013  3.564484431514E-013  3.564484431514E-013  3.619997768996E-013  3.619997768996E-013
   1.842500000000E+002  3.036129995282E-001  0.000000000000E+000  0.000000000000E+000  0.000000000000E+000  0.000000000000E+000  0.000000000000E+000  0.000000000000E+000  0.000000000000E+000  0.000000000000E+000  0.000000000000E+000  0.000000000000E+000  1.923340633533E-015  1.923340633533E-015
   1.845000000000E+002  5.749872875744E-001  0.000000000000E+000  0.000000000000E+000  0.000000000000E+000  0.000000000000E+000  0.000000000000E+000  0.000000000000E+000  0.000000000000E+000  0.000000000000E+000  0.000000000000E+000  0.000000000000E+000  1.141454024023E-016  1.141454024023E-016
   1.847500000000E+002  4.306233900613E-001  0.000000000000E+000  0.000000000000E+000  0.000000000000E+000  0.000000000000E+000  0.000000000000E+000  0.000000000000E+000  0.000000000000E+000  0.000000000000E+000  0.000000000000E+000  0.000000000000E+000  0.000000000000E+000  0.000000000000E+000
   1.850000000000E+002  4.157335522293E-002  0.000000000000E+000  0.000000000000E+000  0.000000000000E+000  0.000000000000E+000  0.000000000000E+000  0.000000000000E+000  0.000000000000E+000  0.000000000000E+000  0.000000000000E+000  0.000000000000E+000  0.000000000000E+000  0.000000000000E+000
   1.852500000000E+002  2.704358780696E-001  0.000000000000E+000  0.000000000000E+000  0.000000000000E+000  0.000000000000E+000  0.000000000000E+000  0.000000000000E+000  0.000000000000E+000  0.000000000000E+000  0.000000000000E+000  0.000000000000E+000  0.000000000000E+000  0.000000000000E+000
   1.855000000000E+002  2.196035462740E-001  0.000000000000E+000  0.000000000000E+000  0.000000000000E+000  0.000000000000E+000  0.000000000000E+000  0.000000000000E+000  0.000000000000E+000  0.000000000000E+000  0.000000000000E+000  0.000000000000E+000  0.000000000000E+000  0.000000000000E+000
   1.857500000000E+002  9.045435510977E-001  0.000000000000E+000  0.000000000000E+000  8.012299375561E-016  8.012299375561E-016  8.012299375561E-016  8.012299375561E-016  8.012299375561E-016  8.012299375561E-016  8.012299375561E-016  8.012299375561E-016  2.958795389310E-015  2.958795389310E-015
   1.860000000000E+002  2.381134285776E-001  0.000000000000E+000  0.000000000000E+000  1.045396006386E-015  1.045396006386E-015  1.596483247661E-015  1.596483247661E-015  1.596483247661E-015  1.596483247661E-015  1.596483247661E-015  1.596483247661E-015  3.920323325601E-015  3.920323325601E-015
   1.862500000000E+002  8.119039051290E-001  0.000000000000E+000  0.000000000000E+000  6.038304873479E-016  6.038304873479E-016  6.038304873479E-016  6.038304873479E-016  6.038304873479E-016  6.038304873479E-016  6.038304873479E-016  6.038304873479E-016  1.844495512804E-015  1.844495512804E-015
   1.865000000000E+002  7.010660923974E-002  0.000000000000E+000  0.000000000000E+000  0.000000000000E+000  0.000000000000E+000  0.000000000000E+000  0.000000000000E+000  0.000000000000E+000  0.000000000000E+000  0.000000000000E+000  0.000000000000E+000  0.000000000000E+000  0.000000000000E+000
   1.867500000000E+002  5.983847164841E-001  1.659412972160E-014  1.659412972160E-014  1.723614916027E-014  1.723614916027E-014  2.954507278565E-014  2.954507278565E-014  3.572830508151E-014  3.572830508151E-014  3.572830508151E-014  3.572830508151E-014  3.604374513064E-014  3.604374513064E-014
   1.870000000000E+002  9.664051477539E-002  0.000000000000E+000  0.000000000000E+000  1.400069968056E-015  1.400069968056E-015  1.400069968056E-015  1.400069968056E-015  1.400069968056E-015  1.400069968056E-015  1.400069968056E-015  1.400069968056E-015  2.949464839510E-015  2.949464839510E-015
   1.872500000000E+002  8.754402317165E-001  0.000000000000E+000  0.000000000000E+000  0.000000000000E+000  0.000000000000E+000  0.000000000000E+000  0.000000000000E+000  0.000000000000E+000  0.000000000000E+000  0.000000000000E+000  0.000000000000E+000  0.000000000000E+000  0.000000000000E+000
   1.875000000000E+002  1.020556188536E-001  0.000000000000E+000  0.000000000000E+000  2.057627222298E-015  2.057627222298E-015  2.698610355693E-015  2.698610355693E-015  2.698610355693E-015  2.698610355693E-015  2.698610355693E-015  2.698610355693E-015  6.536190447691E-015  6.536190447691E-015
   1.877500000000E+002  8.748157701266E-001  0.000000000000E+000  0.000000000000E+000  4.549632342658E-015  4.549632342658E-015  7.125103601205E-015  7.125103601205E-015  7.125103601205E-015  7.125103601205E-015  7.125103601205E-015  7.125103601205E-015  1.469808921665E-014  1.469808921665E-014
   1.880000000000E+002  3.997359969549E-001  0.000000000000E+000  0.000000000000E+000  0.000000000000E+000  0.000000000000E+000  0.000000000000E+000  0.000000000000E+000  0.000000000000E+000  0.000000000000E+000  0.000000000000E+000  0.000000000000E+000  0.000000000000E+000  0.000000000000E+000
   1.882500000000E+002  6.033522967645E-002  0.000000000000E+000  0.000000000000E+000  0.000000000000E+000  0.000000000000E+000  0.000000000000E+000  0.000000000000E+000  0.000000000000E+000  0.000000000000E+000  0.000000000000E+000  0.000000000000E+000  0.000000000000E+000  0.000000000000E+000
   1.885000000000E+002  2.077159004546E-001  0.000000000000E+000  0.000000000000E+000  0.000000000000E+000  0.000000000000E+000  0.000000000000E+000  0.000000000000E+000  0.000000000000E+000  0.000000000000E+000  0.000000000000E+000  0.000000000000E+000  0.000000000000E+000  0.000000000000E+000
   1.887500000000E+002  2.048306155068E-001  2.010654121954E-016  2.010654121954E-016  4.370855240548E-015  4.370855240548E-015  4.422988939657E-015  4.422988939657E-015  4.422988939657E-015  4.422988939657E-015  4.422988939657E-015  4.422988939657E-015  6.516600189478E-015  6.516600189478E-015
   1.890000000000E+002  6.442029190982E-001  3.765753587759E-016  3.765753587759E-016  3.515282890557E-015  3.515282890557E-015  3.796517668835E-015  3.796517668835E-015  3.796517668835E-015  3.796517668835E-015  3.796517668835E-015  3.796517668835E-015  5.859125643221E-015  5.859125643221E-015
   1.892500000000E+002  6.142303925984E-001  0.000000000000E+000  0.000000000000E+000  0.000000000000E+000  0.000000000000E+000  0.000000000000E+000  0.000000000000E+000  8.827025482410E-017  8.827025482410E-017  8.827025482410E-017  8.827025482410E-017  8.827025482410E-017  8.827025482410E-017
   1.895000000000E+002  5.265901837312E-001  7.283939174759E-016  7.283939174759E-016  3.355770338825E-015  3.355770338825E-015  4.406688705141E-015  4.406688705141E-015  4.406688705141E-015  4.406688705141E-015  4.406688705141E-015  4.406688705141E-015  6.953286505558E-015  6.953286505558E-015
   1.897500000000E+002  6.523274823315E-001  8.856617092269E-016  8.856617092269E-016  3.325711302971E-015  3.325711302971E-015  4.288058834649E-015  4.288058834649E-015  4.288058834649E-015  4.288058834649E-015  4.288058834649E-015  4.288058834649E-015  7.068969828136E-015  7.068969828136E-015
   1.900000000000E+002  9.138663507433E-001  1.325906792186E-015  1.325906792186E-015  4.208460471581E-015  4.208460471581E-015  6.213452121708E-015  6.213452121708E-015  6.213452121708E-015  6.213452121708E-015  6.213452121708E-015  6.213452121708E-015  9.994884768430E-015  9.994884768430E-015
   1.902500000000E+002  7.261895536101E-001  0.000000000000E+000  0.000000000000E+000  0.000000000000E+000  0.000000000000E+000  0.000000000000E+000  0.000000000000E+000  0.000000000000E+000  0.000000000000E+000  0.000000000000E+000  0.000000000000E+000  0.000000000000E+000  0.000000000000E+000
   1.905000000000E+002  9.096046613140E-001  1.537065341671E-015  1.537065341671E-015  3.721241294576E-015  3.721241294576E-015  6.277266004782E-015  6.277266004782E-015  6.277266004782E-015  6.277266004782E-015  6.277266004782E-015  6.277266004782E-015  9.974440372907E-015  9.974440372907E-015
   1.907500000000E+002  1.223807183105E-001  1.112655793210E-015  1.112655793210E-015  2.414509739501E-015  2.414509739501E-015  4.202878498754E-015  4.202878498754E-015  4.202878498754E-015  4.202878498754E-015  4.202878498754E-015  4.202878498754E-015  1.275514392692E-014  1.275514392692E-014
   1.910000000000E+002  4.400217851633E-001  1.101196238507E-015  1.101196238507E-015  2.147298469521E-015  2.147298469521E-015  4.202874458243E-015  4.202874458243E-015  4.202874458243E-015  4.202874458243E-015  4.202874458243E-015  4.202874458243E-015  7.795561677877E-015  7.795561677877E-015
   1.912500000000E+002  9.964257779979E-001  1.158597221851E-015  1.158597221851E-015  2.048802512672E-015  2.048802512672E-015  4.429106601006E-015  4.429106601006E-015  4.429106601006E-015  4.429106601006E-015  4.429106601006E-015  4.429106601006E-015  7.580465431143E-015  7.580465431143E-015
   1.915000000000E+002  4.043820595241E-001  9.930885920373E-016  9.930885920373E-016  1.593369239486E-015  1.593369239486E-015  2.318691616595E-015  2.318691616595E-015  2.318691616595E-015  2.318691616595E-015  2.318691616595E-015  2.318691616595E-015  4.590982643560E-015  4.590982643560E-015
   1.917500000000E+002  8.237354988314E-001  1.661220213802E-015  1.661220213802E-015  2.423310364637E-015  2.423310364637E-015  4.366753174767E-015  4.366753174767E-015  4.366753174767E-015  4.366753174767E-015  4.366753174767E-015  4.366753174767E-015  7.875364723843E-015  7.875364723843E-015
   1.920000000000E+002  3.488197716184E-001  1.026400261627E-015  1.026400261627E-015  1.381464452939E-015  1.381464452939E-015  2.933588653547E-015  2.933588653547E-015  2.933588653547E-015  2.933588653547E-015  2.933588653547E-015  2.933588653547E-015  5.213180975855E-015  5.213180975855E-015
   1.922500000000E+002  6.528563823052E-001  0.000000000000E+000  0.000000000000E+000  0.000000000000E+000  0.000000000000E+000  0.000000000000E+000  0.000000000000E+000  0.000000000000E+000  0.000000000000E+000  0.000000000000E+000  0.000000000000E+000  0.000000000000E+000  0.000000000000E+000
   1.925000000000E+002  2.169156900783E-001  8.143270885959E-016  8.143270885959E-016  9.344777322503E-016  9.344777322503E-016  3.096329711729E-015  3.096329711729E-015  3.148061644733E-015  3.148061644733E-015  3.148061644733E-015  3.148061644733E-015  5.416165046612E-015  5.416165046612E-015
   1.927500000000E+002  5.688167076322E-001  7.173207857796E-016  7.173207857796E-016  7.635220391013E-016  7.635220391013E-016  3.160050988702E-015  3.160050988702E-015  3.240017578062E-015  3.240017578062E-015  3.240017578062E-015  3.240017578062E-015  5.400829065719E-015  5.400829065719E-015
   1.930000000000E+002  2.492509592261E-001  0.000000000000E+000  0.000000000000E+000  0.000000000000E+000  0.000000000000E+000  0.000000000000E+000  0.000000000000E+000  0.000000000000E+000  0.000000000000E+000  0.000000000000E+000  0.000000000000E+000  0.000000000000E+000  0.000000000000E+000
   1.932500000000E+002  5.860198739971E-001  5.207034991664E-016  5.207034991664E-016  5.207034991664E-016  5.207034991664E-016  6.077073162275E-015  6.077073162275E-015  6.207147657631E-015  6.207147657631E-015  6.207147657631E-015  6.207147657631E-015  8.373017155103E-015  8.373017155103E-015
   1.935000000000E+002  3.947813005915E-001  4.235978197076E-016  4.235978197076E-016  4.235978197076E-016  4.235978197076E-016  6.151370921229E-015  6.151370921229E-015  6.302165174136E-015  6.302165174136E-015  6.302165174136E-015  6.302165174136E-015  8.412297315098E-015  8.412297315098E-015
   1.937500000000E+002  7.855747788091E-001  0.000000000000E+000  0.000000000000E+000  3.715411594130E-018  3.715411594130E-018  3.715411594130E-018  3.715411594130E-018  3.715411594130E-018  3.715411594130E-018  3.715411594130E-018  3.715411594130E-018  3.715411594130E-018  3.715411594130E-018
   1.940000000000E+002  2.837718418430E-001  0.000000000000E+000  0.000000000000E+000  0.000000000000E+000  0.000000000000E+000  0.000000000000E+000  0.000000000000E+000  0.000000000000E+000  0.000000000000E+000  0.000000000000E+000  0.000000000000E+000  0.000000000000E+000  0.000000000000E+000
   1.942500000000E+002  4.735386908291E-001  1.977959153429E-016  1.977959153429E-016  1.977959153429E-016  1.977959153429E-016  3.103937439817E-015  3.103937439817E-015  3.276451586263E-015  3.276451586263E-015  3.276451586263E-015  3.276451586263E-015  3.545256824902E-015  3.545256824902E-015
   1.945000000000E+002  6.922198170045E-001  8.087223841704E-017  8.087223841704E-017  8.087223841704E-017  8.087223841704E-017  5.310638823113E-015  5.310638823113E-015  5.434309943618E-015  5.434309943618E-015  5.434309943618E-015  5.434309943618E-015  7.508136004666E-015  7.508136004666E-015
   1.947500000000E+002  2.275550315819E-002  0.000000000000E+000  0.000000000000E+000  0.000000000000E+000  0.000000000000E+000  0.000000000000E+000  0.000000000000E+000  0.000000000000E+000  0.000000000000E+000  0.000000000000E+000  0.000000000000E+000  0.000000000000E+000  0.000000000000E+000
   1.950000000000E+002  2.332059190713E-001  1.738232412830E-017  1.738232412830E-017  1.228317438324E-015  1.228317438324E-015  6.069232181019E-015  6.069232181019E-015  6.335966059138E-015  6.335966059138E-015  6.335966059138E-015  6.335966059138E-015  1.038845311378E-014  1.038845311378E-014
   1.952500000000E+002  4.746691246270E-001  0.000000000000E+000  0.000000000000E+000  0.000000000000E+000  0.000000000000E+000  0.000000000000E+000  0.000000000000E+000  0.000000000000E+000  0.000000000000E+000  0.000000000000E+000  0.000000000000E+000  0.000000000000E+000  0.000000000000E+000
   1.955000000000E+002  7.218057137697E-001  6.122056315939E-013  6.122056315939E-013  6.127305697388E-013  6.127305697388E-013  6.127305697388E-013  6.127305697388E-013  7.070447925579E-013  7.070447925579E-013  7.070447925579E-013  7.070447925579E-013  7.092740636412E-013  7.092740636412E-013
   1.957500000000E+002  2.388059023295E-002  4.744768617421E-015  4.744768617421E-015  5.227914371221E-015  5.227914371221E-015  5.227914371221E-015  5.227914371221E-015  6.038487065402E-015  6.038487065402E-015  6.038487065402E-015  6.038487065402E-015  6.042638531051E-015  6.042638531051E-015
   1.960000000000E+002  6.117847203285E-001  0.000000000000E+000  0.000000000000E+000  0.000000000000E+000  0.000000000000E+000  0.000000000000E+000  0.000000000000E+000  0.000000000000E+000  0.000000000000E+000  0.000000000000E+000  0.000000000000E+000  0.000000000000E+000  0.000000000000E+000
   1.962500000000E+002  4.232934093941E-001  6.064505473508E-014  6.064505473508E-014  6.617761501200E-014  6.617761501200E-014  9.593101419057E-014  9.593101419057E-014  1.085419716853E-013  1.085419716853E-013  1.085419716853E-013  1.085419716853E-013  1.272938271638E-013  1.272938271638E-013
   1.965000000000E+002  9.354968413325E-001  0.000000000000E+000  0.000000000000E+000  0.000000000000E+000  0.000000000000E+000  0.000000000000E+000  0.000000000000E+000  0.000000000000E+000  0.000000000000E+000  0.000000000000E+000  0.000000000000E+000  0.000000000000E+000  0.000000000000E+000
   1.967500000000E+002  8.630491864677E-001  0.000000000000E+000  0.000000000000E+000  0.000000000000E+000  0.000000000000E+000  1.914762808345E-016  1.914762808345E-016  1.914762808345E-016  1.914762808345E-016  1.914762808345E-016  1.914762808345E-016  1.961904847777E-016  1.961904847777E-016
   1.970000000000E+002  9.839851696225E-001  0.000000000000E+000  0.000000000000E+000  0.000000000000E+000  0.000000000000E+000  0.000000000000E+000  0.000000000000E+000  0.000000000000E+000  0.000000000000E+000  0.000000000000E+000  0.000000000000E+000  2.168160590878E-015  2.168160590878E-015
   1.972500000000E+002  6.668084141234E-001  0.000000000000E+000  0.000000000000E+000  0.000000000000E+000  0.000000000000E+000  0.000000000000E+000  0.000000000000E+000  0.000000000000E+000  0.000000000000E+000  0.000000000000E+000  0.000000000000E+000  1.814422839974E-015  1.814422839974E-015
   1.975000000000E+002  8.069273776323E-002  0.000000000000E+000  0.000000000000E+000  0.000000000000E+000  0.000000000000E+000  0.000000000000E+000  0.000000000000E+000  0.000000000000E+000  0.000000000000E+000  0.000000000000E+000  0.000000000000E+000  1.752309935315E-015  1.752309935315E-015
   1.977500000000E+002  1.067174747917E-001  8.744282202653E-017  8.744282202653E-017  8.744282202653E-017  8.744282202653E-017  8.744282202653E-017  8.744282202653E-017  8.744282202653E-017  8.744282202653E-017  8.744282202653E-017  8.744282202653E-017  1.621306734082E-015  1.621306734082E-015
   1.980000000000E+002  7.776360190935E-001  6.597748876319E-014  6.597748876319E-014  6.597748876319E-014  6.597748876319E-014  2.888762331931E-013  2.888762331931E-013  2.888762331931E-013  2.888762331931E-013  2.888762331931E-013  2.888762331931E-013  2.923542061420E-013  2.923542061420E-013
   1.982500000000E+002  2.055669997228E-001  2.636956813617E-016  2.636956813617E-016  2.636956813617E-016  2.636956813617E-016  2.636956813617E-016  2.636956813617E-016  2.636956813617E-016  2.636956813617E-016  2.636956813617E-016  2.636956813617E-016  1.846394562463E-015  1.846394562463E-015
   1.985000000000E+002  3.972709927559E-001  0.000000000000E+000  0.000000000000E+000  0.000000000000E+000  0.000000000000E+000  0.000000000000E+000  0.000000000000E+000  0.000000000000E+000  0.000000000000E+000  0.000000000000E+000  0.000000000000E+000  0.000000000000E+000  0.000000000000E+000
   1.987500000000E+002  4.961729246074E-002  0.000000000000E+000  0.000000000000E+000  0.000000000000E+000  0.000000000000E+000  5.054745990650E-015  5.054745990650E-015  5.067566767583E-015  5.067566767583E-015  5.067566767583E-015  5.067566767583E-015  7.367413752612E-015  7.367413752612E-015
   1.990000000000E+002  6.076529401590E-001  0.000000000000E+000  0.000000000000E+000  1.666390200180E-016  1.666390200180E-016  1.693703760422E-014  1.693703760422E-014  1.695977703402E-014  1.695977703402E-014  1.695977703402E-014  1.695977703402E-014  2.128688590082E-014  2.128688590082E-014
   1.992500000000E+002  1.317659086548E-001  0.000000000000E+000  0.000000000000E+000  1.000390500724E-016  1.000390500724E-016  4.579643490987E-014  4.579643490987E-014  4.582502856912E-014  4.582502856912E-014  4.582502856912E-014  4.582502856912E-014  4.878181240077E-014  4.878181240077E-014
   1.995000000000E+002  5.599981684237E-001  0.000000000000E+000  0.000000000000E+000  9.800187775680E-017  9.800187775680E-017  1.186562684828E-014  1.186562684828E-014  1.188054393595E-014  1.188054393595E-014  1.188054393595E-014  1.188054393595E-014  1.523666222779E-014  1.523666222779E-014
   1.997500000000E+002  5.259611381715E-001  0.000000000000E+000  0.000000000000E+000  8.719488363428E-017  8.719488363428E-017  1.281326096356E-014  1.281326096356E-014  1.284196531368E-014  1.284196531368E-014  1.284196531368E-014  1.284196531368E-014  1.625557190850E-014  1.625557190850E-014
   2.000000000000E+002  6.654342168765E-001  0.000000000000E+000  0.000000000000E+000  5.130954968160E-017  5.130954968160E-017  7.595714349893E-015  7.595714349893E-015  7.605027729433E-015  7.605027729433E-015  7.605027729433E-015  7.605027729433E-015  9.939278792124E-015  9.939278792124E-015
