#                    1                    2                    3                    4                    5                    6                    7                    8                    9                   10                   11                   12                   13                   14                   15                   16                   17                   18                   19                   20                   21                   22                   23                   24                   25                   26
#               Time |           Sum c**2 |  === coeff_diab ===>
#               [fs] |                 [] |                 [] |
   0.000000000000E+000  1.000000000000E+000  1.000000000000E+000  0.000000000000E+000  0.000000000000E+000  0.000000000000E+000  0.000000000000E+000  0.000000000000E+000  0.000000000000E+000  0.000000000000E+000  0.000000000000E+000  0.000000000000E+000  0.000000000000E+000  0.000000000000E+000
   2.500000000000E-001  1.000000000000E+000  1.000006938595E+000 -2.991586348254E-008 -1.053040478297E-011 -7.495175630088E-006 -5.944460694939E-012  6.077061311042E-007  0.000000000000E+000  0.000000000000E+000  0.000000000000E+000  0.000000000000E+000  0.000000000000E+000  0.000000000000E+000
   5.000000000000E-001  1.000000000000E+000  9.998847500008E-001 -7.679817267541E-008  4.111311291585E-011  1.119131204629E-004 -4.082713287357E-011  3.419452937106E-006  0.000000000000E+000  0.000000000000E+000  0.000000000000E+000  0.000000000000E+000  0.000000000000E+000  0.000000000000E+000
   7.500000000000E-001  1.000000000000E+000  9.995857753825E-001 -5.063507372905E-008 -1.876017198538E-010  4.069166901239E-004  6.741119200576E-013  7.341312880911E-006  0.000000000000E+000  0.000000000000E+000  0.000000000000E+000  0.000000000000E+000  0.000000000000E+000  0.000000000000E+000
   1.000000000000E+000  1.000000000000E+000  9.992720393616E-001  1.092433216651E-007 -6.906105625061E-010  7.112927023321E-004  3.425915331114E-010  1.655783636395E-005  0.000000000000E+000  0.000000000000E+000  0.000000000000E+000  0.000000000000E+000  0.000000000000E+000  0.000000000000E+000
   1.250000000000E+000  1.000000000000E+000  9.988807572091E-001  3.982888126232E-007 -1.004244070270E-009  1.090688725409E-003  1.264068714400E-009  2.813481310960E-005  0.000000000000E+000  0.000000000000E+000  0.000000000000E+000  0.000000000000E+000  0.000000000000E+000  0.000000000000E+000
   1.500000000000E+000  1.000000000000E+000  9.982178438072E-001  7.674810360043E-007 -1.135030320683E-009  1.734189156731E-003  3.469016569934E-009  4.717981882581E-005  0.000000000000E+000  0.000000000000E+000  0.000000000000E+000  0.000000000000E+000  0.000000000000E+000  0.000000000000E+000
   1.750000000000E+000  1.000000000000E+000  9.972579755069E-001  1.162104240914E-006 -1.343700846950E-009  2.668369981777E-003  7.891267735663E-009  7.249908850247E-005  0.000000000000E+000  0.000000000000E+000  0.000000000000E+000  0.000000000000E+000  0.000000000000E+000  0.000000000000E+000
   2.000000000000E+000  1.000000000000E+000  9.960796532165E-001  1.542144481409E-006 -1.684015717764E-009  3.813194760434E-003  1.496242933943E-008  1.055673993546E-004  0.000000000000E+000  0.000000000000E+000  0.000000000000E+000  0.000000000000E+000  0.000000000000E+000  0.000000000000E+000
   2.250000000000E+000  1.000000000000E+000  9.947371537989E-001  1.886293837702E-006 -1.938497211210E-009  5.112657742099E-003  2.457489691645E-008  1.483004249910E-004  0.000000000000E+000  0.000000000000E+000  0.000000000000E+000  0.000000000000E+000  0.000000000000E+000  0.000000000000E+000
   2.500000000000E+000  1.000000000000E+000  9.932443144338E-001  2.186858020254E-006 -2.003971923024E-009  6.552727292972E-003  3.659909423633E-008  2.007396933542E-004  0.000000000000E+000  0.000000000000E+000  0.000000000000E+000  0.000000000000E+000  0.000000000000E+000  0.000000000000E+000
   2.750000000000E+000  1.000000000000E+000  9.916098219241E-001  2.442493203638E-006 -1.782206296003E-009  8.125438266033E-003  5.083467527651E-008  2.622247524437E-004  0.000000000000E+000  0.000000000000E+000  0.000000000000E+000  0.000000000000E+000  0.000000000000E+000  0.000000000000E+000
   3.000000000000E+000  1.000000000000E+000  9.898614027459E-001  2.653852831326E-006 -1.329439056849E-009  9.804902511367E-003  6.693152867628E-008  3.310008120248E-004  0.000000000000E+000  0.000000000000E+000  0.000000000000E+000  0.000000000000E+000  0.000000000000E+000  0.000000000000E+000
   3.250000000000E+000  1.000000000000E+000  9.880483059352E-001  2.821170415799E-006 -7.354864023620E-010  1.154478266849E-002  8.435876009921E-008  4.040147816206E-004  0.000000000000E+000  0.000000000000E+000  0.000000000000E+000  0.000000000000E+000  0.000000000000E+000  0.000000000000E+000
   3.500000000000E+000  1.000000000000E+000  9.862343105696E-001  2.942918538038E-006 -1.262413939492E-010  1.328528617073E-002  1.022936916074E-007  4.773860972675E-004  0.000000000000E+000  0.000000000000E+000  0.000000000000E+000  0.000000000000E+000  0.000000000000E+000  0.000000000000E+000
   3.750000000000E+000  1.000000000000E+000  9.844882399728E-001  3.017014005903E-006  3.049302995543E-010  1.496159718548E-002  1.197437236222E-007  5.470453843408E-004  0.000000000000E+000  0.000000000000E+000  0.000000000000E+000  0.000000000000E+000  0.000000000000E+000  0.000000000000E+000
   4.000000000000E+000  1.000000000000E+000  9.828755186216E-001  3.039836160059E-006  2.972793958797E-010  1.651199909738E-002  1.356134238956E-007  6.092991216325E-004  0.000000000000E+000  0.000000000000E+000  0.000000000000E+000  0.000000000000E+000  0.000000000000E+000  0.000000000000E+000
   4.250000000000E+000  1.000000000000E+000  9.814501617680E-001  3.014709944499E-006 -1.733748248476E-010  1.788542825472E-002  1.490171922286E-007  6.612191686454E-004  0.000000000000E+000  0.000000000000E+000  0.000000000000E+000  0.000000000000E+000  0.000000000000E+000  0.000000000000E+000
   4.500000000000E+000  1.000000000000E+000  9.802475630592E-001  2.960833987575E-006 -1.510319952320E-009  1.904852404989E-002  1.598167474326E-007  7.008095544566E-004  0.000000000000E+000  0.000000000000E+000  0.000000000000E+000  0.000000000000E+000  0.000000000000E+000  0.000000000000E+000
   4.750000000000E+000  1.000000000000E+000  9.792804313660E-001  2.891451885930E-006  1.050439642603E-009  1.998920200851E-002  1.681442771767E-007  7.273121389114E-004  0.000000000000E+000  0.000000000000E+000  0.000000000000E+000  0.000000000000E+000  0.000000000000E+000  0.000000000000E+000
   5.000000000000E+000  1.000000000000E+000  9.785459741459E-001  2.815477353074E-006 -9.060965120303E-009  2.070986947777E-002  1.740926214146E-007  7.412026885724E-004  0.000000000000E+000  0.000000000000E+000  0.000000000000E+000  0.000000000000E+000  0.000000000000E+000  0.000000000000E+000
   5.250000000000E+000  1.000000000000E+000  9.780246556458E-001  2.748893068220E-006 -1.235360927906E-008  2.122842460564E-002  1.781957396722E-007  7.440178553496E-004  0.000000000000E+000  0.000000000000E+000  0.000000000000E+000  0.000000000000E+000  0.000000000000E+000  0.000000000000E+000
   5.500000000000E+000  1.000000000000E+000  9.776882349300E-001  2.701036499631E-006 -1.626674192617E-008  2.157107022848E-002  1.808015315551E-007  7.378061038200E-004  0.000000000000E+000  0.000000000000E+000  0.000000000000E+000  0.000000000000E+000  0.000000000000E+000  0.000000000000E+000
   5.750000000000E+000  1.000000000000E+000  9.775146994963E-001  2.721503129397E-006 -1.721985654497E-008  2.175862268145E-002  1.836692391809E-007  7.237930962029E-004  0.000000000000E+000  0.000000000000E+000  0.000000000000E+000  0.000000000000E+000  0.000000000000E+000  0.000000000000E+000
   6.000000000000E+000  1.000000000000E+000  9.775225887488E-001  2.713379893379E-006 -2.583318519586E-008  2.177728727621E-002  1.822562361605E-007  6.972482855929E-004  0.000000000000E+000  0.000000000000E+000  0.000000000000E+000  0.000000000000E+000  0.000000000000E+000  0.000000000000E+000
   6.250000000000E+000  1.000000000000E+000  9.780152902997E-001  2.788967539903E-006 -2.763876258031E-008  2.137010234766E-002  1.721242865764E-007  6.116518636224E-004  0.000000000000E+000  0.000000000000E+000  0.000000000000E+000  0.000000000000E+000  0.000000000000E+000  0.000000000000E+000
   6.500000000000E+000  1.000000000000E+000  9.861909113043E-001  2.990917181392E-006 -6.004630090723E-008  1.435926856102E-002 -2.754076829133E-008 -5.530766198186E-004  0.000000000000E+000  0.000000000000E+000  0.000000000000E+000  0.000000000000E+000  0.000000000000E+000  0.000000000000E+000
   6.750000000000E+000  1.000000000000E+000  9.893695755258E-001  3.188840613176E-006 -5.259721230931E-008  1.202915764493E-002 -1.104140725542E-007 -1.401750040536E-003  0.000000000000E+000  0.000000000000E+000  0.000000000000E+000  0.000000000000E+000  0.000000000000E+000  0.000000000000E+000
   7.000000000000E+000  1.000000000000E+000  9.793155294619E-001  3.381510868141E-006 -3.084253688650E-008  2.032709087187E-002  1.545213645699E-007  3.538680148671E-004  0.000000000000E+000  0.000000000000E+000  0.000000000000E+000  0.000000000000E+000  0.000000000000E+000  0.000000000000E+000
   7.250000000000E+000  1.000000000000E+000  9.782690606123E-001  3.649664946976E-006 -2.898468526365E-008  2.119918068318E-002  1.921466722169E-007  5.279586883564E-004  0.000000000000E+000  0.000000000000E+000  0.000000000000E+000  0.000000000000E+000  0.000000000000E+000  0.000000000000E+000
   7.500000000000E+000  1.000000000000E+000  9.779347512294E-001  3.992431424626E-006 -2.252202249550E-008  2.147328195979E-002  2.125225299849E-007  5.877905514703E-004  0.000000000000E+000  0.000000000000E+000  0.000000000000E+000  0.000000000000E+000  0.000000000000E+000  0.000000000000E+000
   7.750000000000E+000  1.000000000000E+000  9.777848523052E-001  4.364158618574E-006 -1.695261661698E-008  2.158980447019E-002  2.293258986431E-007  6.207880277209E-004  0.000000000000E+000  0.000000000000E+000  0.000000000000E+000  0.000000000000E+000  0.000000000000E+000  0.000000000000E+000
   8.000000000000E+000  1.000000000000E+000  9.777106840914E-001  4.727009199710E-006 -1.453847436114E-008  2.164040587497E-002  2.434575025737E-007  6.439726355695E-004  0.000000000000E+000  0.000000000000E+000  0.000000000000E+000  0.000000000000E+000  0.000000000000E+000  0.000000000000E+000
   8.250000000000E+000  1.000000000000E+000  9.776781852629E-001  5.170296161404E-006 -6.549434445444E-009  2.165431788458E-002  2.612978146055E-007  6.620877679028E-004  0.000000000000E+000  0.000000000000E+000  0.000000000000E+000  0.000000000000E+000  0.000000000000E+000  0.000000000000E+000
   8.500000000000E+000  1.000000000000E+000  9.776725408337E-001  5.617996480475E-006  9.151442495322E-010  2.164462707204E-002  2.787251285252E-007  6.769495687082E-004  0.000000000000E+000  0.000000000000E+000  0.000000000000E+000  0.000000000000E+000  0.000000000000E+000  0.000000000000E+000
   8.750000000000E+000  1.000000000000E+000  9.776862238954E-001  6.065625686180E-006  8.386920537171E-009  2.161805039169E-002  2.959282755883E-007  6.893547336393E-004  0.000000000000E+000  0.000000000000E+000  0.000000000000E+000  0.000000000000E+000  0.000000000000E+000  0.000000000000E+000
   9.000000000000E+000  1.000000000000E+000  9.777143300011E-001  6.506905042090E-006  1.608732411180E-008  2.157896081103E-002  3.128664040219E-007  6.998528997504E-004  0.000000000000E+000  0.000000000000E+000  0.000000000000E+000  0.000000000000E+000  0.000000000000E+000  0.000000000000E+000
   9.250000000000E+000  1.000000000000E+000  9.777532318778E-001  6.936053713834E-006  2.348710726645E-008  2.153055225468E-002  3.292085061801E-007  7.089279426199E-004  0.000000000000E+000  0.000000000000E+000  0.000000000000E+000  0.000000000000E+000  0.000000000000E+000  0.000000000000E+000
   9.500000000000E+000  1.000000000000E+000  9.778000894435E-001  7.347559547188E-006  3.084359026340E-008  2.147515801618E-002  3.449071705978E-007  7.169995504017E-004  0.000000000000E+000  0.000000000000E+000  0.000000000000E+000  0.000000000000E+000  0.000000000000E+000  0.000000000000E+000
   9.750000000000E+000  1.000000000000E+000  9.778530286824E-001  7.736603537801E-006  3.797292013110E-008  2.141442575875E-002  3.598265831903E-007  7.244103731389E-004  0.000000000000E+000  0.000000000000E+000  0.000000000000E+000  0.000000000000E+000  0.000000000000E+000  0.000000000000E+000
   1.000000000000E+001  1.000000000000E+000  9.779106074193E-001  8.098987660052E-006  4.465661833661E-008  2.134944900877E-002  3.736654678952E-007  7.314151014305E-004  0.000000000000E+000  0.000000000000E+000  0.000000000000E+000  0.000000000000E+000  0.000000000000E+000  0.000000000000E+000
   1.025000000000E+001  1.000000000000E+000  9.779720593175E-001  8.431507632442E-006  5.084839716983E-008  2.128087868880E-002  3.864345378942E-007  7.381793015610E-004  0.000000000000E+000  0.000000000000E+000  0.000000000000E+000  0.000000000000E+000  0.000000000000E+000  0.000000000000E+000
   1.050000000000E+001  1.000000000000E+000  9.780369648339E-001  8.731820048842E-006  5.646043137371E-008  2.120905693801E-002  3.979862567160E-007  7.448003622494E-004  0.000000000000E+000  0.000000000000E+000  0.000000000000E+000  0.000000000000E+000  0.000000000000E+000  0.000000000000E+000
   1.075000000000E+001  1.000000000000E+000  9.781050484033E-001  8.998568401268E-006  6.157591114390E-008  2.113412838749E-002  4.082122767933E-007  7.513261480838E-004  0.000000000000E+000  0.000000000000E+000  0.000000000000E+000  0.000000000000E+000  0.000000000000E+000  0.000000000000E+000
   1.100000000000E+001  1.000000000000E+000  9.781763805955E-001  9.231489433315E-006  6.614834649478E-008  2.105611968531E-002  4.171652976866E-007  7.577743511934E-004  0.000000000000E+000  0.000000000000E+000  0.000000000000E+000  0.000000000000E+000  0.000000000000E+000  0.000000000000E+000
   1.125000000000E+001  1.000000000000E+000  9.782508922482E-001  9.430146793454E-006  7.004243825103E-008  2.097503907162E-002  4.249319939214E-007  7.641597410689E-004  0.000000000000E+000  0.000000000000E+000  0.000000000000E+000  0.000000000000E+000  0.000000000000E+000  0.000000000000E+000
   1.150000000000E+001  1.000000000000E+000  9.783285356361E-001  9.595248912974E-006  7.330004948569E-008  2.089089529620E-002  4.314855472566E-007  7.704994658906E-004  0.000000000000E+000  0.000000000000E+000  0.000000000000E+000  0.000000000000E+000  0.000000000000E+000  0.000000000000E+000
   1.175000000000E+001  1.000000000000E+000  9.784091916703E-001  9.728359308598E-006  7.608389387851E-008  2.080372040663E-002  4.368376120891E-007  7.768218390806E-004  0.000000000000E+000  0.000000000000E+000  0.000000000000E+000  0.000000000000E+000  0.000000000000E+000  0.000000000000E+000
   1.200000000000E+001  1.000000000000E+000  9.784928848933E-001  9.831205958359E-006  7.825611712932E-008  2.071357321692E-002  4.411591017403E-007  7.831658991110E-004  0.000000000000E+000  0.000000000000E+000  0.000000000000E+000  0.000000000000E+000  0.000000000000E+000  0.000000000000E+000
   1.225000000000E+001  1.000000000000E+000  9.785794463174E-001  9.906556132167E-006  8.001688217144E-008  2.062052454591E-002  4.444523931014E-007  7.895775174393E-004  0.000000000000E+000  0.000000000000E+000  0.000000000000E+000  0.000000000000E+000  0.000000000000E+000  0.000000000000E+000
   1.250000000000E+001  1.000000000000E+000  9.786687753993E-001  9.956365080400E-006  8.130510228790E-008  2.052465588382E-002  4.468674358792E-007  7.961071302898E-004  0.000000000000E+000  0.000000000000E+000  0.000000000000E+000  0.000000000000E+000  0.000000000000E+000  0.000000000000E+000
   1.275000000000E+001  1.000000000000E+000  9.787606591847E-001  9.983873098709E-006  8.215379131088E-008  2.042604197430E-002  4.485223894950E-007  8.028043117942E-004  0.000000000000E+000  0.000000000000E+000  0.000000000000E+000  0.000000000000E+000  0.000000000000E+000  0.000000000000E+000
   1.300000000000E+001  1.000000000000E+000  9.788549784571E-001  9.992365424224E-006  8.282080092574E-008  2.032476775279E-002  4.494365887518E-007  8.097168637515E-004  0.000000000000E+000  0.000000000000E+000  0.000000000000E+000  0.000000000000E+000  0.000000000000E+000  0.000000000000E+000
   1.325000000000E+001  1.000000000000E+000  9.789517008725E-001  9.984278114185E-006  8.304811808436E-008  2.022088659801E-002  4.498501343651E-007  8.168843333370E-004  0.000000000000E+000  0.000000000000E+000  0.000000000000E+000  0.000000000000E+000  0.000000000000E+000  0.000000000000E+000
   1.350000000000E+001  1.000000000000E+000  9.790506721938E-001  9.963109451947E-006  8.315849830685E-008  2.011447878744E-002  4.497395801774E-007  8.243440597977E-004  0.000000000000E+000  0.000000000000E+000  0.000000000000E+000  0.000000000000E+000  0.000000000000E+000  0.000000000000E+000
   1.375000000000E+001  1.000000000000E+000  9.791518031797E-001  9.932286454942E-006  8.319421110458E-008  2.000558722660E-002  4.492231437748E-007  8.321224871392E-004  0.000000000000E+000  0.000000000000E+000  0.000000000000E+000  0.000000000000E+000  0.000000000000E+000  0.000000000000E+000
   1.400000000000E+001  1.000000000000E+000  9.792550773434E-001  9.894020304761E-006  8.303615118097E-008  1.989426822062E-002  4.484836800912E-007  8.402426461056E-004  0.000000000000E+000  0.000000000000E+000  0.000000000000E+000  0.000000000000E+000  0.000000000000E+000  0.000000000000E+000
   1.425000000000E+001  1.000000000000E+000  9.793602931556E-001  9.851181619514E-006  8.278867897410E-008  1.978057699713E-002  4.475533515245E-007  8.487226996442E-004  0.000000000000E+000  0.000000000000E+000  0.000000000000E+000  0.000000000000E+000  0.000000000000E+000  0.000000000000E+000
   1.450000000000E+001  1.000000000000E+000  9.794675321375E-001  9.806298784094E-006  8.249446586992E-008  1.966457982608E-002  4.464975868360E-007  8.575768959239E-004  0.000000000000E+000  0.000000000000E+000  0.000000000000E+000  0.000000000000E+000  0.000000000000E+000  0.000000000000E+000
   1.475000000000E+001  1.000000000000E+000  9.795765415298E-001  9.761867555950E-006  8.222103641026E-008  1.954634658299E-002  4.453637256523E-007  8.668173405877E-004  0.000000000000E+000  0.000000000000E+000  0.000000000000E+000  0.000000000000E+000  0.000000000000E+000  0.000000000000E+000
   1.500000000000E+001  1.000000000000E+000  9.796873446082E-001  9.719572753072E-006  8.193408414421E-008  1.942596097735E-002  4.442573713559E-007  8.764528660411E-004  0.000000000000E+000  0.000000000000E+000  0.000000000000E+000  0.000000000000E+000  0.000000000000E+000  0.000000000000E+000
   1.525000000000E+001  1.000000000000E+000  9.797998158893E-001  9.681139031347E-006  8.174413946029E-008  1.930351300644E-002  4.431331178062E-007  8.864924552200E-004  0.000000000000E+000  0.000000000000E+000  0.000000000000E+000  0.000000000000E+000  0.000000000000E+000  0.000000000000E+000
   1.550000000000E+001  1.000000000000E+000  9.799137713150E-001  9.647846519208E-006  8.159544225641E-008  1.917909198727E-002  4.421558231328E-007  8.969408638307E-004  0.000000000000E+000  0.000000000000E+000  0.000000000000E+000  0.000000000000E+000  0.000000000000E+000  0.000000000000E+000
   1.575000000000E+001  1.000000000000E+000  9.800292258397E-001  9.620832503539E-006  8.148408348754E-008  1.905282067679E-002  4.413011870518E-007  9.078052120389E-004  0.000000000000E+000  0.000000000000E+000  0.000000000000E+000  0.000000000000E+000  0.000000000000E+000  0.000000000000E+000
   1.600000000000E+001  1.000000000000E+000  9.801459683219E-001  9.600966405472E-006  8.144699688222E-008  1.892479605427E-002  4.405194856602E-007  9.190858357962E-004  0.000000000000E+000  0.000000000000E+000  0.000000000000E+000  0.000000000000E+000  0.000000000000E+000  0.000000000000E+000
   1.625000000000E+001  1.000000000000E+000  9.802639428321E-001  9.588859667650E-006  8.145637473737E-008  1.879513408094E-002  4.399418022869E-007  9.307828054075E-004  0.000000000000E+000  0.000000000000E+000  0.000000000000E+000  0.000000000000E+000  0.000000000000E+000  0.000000000000E+000
   1.650000000000E+001  1.000000000000E+000  9.803830034720E-001  9.584886702743E-006  8.151301435983E-008  1.866396511803E-002  4.394504025205E-007  9.428960838221E-004  0.000000000000E+000  0.000000000000E+000  0.000000000000E+000  0.000000000000E+000  0.000000000000E+000  0.000000000000E+000
   1.675000000000E+001  1.000000000000E+000  9.805030500266E-001  9.588878317521E-006  8.164875025724E-008  1.853141070136E-002  4.391308511693E-007  9.554204843227E-004  0.000000000000E+000  0.000000000000E+000  0.000000000000E+000  0.000000000000E+000  0.000000000000E+000  0.000000000000E+000
   1.700000000000E+001  1.000000000000E+000  9.806239550752E-001  9.600840831668E-006  8.182873209976E-008  1.839758022454E-002  4.389405841857E-007  9.683470979589E-004  0.000000000000E+000  0.000000000000E+000  0.000000000000E+000  0.000000000000E+000  0.000000000000E+000  0.000000000000E+000
   1.725000000000E+001  1.000000000000E+000  9.807455583501E-001  9.620489012779E-006  8.206071421581E-008  1.826262917867E-002  4.388645573168E-007  9.816717539364E-004  0.000000000000E+000  0.000000000000E+000  0.000000000000E+000  0.000000000000E+000  0.000000000000E+000  0.000000000000E+000
   1.750000000000E+001  1.000000000000E+000  9.808677584047E-001  9.647250359504E-006  8.232591227759E-008  1.812666609924E-002  4.389334144384E-007  9.953799024930E-004  0.000000000000E+000  0.000000000000E+000  0.000000000000E+000  0.000000000000E+000  0.000000000000E+000  0.000000000000E+000
   1.775000000000E+001  1.000000000000E+000  9.809905304018E-001  9.680565973913E-006  8.257256262512E-008  1.798983285026E-002  4.390603764431E-007  1.009461444338E-003  0.000000000000E+000  0.000000000000E+000  0.000000000000E+000  0.000000000000E+000  0.000000000000E+000  0.000000000000E+000
   1.800000000000E+001  1.000000000000E+000  9.811136165569E-001  9.719852822500E-006  8.281301720739E-008  1.785226391416E-002  4.392648836294E-007  1.023902624618E-003  0.000000000000E+000  0.000000000000E+000  0.000000000000E+000  0.000000000000E+000  0.000000000000E+000  0.000000000000E+000
   1.825000000000E+001  1.000000000000E+000  9.812369410900E-001  9.764292746505E-006  8.303287950778E-008  1.771409099789E-002  4.395165052262E-007  1.038688387009E-003  0.000000000000E+000  0.000000000000E+000  0.000000000000E+000  0.000000000000E+000  0.000000000000E+000  0.000000000000E+000
   1.850000000000E+001  1.000000000000E+000  9.813603926335E-001  9.813128472131E-006  8.322926115828E-008  1.757545192766E-002  4.397841616597E-007  1.053802861809E-003  0.000000000000E+000  0.000000000000E+000  0.000000000000E+000  0.000000000000E+000  0.000000000000E+000  0.000000000000E+000
   1.875000000000E+001  1.000000000000E+000  9.814839186780E-001  9.865552425641E-006  8.339633243156E-008  1.743647030942E-002  4.400641499896E-007  1.069227312368E-003  0.000000000000E+000  0.000000000000E+000  0.000000000000E+000  0.000000000000E+000  0.000000000000E+000  0.000000000000E+000
   1.900000000000E+001  1.000000000000E+000  7.296567345965E-001  5.864251655897E-003  2.912087159341E-001 -3.067673538899E-003 -2.446842834700E-002  8.064028714382E-004  0.000000000000E+000  0.000000000000E+000  0.000000000000E+000  0.000000000000E+000  0.000000000000E+000  0.000000000000E+000
   1.925000000000E+001  1.000000000000E+000  7.401874554511E-001 -6.030083934663E-003  2.960241603848E-001 -1.102315319286E-002 -1.976556626365E-002  6.071796969795E-004  0.000000000000E+000  0.000000000000E+000  0.000000000000E+000  0.000000000000E+000  0.000000000000E+000  0.000000000000E+000
   1.950000000000E+001  1.000000000000E+000  7.264824272478E-001 -8.148865736207E-003  3.081979237083E-001 -9.937077259245E-003 -1.767799647771E-002  1.083588618606E-003  0.000000000000E+000  0.000000000000E+000  0.000000000000E+000  0.000000000000E+000  0.000000000000E+000  0.000000000000E+000
   1.975000000000E+001  1.000000000000E+000  6.968618635828E-001 -1.016554058330E-002  3.364592150446E-001 -9.095071512900E-003 -1.556029163806E-002  1.499851212741E-003  0.000000000000E+000  0.000000000000E+000  0.000000000000E+000  0.000000000000E+000  0.000000000000E+000  0.000000000000E+000
   2.000000000000E+001  1.000000000000E+000  9.845669877130E-001 -5.766270934759E-003  5.357294917904E-003  1.252238840273E-002  7.358591457842E-004  2.583736872778E-003  0.000000000000E+000  0.000000000000E+000  0.000000000000E+000  0.000000000000E+000  0.000000000000E+000  0.000000000000E+000
   2.025000000000E+001  1.000000000000E+000  9.844939151293E-001 -4.998447755387E-003  4.639012850875E-003  1.286285596045E-002  6.500764969059E-004  2.352609837740E-003  0.000000000000E+000  0.000000000000E+000  0.000000000000E+000  0.000000000000E+000  0.000000000000E+000  0.000000000000E+000
   2.050000000000E+001  1.000000000000E+000  9.846043381095E-001 -4.367313657784E-003  4.045415144143E-003  1.307064171284E-002  5.701171669330E-004  2.076820872006E-003  0.000000000000E+000  0.000000000000E+000  0.000000000000E+000  0.000000000000E+000  0.000000000000E+000  0.000000000000E+000
   2.075000000000E+001  1.000000000000E+000  9.847670802359E-001 -3.824894464140E-003  3.531404103428E-003  1.320893380583E-002  4.955116644179E-004  1.821972739801E-003  0.000000000000E+000  0.000000000000E+000  0.000000000000E+000  0.000000000000E+000  0.000000000000E+000  0.000000000000E+000
   2.100000000000E+001  1.000000000000E+000  9.848838647112E-001 -3.356216042527E-003  3.084654113516E-003  1.333709198956E-002  4.263317123964E-004  1.624291285038E-003  0.000000000000E+000  0.000000000000E+000  0.000000000000E+000  0.000000000000E+000  0.000000000000E+000  0.000000000000E+000
   2.125000000000E+001  1.000000000000E+000  9.848990578571E-001 -2.948663038872E-003  2.695039885608E-003  1.349673688678E-002  3.625553871797E-004  1.495281730703E-003  0.000000000000E+000  0.000000000000E+000  0.000000000000E+000  0.000000000000E+000  0.000000000000E+000  0.000000000000E+000
   2.150000000000E+001  1.000000000000E+000  9.847981035764E-001 -2.593606555764E-003  2.355134053886E-003  1.370813526378E-002  3.041476798516E-004  1.428080903337E-003  0.000000000000E+000  0.000000000000E+000  0.000000000000E+000  0.000000000000E+000  0.000000000000E+000  0.000000000000E+000
   2.175000000000E+001  1.000000000000E+000  9.845965295529E-001 -2.283925453310E-003  2.058613482277E-003  1.397212768370E-002  2.510212141427E-004  1.405622437742E-003  0.000000000000E+000  0.000000000000E+000  0.000000000000E+000  0.000000000000E+000  0.000000000000E+000  0.000000000000E+000
   2.200000000000E+001  1.000000000000E+000  9.843182454550E-001 -2.026191018469E-003  1.816226536886E-003  1.428131881800E-002  2.033053847539E-004  1.407076755699E-003  0.000000000000E+000  0.000000000000E+000  0.000000000000E+000  0.000000000000E+000  0.000000000000E+000  0.000000000000E+000
   2.225000000000E+001  1.000000000000E+000  9.840189862689E-001 -1.775230351998E-003  1.577219470898E-003  1.460153384852E-002  1.602264513693E-004  1.417279153823E-003  0.000000000000E+000  0.000000000000E+000  0.000000000000E+000  0.000000000000E+000  0.000000000000E+000  0.000000000000E+000
   2.250000000000E+001  1.000000000000E+000  9.837094436889E-001 -1.577396017102E-003  1.394415998601E-003  1.493039756224E-002  1.222320184956E-004  1.420888771725E-003  0.000000000000E+000  0.000000000000E+000  0.000000000000E+000  0.000000000000E+000  0.000000000000E+000  0.000000000000E+000
   2.275000000000E+001  1.000000000000E+000  9.834371279564E-001 -1.384924455894E-003  1.215100429775E-003  1.523123925013E-002  8.862234190744E-005  1.412861504430E-003  0.000000000000E+000  0.000000000000E+000  0.000000000000E+000  0.000000000000E+000  0.000000000000E+000  0.000000000000E+000
   2.300000000000E+001  1.000000000000E+000  9.831880651337E-001 -1.231985307735E-003  1.078567107016E-003  1.551463548036E-002  5.947111873942E-005  1.391229995502E-003  0.000000000000E+000  0.000000000000E+000  0.000000000000E+000  0.000000000000E+000  0.000000000000E+000  0.000000000000E+000
   2.325000000000E+001  1.000000000000E+000  9.829933337773E-001 -1.083419925862E-003  9.450070942397E-004  1.575314651859E-002  3.430364066357E-005  1.357611619813E-003  0.000000000000E+000  0.000000000000E+000  0.000000000000E+000  0.000000000000E+000  0.000000000000E+000  0.000000000000E+000
   2.350000000000E+001  1.000000000000E+000  9.828185451813E-001 -9.641699780378E-004  8.433379141283E-004  1.597186019023E-002  1.294292726452E-005  1.317465138275E-003  0.000000000000E+000  0.000000000000E+000  0.000000000000E+000  0.000000000000E+000  0.000000000000E+000  0.000000000000E+000
   2.375000000000E+001  1.000000000000E+000  9.826868845641E-001 -8.484505756071E-004  7.446489588597E-004  1.614889046395E-002 -4.917853685452E-006  1.272965479988E-003  0.000000000000E+000  0.000000000000E+000  0.000000000000E+000  0.000000000000E+000  0.000000000000E+000  0.000000000000E+000
   2.400000000000E+001  1.000000000000E+000  9.825572623640E-001 -7.547074289285E-004  6.692022212578E-004  1.631693808163E-002 -1.962187346641E-005  1.230912186656E-003  0.000000000000E+000  0.000000000000E+000  0.000000000000E+000  0.000000000000E+000  0.000000000000E+000  0.000000000000E+000
   2.425000000000E+001  1.000000000000E+000  9.824563514195E-001 -6.639374487258E-004  5.958046017440E-004  1.645279394256E-002 -3.136431021528E-005  1.190348878314E-003  0.000000000000E+000  0.000000000000E+000  0.000000000000E+000  0.000000000000E+000  0.000000000000E+000  0.000000000000E+000
   2.450000000000E+001  1.000000000000E+000  9.823434977001E-001 -5.897668346452E-004  5.396709090303E-004  1.659027253278E-002 -4.055935627099E-005  1.156908671054E-003  0.000000000000E+000  0.000000000000E+000  0.000000000000E+000  0.000000000000E+000  0.000000000000E+000  0.000000000000E+000
   2.475000000000E+001  1.000000000000E+000  9.822323285258E-001 -5.233198196750E-004  4.907124234943E-004  1.671881746680E-002 -4.742476785693E-005  1.128881126641E-003  0.000000000000E+000  0.000000000000E+000  0.000000000000E+000  0.000000000000E+000  0.000000000000E+000  0.000000000000E+000
   2.500000000000E+001  1.000000000000E+000  9.821549083769E-001 -4.567462710184E-004  4.398051785231E-004  1.681252342841E-002 -5.207484276300E-005  1.101610728522E-003  0.000000000000E+000  0.000000000000E+000  0.000000000000E+000  0.000000000000E+000  0.000000000000E+000  0.000000000000E+000
   2.525000000000E+001  1.000000000000E+000  9.820541457434E-001 -4.042472438759E-004  4.028530802325E-004  1.691972132154E-002 -5.505316404433E-005  1.082585823678E-003  0.000000000000E+000  0.000000000000E+000  0.000000000000E+000  0.000000000000E+000  0.000000000000E+000  0.000000000000E+000
   2.550000000000E+001  1.000000000000E+000  9.819592770117E-001 -3.571649566942E-004  3.699495443579E-004  1.701760783630E-002 -5.646309274886E-005  1.066820946865E-003  0.000000000000E+000  0.000000000000E+000  0.000000000000E+000  0.000000000000E+000  0.000000000000E+000  0.000000000000E+000
   2.575000000000E+001  1.000000000000E+000  9.819057146765E-001 -3.104010267385E-004  3.353447772644E-004  1.707702777137E-002 -5.639585348504E-005  1.048687222353E-003  0.000000000000E+000  0.000000000000E+000  0.000000000000E+000  0.000000000000E+000  0.000000000000E+000  0.000000000000E+000
   2.600000000000E+001  1.000000000000E+000  9.818333777876E-001 -2.732416941183E-004  3.093262795974E-004  1.714859388282E-002 -5.533451907690E-005  1.037291180016E-003  0.000000000000E+000  0.000000000000E+000  0.000000000000E+000  0.000000000000E+000  0.000000000000E+000  0.000000000000E+000
   2.625000000000E+001  1.000000000000E+000  9.817721953693E-001 -2.400149686218E-004  2.854669181545E-004  1.720820535638E-002 -5.334028470301E-005  1.027492686535E-003  0.000000000000E+000  0.000000000000E+000  0.000000000000E+000  0.000000000000E+000  0.000000000000E+000  0.000000000000E+000
   2.650000000000E+001  1.000000000000E+000  9.817562200600E-001 -2.073082979825E-004  2.603740538558E-004  1.722718673123E-002 -5.048677075651E-005  1.014002974058E-003  0.000000000000E+000  0.000000000000E+000  0.000000000000E+000  0.000000000000E+000  0.000000000000E+000  0.000000000000E+000
   2.675000000000E+001  1.000000000000E+000  9.817220770483E-001 -1.812862128326E-004  2.403387914799E-004  1.725872977402E-002 -4.715496183675E-005  1.007305237506E-003  0.000000000000E+000  0.000000000000E+000  0.000000000000E+000  0.000000000000E+000  0.000000000000E+000  0.000000000000E+000
   2.700000000000E+001  1.000000000000E+000  9.816988743212E-001 -1.581452439649E-004  2.214863808912E-004  1.727889015604E-002 -4.338302225063E-005  1.002251285261E-003  0.000000000000E+000  0.000000000000E+000  0.000000000000E+000  0.000000000000E+000  0.000000000000E+000  0.000000000000E+000
   2.725000000000E+001  1.000000000000E+000  9.817192793222E-001 -1.355877844051E-004  2.017975362438E-004  1.726003283678E-002 -3.922728436926E-005  9.937055336815E-004  0.000000000000E+000  0.000000000000E+000  0.000000000000E+000  0.000000000000E+000  0.000000000000E+000  0.000000000000E+000
   2.750000000000E+001  1.000000000000E+000  9.817193902355E-001 -1.176981671205E-004  1.850712753961E-004  1.725571228396E-002 -3.496242825696E-005  9.925062645447E-004  0.000000000000E+000  0.000000000000E+000  0.000000000000E+000  0.000000000000E+000  0.000000000000E+000  0.000000000000E+000
   2.775000000000E+001  1.000000000000E+000  9.817280304072E-001 -1.019065421780E-004  1.692340705889E-004  1.724198240177E-002 -3.060398334310E-005  9.932704647917E-004  0.000000000000E+000  0.000000000000E+000  0.000000000000E+000  0.000000000000E+000  0.000000000000E+000  0.000000000000E+000
   2.800000000000E+001  1.000000000000E+000  9.817774405624E-001 -8.666891612304E-005  1.527557448094E-004  1.719185229038E-002 -2.620318402984E-005  9.908048698420E-004  0.000000000000E+000  0.000000000000E+000  0.000000000000E+000  0.000000000000E+000  0.000000000000E+000  0.000000000000E+000
   2.825000000000E+001  1.000000000000E+000  9.818052021796E-001 -7.466149074562E-005  1.383005697323E-004  1.715739665526E-002 -2.192514594389E-005  9.957075422120E-004  0.000000000000E+000  0.000000000000E+000  0.000000000000E+000  0.000000000000E+000  0.000000000000E+000  0.000000000000E+000
   2.850000000000E+001  1.000000000000E+000  9.818401657529E-001 -6.415119179046E-005  1.244504045559E-004  1.711484855012E-002 -1.778161118535E-005  1.002458059048E-003  0.000000000000E+000  0.000000000000E+000  0.000000000000E+000  0.000000000000E+000  0.000000000000E+000  0.000000000000E+000
   2.875000000000E+001  1.000000000000E+000  9.819127176913E-001 -5.408459307300E-005  1.105012360180E-004  1.703862883625E-002 -1.380477965510E-005  1.006035011723E-003  0.000000000000E+000  0.000000000000E+000  0.000000000000E+000  0.000000000000E+000  0.000000000000E+000  0.000000000000E+000
   2.900000000000E+001  1.000000000000E+000  9.819643074681E-001 -4.621237869774E-005  9.794711464957E-005  1.697764337102E-002 -1.008157016141E-005  1.016425773554E-003  0.000000000000E+000  0.000000000000E+000  0.000000000000E+000  0.000000000000E+000  0.000000000000E+000  0.000000000000E+000
   2.925000000000E+001  1.000000000000E+000  9.820220332887E-001 -3.935608633250E-005  8.618232168594E-005  1.690942400038E-002 -6.609781909695E-006  1.028326699271E-003  0.000000000000E+000  0.000000000000E+000  0.000000000000E+000  0.000000000000E+000  0.000000000000E+000  0.000000000000E+000
   2.950000000000E+001  1.000000000000E+000  9.820857319455E-001 -3.340056509124E-005  7.499537471430E-005  1.683441826710E-002 -3.418688508922E-006  1.041651974936E-003  0.000000000000E+000  0.000000000000E+000  0.000000000000E+000  0.000000000000E+000  0.000000000000E+000  0.000000000000E+000
   2.975000000000E+001  1.000000000000E+000  9.821930803027E-001 -2.757660138974E-005  6.395254692429E-005  1.672083962672E-002 -5.233203318902E-007  1.050203559992E-003  0.000000000000E+000  0.000000000000E+000  0.000000000000E+000  0.000000000000E+000  0.000000000000E+000  0.000000000000E+000
   3.000000000000E+001  1.000000000000E+000  9.822713172806E-001 -2.317192389484E-005  5.422519782508E-005  1.662915652171E-002  2.066741105489E-006  1.066417353573E-003  0.000000000000E+000  0.000000000000E+000  0.000000000000E+000  0.000000000000E+000  0.000000000000E+000  0.000000000000E+000
   3.025000000000E+001  1.000000000000E+000  9.823544345343E-001 -1.934040111189E-005  4.523698092095E-005  1.653158966102E-002  4.356086794462E-006  1.083736199992E-003  0.000000000000E+000  0.000000000000E+000  0.000000000000E+000  0.000000000000E+000  0.000000000000E+000  0.000000000000E+000
   3.050000000000E+001  1.000000000000E+000  9.824418954630E-001 -1.599753424339E-005  3.698555490304E-005  1.642862579711E-002  6.347525299898E-006  1.102120117298E-003  0.000000000000E+000  0.000000000000E+000  0.000000000000E+000  0.000000000000E+000  0.000000000000E+000  0.000000000000E+000
   3.075000000000E+001  1.000000000000E+000  9.825671776729E-001 -1.271388837504E-005  2.919921337662E-005  1.629213799356E-002  8.033578258462E-006  1.116151349247E-003  0.000000000000E+000  0.000000000000E+000  0.000000000000E+000  0.000000000000E+000  0.000000000000E+000  0.000000000000E+000
   3.100000000000E+001  1.000000000000E+000  9.826651721835E-001 -1.019805082761E-005  2.249929040688E-005  1.617616479243E-002  9.452545569039E-006  1.136905281169E-003  0.000000000000E+000  0.000000000000E+000  0.000000000000E+000  0.000000000000E+000  0.000000000000E+000  0.000000000000E+000
   3.125000000000E+001  1.000000000000E+000  9.827663728904E-001 -7.975912538303E-006  1.654933327762E-005  1.605593560447E-002  1.060934863878E-005  1.158491140441E-003  0.000000000000E+000  0.000000000000E+000  0.000000000000E+000  0.000000000000E+000  0.000000000000E+000  0.000000000000E+000
   3.150000000000E+001  1.000000000000E+000  9.828702238255E-001 -6.003310324268E-006  1.133060609866E-005  1.593205529309E-002  1.152095652013E-005  1.180900663244E-003  0.000000000000E+000  0.000000000000E+000  0.000000000000E+000  0.000000000000E+000  0.000000000000E+000  0.000000000000E+000
   3.175000000000E+001  1.000000000000E+000  9.830057735111E-001 -4.041582890421E-006  6.636312985772E-006  1.577999101198E-002  1.218150277662E-005  1.199473590047E-003  0.000000000000E+000  0.000000000000E+000  0.000000000000E+000  0.000000000000E+000  0.000000000000E+000  0.000000000000E+000
   3.200000000000E+001  1.000000000000E+000  9.831166100585E-001 -2.483583917834E-006  2.819641030917E-006  1.564669420257E-002  1.265388697842E-005  1.223723598680E-003  0.000000000000E+000  0.000000000000E+000  0.000000000000E+000  0.000000000000E+000  0.000000000000E+000  0.000000000000E+000
   3.225000000000E+001  1.000000000000E+000  9.832292752792E-001 -1.074750713156E-006 -3.438624104917E-007  1.551071457072E-002  1.293392661286E-005  1.248507936860E-003  0.000000000000E+000  0.000000000000E+000  0.000000000000E+000  0.000000000000E+000  0.000000000000E+000  0.000000000000E+000
   3.250000000000E+001  1.000000000000E+000  9.833432557590E-001  2.060283922505E-007 -2.901645263042E-006  1.537260362186E-002  1.304784003500E-005  1.273811308152E-003  0.000000000000E+000  0.000000000000E+000  0.000000000000E+000  0.000000000000E+000  0.000000000000E+000  0.000000000000E+000
   3.275000000000E+001  1.000000000000E+000  9.834581526926E-001  1.373542251445E-006 -4.950571623565E-006  1.523284100349E-002  1.302434134787E-005  1.299579439266E-003  0.000000000000E+000  0.000000000000E+000  0.000000000000E+000  0.000000000000E+000  0.000000000000E+000  0.000000000000E+000
   3.300000000000E+001  1.000000000000E+000  9.836034408475E-001  2.562058391245E-006 -6.558947845505E-006  1.506646319056E-002  1.284039555400E-005  1.321238156331E-003  0.000000000000E+000  0.000000000000E+000  0.000000000000E+000  0.000000000000E+000  0.000000000000E+000  0.000000000000E+000
   3.325000000000E+001  1.000000000000E+000  9.837228476767E-001  3.526232044272E-006 -7.575026668428E-006  1.492050449691E-002  1.257065764956E-005  1.348130898218E-003  0.000000000000E+000  0.000000000000E+000  0.000000000000E+000  0.000000000000E+000  0.000000000000E+000  0.000000000000E+000
   3.350000000000E+001  1.000000000000E+000  9.838427464854E-001  4.408589470511E-006 -8.210411773074E-006  1.477366845989E-002  1.221547829158E-005  1.375152908209E-003  0.000000000000E+000  0.000000000000E+000  0.000000000000E+000  0.000000000000E+000  0.000000000000E+000  0.000000000000E+000
   3.375000000000E+001  1.000000000000E+000  9.839626191846E-001  5.212972012561E-006 -8.454084142997E-006  1.462650811446E-002  1.178246392781E-005  1.402330933245E-003  0.000000000000E+000  0.000000000000E+000  0.000000000000E+000  0.000000000000E+000  0.000000000000E+000  0.000000000000E+000
   3.400000000000E+001  1.000000000000E+000  9.840821111814E-001  5.945185722396E-006 -8.425220467442E-006  1.447944763477E-002  1.129750505996E-005  1.429640119467E-003  0.000000000000E+000  0.000000000000E+000  0.000000000000E+000  0.000000000000E+000  0.000000000000E+000  0.000000000000E+000
   3.425000000000E+001  1.000000000000E+000  9.842239277492E-001  6.665295637644E-006 -8.210681753105E-006  1.431312588929E-002  1.075538659816E-005  1.453739726493E-003  0.000000000000E+000  0.000000000000E+000  0.000000000000E+000  0.000000000000E+000  0.000000000000E+000  0.000000000000E+000
   3.450000000000E+001  1.000000000000E+000  9.843450112137E-001  7.252466874219E-006 -7.704685705237E-006  1.416369617473E-002  1.019828563989E-005  1.481570504557E-003  0.000000000000E+000  0.000000000000E+000  0.000000000000E+000  0.000000000000E+000  0.000000000000E+000  0.000000000000E+000
   3.475000000000E+001  1.000000000000E+000  9.844653222423E-001  7.774767344672E-006 -7.023906931715E-006  1.401506089190E-002  9.622002051829E-006  1.509258348984E-003  0.000000000000E+000  0.000000000000E+000  0.000000000000E+000  0.000000000000E+000  0.000000000000E+000  0.000000000000E+000
   3.500000000000E+001  1.000000000000E+000  9.845844232408E-001  8.231973393510E-006 -6.244182710173E-006  1.386772018937E-002  9.042556367740E-006  1.536841974840E-003  0.000000000000E+000  0.000000000000E+000  0.000000000000E+000  0.000000000000E+000  0.000000000000E+000  0.000000000000E+000
   3.525000000000E+001  1.000000000000E+000  9.847019792452E-001  8.628612123404E-006 -5.372903199431E-006  1.372199999451E-002  8.463454603586E-006  1.564297451572E-003  0.000000000000E+000  0.000000000000E+000  0.000000000000E+000  0.000000000000E+000  0.000000000000E+000  0.000000000000E+000
   3.550000000000E+001  1.000000000000E+000  9.848347367474E-001  8.994653109558E-006 -4.504666067962E-006  1.356350777335E-002  7.889460878683E-006  1.589360894758E-003  0.000000000000E+000  0.000000000000E+000  0.000000000000E+000  0.000000000000E+000  0.000000000000E+000  0.000000000000E+000
   3.575000000000E+001  1.000000000000E+000  9.849517381425E-001  9.271026145174E-006 -3.578380205222E-006  1.341844730637E-002  7.340009111203E-006  1.616772876779E-003  0.000000000000E+000  0.000000000000E+000  0.000000000000E+000  0.000000000000E+000  0.000000000000E+000  0.000000000000E+000
   3.600000000000E+001  1.000000000000E+000  9.850670113533E-001  9.494550455746E-006 -2.657167468750E-006  1.327553574664E-002  6.810342073076E-006  1.643798902227E-003  0.000000000000E+000  0.000000000000E+000  0.000000000000E+000  0.000000000000E+000  0.000000000000E+000  0.000000000000E+000
   3.625000000000E+001  1.000000000000E+000  9.851802093303E-001  9.669758628327E-006 -1.768595434825E-006  1.313511097553E-002  6.305107634566E-006  1.670471074474E-003  0.000000000000E+000  0.000000000000E+000  0.000000000000E+000  0.000000000000E+000  0.000000000000E+000  0.000000000000E+000
   3.650000000000E+001  1.000000000000E+000  9.852910507643E-001  9.799697170981E-006 -9.400454620690E-007  1.299748347702E-002  5.832415556736E-006  1.696786931944E-003  0.000000000000E+000  0.000000000000E+000  0.000000000000E+000  0.000000000000E+000  0.000000000000E+000  0.000000000000E+000
   3.675000000000E+001  1.000000000000E+000  9.853993282857E-001  9.888205141619E-006 -1.747140653098E-007  1.286284688006E-002  5.388184322969E-006  1.722698011127E-003  0.000000000000E+000  0.000000000000E+000  0.000000000000E+000  0.000000000000E+000  0.000000000000E+000  0.000000000000E+000
   3.700000000000E+001  1.000000000000E+000  9.855178271034E-001  9.959046256281E-006  5.003833869548E-007  1.271993487200E-002  4.974441515283E-006  1.746796847691E-003  0.000000000000E+000  0.000000000000E+000  0.000000000000E+000  0.000000000000E+000  0.000000000000E+000  0.000000000000E+000
   3.725000000000E+001  1.000000000000E+000  9.856242973246E-001  9.981353863919E-006  1.105666183347E-006  1.258792597405E-002  4.594937097480E-006  1.772090015738E-003  0.000000000000E+000  0.000000000000E+000  0.000000000000E+000  0.000000000000E+000  0.000000000000E+000  0.000000000000E+000
   3.750000000000E+001  1.000000000000E+000  9.857283053857E-001  9.978858044199E-006  1.621834353301E-006  1.245913088036E-002  4.248403514799E-006  1.796724883852E-003  0.000000000000E+000  0.000000000000E+000  0.000000000000E+000  0.000000000000E+000  0.000000000000E+000  0.000000000000E+000
   3.775000000000E+001  1.000000000000E+000  9.858294023434E-001  9.956630484324E-006  2.047456385203E-006  1.233386380934E-002  3.933106838741E-006  1.820784329350E-003  0.000000000000E+000  0.000000000000E+000  0.000000000000E+000  0.000000000000E+000  0.000000000000E+000  0.000000000000E+000
   3.800000000000E+001  1.000000000000E+000  9.859274156489E-001  9.919965798148E-006  2.385595994061E-006  1.221233564823E-002  3.649098872454E-006  1.844299495458E-003  0.000000000000E+000  0.000000000000E+000  0.000000000000E+000  0.000000000000E+000  0.000000000000E+000  0.000000000000E+000
   3.825000000000E+001  1.000000000000E+000  9.860221494906E-001  9.873448461304E-006  2.631997623494E-006  1.209469114905E-002  3.390672949358E-006  1.867256418896E-003  0.000000000000E+000  0.000000000000E+000  0.000000000000E+000  0.000000000000E+000  0.000000000000E+000  0.000000000000E+000
   3.850000000000E+001  1.000000000000E+000  9.861135973901E-001  9.821901569927E-006  2.800066498449E-006  1.198102964112E-002  3.160795338506E-006  1.889605741401E-003  0.000000000000E+000  0.000000000000E+000  0.000000000000E+000  0.000000000000E+000  0.000000000000E+000  0.000000000000E+000
   3.875000000000E+001  1.000000000000E+000  9.862088406870E-001  9.777851214458E-006  2.897504578313E-006  1.186447163050E-002  2.957732951419E-006  1.911054015955E-003  0.000000000000E+000  0.000000000000E+000  0.000000000000E+000  0.000000000000E+000  0.000000000000E+000  0.000000000000E+000
   3.900000000000E+001  1.000000000000E+000  9.862975456460E-001  9.730147027521E-006  2.925314303408E-006  1.175469751263E-002  2.776353941523E-006  1.932350213180E-003  0.000000000000E+000  0.000000000000E+000  0.000000000000E+000  0.000000000000E+000  0.000000000000E+000  0.000000000000E+000
   3.925000000000E+001  1.000000000000E+000  9.863831957718E-001  9.688752578599E-006  2.890313267682E-006  1.164879732691E-002  2.614196297515E-006  1.952811113986E-003  0.000000000000E+000  0.000000000000E+000  0.000000000000E+000  0.000000000000E+000  0.000000000000E+000  0.000000000000E+000
   3.950000000000E+001  1.000000000000E+000  9.864654919837E-001  9.656943189998E-006  2.803985168066E-006  1.154702011073E-002  2.470139875600E-006  1.972559533882E-003  0.000000000000E+000  0.000000000000E+000  0.000000000000E+000  0.000000000000E+000  0.000000000000E+000  0.000000000000E+000
   3.975000000000E+001  1.000000000000E+000  9.865441546350E-001  9.636878748317E-006  2.673449790624E-006  1.144950971652E-002  2.341418622113E-006  1.991657847886E-003  0.000000000000E+000  0.000000000000E+000  0.000000000000E+000  0.000000000000E+000  0.000000000000E+000  0.000000000000E+000
   4.000000000000E+001  1.000000000000E+000  9.866191680091E-001  9.630642974810E-006  2.511380611016E-006  1.135633848883E-002  2.227461919407E-006  2.010113493784E-003  0.000000000000E+000  0.000000000000E+000  0.000000000000E+000  0.000000000000E+000  0.000000000000E+000  0.000000000000E+000
   4.025000000000E+001  1.000000000000E+000  9.866905232524E-001  9.639208354221E-006  2.320965964220E-006  1.126751852851E-002  2.124268848140E-006  2.027891714838E-003  0.000000000000E+000  0.000000000000E+000  0.000000000000E+000  0.000000000000E+000  0.000000000000E+000  0.000000000000E+000
   4.050000000000E+001  1.000000000000E+000  9.867582396943E-001  9.662836872688E-006  2.110730239108E-006  1.118303508333E-002  2.030286555956E-006  2.044935616617E-003  0.000000000000E+000  0.000000000000E+000  0.000000000000E+000  0.000000000000E+000  0.000000000000E+000  0.000000000000E+000
   4.075000000000E+001  1.000000000000E+000  9.868224161856E-001  9.702183683916E-006  1.886850571982E-006  1.110286044086E-002  1.943048341204E-006  2.061186305403E-003  0.000000000000E+000  0.000000000000E+000  0.000000000000E+000  0.000000000000E+000  0.000000000000E+000  0.000000000000E+000
   4.100000000000E+001  1.000000000000E+000  9.868831851000E-001  9.757213686096E-006  1.659359362034E-006  1.102696449700E-002  1.862587392434E-006  2.076586605419E-003  0.000000000000E+000  0.000000000000E+000  0.000000000000E+000  0.000000000000E+000  0.000000000000E+000  0.000000000000E+000
   4.125000000000E+001  1.000000000000E+000  9.869408113090E-001  9.830682128772E-006  1.433383651627E-006  1.095369238375E-002  1.788620711124E-006  2.092463238767E-003  0.000000000000E+000  0.000000000000E+000  0.000000000000E+000  0.000000000000E+000  0.000000000000E+000  0.000000000000E+000
   4.150000000000E+001  1.000000000000E+000  9.870002572931E-001  9.917577139270E-006  1.211479082346E-006  1.088050064999E-002  1.716610620258E-006  2.106412316299E-003  0.000000000000E+000  0.000000000000E+000  0.000000000000E+000  0.000000000000E+000  0.000000000000E+000  0.000000000000E+000
   4.175000000000E+001  1.000000000000E+000  9.870566880406E-001  1.001694827101E-005  9.982889466783E-007  1.081118912814E-002  1.645505082195E-006  2.119434265757E-003  0.000000000000E+000  0.000000000000E+000  0.000000000000E+000  0.000000000000E+000  0.000000000000E+000  0.000000000000E+000
   4.200000000000E+001  1.000000000000E+000  9.871097284722E-001  1.012716732895E-005  7.994339456550E-007  1.074599311320E-002  1.576535975089E-006  2.131765321535E-003  0.000000000000E+000  0.000000000000E+000  0.000000000000E+000  0.000000000000E+000  0.000000000000E+000  0.000000000000E+000
   4.225000000000E+001  1.000000000000E+000  9.871590807990E-001  1.024628167528E-005  6.163621697035E-007  1.068501449304E-002  1.507488783653E-006  2.143539418177E-003  0.000000000000E+000  0.000000000000E+000  0.000000000000E+000  0.000000000000E+000  0.000000000000E+000  0.000000000000E+000
   4.250000000000E+001  1.000000000000E+000  9.872046850508E-001  1.037250292902E-005  4.512829215705E-007  1.062825239640E-002  1.438712876709E-006  2.154799135470E-003  0.000000000000E+000  0.000000000000E+000  0.000000000000E+000  0.000000000000E+000  0.000000000000E+000  0.000000000000E+000
   4.275000000000E+001  1.000000000000E+000  9.872466419791E-001  1.050409804271E-005  3.049699186104E-007  1.057563169452E-002  1.369735248938E-006  2.165519105000E-003  0.000000000000E+000  0.000000000000E+000  0.000000000000E+000  0.000000000000E+000  0.000000000000E+000  0.000000000000E+000
   4.300000000000E+001  1.000000000000E+000  9.872852556469E-001  1.063908948914E-005  1.784298063037E-007  1.052702766777E-002  1.299300914525E-006  2.175628987883E-003  0.000000000000E+000  0.000000000000E+000  0.000000000000E+000  0.000000000000E+000  0.000000000000E+000  0.000000000000E+000
   4.325000000000E+001  1.000000000000E+000  9.873205267327E-001  1.077567127568E-005  7.236824292714E-008  1.048231721835E-002  1.227137532653E-006  2.185055122382E-003  0.000000000000E+000  0.000000000000E+000  0.000000000000E+000  0.000000000000E+000  0.000000000000E+000  0.000000000000E+000
   4.350000000000E+001  1.000000000000E+000  9.873528677510E-001  1.091181547923E-005 -1.450420167080E-008  1.044137046785E-002  1.153979478931E-006  2.193724655003E-003  0.000000000000E+000  0.000000000000E+000  0.000000000000E+000  0.000000000000E+000  0.000000000000E+000  0.000000000000E+000
   4.375000000000E+001  1.000000000000E+000  9.873822494599E-001  1.104563770082E-005 -8.219367614104E-008  1.040409820499E-002  1.079320545948E-006  2.201600011667E-003  0.000000000000E+000  0.000000000000E+000  0.000000000000E+000  0.000000000000E+000  0.000000000000E+000  0.000000000000E+000
   4.400000000000E+001  1.000000000000E+000  9.874089187823E-001  1.117578882650E-005 -1.329416051878E-007  1.037039874497E-002  1.003810307286E-006  2.208657481945E-003  0.000000000000E+000  0.000000000000E+000  0.000000000000E+000  0.000000000000E+000  0.000000000000E+000  0.000000000000E+000
   4.425000000000E+001  1.000000000000E+000  9.874327959016E-001  1.130108217032E-005 -1.664901781567E-007  1.034023013228E-002  9.269245323830E-007  2.214912376830E-003  0.000000000000E+000  0.000000000000E+000  0.000000000000E+000  0.000000000000E+000  0.000000000000E+000  0.000000000000E+000
   4.450000000000E+001  1.000000000000E+000  9.874540124319E-001  1.142015320548E-005 -1.860059418377E-007  1.031350496528E-002  8.494182464021E-007  2.220380595223E-003  0.000000000000E+000  0.000000000000E+000  0.000000000000E+000  0.000000000000E+000  0.000000000000E+000  0.000000000000E+000
   4.475000000000E+001  1.000000000000E+000  9.874726223502E-001  1.153206260342E-005 -1.928837384823E-007  1.029018577415E-002  7.714169766498E-007  2.225101046092E-003  0.000000000000E+000  0.000000000000E+000  0.000000000000E+000  0.000000000000E+000  0.000000000000E+000  0.000000000000E+000
   4.500000000000E+001  1.000000000000E+000  9.874819062533E-001  1.163929088230E-005 -1.890491365790E-007  1.027383950266E-002  6.933365263293E-007  2.232093350618E-003  0.000000000000E+000  0.000000000000E+000  0.000000000000E+000  0.000000000000E+000  0.000000000000E+000  0.000000000000E+000
   4.525000000000E+001  1.000000000000E+000  9.875029773643E-001  1.173769614719E-005 -1.749493633316E-007  1.024917814360E-002  6.162501252514E-007  2.235644561720E-003  0.000000000000E+000  0.000000000000E+000  0.000000000000E+000  0.000000000000E+000  0.000000000000E+000  0.000000000000E+000
   4.550000000000E+001  1.000000000000E+000  9.875220106467E-001  1.182694591224E-005 -1.527911364567E-007  1.022722080123E-002  5.394183135555E-007  2.238570212066E-003  0.000000000000E+000  0.000000000000E+000  0.000000000000E+000  0.000000000000E+000  0.000000000000E+000  0.000000000000E+000
   4.575000000000E+001  1.000000000000E+000  9.875383660849E-001  1.190678659243E-005 -1.259071733435E-007  1.020818897196E-002  4.632968965517E-007  2.241183220962E-003  0.000000000000E+000  0.000000000000E+000  0.000000000000E+000  0.000000000000E+000  0.000000000000E+000  0.000000000000E+000
   4.600000000000E+001  1.000000000000E+000  9.875519569026E-001  1.197721680864E-005 -9.456854623417E-008  1.019214647651E-002  3.881016031655E-007  2.243648235821E-003  0.000000000000E+000  0.000000000000E+000  0.000000000000E+000  0.000000000000E+000  0.000000000000E+000  0.000000000000E+000
   4.625000000000E+001  1.000000000000E+000  9.875627101666E-001  1.203849806589E-005 -6.027362442112E-008  1.017902206287E-002  3.141949264738E-007  2.245997563362E-003  0.000000000000E+000  0.000000000000E+000  0.000000000000E+000  0.000000000000E+000  0.000000000000E+000  0.000000000000E+000
   4.650000000000E+001  1.000000000000E+000  9.875708588813E-001  1.209075854497E-005 -2.475575455469E-008  1.016866197936E-002  2.418461054728E-007  2.248175109484E-003  0.000000000000E+000  0.000000000000E+000  0.000000000000E+000  0.000000000000E+000  0.000000000000E+000  0.000000000000E+000
   4.675000000000E+001  1.000000000000E+000  9.875767357289E-001  1.213403996923E-005  1.077912243111E-008  1.016087197333E-002  1.712985625522E-007  2.250080757479E-003  0.000000000000E+000  0.000000000000E+000  0.000000000000E+000  0.000000000000E+000  0.000000000000E+000  0.000000000000E+000
   4.700000000000E+001  1.000000000000E+000  9.875805963850E-001  1.216929971241E-005  4.546259930274E-008  1.015545386697E-002  1.028764928446E-007  2.251608585985E-003  0.000000000000E+000  0.000000000000E+000  0.000000000000E+000  0.000000000000E+000  0.000000000000E+000  0.000000000000E+000
   4.725000000000E+001  1.000000000000E+000  9.875827553337E-001  1.219715765338E-005  7.844886438043E-008  1.015222991831E-002  3.689161717808E-008  2.252675097710E-003  0.000000000000E+000  0.000000000000E+000  0.000000000000E+000  0.000000000000E+000  0.000000000000E+000  0.000000000000E+000
   4.750000000000E+001  1.000000000000E+000  9.875834163892E-001  1.221822967873E-005  1.089031158711E-007  1.015104979248E-002 -2.649663896873E-008  2.253227490050E-003  0.000000000000E+000  0.000000000000E+000  0.000000000000E+000  0.000000000000E+000  0.000000000000E+000  0.000000000000E+000
   4.775000000000E+001  1.000000000000E+000  9.875826801415E-001  1.223339212851E-005  1.363615206806E-007  1.015181079401E-002 -8.750496395791E-008  2.253255784264E-003  0.000000000000E+000  0.000000000000E+000  0.000000000000E+000  0.000000000000E+000  0.000000000000E+000  0.000000000000E+000
   4.800000000000E+001  1.000000000000E+000  9.875805361552E-001  1.224341731112E-005  1.605137597514E-007  1.015441898268E-002 -1.456155515006E-007  2.252773940634E-003  0.000000000000E+000  0.000000000000E+000  0.000000000000E+000  0.000000000000E+000  0.000000000000E+000  0.000000000000E+000
   4.825000000000E+001  1.000000000000E+000  9.875771422409E-001  1.224904221487E-005  1.811008049290E-007  1.015881469502E-002 -2.007328170566E-007  2.251820265007E-003  0.000000000000E+000  0.000000000000E+000  0.000000000000E+000  0.000000000000E+000  0.000000000000E+000  0.000000000000E+000
   4.850000000000E+001  1.000000000000E+000  9.875724393349E-001  1.225126092457E-005  1.981531586453E-007  1.016494542930E-002 -2.530231392992E-007  2.250446978391E-003  0.000000000000E+000  0.000000000000E+000  0.000000000000E+000  0.000000000000E+000  0.000000000000E+000  0.000000000000E+000
   4.875000000000E+001  1.000000000000E+000  9.875663991232E-001  1.225065567661E-005  2.114167545263E-007  1.017273560982E-002 -3.019111315603E-007  2.248694799829E-003  0.000000000000E+000  0.000000000000E+000  0.000000000000E+000  0.000000000000E+000  0.000000000000E+000  0.000000000000E+000
   4.900000000000E+001  1.000000000000E+000  9.875591251293E-001  1.224813874568E-005  2.213415975667E-007  1.018213463919E-002 -3.479904090191E-007  2.246612085514E-003  0.000000000000E+000  0.000000000000E+000  0.000000000000E+000  0.000000000000E+000  0.000000000000E+000  0.000000000000E+000
   4.925000000000E+001  1.000000000000E+000  9.875506263405E-001  1.224402864777E-005  2.273828217330E-007  1.019305246783E-002 -3.899973601385E-007  2.244227722160E-003  0.000000000000E+000  0.000000000000E+000  0.000000000000E+000  0.000000000000E+000  0.000000000000E+000  0.000000000000E+000
   4.950000000000E+001  1.000000000000E+000  9.875409685950E-001  1.223887827947E-005  2.308292554445E-007  1.020541233365E-002 -4.297325075907E-007  2.241568793662E-003  0.000000000000E+000  0.000000000000E+000  0.000000000000E+000  0.000000000000E+000  0.000000000000E+000  0.000000000000E+000
   4.975000000000E+001  1.000000000000E+000  9.875302343070E-001  1.223331934493E-005  2.313913448895E-007  1.021912105928E-002 -4.661121279963E-007  2.238653220200E-003  0.000000000000E+000  0.000000000000E+000  0.000000000000E+000  0.000000000000E+000  0.000000000000E+000  0.000000000000E+000
   5.000000000000E+001  1.000000000000E+000  9.875184365108E-001  1.222758210351E-005  2.297757060025E-007  1.023408432748E-002 -4.998446217132E-007  2.235494275540E-003  0.000000000000E+000  0.000000000000E+000  0.000000000000E+000  0.000000000000E+000  0.000000000000E+000  0.000000000000E+000
   5.025000000000E+001  1.000000000000E+000  9.875057463389E-001  1.222221080395E-005  2.258759420096E-007  1.025020673112E-002 -5.300491159080E-007  2.232104560142E-003  0.000000000000E+000  0.000000000000E+000  0.000000000000E+000  0.000000000000E+000  0.000000000000E+000  0.000000000000E+000
   5.050000000000E+001  1.000000000000E+000  9.874922521414E-001  1.221747107282E-005  2.200914982878E-007  1.026739358917E-002 -5.568351272731E-007  2.228496135753E-003  0.000000000000E+000  0.000000000000E+000  0.000000000000E+000  0.000000000000E+000  0.000000000000E+000  0.000000000000E+000
   5.075000000000E+001  1.000000000000E+000  9.874779321385E-001  1.221367478659E-005  2.131482888040E-007  1.028555399543E-002 -5.811223736377E-007  2.224682964342E-003  0.000000000000E+000  0.000000000000E+000  0.000000000000E+000  0.000000000000E+000  0.000000000000E+000  0.000000000000E+000
   5.100000000000E+001  1.000000000000E+000  9.874629360176E-001  1.221086051773E-005  2.050278137817E-007  1.030459070889E-002 -6.020090189267E-007  2.220676543893E-003  0.000000000000E+000  0.000000000000E+000  0.000000000000E+000  0.000000000000E+000  0.000000000000E+000  0.000000000000E+000
   5.125000000000E+001  1.000000000000E+000  9.874473123787E-001  1.220931441011E-005  1.964418232333E-007  1.032442729342E-002 -6.206987974833E-007  2.216498478119E-003  0.000000000000E+000  0.000000000000E+000  0.000000000000E+000  0.000000000000E+000  0.000000000000E+000  0.000000000000E+000
   5.150000000000E+001  1.000000000000E+000  9.874311372311E-001  1.220894309232E-005  1.874705555690E-007  1.034497122142E-002 -6.365258538265E-007  2.212161005016E-003  0.000000000000E+000  0.000000000000E+000  0.000000000000E+000  0.000000000000E+000  0.000000000000E+000  0.000000000000E+000
   5.175000000000E+001  1.000000000000E+000  9.874144156555E-001  1.220959235820E-005  1.784862012454E-007  1.036615192693E-002 -6.499120037787E-007  2.207687472125E-003  0.000000000000E+000  0.000000000000E+000  0.000000000000E+000  0.000000000000E+000  0.000000000000E+000  0.000000000000E+000
   5.200000000000E+001  1.000000000000E+000  9.873972785334E-001  1.221119166005E-005  1.696346140828E-007  1.038788291370E-002 -6.604227981492E-007  2.203093267865E-003  0.000000000000E+000  0.000000000000E+000  0.000000000000E+000  0.000000000000E+000  0.000000000000E+000  0.000000000000E+000
   5.225000000000E+001  1.000000000000E+000  9.873798124036E-001  1.221362217502E-005  1.612364316377E-007  1.041009314149E-002 -6.687740420843E-007  2.198397464289E-003  0.000000000000E+000  0.000000000000E+000  0.000000000000E+000  0.000000000000E+000  0.000000000000E+000  0.000000000000E+000
   5.250000000000E+001  1.000000000000E+000  9.873619914098E-001  1.221682970937E-005  1.534141719145E-007  1.043270293908E-002 -6.746532815714E-007  2.193616606792E-003  0.000000000000E+000  0.000000000000E+000  0.000000000000E+000  0.000000000000E+000  0.000000000000E+000  0.000000000000E+000
   5.275000000000E+001  1.000000000000E+000  9.873438767495E-001  1.222044828925E-005  1.462930650460E-007  1.045564346700E-002 -6.779008954540E-007  2.188768245750E-003  0.000000000000E+000  0.000000000000E+000  0.000000000000E+000  0.000000000000E+000  0.000000000000E+000  0.000000000000E+000
   5.300000000000E+001  1.000000000000E+000  9.873256307334E-001  1.222447438410E-005  1.400261714561E-007  1.047884002963E-002 -6.794744014666E-007  2.183866583795E-003  0.000000000000E+000  0.000000000000E+000  0.000000000000E+000  0.000000000000E+000  0.000000000000E+000  0.000000000000E+000
   5.325000000000E+001  1.000000000000E+000  9.873071815459E-001  1.222874118565E-005  1.346411796823E-007  1.050222542744E-002 -6.783734197390E-007  2.178927814719E-003  0.000000000000E+000  0.000000000000E+000  0.000000000000E+000  0.000000000000E+000  0.000000000000E+000  0.000000000000E+000
   5.350000000000E+001  1.000000000000E+000  9.872886343526E-001  1.223305173194E-005  1.301869307087E-007  1.052573046514E-002 -6.757471049236E-007  2.173963953598E-003  0.000000000000E+000  0.000000000000E+000  0.000000000000E+000  0.000000000000E+000  0.000000000000E+000  0.000000000000E+000
   5.375000000000E+001  1.000000000000E+000  9.872700029160E-001  1.223706209589E-005  1.266859091389E-007  1.054929269458E-002 -6.715066262304E-007  2.168989995972E-003  0.000000000000E+000  0.000000000000E+000  0.000000000000E+000  0.000000000000E+000  0.000000000000E+000  0.000000000000E+000
   5.400000000000E+001  1.000000000000E+000  9.872514642027E-001  1.224074583874E-005  1.241417612461E-007  1.057284637226E-002 -6.651713230934E-007  2.164016722758E-003  0.000000000000E+000  0.000000000000E+000  0.000000000000E+000  0.000000000000E+000  0.000000000000E+000  0.000000000000E+000
   5.425000000000E+001  1.000000000000E+000  9.872329094095E-001  1.224383944070E-005  1.225086099719E-007  1.059633289330E-002 -6.567953669454E-007  2.159057423667E-003  0.000000000000E+000  0.000000000000E+000  0.000000000000E+000  0.000000000000E+000  0.000000000000E+000  0.000000000000E+000
   5.450000000000E+001  1.000000000000E+000  9.872144849454E-001  1.224618895085E-005  1.216993136349E-007  1.061969397082E-002 -6.468365050046E-007  2.154123577106E-003  0.000000000000E+000  0.000000000000E+000  0.000000000000E+000  0.000000000000E+000  0.000000000000E+000  0.000000000000E+000
   5.475000000000E+001  1.000000000000E+000  9.871961750247E-001  1.224769103150E-005  1.216379702654E-007  1.064287751618E-002 -6.357367433644E-007  2.149226102562E-003  0.000000000000E+000  0.000000000000E+000  0.000000000000E+000  0.000000000000E+000  0.000000000000E+000  0.000000000000E+000
   5.500000000000E+001  1.000000000000E+000  9.871780421288E-001  1.224824107129E-005  1.222849201581E-007  1.066582977417E-002 -6.233356888171E-007  2.144376021996E-003  0.000000000000E+000  0.000000000000E+000  0.000000000000E+000  0.000000000000E+000  0.000000000000E+000  0.000000000000E+000
   5.525000000000E+001  1.000000000000E+000  9.871601784026E-001  1.224756452912E-005  1.235823517227E-007  1.068850457437E-002 -6.095813925395E-007  2.139584979840E-003  0.000000000000E+000  0.000000000000E+000  0.000000000000E+000  0.000000000000E+000  0.000000000000E+000  0.000000000000E+000
   5.550000000000E+001  1.000000000000E+000  9.871425141317E-001  1.224590449639E-005  1.254494722190E-007  1.071085393556E-002 -5.944516158894E-007  2.134861895113E-003  0.000000000000E+000  0.000000000000E+000  0.000000000000E+000  0.000000000000E+000  0.000000000000E+000  0.000000000000E+000
   5.575000000000E+001  1.000000000000E+000  9.871251799014E-001  1.224275381042E-005  1.277913122122E-007  1.073283562433E-002 -5.773023833902E-007  2.130217106178E-003  0.000000000000E+000  0.000000000000E+000  0.000000000000E+000  0.000000000000E+000  0.000000000000E+000  0.000000000000E+000
   5.600000000000E+001  1.000000000000E+000  9.871081206090E-001  1.223838753355E-005  1.304338688861E-007  1.075440818933E-002 -5.599014283729E-007  2.125658070764E-003  0.000000000000E+000  0.000000000000E+000  0.000000000000E+000  0.000000000000E+000  0.000000000000E+000  0.000000000000E+000
   5.625000000000E+001  1.000000000000E+000  9.870914197444E-001  1.223269399221E-005  1.333750614555E-007  1.077553355103E-002 -5.412010762080E-007  2.121192801466E-003  0.000000000000E+000  0.000000000000E+000  0.000000000000E+000  0.000000000000E+000  0.000000000000E+000  0.000000000000E+000
   5.650000000000E+001  1.000000000000E+000  9.870751797352E-001  1.222573496382E-005  1.365235684962E-007  1.079617760324E-002 -5.217291751598E-007  2.116829210502E-003  0.000000000000E+000  0.000000000000E+000  0.000000000000E+000  0.000000000000E+000  0.000000000000E+000  0.000000000000E+000
   5.675000000000E+001  1.000000000000E+000  9.870592748305E-001  1.221758708940E-005  1.398230624266E-007  1.081630666050E-002 -5.012237172826E-007  2.112574695648E-003  0.000000000000E+000  0.000000000000E+000  0.000000000000E+000  0.000000000000E+000  0.000000000000E+000  0.000000000000E+000
   5.700000000000E+001  1.000000000000E+000  9.870437826621E-001  1.220822874263E-005  1.431814119691E-007  1.083589387451E-002 -4.795799299823E-007  2.108435878526E-003  0.000000000000E+000  0.000000000000E+000  0.000000000000E+000  0.000000000000E+000  0.000000000000E+000  0.000000000000E+000
   5.725000000000E+001  1.000000000000E+000  9.870287865044E-001  1.219776102430E-005  1.465158579330E-007  1.085490590485E-002 -4.572183712178E-007  2.104416585093E-003  0.000000000000E+000  0.000000000000E+000  0.000000000000E+000  0.000000000000E+000  0.000000000000E+000  0.000000000000E+000
   5.750000000000E+001  1.000000000000E+000  9.870142816636E-001  1.218602818499E-005  1.498090542987E-007  1.087332053353E-002 -4.344701733516E-007  2.100522525702E-003  0.000000000000E+000  0.000000000000E+000  0.000000000000E+000  0.000000000000E+000  0.000000000000E+000  0.000000000000E+000
   5.775000000000E+001  1.000000000000E+000  9.870002076733E-001  1.217316478226E-005  1.530290184965E-007  1.089111639103E-002 -4.109753206410E-007  2.096759748385E-003  0.000000000000E+000  0.000000000000E+000  0.000000000000E+000  0.000000000000E+000  0.000000000000E+000  0.000000000000E+000
   5.800000000000E+001  1.000000000000E+000  9.869866821378E-001  1.215937339716E-005  1.561370465614E-007  1.090827282810E-002 -3.868916077728E-007  2.093131661884E-003  0.000000000000E+000  0.000000000000E+000  0.000000000000E+000  0.000000000000E+000  0.000000000000E+000  0.000000000000E+000
   5.825000000000E+001  1.000000000000E+000  9.869736445194E-001  1.214470890870E-005  1.590684986029E-007  1.092477128818E-002 -3.620058566787E-007  2.089641039755E-003  0.000000000000E+000  0.000000000000E+000  0.000000000000E+000  0.000000000000E+000  0.000000000000E+000  0.000000000000E+000
   5.850000000000E+001  1.000000000000E+000  9.869611344783E-001  1.212932279400E-005  1.618181135299E-007  1.094060107100E-002 -3.368650633516E-007  2.086293166908E-003  0.000000000000E+000  0.000000000000E+000  0.000000000000E+000  0.000000000000E+000  0.000000000000E+000  0.000000000000E+000
   5.875000000000E+001  1.000000000000E+000  9.869492068823E-001  1.211330994152E-005  1.643602612101E-007  1.095574360488E-002 -3.112414210725E-007  2.083089219797E-003  0.000000000000E+000  0.000000000000E+000  0.000000000000E+000  0.000000000000E+000  0.000000000000E+000  0.000000000000E+000
   5.900000000000E+001  1.000000000000E+000  9.869377863565E-001  1.209680914119E-005  1.667156015070E-007  1.097019253902E-002 -2.854571380321E-007  2.080031077444E-003  0.000000000000E+000  0.000000000000E+000  0.000000000000E+000  0.000000000000E+000  0.000000000000E+000  0.000000000000E+000
   5.925000000000E+001  1.000000000000E+000  9.869269641378E-001  1.207994411420E-005  1.688925283921E-007  1.098393790864E-002 -2.594294303610E-007  2.077121566597E-003  0.000000000000E+000  0.000000000000E+000  0.000000000000E+000  0.000000000000E+000  0.000000000000E+000  0.000000000000E+000
   5.950000000000E+001  1.000000000000E+000  9.869166356788E-001  1.206279222249E-005  1.708637533749E-007  1.099697299170E-002 -2.330095860490E-007  2.074361968140E-003  0.000000000000E+000  0.000000000000E+000  0.000000000000E+000  0.000000000000E+000  0.000000000000E+000  0.000000000000E+000
   5.975000000000E+001  1.000000000000E+000  9.869069379473E-001  1.204540619331E-005  1.726574853060E-007  1.100929183234E-002 -2.065223113267E-007  2.071753212257E-003  0.000000000000E+000  0.000000000000E+000  0.000000000000E+000  0.000000000000E+000  0.000000000000E+000  0.000000000000E+000
   6.000000000000E+001  1.000000000000E+000  9.868978072685E-001  1.202767468778E-005  1.743003797023E-007  1.102089897022E-002 -1.799881697862E-007  2.069295477329E-003  0.000000000000E+000  0.000000000000E+000  0.000000000000E+000  0.000000000000E+000  0.000000000000E+000  0.000000000000E+000
   6.025000000000E+001  1.000000000000E+000  9.868891788573E-001  1.200992899461E-005  1.757682330850E-007  1.103178735404E-002 -1.532580398950E-007  2.066989401729E-003  0.000000000000E+000  0.000000000000E+000  0.000000000000E+000  0.000000000000E+000  0.000000000000E+000  0.000000000000E+000
   6.050000000000E+001  1.000000000000E+000  9.868811875188E-001  1.199227886535E-005  1.771202896414E-007  1.104195987984E-002 -1.267003126037E-007  2.064834425829E-003  0.000000000000E+000  0.000000000000E+000  0.000000000000E+000  0.000000000000E+000  0.000000000000E+000  0.000000000000E+000
   6.075000000000E+001  1.000000000000E+000  9.868736903699E-001  1.197467872159E-005  1.782942448736E-007  1.105142669955E-002 -9.990049109221E-008  2.062829558555E-003  0.000000000000E+000  0.000000000000E+000  0.000000000000E+000  0.000000000000E+000  0.000000000000E+000  0.000000000000E+000
   6.100000000000E+001  1.000000000000E+000  9.868668041608E-001  1.195718962773E-005  1.793788369106E-007  1.106018338744E-002 -7.346088643234E-008  2.060973386870E-003  0.000000000000E+000  0.000000000000E+000  0.000000000000E+000  0.000000000000E+000  0.000000000000E+000  0.000000000000E+000
   6.125000000000E+001  1.000000000000E+000  9.868604263638E-001  1.193992143397E-005  1.803883559398E-007  1.106824428973E-002 -4.717519701081E-008  2.059265072075E-003  0.000000000000E+000  0.000000000000E+000  0.000000000000E+000  0.000000000000E+000  0.000000000000E+000  0.000000000000E+000
   6.150000000000E+001  1.000000000000E+000  9.868545897162E-001  1.192298223382E-005  1.813423371599E-007  1.107561078553E-002 -2.107540423421E-008  2.057702398936E-003  0.000000000000E+000  0.000000000000E+000  0.000000000000E+000  0.000000000000E+000  0.000000000000E+000  0.000000000000E+000
   6.175000000000E+001  1.000000000000E+000  9.868493374811E-001  1.190623300596E-005  1.822627808617E-007  1.108229538343E-002  4.793969224173E-009  2.056283558308E-003  0.000000000000E+000  0.000000000000E+000  0.000000000000E+000  0.000000000000E+000  0.000000000000E+000  0.000000000000E+000
   6.200000000000E+001  1.000000000000E+000  9.868445645903E-001  1.188980592717E-005  1.831315582058E-007  1.108831070663E-002  3.048354426518E-008  2.055006003601E-003  0.000000000000E+000  0.000000000000E+000  0.000000000000E+000  0.000000000000E+000  0.000000000000E+000  0.000000000000E+000
   6.225000000000E+001  1.000000000000E+000  9.868403570393E-001  1.187378314632E-005  1.839388244292E-007  1.109366361094E-002  5.590385878981E-008  2.053867549682E-003  0.000000000000E+000  0.000000000000E+000  0.000000000000E+000  0.000000000000E+000  0.000000000000E+000  0.000000000000E+000
   6.250000000000E+001  1.000000000000E+000  9.868366629760E-001  1.185813522042E-005  1.847096640128E-007  1.109837573235E-002  8.091691221048E-008  2.052866229506E-003  0.000000000000E+000  0.000000000000E+000  0.000000000000E+000  0.000000000000E+000  0.000000000000E+000  0.000000000000E+000
   6.275000000000E+001  1.000000000000E+000  9.868334056481E-001  1.184280630628E-005  1.854872649041E-007  1.110245253495E-002  1.054582967670E-007  2.051997522735E-003  0.000000000000E+000  0.000000000000E+000  0.000000000000E+000  0.000000000000E+000  0.000000000000E+000  0.000000000000E+000
   6.300000000000E+001  1.000000000000E+000  9.868307057569E-001  1.182782862819E-005  1.862745812740E-007  1.110591989894E-002  1.295988192309E-007  2.051259699852E-003  0.000000000000E+000  0.000000000000E+000  0.000000000000E+000  0.000000000000E+000  0.000000000000E+000  0.000000000000E+000
   6.325000000000E+001  1.000000000000E+000  9.868284155875E-001  1.181336048051E-005  1.870920016963E-007  1.110878151956E-002  1.532686146884E-007  2.050647893341E-003  0.000000000000E+000  0.000000000000E+000  0.000000000000E+000  0.000000000000E+000  0.000000000000E+000  0.000000000000E+000
   6.350000000000E+001  1.000000000000E+000  9.868265988810E-001  1.179933331310E-005  1.879297045986E-007  1.111106708592E-002  1.765026450069E-007  2.050159690247E-003  0.000000000000E+000  0.000000000000E+000  0.000000000000E+000  0.000000000000E+000  0.000000000000E+000  0.000000000000E+000
   6.375000000000E+001  1.000000000000E+000  9.868252746752E-001  1.178579722347E-005  1.887667282317E-007  1.111278112982E-002  1.992667188649E-007  2.049789648092E-003  0.000000000000E+000  0.000000000000E+000  0.000000000000E+000  0.000000000000E+000  0.000000000000E+000  0.000000000000E+000
   6.400000000000E+001  1.000000000000E+000  9.868243355332E-001  1.177271302748E-005  1.895806460536E-007  1.111395221199E-002  2.215193646242E-007  2.049536087941E-003  0.000000000000E+000  0.000000000000E+000  0.000000000000E+000  0.000000000000E+000  0.000000000000E+000  0.000000000000E+000
   6.425000000000E+001  1.000000000000E+000  9.868238480548E-001  1.176014109939E-005  1.904299459158E-007  1.111459504469E-002  2.431384359854E-007  2.049392874543E-003  0.000000000000E+000  0.000000000000E+000  0.000000000000E+000  0.000000000000E+000  0.000000000000E+000  0.000000000000E+000
   6.450000000000E+001  1.000000000000E+000  9.868237082652E-001  1.174785379231E-005  1.913159349507E-007  1.111473038690E-002  2.641973943980E-007  2.049357652783E-003  0.000000000000E+000  0.000000000000E+000  0.000000000000E+000  0.000000000000E+000  0.000000000000E+000  0.000000000000E+000
   6.475000000000E+001  1.000000000000E+000  9.868240122279E-001  1.173604027116E-005  1.922360854705E-007  1.111437818384E-002  2.846693479099E-007  2.049424795004E-003  0.000000000000E+000  0.000000000000E+000  0.000000000000E+000  0.000000000000E+000  0.000000000000E+000  0.000000000000E+000
   6.500000000000E+001  1.000000000000E+000  9.868246380638E-001  1.172470764639E-005  1.931999177262E-007  1.111355920531E-002  3.045343628188E-007  2.049590944181E-003  0.000000000000E+000  0.000000000000E+000  0.000000000000E+000  0.000000000000E+000  0.000000000000E+000  0.000000000000E+000
   6.525000000000E+001  1.000000000000E+000  9.868256026449E-001  1.171384945797E-005  1.941974916604E-007  1.111229350020E-002  3.237893328363E-007  2.049850606218E-003  0.000000000000E+000  0.000000000000E+000  0.000000000000E+000  0.000000000000E+000  0.000000000000E+000  0.000000000000E+000
   6.550000000000E+001  1.000000000000E+000  9.868269608352E-001  1.170338001125E-005  1.951771961549E-007  1.111060653304E-002  3.424203826826E-007  2.050200522827E-003  0.000000000000E+000  0.000000000000E+000  0.000000000000E+000  0.000000000000E+000  0.000000000000E+000  0.000000000000E+000
   6.575000000000E+001  1.000000000000E+000  9.868286301249E-001  1.169336054760E-005  1.961671021737E-007  1.110851115215E-002  3.603947293153E-007  2.050635031945E-003  0.000000000000E+000  0.000000000000E+000  0.000000000000E+000  0.000000000000E+000  0.000000000000E+000  0.000000000000E+000
   6.600000000000E+001  1.000000000000E+000  9.868305497574E-001  1.168335333281E-005  1.971048663307E-007  1.110603750756E-002  3.776922426802E-007  2.051150652240E-003  0.000000000000E+000  0.000000000000E+000  0.000000000000E+000  0.000000000000E+000  0.000000000000E+000  0.000000000000E+000
   6.625000000000E+001  1.000000000000E+000  9.868327748686E-001  1.167379113289E-005  1.980538822226E-007  1.110319548481E-002  3.943364251452E-007  2.051741794472E-003  0.000000000000E+000  0.000000000000E+000  0.000000000000E+000  0.000000000000E+000  0.000000000000E+000  0.000000000000E+000
   6.650000000000E+001  1.000000000000E+000  9.868352718617E-001  1.166455870294E-005  1.989808460828E-007  1.110002212069E-002  4.102973435058E-007  2.052405155149E-003  0.000000000000E+000  0.000000000000E+000  0.000000000000E+000  0.000000000000E+000  0.000000000000E+000  0.000000000000E+000
   6.675000000000E+001  1.000000000000E+000  9.868380659500E-001  1.165577270846E-005  1.999089469145E-007  1.109652510728E-002  4.256006835297E-007  2.053136156658E-003  0.000000000000E+000  0.000000000000E+000  0.000000000000E+000  0.000000000000E+000  0.000000000000E+000  0.000000000000E+000
   6.700000000000E+001  1.000000000000E+000  9.868410315844E-001  1.164734737840E-005  2.008147303060E-007  1.109273847975E-002  4.402087511461E-007  2.053929760510E-003  0.000000000000E+000  0.000000000000E+000  0.000000000000E+000  0.000000000000E+000  0.000000000000E+000  0.000000000000E+000
   6.725000000000E+001  1.000000000000E+000  9.868442510683E-001  1.163911455943E-005  2.016569081292E-007  1.108867533545E-002  4.540953093497E-007  2.054781475490E-003  0.000000000000E+000  0.000000000000E+000  0.000000000000E+000  0.000000000000E+000  0.000000000000E+000  0.000000000000E+000
   6.750000000000E+001  1.000000000000E+000  9.868476823348E-001  1.163127144168E-005  2.024695224056E-007  1.108435786539E-002  4.673375226940E-007  2.055686422263E-003  0.000000000000E+000  0.000000000000E+000  0.000000000000E+000  0.000000000000E+000  0.000000000000E+000  0.000000000000E+000
   6.775000000000E+001  1.000000000000E+000  9.868512611753E-001  1.162382256928E-005  2.032532412403E-007  1.107980835592E-002  4.798974432002E-007  2.056640734644E-003  0.000000000000E+000  0.000000000000E+000  0.000000000000E+000  0.000000000000E+000  0.000000000000E+000  0.000000000000E+000
   6.800000000000E+001  1.000000000000E+000  9.868550256122E-001  1.161670872892E-005  2.039624674795E-007  1.107504537825E-002  4.917214159352E-007  2.057639924012E-003  0.000000000000E+000  0.000000000000E+000  0.000000000000E+000  0.000000000000E+000  0.000000000000E+000  0.000000000000E+000
   6.825000000000E+001  1.000000000000E+000  9.868589419509E-001  1.161003205340E-005  2.046327764810E-007  1.107009033595E-002  5.029196916174E-007  2.058679479614E-003  0.000000000000E+000  0.000000000000E+000  0.000000000000E+000  0.000000000000E+000  0.000000000000E+000  0.000000000000E+000
   6.850000000000E+001  1.000000000000E+000  9.868629780491E-001  1.160374866249E-005  2.052741669927E-007  1.106496562149E-002  5.134521483576E-007  2.059755401880E-003  0.000000000000E+000  0.000000000000E+000  0.000000000000E+000  0.000000000000E+000  0.000000000000E+000  0.000000000000E+000
   6.875000000000E+001  1.000000000000E+000  9.868671146612E-001  1.159795779942E-005  2.059066453695E-007  1.105968211706E-002  5.233435000471E-007  2.060863094902E-003  0.000000000000E+000  0.000000000000E+000  0.000000000000E+000  0.000000000000E+000  0.000000000000E+000  0.000000000000E+000
   6.900000000000E+001  1.000000000000E+000  9.868714043448E-001  1.159248291522E-005  2.064496389335E-007  1.105427117634E-002  5.324342885503E-007  2.061999101516E-003  0.000000000000E+000  0.000000000000E+000  0.000000000000E+000  0.000000000000E+000  0.000000000000E+000  0.000000000000E+000
   6.925000000000E+001  1.000000000000E+000  9.868757815780E-001  1.158731451303E-005  2.069717599662E-007  1.104873859366E-002  5.409830164727E-007  2.063159264387E-003  0.000000000000E+000  0.000000000000E+000  0.000000000000E+000  0.000000000000E+000  0.000000000000E+000  0.000000000000E+000
   6.950000000000E+001  1.000000000000E+000  9.868802058695E-001  1.158246094856E-005  2.074500414872E-007  1.104311622388E-002  5.488330894503E-007  2.064339839143E-003  0.000000000000E+000  0.000000000000E+000  0.000000000000E+000  0.000000000000E+000  0.000000000000E+000  0.000000000000E+000
   6.975000000000E+001  1.000000000000E+000  9.868846820222E-001  1.157800971700E-005  2.078967947061E-007  1.103741301331E-002  5.560638915870E-007  2.065536986136E-003  0.000000000000E+000  0.000000000000E+000  0.000000000000E+000  0.000000000000E+000  0.000000000000E+000  0.000000000000E+000
   7.000000000000E+001  1.000000000000E+000  9.868892558695E-001  1.157374439585E-005  2.083187048729E-007  1.103164943616E-002  5.626560446329E-007  2.066748242879E-003  0.000000000000E+000  0.000000000000E+000  0.000000000000E+000  0.000000000000E+000  0.000000000000E+000  0.000000000000E+000
   7.025000000000E+001  1.000000000000E+000  9.868938492070E-001  1.156981083222E-005  2.086615134042E-007  1.102583947613E-002  5.685254445354E-007  2.067968535730E-003  0.000000000000E+000  0.000000000000E+000  0.000000000000E+000  0.000000000000E+000  0.000000000000E+000  0.000000000000E+000
   7.050000000000E+001  1.000000000000E+000  9.868984661848E-001  1.156640315692E-005  2.089729839254E-007  1.102000003501E-002  5.738954108825E-007  2.069195404220E-003  0.000000000000E+000  0.000000000000E+000  0.000000000000E+000  0.000000000000E+000  0.000000000000E+000  0.000000000000E+000
   7.075000000000E+001  1.000000000000E+000  9.869030625297E-001  1.156334948186E-005  2.091973918815E-007  1.101414764547E-002  5.785486511588E-007  2.070425392880E-003  0.000000000000E+000  0.000000000000E+000  0.000000000000E+000  0.000000000000E+000  0.000000000000E+000  0.000000000000E+000
   7.100000000000E+001  1.000000000000E+000  9.869077232407E-001  1.156070195395E-005  2.093788185767E-007  1.100829562743E-002  5.827101975691E-007  2.071655108977E-003  0.000000000000E+000  0.000000000000E+000  0.000000000000E+000  0.000000000000E+000  0.000000000000E+000  0.000000000000E+000
   7.125000000000E+001  1.000000000000E+000  9.869123100629E-001  1.155846752359E-005  2.095272560654E-007  1.100245967442E-002  5.863142011121E-007  2.072881352217E-003  0.000000000000E+000  0.000000000000E+000  0.000000000000E+000  0.000000000000E+000  0.000000000000E+000  0.000000000000E+000
   7.150000000000E+001  1.000000000000E+000  9.869168661823E-001  1.155649090788E-005  2.096505052117E-007  1.099665442398E-002  5.893534738700E-007  2.074101499801E-003  0.000000000000E+000  0.000000000000E+000  0.000000000000E+000  0.000000000000E+000  0.000000000000E+000  0.000000000000E+000
   7.175000000000E+001  1.000000000000E+000  9.869214604193E-001  1.155493989973E-005  2.097508256650E-007  1.099088935110E-002  5.918484207288E-007  2.075312470052E-003  0.000000000000E+000  0.000000000000E+000  0.000000000000E+000  0.000000000000E+000  0.000000000000E+000  0.000000000000E+000
   7.200000000000E+001  1.000000000000E+000  9.869259453615E-001  1.155373778790E-005  2.098334780563E-007  1.098518049736E-002  5.938108728039E-007  2.076512177629E-003  0.000000000000E+000  0.000000000000E+000  0.000000000000E+000  0.000000000000E+000  0.000000000000E+000  0.000000000000E+000
   7.225000000000E+001  1.000000000000E+000  9.869303943657E-001  1.155294442972E-005  2.098871246454E-007  1.097953883607E-002  5.952292492747E-007  2.077698150822E-003  0.000000000000E+000  0.000000000000E+000  0.000000000000E+000  0.000000000000E+000  0.000000000000E+000  0.000000000000E+000
   7.250000000000E+001  1.000000000000E+000  9.869348154553E-001  1.155223634129E-005  2.098520453564E-007  1.097397226707E-002  5.960011849148E-007  2.078867615021E-003  0.000000000000E+000  0.000000000000E+000  0.000000000000E+000  0.000000000000E+000  0.000000000000E+000  0.000000000000E+000
   7.275000000000E+001  1.000000000000E+000  9.869391352803E-001  1.155169040217E-005  2.097837902268E-007  1.096849266650E-002  5.964230350136E-007  2.080018257507E-003  0.000000000000E+000  0.000000000000E+000  0.000000000000E+000  0.000000000000E+000  0.000000000000E+000  0.000000000000E+000
   7.300000000000E+001  1.000000000000E+000  9.869433811282E-001  1.155145890347E-005  2.097168658336E-007  1.096310850589E-002  5.964551741042E-007  2.081148937515E-003  0.000000000000E+000  0.000000000000E+000  0.000000000000E+000  0.000000000000E+000  0.000000000000E+000  0.000000000000E+000
   7.325000000000E+001  1.000000000000E+000  9.869475339122E-001  1.155151106523E-005  2.096229902764E-007  1.095783109524E-002  5.959560132184E-007  2.082256745106E-003  0.000000000000E+000  0.000000000000E+000  0.000000000000E+000  0.000000000000E+000  0.000000000000E+000  0.000000000000E+000
   7.350000000000E+001  1.000000000000E+000  9.869516571929E-001  1.155186552692E-005  2.095191141228E-007  1.095266972982E-002  5.950512839536E-007  2.083340695670E-003  0.000000000000E+000  0.000000000000E+000  0.000000000000E+000  0.000000000000E+000  0.000000000000E+000  0.000000000000E+000
   7.375000000000E+001  1.000000000000E+000  9.869556204390E-001  1.155248653006E-005  2.094096116183E-007  1.094763319047E-002  5.937286713222E-007  2.084398844980E-003  0.000000000000E+000  0.000000000000E+000  0.000000000000E+000  0.000000000000E+000  0.000000000000E+000  0.000000000000E+000
   7.400000000000E+001  1.000000000000E+000  9.869594770193E-001  1.155340520679E-005  2.092974090077E-007  1.094272774335E-002  5.920057780271E-007  2.085430006039E-003  0.000000000000E+000  0.000000000000E+000  0.000000000000E+000  0.000000000000E+000  0.000000000000E+000  0.000000000000E+000
   7.425000000000E+001  1.000000000000E+000  9.869632586350E-001  1.155456133258E-005  2.091128655161E-007  1.093795699681E-002  5.897442040250E-007  2.086432172900E-003  0.000000000000E+000  0.000000000000E+000  0.000000000000E+000  0.000000000000E+000  0.000000000000E+000  0.000000000000E+000
   7.450000000000E+001  1.000000000000E+000  9.869669292505E-001  1.155589372378E-005  2.088552240176E-007  1.093332968116E-002  5.871358813843E-007  2.087404292639E-003  0.000000000000E+000  0.000000000000E+000  0.000000000000E+000  0.000000000000E+000  0.000000000000E+000  0.000000000000E+000
   7.475000000000E+001  1.000000000000E+000  9.869704392700E-001  1.155744109999E-005  2.085838845654E-007  1.092885039139E-002  5.843189087509E-007  2.088344824377E-003  0.000000000000E+000  0.000000000000E+000  0.000000000000E+000  0.000000000000E+000  0.000000000000E+000  0.000000000000E+000
   7.500000000000E+001  1.000000000000E+000  9.869738538350E-001  1.155926151058E-005  2.083006658812E-007  1.092452148061E-002  5.811736015294E-007  2.089253288858E-003  0.000000000000E+000  0.000000000000E+000  0.000000000000E+000  0.000000000000E+000  0.000000000000E+000  0.000000000000E+000
   7.525000000000E+001  1.000000000000E+000  9.869771631127E-001  1.156130343374E-005  2.080220976763E-007  1.092035076868E-002  5.777319915537E-007  2.090128676849E-003  0.000000000000E+000  0.000000000000E+000  0.000000000000E+000  0.000000000000E+000  0.000000000000E+000  0.000000000000E+000
   7.550000000000E+001  1.000000000000E+000  9.869803580087E-001  1.156358895306E-005  2.077383078616E-007  1.091633926260E-002  5.739611837115E-007  2.090970016532E-003  0.000000000000E+000  0.000000000000E+000  0.000000000000E+000  0.000000000000E+000  0.000000000000E+000  0.000000000000E+000
   7.575000000000E+001  1.000000000000E+000  9.869833761189E-001  1.156591476662E-005  2.074776492496E-007  1.091249207023E-002  5.699486428769E-007  2.091777186711E-003  0.000000000000E+000  0.000000000000E+000  0.000000000000E+000  0.000000000000E+000  0.000000000000E+000  0.000000000000E+000
   7.600000000000E+001  1.000000000000E+000  9.869863048430E-001  1.156825005690E-005  2.072195391803E-007  1.090881036085E-002  5.656169519088E-007  2.092548784841E-003  0.000000000000E+000  0.000000000000E+000  0.000000000000E+000  0.000000000000E+000  0.000000000000E+000  0.000000000000E+000
   7.625000000000E+001  1.000000000000E+000  9.869891078474E-001  1.157071698061E-005  2.069401912815E-007  1.090529584278E-002  5.609973969142E-007  2.093285678353E-003  0.000000000000E+000  0.000000000000E+000  0.000000000000E+000  0.000000000000E+000  0.000000000000E+000  0.000000000000E+000
   7.650000000000E+001  1.000000000000E+000  9.869917321496E-001  1.157332909301E-005  2.066575782774E-007  1.090195142747E-002  5.561952816336E-007  2.093986046681E-003  0.000000000000E+000  0.000000000000E+000  0.000000000000E+000  0.000000000000E+000  0.000000000000E+000  0.000000000000E+000
   7.675000000000E+001  1.000000000000E+000  9.869942088237E-001  1.157605148186E-005  2.063619356072E-007  1.089877800627E-002  5.511651646457E-007  2.094651713742E-003  0.000000000000E+000  0.000000000000E+000  0.000000000000E+000  0.000000000000E+000  0.000000000000E+000  0.000000000000E+000
   7.700000000000E+001  1.000000000000E+000  9.869965957467E-001  1.157884823055E-005  2.060243015765E-007  1.089577627822E-002  5.458911902269E-007  2.095280096408E-003  0.000000000000E+000  0.000000000000E+000  0.000000000000E+000  0.000000000000E+000  0.000000000000E+000  0.000000000000E+000
   7.725000000000E+001  1.000000000000E+000  9.869988333775E-001  1.158177403678E-005  2.056688971166E-007  1.089294676829E-002  5.404971136320E-007  2.095872637274E-003  0.000000000000E+000  0.000000000000E+000  0.000000000000E+000  0.000000000000E+000  0.000000000000E+000  0.000000000000E+000
   7.750000000000E+001  1.000000000000E+000  9.870009286733E-001  1.158487365852E-005  2.053143169666E-007  1.089028779565E-002  5.349794655237E-007  2.096429547237E-003  0.000000000000E+000  0.000000000000E+000  0.000000000000E+000  0.000000000000E+000  0.000000000000E+000  0.000000000000E+000
   7.775000000000E+001  1.000000000000E+000  9.870029014431E-001  1.158817888845E-005  2.049636151575E-007  1.088779727334E-002  5.293183959512E-007  2.096949476964E-003  0.000000000000E+000  0.000000000000E+000  0.000000000000E+000  0.000000000000E+000  0.000000000000E+000  0.000000000000E+000
   7.800000000000E+001  1.000000000000E+000  9.870047624696E-001  1.159156352328E-005  2.045739262110E-007  1.088547620109E-002  5.234472688332E-007  2.097434340953E-003  0.000000000000E+000  0.000000000000E+000  0.000000000000E+000  0.000000000000E+000  0.000000000000E+000  0.000000000000E+000
   7.825000000000E+001  1.000000000000E+000  9.870064527380E-001  1.159513826394E-005  2.041901658468E-007  1.088332145426E-002  5.175452701254E-007  2.097883824744E-003  0.000000000000E+000  0.000000000000E+000  0.000000000000E+000  0.000000000000E+000  0.000000000000E+000  0.000000000000E+000
   7.850000000000E+001  1.000000000000E+000  9.870080638100E-001  1.159882253061E-005  2.038149085860E-007  1.088133297706E-002  5.115435894521E-007  2.098298284270E-003  0.000000000000E+000  0.000000000000E+000  0.000000000000E+000  0.000000000000E+000  0.000000000000E+000  0.000000000000E+000
   7.875000000000E+001  1.000000000000E+000  9.870094855169E-001  1.160249352719E-005  2.034417449449E-007  1.087950752400E-002  5.054356937082E-007  2.098678309807E-003  0.000000000000E+000  0.000000000000E+000  0.000000000000E+000  0.000000000000E+000  0.000000000000E+000  0.000000000000E+000
   7.900000000000E+001  1.000000000000E+000  9.870108351855E-001  1.160619632611E-005  2.030976583210E-007  1.087784179936E-002  4.992942999633E-007  2.099024654794E-003  0.000000000000E+000  0.000000000000E+000  0.000000000000E+000  0.000000000000E+000  0.000000000000E+000  0.000000000000E+000
   7.925000000000E+001  1.000000000000E+000  9.870120000324E-001  1.160988290646E-005  2.027116544982E-007  1.087633764429E-002  4.929892292082E-007  2.099337416987E-003  0.000000000000E+000  0.000000000000E+000  0.000000000000E+000  0.000000000000E+000  0.000000000000E+000  0.000000000000E+000
   7.950000000000E+001  1.000000000000E+000  9.870131130532E-001  1.161366028318E-005  2.023250009965E-007  1.087498884332E-002  4.867117992500E-007  2.099617534772E-003  0.000000000000E+000  0.000000000000E+000  0.000000000000E+000  0.000000000000E+000  0.000000000000E+000  0.000000000000E+000
   7.975000000000E+001  1.000000000000E+000  9.870140347022E-001  1.161729935569E-005  2.019661262911E-007  1.087379135006E-002  4.804339075599E-007  2.099866558319E-003  0.000000000000E+000  0.000000000000E+000  0.000000000000E+000  0.000000000000E+000  0.000000000000E+000  0.000000000000E+000
   8.000000000000E+001  1.000000000000E+000  9.870149010419E-001  1.162088653751E-005  2.015634000743E-007  1.087274123311E-002  4.740466375429E-007  2.100084288507E-003  0.000000000000E+000  0.000000000000E+000  0.000000000000E+000  0.000000000000E+000  0.000000000000E+000  0.000000000000E+000
   8.025000000000E+001  1.000000000000E+000  9.870156131073E-001  1.162451320862E-005  2.011918844593E-007  1.087183311906E-002  4.677511443868E-007  2.100270944810E-003  0.000000000000E+000  0.000000000000E+000  0.000000000000E+000  0.000000000000E+000  0.000000000000E+000  0.000000000000E+000
   8.050000000000E+001  1.000000000000E+000  9.870162121967E-001  1.162816991466E-005  2.008353701650E-007  1.087106371027E-002  4.614396405562E-007  2.100428226287E-003  0.000000000000E+000  0.000000000000E+000  0.000000000000E+000  0.000000000000E+000  0.000000000000E+000  0.000000000000E+000
   8.075000000000E+001  1.000000000000E+000  9.870166998910E-001  1.163182707813E-005  2.004990427349E-007  1.087043128817E-002  4.551447558013E-007  2.100556034592E-003  0.000000000000E+000  0.000000000000E+000  0.000000000000E+000  0.000000000000E+000  0.000000000000E+000  0.000000000000E+000
   8.100000000000E+001  1.000000000000E+000  9.870171403342E-001  1.163555908347E-005  2.001841936490E-007  1.086992844445E-002  4.488794397272E-007  2.100656607028E-003  0.000000000000E+000  0.000000000000E+000  0.000000000000E+000  0.000000000000E+000  0.000000000000E+000  0.000000000000E+000
   8.125000000000E+001  1.000000000000E+000  9.870174283187E-001  1.163928350067E-005  1.998813793026E-007  1.086955475960E-002  4.426407724471E-007  2.100729682796E-003  0.000000000000E+000  0.000000000000E+000  0.000000000000E+000  0.000000000000E+000  0.000000000000E+000  0.000000000000E+000
   8.150000000000E+001  1.000000000000E+000  9.870176223339E-001  1.164308787200E-005  1.995920827472E-007  1.086930369445E-002  4.364571939509E-007  2.100777854437E-003  0.000000000000E+000  0.000000000000E+000  0.000000000000E+000  0.000000000000E+000  0.000000000000E+000  0.000000000000E+000
   8.175000000000E+001  1.000000000000E+000  9.870177588589E-001  1.164689386839E-005  1.992870649553E-007  1.086917074439E-002  4.303091306303E-007  2.100802007407E-003  0.000000000000E+000  0.000000000000E+000  0.000000000000E+000  0.000000000000E+000  0.000000000000E+000  0.000000000000E+000
   8.200000000000E+001  1.000000000000E+000  9.870177951876E-001  1.165051677473E-005  1.990024599531E-007  1.086914981140E-002  4.242581385860E-007  2.100801298127E-003  0.000000000000E+000  0.000000000000E+000  0.000000000000E+000  0.000000000000E+000  0.000000000000E+000  0.000000000000E+000
   8.225000000000E+001  1.000000000000E+000  9.870177072979E-001  1.165410992370E-005  1.986748833175E-007  1.086923661568E-002  4.182426247168E-007  2.100779144986E-003  0.000000000000E+000  0.000000000000E+000  0.000000000000E+000  0.000000000000E+000  0.000000000000E+000  0.000000000000E+000
   8.250000000000E+001  1.000000000000E+000  9.870175577250E-001  1.165767655123E-005  1.983590765060E-007  1.086942549161E-002  4.123558125514E-007  2.100734630242E-003  0.000000000000E+000  0.000000000000E+000  0.000000000000E+000  0.000000000000E+000  0.000000000000E+000  0.000000000000E+000
   8.275000000000E+001  1.000000000000E+000  9.870173264605E-001  1.166119363780E-005  1.980550297275E-007  1.086971330750E-002  4.065619435389E-007  2.100669143955E-003  0.000000000000E+000  0.000000000000E+000  0.000000000000E+000  0.000000000000E+000  0.000000000000E+000  0.000000000000E+000
   8.300000000000E+001  1.000000000000E+000  9.870170389563E-001  1.166472991443E-005  1.977612736264E-007  1.087009184362E-002  4.008673549453E-007  2.100584765063E-003  0.000000000000E+000  0.000000000000E+000  0.000000000000E+000  0.000000000000E+000  0.000000000000E+000  0.000000000000E+000
   8.325000000000E+001  1.000000000000E+000  9.870167103289E-001  1.166823307411E-005  1.974986202831E-007  1.087055607966E-002  3.952887975804E-007  2.100481339957E-003  0.000000000000E+000  0.000000000000E+000  0.000000000000E+000  0.000000000000E+000  0.000000000000E+000  0.000000000000E+000
   8.350000000000E+001  1.000000000000E+000  9.870162780454E-001  1.167171324257E-005  1.972459134245E-007  1.087110546654E-002  3.898125006209E-007  2.100361415199E-003  0.000000000000E+000  0.000000000000E+000  0.000000000000E+000  0.000000000000E+000  0.000000000000E+000  0.000000000000E+000
   8.375000000000E+001  1.000000000000E+000  9.870157944976E-001  1.167493813086E-005  1.970072546781E-007  1.087173102411E-002  3.844531721804E-007  2.100224509295E-003  0.000000000000E+000  0.000000000000E+000  0.000000000000E+000  0.000000000000E+000  0.000000000000E+000  0.000000000000E+000
   8.400000000000E+001  1.000000000000E+000  9.870152358134E-001  1.167812243501E-005  1.968029676525E-007  1.087242698917E-002  3.792291720860E-007  2.100072164750E-003  0.000000000000E+000  0.000000000000E+000  0.000000000000E+000  0.000000000000E+000  0.000000000000E+000  0.000000000000E+000
   8.425000000000E+001  1.000000000000E+000  9.870146546955E-001  1.168110557499E-005  1.965163266117E-007  1.087319182313E-002  3.740975865025E-007  2.099906343809E-003  0.000000000000E+000  0.000000000000E+000  0.000000000000E+000  0.000000000000E+000  0.000000000000E+000  0.000000000000E+000
   8.450000000000E+001  1.000000000000E+000  9.870139853720E-001  1.168402180772E-005  1.962395764984E-007  1.087401725026E-002  3.691332283542E-007  2.099727678309E-003  0.000000000000E+000  0.000000000000E+000  0.000000000000E+000  0.000000000000E+000  0.000000000000E+000  0.000000000000E+000
   8.475000000000E+001  1.000000000000E+000  9.870133413204E-001  1.168687685565E-005  1.959704265167E-007  1.087489980676E-002  3.643094596936E-007  2.099536597872E-003  0.000000000000E+000  0.000000000000E+000  0.000000000000E+000  0.000000000000E+000  0.000000000000E+000  0.000000000000E+000
   8.500000000000E+001  1.000000000000E+000  9.870125870015E-001  1.168962999971E-005  1.957015333978E-007  1.087583612275E-002  3.596273342454E-007  2.099334375544E-003  0.000000000000E+000  0.000000000000E+000  0.000000000000E+000  0.000000000000E+000  0.000000000000E+000  0.000000000000E+000
   8.525000000000E+001  1.000000000000E+000  9.870118036412E-001  1.169222180963E-005  1.954493129080E-007  1.087681625769E-002  3.550930379295E-007  2.099122402057E-003  0.000000000000E+000  0.000000000000E+000  0.000000000000E+000  0.000000000000E+000  0.000000000000E+000  0.000000000000E+000
   8.550000000000E+001  1.000000000000E+000  9.870109942235E-001  1.169471681375E-005  1.952166537535E-007  1.087784021863E-002  3.507090466437E-007  2.098901944828E-003  0.000000000000E+000  0.000000000000E+000  0.000000000000E+000  0.000000000000E+000  0.000000000000E+000  0.000000000000E+000
   8.575000000000E+001  1.000000000000E+000  9.870102044169E-001  1.169707621456E-005  1.950162709322E-007  1.087890076022E-002  3.464770895650E-007  2.098672947582E-003  0.000000000000E+000  0.000000000000E+000  0.000000000000E+000  0.000000000000E+000  0.000000000000E+000  0.000000000000E+000
   8.600000000000E+001  1.000000000000E+000  9.870093305822E-001  1.169940518163E-005  1.948295111684E-007  1.087999329995E-002  3.424009943722E-007  2.098436857292E-003  0.000000000000E+000  0.000000000000E+000  0.000000000000E+000  0.000000000000E+000  0.000000000000E+000  0.000000000000E+000
   8.625000000000E+001  1.000000000000E+000  9.870084399219E-001  1.170165414850E-005  1.946698671801E-007  1.088111529324E-002  3.384813563163E-007  2.098195160217E-003  0.000000000000E+000  0.000000000000E+000  0.000000000000E+000  0.000000000000E+000  0.000000000000E+000  0.000000000000E+000
   8.650000000000E+001  1.000000000000E+000  9.870075707108E-001  1.170381671607E-005  1.944907342085E-007  1.088226152522E-002  3.347244517074E-007  2.097948679182E-003  0.000000000000E+000  0.000000000000E+000  0.000000000000E+000  0.000000000000E+000  0.000000000000E+000  0.000000000000E+000
   8.675000000000E+001  1.000000000000E+000  9.870066724689E-001  1.170588038982E-005  1.942703111807E-007  1.088342762218E-002  3.311301354701E-007  2.097697406366E-003  0.000000000000E+000  0.000000000000E+000  0.000000000000E+000  0.000000000000E+000  0.000000000000E+000  0.000000000000E+000
   8.700000000000E+001  1.000000000000E+000  9.870057305082E-001  1.170787612250E-005  1.940746827900E-007  1.088460961812E-002  3.276876178167E-007  2.097443242310E-003  0.000000000000E+000  0.000000000000E+000  0.000000000000E+000  0.000000000000E+000  0.000000000000E+000  0.000000000000E+000
   8.725000000000E+001  1.000000000000E+000  9.870047654299E-001  1.170980998441E-005  1.939009175256E-007  1.088580405501E-002  3.244085934458E-007  2.097186767539E-003  0.000000000000E+000  0.000000000000E+000  0.000000000000E+000  0.000000000000E+000  0.000000000000E+000  0.000000000000E+000
   8.750000000000E+001  1.000000000000E+000  9.870038088261E-001  1.171169744162E-005  1.937347248451E-007  1.088700699459E-002  3.212967579649E-007  2.096928384898E-003  0.000000000000E+000  0.000000000000E+000  0.000000000000E+000  0.000000000000E+000  0.000000000000E+000  0.000000000000E+000
   8.775000000000E+001  1.000000000000E+000  9.870029019055E-001  1.171352237898E-005  1.935967210747E-007  1.088821481343E-002  3.183427919356E-007  2.096669315286E-003  0.000000000000E+000  0.000000000000E+000  0.000000000000E+000  0.000000000000E+000  0.000000000000E+000  0.000000000000E+000
   8.800000000000E+001  1.000000000000E+000  9.870019444122E-001  1.171514910349E-005  1.934735045053E-007  1.088942196986E-002  3.155538536065E-007  2.096409933600E-003  0.000000000000E+000  0.000000000000E+000  0.000000000000E+000  0.000000000000E+000  0.000000000000E+000  0.000000000000E+000
   8.825000000000E+001  1.000000000000E+000  9.870009741440E-001  1.171669940029E-005  1.933810240254E-007  1.089062584372E-002  3.129208655423E-007  2.096150409227E-003  0.000000000000E+000  0.000000000000E+000  0.000000000000E+000  0.000000000000E+000  0.000000000000E+000  0.000000000000E+000
   8.850000000000E+001  1.000000000000E+000  9.870000348770E-001  1.171818662658E-005  1.933027923172E-007  1.089182556247E-002  3.104542302835E-007  2.095892944235E-003  0.000000000000E+000  0.000000000000E+000  0.000000000000E+000  0.000000000000E+000  0.000000000000E+000  0.000000000000E+000
   8.875000000000E+001  1.000000000000E+000  9.869991170220E-001  1.171932886525E-005  1.932165067277E-007  1.089301421371E-002  3.081512286247E-007  2.095637122563E-003  0.000000000000E+000  0.000000000000E+000  0.000000000000E+000  0.000000000000E+000  0.000000000000E+000  0.000000000000E+000
   8.900000000000E+001  1.000000000000E+000  9.869982335557E-001  1.172039175845E-005  1.931496380150E-007  1.089418999690E-002  3.059922843798E-007  2.095383038129E-003  0.000000000000E+000  0.000000000000E+000  0.000000000000E+000  0.000000000000E+000  0.000000000000E+000  0.000000000000E+000
   8.925000000000E+001  1.000000000000E+000  9.869973034462E-001  1.172125179946E-005  1.930920965919E-007  1.089535284879E-002  3.039924833366E-007  2.095132718380E-003  0.000000000000E+000  0.000000000000E+000  0.000000000000E+000  0.000000000000E+000  0.000000000000E+000  0.000000000000E+000
   8.950000000000E+001  1.000000000000E+000  9.869964274515E-001  1.172191899541E-005  1.929750203895E-007  1.089649790784E-002  3.021722302013E-007  2.094886693471E-003  0.000000000000E+000  0.000000000000E+000  0.000000000000E+000  0.000000000000E+000  0.000000000000E+000  0.000000000000E+000
   8.975000000000E+001  1.000000000000E+000  9.869955189151E-001  1.172254730822E-005  1.928661348055E-007  1.089762112328E-002  3.004711925374E-007  2.094644928338E-003  0.000000000000E+000  0.000000000000E+000  0.000000000000E+000  0.000000000000E+000  0.000000000000E+000  0.000000000000E+000
   9.000000000000E+001  1.000000000000E+000  9.869946386221E-001  1.172307184085E-005  1.927533400748E-007  1.089872356706E-002  2.989259405811E-007  2.094406834193E-003  0.000000000000E+000  0.000000000000E+000  0.000000000000E+000  0.000000000000E+000  0.000000000000E+000  0.000000000000E+000
   9.025000000000E+001  1.000000000000E+000  9.869937925143E-001  1.172352308561E-005  1.926524722125E-007  1.089980451460E-002  2.975228713631E-007  2.094175050126E-003  0.000000000000E+000  0.000000000000E+000  0.000000000000E+000  0.000000000000E+000  0.000000000000E+000  0.000000000000E+000
   9.050000000000E+001  1.000000000000E+000  9.869930055459E-001  1.172395237390E-005  1.925661267264E-007  1.090085832862E-002  2.962658927152E-007  2.093948507903E-003  0.000000000000E+000  0.000000000000E+000  0.000000000000E+000  0.000000000000E+000  0.000000000000E+000  0.000000000000E+000
   9.075000000000E+001  1.000000000000E+000  9.869921888885E-001  1.172436296748E-005  1.924856006876E-007  1.090188382962E-002  2.951577776485E-007  2.093727985392E-003  0.000000000000E+000  0.000000000000E+000  0.000000000000E+000  0.000000000000E+000  0.000000000000E+000  0.000000000000E+000
   9.100000000000E+001  1.000000000000E+000  9.869913930814E-001  1.172473253358E-005  1.923904947160E-007  1.090287747872E-002  2.941991422283E-007  2.093514417377E-003  0.000000000000E+000  0.000000000000E+000  0.000000000000E+000  0.000000000000E+000  0.000000000000E+000  0.000000000000E+000
   9.125000000000E+001  1.000000000000E+000  9.869906174448E-001  1.172509625713E-005  1.922991327324E-007  1.090383986574E-002  2.933660623683E-007  2.093306639644E-003  0.000000000000E+000  0.000000000000E+000  0.000000000000E+000  0.000000000000E+000  0.000000000000E+000  0.000000000000E+000
   9.150000000000E+001  1.000000000000E+000  9.869899427996E-001  1.172546179800E-005  1.922114630871E-007  1.090477067668E-002  2.926665017412E-007  2.093105668526E-003  0.000000000000E+000  0.000000000000E+000  0.000000000000E+000  0.000000000000E+000  0.000000000000E+000  0.000000000000E+000
   9.175000000000E+001  1.000000000000E+000  9.869891899420E-001  1.172576648627E-005  1.921515032300E-007  1.090566744593E-002  2.920850538449E-007  2.092913024648E-003  0.000000000000E+000  0.000000000000E+000  0.000000000000E+000  0.000000000000E+000  0.000000000000E+000  0.000000000000E+000
   9.200000000000E+001  1.000000000000E+000  9.869885432034E-001  1.172608475655E-005  1.921147328618E-007  1.090652652653E-002  2.916344104429E-007  2.092727633796E-003  0.000000000000E+000  0.000000000000E+000  0.000000000000E+000  0.000000000000E+000  0.000000000000E+000  0.000000000000E+000
   9.225000000000E+001  1.000000000000E+000  9.869878706377E-001  1.172622604339E-005  1.920949857429E-007  1.090734961915E-002  2.913100720313E-007  2.092549150018E-003  0.000000000000E+000  0.000000000000E+000  0.000000000000E+000  0.000000000000E+000  0.000000000000E+000  0.000000000000E+000
   9.250000000000E+001  1.000000000000E+000  9.869872739146E-001  1.172613392396E-005  1.920567738487E-007  1.090813330933E-002  2.911187566961E-007  2.092378446155E-003  0.000000000000E+000  0.000000000000E+000  0.000000000000E+000  0.000000000000E+000  0.000000000000E+000  0.000000000000E+000
   9.275000000000E+001  1.000000000000E+000  9.869866691066E-001  1.172596621634E-005  1.920394859346E-007  1.090887956807E-002  2.910146677452E-007  2.092216029558E-003  0.000000000000E+000  0.000000000000E+000  0.000000000000E+000  0.000000000000E+000  0.000000000000E+000  0.000000000000E+000
   9.300000000000E+001  1.000000000000E+000  9.869861663977E-001  1.172575260456E-005  1.920305911674E-007  1.090958913541E-002  2.910278953743E-007  2.092062133253E-003  0.000000000000E+000  0.000000000000E+000  0.000000000000E+000  0.000000000000E+000  0.000000000000E+000  0.000000000000E+000
   9.325000000000E+001  1.000000000000E+000  9.869856321236E-001  1.172552287773E-005  1.920429435149E-007  1.091025790308E-002  2.911411389415E-007  2.091916866236E-003  0.000000000000E+000  0.000000000000E+000  0.000000000000E+000  0.000000000000E+000  0.000000000000E+000  0.000000000000E+000
   9.350000000000E+001  1.000000000000E+000  9.869851104183E-001  1.172519599556E-005  1.920195182300E-007  1.091089050615E-002  2.913867911808E-007  2.091780576213E-003  0.000000000000E+000  0.000000000000E+000  0.000000000000E+000  0.000000000000E+000  0.000000000000E+000  0.000000000000E+000
   9.375000000000E+001  1.000000000000E+000  9.869846781611E-001  1.172483987849E-005  1.920222664725E-007  1.091148362254E-002  2.916931237101E-007  2.091652403892E-003  0.000000000000E+000  0.000000000000E+000  0.000000000000E+000  0.000000000000E+000  0.000000000000E+000  0.000000000000E+000
   9.400000000000E+001  1.000000000000E+000  9.869842483061E-001  1.172455586719E-005  1.920413646604E-007  1.091203284956E-002  2.921016780874E-007  2.091532574232E-003  0.000000000000E+000  0.000000000000E+000  0.000000000000E+000  0.000000000000E+000  0.000000000000E+000  0.000000000000E+000
   9.425000000000E+001  1.000000000000E+000  9.869838339002E-001  1.172420245221E-005  1.920701372326E-007  1.091254380479E-002  2.926066016089E-007  2.091420877342E-003  0.000000000000E+000  0.000000000000E+000  0.000000000000E+000  0.000000000000E+000  0.000000000000E+000  0.000000000000E+000
   9.450000000000E+001  1.000000000000E+000  9.869834536955E-001  1.172383597868E-005  1.921202953335E-007  1.091301587190E-002  2.931912392307E-007  2.091317937566E-003  0.000000000000E+000  0.000000000000E+000  0.000000000000E+000  0.000000000000E+000  0.000000000000E+000  0.000000000000E+000
   9.475000000000E+001  1.000000000000E+000  9.869831510760E-001  1.172353269882E-005  1.921916032436E-007  1.091344443065E-002  2.938597245265E-007  2.091222938513E-003  0.000000000000E+000  0.000000000000E+000  0.000000000000E+000  0.000000000000E+000  0.000000000000E+000  0.000000000000E+000
   9.500000000000E+001  1.000000000000E+000  9.869828397837E-001  1.172321897389E-005  1.922740597036E-007  1.091383594827E-002  2.946127315965E-007  2.091136129972E-003  0.000000000000E+000  0.000000000000E+000  0.000000000000E+000  0.000000000000E+000  0.000000000000E+000  0.000000000000E+000
   9.525000000000E+001  1.000000000000E+000  9.869825709595E-001  1.172290207803E-005  1.923740277656E-007  1.091418894508E-002  2.954355350239E-007  2.091056516284E-003  0.000000000000E+000  0.000000000000E+000  0.000000000000E+000  0.000000000000E+000  0.000000000000E+000  0.000000000000E+000
   9.550000000000E+001  1.000000000000E+000  9.869822931233E-001  1.172259711145E-005  1.924697046181E-007  1.091450166972E-002  2.963384738116E-007  2.090986669842E-003  0.000000000000E+000  0.000000000000E+000  0.000000000000E+000  0.000000000000E+000  0.000000000000E+000  0.000000000000E+000
   9.575000000000E+001  1.000000000000E+000  9.869820708058E-001  1.172231399941E-005  1.925689198236E-007  1.091477624690E-002  2.973012235963E-007  2.090924918277E-003  0.000000000000E+000  0.000000000000E+000  0.000000000000E+000  0.000000000000E+000  0.000000000000E+000  0.000000000000E+000
   9.600000000000E+001  1.000000000000E+000  9.869819072776E-001  1.172196588594E-005  1.926230652382E-007  1.091501519163E-002  2.983462018094E-007  2.090870936020E-003  0.000000000000E+000  0.000000000000E+000  0.000000000000E+000  0.000000000000E+000  0.000000000000E+000  0.000000000000E+000
   9.625000000000E+001  1.000000000000E+000  9.869817267623E-001  1.172165071793E-005  1.926955139436E-007  1.091521444766E-002  2.994152318917E-007  2.090824794652E-003  0.000000000000E+000  0.000000000000E+000  0.000000000000E+000  0.000000000000E+000  0.000000000000E+000  0.000000000000E+000
   9.650000000000E+001  1.000000000000E+000  9.869815973081E-001  1.172134743917E-005  1.927636068187E-007  1.091537802661E-002  3.005509136113E-007  2.090786605145E-003  0.000000000000E+000  0.000000000000E+000  0.000000000000E+000  0.000000000000E+000  0.000000000000E+000  0.000000000000E+000
   9.675000000000E+001  1.000000000000E+000  9.869815349673E-001  1.172084285025E-005  1.928325226710E-007  1.091550886780E-002  3.017329977923E-007  2.090755953033E-003  0.000000000000E+000  0.000000000000E+000  0.000000000000E+000  0.000000000000E+000  0.000000000000E+000  0.000000000000E+000
   9.700000000000E+001  1.000000000000E+000  9.869814498995E-001  1.172029290478E-005  1.929124303149E-007  1.091560546575E-002  3.029550001336E-007  2.090732849423E-003  0.000000000000E+000  0.000000000000E+000  0.000000000000E+000  0.000000000000E+000  0.000000000000E+000  0.000000000000E+000
   9.725000000000E+001  1.000000000000E+000  9.869813802890E-001  1.171972245823E-005  1.929923954846E-007  1.091566981737E-002  3.042242367131E-007  2.090716240506E-003  0.000000000000E+000  0.000000000000E+000  0.000000000000E+000  0.000000000000E+000  0.000000000000E+000  0.000000000000E+000
   9.750000000000E+001  1.000000000000E+000  9.869813948350E-001  1.171893386198E-005  1.930890491562E-007  1.091570120672E-002  3.055224707134E-007  2.090706812575E-003  0.000000000000E+000  0.000000000000E+000  0.000000000000E+000  0.000000000000E+000  0.000000000000E+000  0.000000000000E+000
   9.775000000000E+001  1.000000000000E+000  9.869813526432E-001  1.171810161872E-005  1.931880541473E-007  1.091570236857E-002  3.068596301728E-007  2.090703866404E-003  0.000000000000E+000  0.000000000000E+000  0.000000000000E+000  0.000000000000E+000  0.000000000000E+000  0.000000000000E+000
   9.800000000000E+001  1.000000000000E+000  9.869814149093E-001  1.171724478840E-005  1.932885219574E-007  1.091567307059E-002  3.082268260205E-007  2.090706523098E-003  0.000000000000E+000  0.000000000000E+000  0.000000000000E+000  0.000000000000E+000  0.000000000000E+000  0.000000000000E+000
   9.825000000000E+001  1.000000000000E+000  9.869814555744E-001  1.171639190025E-005  1.934018989144E-007  1.091561400860E-002  3.096164644343E-007  2.090715960778E-003  0.000000000000E+000  0.000000000000E+000  0.000000000000E+000  0.000000000000E+000  0.000000000000E+000  0.000000000000E+000
   9.850000000000E+001  1.000000000000E+000  9.869815228560E-001  1.171550900938E-005  1.935176544163E-007  1.091552974562E-002  3.110338360764E-007  2.090731835115E-003  0.000000000000E+000  0.000000000000E+000  0.000000000000E+000  0.000000000000E+000  0.000000000000E+000  0.000000000000E+000
   9.875000000000E+001  1.000000000000E+000  9.869816034642E-001  1.171460334640E-005  1.936347987550E-007  1.091542059297E-002  3.124707829646E-007  2.090752517154E-003  0.000000000000E+000  0.000000000000E+000  0.000000000000E+000  0.000000000000E+000  0.000000000000E+000  0.000000000000E+000
   9.900000000000E+001  1.000000000000E+000  9.869816995027E-001  1.171367847252E-005  1.937520483936E-007  1.091528690883E-002  3.139241071980E-007  2.090778102928E-003  0.000000000000E+000  0.000000000000E+000  0.000000000000E+000  0.000000000000E+000  0.000000000000E+000  0.000000000000E+000
   9.925000000000E+001  1.000000000000E+000  9.869818689187E-001  1.171275038653E-005  1.938810016355E-007  1.091512973078E-002  3.153869268096E-007  2.090808414340E-003  0.000000000000E+000  0.000000000000E+000  0.000000000000E+000  0.000000000000E+000  0.000000000000E+000  0.000000000000E+000
   9.950000000000E+001  1.000000000000E+000  9.869819569959E-001  1.171180833954E-005  1.940099259341E-007  1.091495219738E-002  3.168641450012E-007  2.090844279353E-003  0.000000000000E+000  0.000000000000E+000  0.000000000000E+000  0.000000000000E+000  0.000000000000E+000  0.000000000000E+000
   9.975000000000E+001  1.000000000000E+000  9.869821664658E-001  1.171089648590E-005  1.941370231310E-007  1.091475411316E-002  3.183490462958E-007  2.090885120749E-003  0.000000000000E+000  0.000000000000E+000  0.000000000000E+000  0.000000000000E+000  0.000000000000E+000  0.000000000000E+000
   1.000000000000E+002  1.000000000000E+000  9.869823204196E-001  1.171003423390E-005  1.942738402745E-007  1.091453288881E-002  3.198356610793E-007  2.090929753256E-003  0.000000000000E+000  0.000000000000E+000  0.000000000000E+000  0.000000000000E+000  0.000000000000E+000  0.000000000000E+000
   1.002500000000E+002  1.000000000000E+000  9.869824905516E-001  1.170909433869E-005  1.943716918809E-007  1.091429019483E-002  3.213351623335E-007  2.090977023582E-003  0.000000000000E+000  0.000000000000E+000  0.000000000000E+000  0.000000000000E+000  0.000000000000E+000  0.000000000000E+000
   1.005000000000E+002  1.000000000000E+000  9.869827348810E-001  1.170810481301E-005  1.944115901127E-007  1.091403221173E-002  3.228326997416E-007  2.091028377532E-003  0.000000000000E+000  0.000000000000E+000  0.000000000000E+000  0.000000000000E+000  0.000000000000E+000  0.000000000000E+000
   1.007500000000E+002  1.000000000000E+000  9.869829575800E-001  1.170710529769E-005  1.944355053502E-007  1.091375906998E-002  3.243139752484E-007  2.091083443061E-003  0.000000000000E+000  0.000000000000E+000  0.000000000000E+000  0.000000000000E+000  0.000000000000E+000  0.000000000000E+000
   1.010000000000E+002  1.000000000000E+000  9.869831751058E-001  1.170609868813E-005  1.944437625345E-007  1.091347308824E-002  3.257890251505E-007  2.091141633938E-003  0.000000000000E+000  0.000000000000E+000  0.000000000000E+000  0.000000000000E+000  0.000000000000E+000  0.000000000000E+000
   1.012500000000E+002  1.000000000000E+000  9.869834065437E-001  1.170508973383E-005  1.944399746807E-007  1.091317481072E-002  3.272551207740E-007  2.091202872910E-003  0.000000000000E+000  0.000000000000E+000  0.000000000000E+000  0.000000000000E+000  0.000000000000E+000  0.000000000000E+000
   1.015000000000E+002  1.000000000000E+000  9.869836479004E-001  1.170409745066E-005  1.944408324212E-007  1.091286370229E-002  3.287076622468E-007  2.091267427009E-003  0.000000000000E+000  0.000000000000E+000  0.000000000000E+000  0.000000000000E+000  0.000000000000E+000  0.000000000000E+000
   1.017500000000E+002  1.000000000000E+000  9.869838890853E-001  1.170316549514E-005  1.944502101046E-007  1.091253905699E-002  3.301475751011E-007  2.091334342606E-003  0.000000000000E+000  0.000000000000E+000  0.000000000000E+000  0.000000000000E+000  0.000000000000E+000  0.000000000000E+000
   1.020000000000E+002  1.000000000000E+000  9.869841394601E-001  1.170229531091E-005  1.944600525489E-007  1.091220227538E-002  3.315742833716E-007  2.091402834041E-003  0.000000000000E+000  0.000000000000E+000  0.000000000000E+000  0.000000000000E+000  0.000000000000E+000  0.000000000000E+000
   1.022500000000E+002  1.000000000000E+000  9.869844687932E-001  1.170145476886E-005  1.944727592169E-007  1.091185680106E-002  3.329825432596E-007  2.091472601928E-003  0.000000000000E+000  0.000000000000E+000  0.000000000000E+000  0.000000000000E+000  0.000000000000E+000  0.000000000000E+000
   1.025000000000E+002  1.000000000000E+000  9.869847501121E-001  1.170064547521E-005  1.944892257619E-007  1.091150506551E-002  3.343703202622E-007  2.091544019586E-003  0.000000000000E+000  0.000000000000E+000  0.000000000000E+000  0.000000000000E+000  0.000000000000E+000  0.000000000000E+000
   1.027500000000E+002  1.000000000000E+000  9.869849763693E-001  1.169986570552E-005  1.945101290930E-007  1.091114903190E-002  3.357356844819E-007  2.091617289752E-003  0.000000000000E+000  0.000000000000E+000  0.000000000000E+000  0.000000000000E+000  0.000000000000E+000  0.000000000000E+000
   1.030000000000E+002  1.000000000000E+000  9.869853116211E-001  1.169911381337E-005  1.945358780960E-007  1.091078811516E-002  3.370767843796E-007  2.091692378126E-003  0.000000000000E+000  0.000000000000E+000  0.000000000000E+000  0.000000000000E+000  0.000000000000E+000  0.000000000000E+000
   1.032500000000E+002  1.000000000000E+000  9.869855944251E-001  1.169838760243E-005  1.945666889239E-007  1.091042480541E-002  3.383919983485E-007  2.091768515342E-003  0.000000000000E+000  0.000000000000E+000  0.000000000000E+000  0.000000000000E+000  0.000000000000E+000  0.000000000000E+000
   1.035000000000E+002  1.000000000000E+000  9.869858764610E-001  1.169769878077E-005  1.946151919348E-007  1.091005560021E-002  3.396790470978E-007  2.091844718149E-003  0.000000000000E+000  0.000000000000E+000  0.000000000000E+000  0.000000000000E+000  0.000000000000E+000  0.000000000000E+000
   1.037500000000E+002  1.000000000000E+000  9.869861631061E-001  1.169708887815E-005  1.946828920290E-007  1.090968132916E-002  3.409385492048E-007  2.091921013004E-003  0.000000000000E+000  0.000000000000E+000  0.000000000000E+000  0.000000000000E+000  0.000000000000E+000  0.000000000000E+000
   1.040000000000E+002  1.000000000000E+000  9.869864635725E-001  1.169651327479E-005  1.947592511925E-007  1.090930726039E-002  3.421690484985E-007  2.091997640722E-003  0.000000000000E+000  0.000000000000E+000  0.000000000000E+000  0.000000000000E+000  0.000000000000E+000  0.000000000000E+000
   1.042500000000E+002  1.000000000000E+000  9.869867904671E-001  1.169596264674E-005  1.948430079845E-007  1.090893021915E-002  3.433679717908E-007  2.092074888625E-003  0.000000000000E+000  0.000000000000E+000  0.000000000000E+000  0.000000000000E+000  0.000000000000E+000  0.000000000000E+000
   1.045000000000E+002  1.000000000000E+000  9.869870292172E-001  1.169543927881E-005  1.949322515852E-007  1.090855390149E-002  3.445344618214E-007  2.092152144275E-003  0.000000000000E+000  0.000000000000E+000  0.000000000000E+000  0.000000000000E+000  0.000000000000E+000  0.000000000000E+000
   1.047500000000E+002  1.000000000000E+000  9.869873799624E-001  1.169494922015E-005  1.950353170969E-007  1.090818002452E-002  3.456677294602E-007  2.092229133310E-003  0.000000000000E+000  0.000000000000E+000  0.000000000000E+000  0.000000000000E+000  0.000000000000E+000  0.000000000000E+000
   1.050000000000E+002  1.000000000000E+000  9.869876736565E-001  1.169448059752E-005  1.951423236457E-007  1.090780976407E-002  3.467672013254E-007  2.092305922761E-003  0.000000000000E+000  0.000000000000E+000  0.000000000000E+000  0.000000000000E+000  0.000000000000E+000  0.000000000000E+000
   1.052500000000E+002  1.000000000000E+000  9.869879439759E-001  1.169403167512E-005  1.952513069505E-007  1.090744219999E-002  3.478317243722E-007  2.092381514417E-003  0.000000000000E+000  0.000000000000E+000  0.000000000000E+000  0.000000000000E+000  0.000000000000E+000  0.000000000000E+000
   1.055000000000E+002  1.000000000000E+000  9.869882475605E-001  1.169367397076E-005  1.953715358676E-007  1.090707347124E-002  3.488621801254E-007  2.092457039659E-003  0.000000000000E+000  0.000000000000E+000  0.000000000000E+000  0.000000000000E+000  0.000000000000E+000  0.000000000000E+000
   1.057500000000E+002  1.000000000000E+000  9.869885118031E-001  1.169312839272E-005  1.954955409931E-007  1.090670906681E-002  3.498525843047E-007  2.092531649771E-003  0.000000000000E+000  0.000000000000E+000  0.000000000000E+000  0.000000000000E+000  0.000000000000E+000  0.000000000000E+000
   1.060000000000E+002  1.000000000000E+000  9.869887924776E-001  1.169258279541E-005  1.956312124082E-007  1.090634893341E-002  3.508063360222E-007  2.092605581653E-003  0.000000000000E+000  0.000000000000E+000  0.000000000000E+000  0.000000000000E+000  0.000000000000E+000  0.000000000000E+000
   1.062500000000E+002  1.000000000000E+000  9.869890683725E-001  1.169202065140E-005  1.957660960769E-007  1.090599405411E-002  3.517224071600E-007  2.092678208462E-003  0.000000000000E+000  0.000000000000E+000  0.000000000000E+000  0.000000000000E+000  0.000000000000E+000  0.000000000000E+000
   1.065000000000E+002  1.000000000000E+000  9.869893894730E-001  1.169148444757E-005  1.958973061203E-007  1.090564400889E-002  3.526014466559E-007  2.092749851545E-003  0.000000000000E+000  0.000000000000E+000  0.000000000000E+000  0.000000000000E+000  0.000000000000E+000  0.000000000000E+000
   1.067500000000E+002  1.000000000000E+000  9.869896651703E-001  1.169094652732E-005  1.960232442107E-007  1.090530240770E-002  3.534428390114E-007  2.092820868020E-003  0.000000000000E+000  0.000000000000E+000  0.000000000000E+000  0.000000000000E+000  0.000000000000E+000  0.000000000000E+000
   1.070000000000E+002  1.000000000000E+000  9.869899055262E-001  1.169036311653E-005  1.960939665326E-007  1.090496716890E-002  3.542422950430E-007  2.092889930259E-003  0.000000000000E+000  0.000000000000E+000  0.000000000000E+000  0.000000000000E+000  0.000000000000E+000  0.000000000000E+000
   1.072500000000E+002  1.000000000000E+000  9.869901605532E-001  1.168977636892E-005  1.961484501648E-007  1.090464029007E-002  3.550064610319E-007  2.092957564329E-003  0.000000000000E+000  0.000000000000E+000  0.000000000000E+000  0.000000000000E+000  0.000000000000E+000  0.000000000000E+000
   1.075000000000E+002  1.000000000000E+000  9.869904078042E-001  1.168918998662E-005  1.961856405700E-007  1.090432132102E-002  3.557332058448E-007  2.093023243008E-003  0.000000000000E+000  0.000000000000E+000  0.000000000000E+000  0.000000000000E+000  0.000000000000E+000  0.000000000000E+000
   1.077500000000E+002  1.000000000000E+000  9.869906378244E-001  1.168866033525E-005  1.962199995378E-007  1.090400843944E-002  3.564246119797E-007  2.093087550001E-003  0.000000000000E+000  0.000000000000E+000  0.000000000000E+000  0.000000000000E+000  0.000000000000E+000  0.000000000000E+000
   1.080000000000E+002  1.000000000000E+000  9.869908795345E-001  1.168814900858E-005  1.962435040880E-007  1.090370370121E-002  3.570778721882E-007  2.093149922443E-003  0.000000000000E+000  0.000000000000E+000  0.000000000000E+000  0.000000000000E+000  0.000000000000E+000  0.000000000000E+000
   1.082500000000E+002  1.000000000000E+000  9.869911172898E-001  1.168766036158E-005  1.962585735671E-007  1.090340974483E-002  3.576938537695E-007  2.093210850249E-003  0.000000000000E+000  0.000000000000E+000  0.000000000000E+000  0.000000000000E+000  0.000000000000E+000  0.000000000000E+000
   1.085000000000E+002  1.000000000000E+000  9.869913715758E-001  1.168716085660E-005  1.962301879186E-007  1.090312365981E-002  3.582679007351E-007  2.093270308908E-003  0.000000000000E+000  0.000000000000E+000  0.000000000000E+000  0.000000000000E+000  0.000000000000E+000  0.000000000000E+000
   1.087500000000E+002  1.000000000000E+000  9.869915852408E-001  1.168668146634E-005  1.961911814108E-007  1.090284683592E-002  3.588081698064E-007  2.093327835639E-003  0.000000000000E+000  0.000000000000E+000  0.000000000000E+000  0.000000000000E+000  0.000000000000E+000  0.000000000000E+000
   1.090000000000E+002  1.000000000000E+000  9.869917929270E-001  1.168627218979E-005  1.961503198300E-007  1.090257587178E-002  3.593136920241E-007  2.093381910959E-003  0.000000000000E+000  0.000000000000E+000  0.000000000000E+000  0.000000000000E+000  0.000000000000E+000  0.000000000000E+000
   1.092500000000E+002  1.000000000000E+000  9.869920017061E-001  1.168589608208E-005  1.961038310642E-007  1.090231522151E-002  3.597820170251E-007  2.093434193217E-003  0.000000000000E+000  0.000000000000E+000  0.000000000000E+000  0.000000000000E+000  0.000000000000E+000  0.000000000000E+000
   1.095000000000E+002  1.000000000000E+000  9.869921904658E-001  1.168537369956E-005  1.960578526204E-007  1.090206510439E-002  3.602106257060E-007  2.093484906686E-003  0.000000000000E+000  0.000000000000E+000  0.000000000000E+000  0.000000000000E+000  0.000000000000E+000  0.000000000000E+000
   1.097500000000E+002  1.000000000000E+000  9.869924267393E-001  1.168491254557E-005  1.960238459020E-007  1.090182324447E-002  3.606054049511E-007  2.093533983884E-003  0.000000000000E+000  0.000000000000E+000  0.000000000000E+000  0.000000000000E+000  0.000000000000E+000  0.000000000000E+000
   1.100000000000E+002  1.000000000000E+000  9.869926104515E-001  1.168446700868E-005  1.959933937445E-007  1.090159103917E-002  3.609629662192E-007  2.093581213435E-003  0.000000000000E+000  0.000000000000E+000  0.000000000000E+000  0.000000000000E+000  0.000000000000E+000  0.000000000000E+000
   1.102500000000E+002  1.000000000000E+000  9.869927709899E-001  1.168404633082E-005  1.959678661408E-007  1.090136991713E-002  3.612852901323E-007  2.093625634206E-003  0.000000000000E+000  0.000000000000E+000  0.000000000000E+000  0.000000000000E+000  0.000000000000E+000  0.000000000000E+000
   1.105000000000E+002  1.000000000000E+000  9.869929390387E-001  1.168365399084E-005  1.959477415993E-007  1.090116005138E-002  3.615730727017E-007  2.093668748028E-003  0.000000000000E+000  0.000000000000E+000  0.000000000000E+000  0.000000000000E+000  0.000000000000E+000  0.000000000000E+000
   1.107500000000E+002  1.000000000000E+000  9.869930956388E-001  1.168329326088E-005  1.959331975933E-007  1.090096125954E-002  3.618270610692E-007  2.093709905260E-003  0.000000000000E+000  0.000000000000E+000  0.000000000000E+000  0.000000000000E+000  0.000000000000E+000  0.000000000000E+000
   1.110000000000E+002  1.000000000000E+000  9.869932400156E-001  1.168296047500E-005  1.959174076171E-007  1.090077294502E-002  3.620468803359E-007  2.093748885257E-003  0.000000000000E+000  0.000000000000E+000  0.000000000000E+000  0.000000000000E+000  0.000000000000E+000  0.000000000000E+000
   1.112500000000E+002  1.000000000000E+000  9.869933752588E-001  1.168267827638E-005  1.959187659755E-007  1.090059460755E-002  3.622375195601E-007  2.093785545731E-003  0.000000000000E+000  0.000000000000E+000  0.000000000000E+000  0.000000000000E+000  0.000000000000E+000  0.000000000000E+000
   1.115000000000E+002  1.000000000000E+000  9.869935086627E-001  1.168243825104E-005  1.959261518940E-007  1.090042567174E-002  3.623951951653E-007  2.093819816868E-003  0.000000000000E+000  0.000000000000E+000  0.000000000000E+000  0.000000000000E+000  0.000000000000E+000  0.000000000000E+000
   1.117500000000E+002  1.000000000000E+000  9.869936186997E-001  1.168228230517E-005  1.959385897405E-007  1.090026589196E-002  3.625230950287E-007  2.093851155089E-003  0.000000000000E+000  0.000000000000E+000  0.000000000000E+000  0.000000000000E+000  0.000000000000E+000  0.000000000000E+000
   1.120000000000E+002  1.000000000000E+000  9.869937877716E-001  1.168222554874E-005  1.959676458767E-007  1.090011271993E-002  3.626243481851E-007  2.093880939426E-003  0.000000000000E+000  0.000000000000E+000  0.000000000000E+000  0.000000000000E+000  0.000000000000E+000  0.000000000000E+000
   1.122500000000E+002  1.000000000000E+000  9.869938967999E-001  1.168222612133E-005  1.960025491300E-007  1.089996955695E-002  3.626955227032E-007  2.093908500750E-003  0.000000000000E+000  0.000000000000E+000  0.000000000000E+000  0.000000000000E+000  0.000000000000E+000  0.000000000000E+000
   1.125000000000E+002  1.000000000000E+000  9.869940076891E-001  1.168227950866E-005  1.960420501170E-007  1.089983698956E-002  3.627391715995E-007  2.093934977611E-003  0.000000000000E+000  0.000000000000E+000  0.000000000000E+000  0.000000000000E+000  0.000000000000E+000  0.000000000000E+000
   1.127500000000E+002  1.000000000000E+000  9.869941046208E-001  1.168237965818E-005  1.960845594999E-007  1.089971553209E-002  3.627562532351E-007  2.093959617636E-003  0.000000000000E+000  0.000000000000E+000  0.000000000000E+000  0.000000000000E+000  0.000000000000E+000  0.000000000000E+000
   1.130000000000E+002  1.000000000000E+000  9.869941777643E-001  1.168251921911E-005  1.961285388334E-007  1.089960340792E-002  3.627476870234E-007  2.093981206330E-003  0.000000000000E+000  0.000000000000E+000  0.000000000000E+000  0.000000000000E+000  0.000000000000E+000  0.000000000000E+000
   1.132500000000E+002  1.000000000000E+000  9.869942610503E-001  1.168269019516E-005  1.961725466736E-007  1.089949994499E-002  3.627144224369E-007  2.094000487674E-003  0.000000000000E+000  0.000000000000E+000  0.000000000000E+000  0.000000000000E+000  0.000000000000E+000  0.000000000000E+000
   1.135000000000E+002  1.000000000000E+000  9.869943367733E-001  1.168288597024E-005  1.962153430130E-007  1.089940713698E-002  3.626574069792E-007  2.094017608476E-003  0.000000000000E+000  0.000000000000E+000  0.000000000000E+000  0.000000000000E+000  0.000000000000E+000  0.000000000000E+000
   1.137500000000E+002  1.000000000000E+000  9.869943948919E-001  1.168310089432E-005  1.962558682420E-007  1.089932434619E-002  3.625775741623E-007  2.094033706658E-003  0.000000000000E+000  0.000000000000E+000  0.000000000000E+000  0.000000000000E+000  0.000000000000E+000  0.000000000000E+000
   1.140000000000E+002  1.000000000000E+000  9.869944493569E-001  1.168334254453E-005  1.963061801754E-007  1.089924812899E-002  3.624780910134E-007  2.094048213785E-003  0.000000000000E+000  0.000000000000E+000  0.000000000000E+000  0.000000000000E+000  0.000000000000E+000  0.000000000000E+000
   1.142500000000E+002  1.000000000000E+000  9.869945033564E-001  1.168363456348E-005  1.963541683379E-007  1.089918162155E-002  3.623566845442E-007  2.094061784255E-003  0.000000000000E+000  0.000000000000E+000  0.000000000000E+000  0.000000000000E+000  0.000000000000E+000  0.000000000000E+000
   1.145000000000E+002  1.000000000000E+000  9.869945924359E-001  1.168399038396E-005  1.964117164437E-007  1.089911778659E-002  3.622181990236E-007  2.094073356274E-003  0.000000000000E+000  0.000000000000E+000  0.000000000000E+000  0.000000000000E+000  0.000000000000E+000  0.000000000000E+000
   1.147500000000E+002  1.000000000000E+000  9.869946196965E-001  1.168431458526E-005  1.964203968748E-007  1.089906241638E-002  3.620513916794E-007  2.094082988947E-003  0.000000000000E+000  0.000000000000E+000  0.000000000000E+000  0.000000000000E+000  0.000000000000E+000  0.000000000000E+000
   1.150000000000E+002  1.000000000000E+000  9.869946722480E-001  1.168466414961E-005  1.964188030380E-007  1.089901264426E-002  3.618734188459E-007  2.094090637587E-003  0.000000000000E+000  0.000000000000E+000  0.000000000000E+000  0.000000000000E+000  0.000000000000E+000  0.000000000000E+000
   1.152500000000E+002  1.000000000000E+000  9.869947028876E-001  1.168501040937E-005  1.964063396513E-007  1.089897149014E-002  3.616788218468E-007  2.094097002550E-003  0.000000000000E+000  0.000000000000E+000  0.000000000000E+000  0.000000000000E+000  0.000000000000E+000  0.000000000000E+000
   1.155000000000E+002  1.000000000000E+000  9.869947224340E-001  1.168536141254E-005  1.963950623463E-007  1.089893708370E-002  3.614700973962E-007  2.094101781872E-003  0.000000000000E+000  0.000000000000E+000  0.000000000000E+000  0.000000000000E+000  0.000000000000E+000  0.000000000000E+000
   1.157500000000E+002  1.000000000000E+000  9.869947454767E-001  1.168570482516E-005  1.963774951830E-007  1.089891057750E-002  3.612450389644E-007  2.094105597492E-003  0.000000000000E+000  0.000000000000E+000  0.000000000000E+000  0.000000000000E+000  0.000000000000E+000  0.000000000000E+000
   1.160000000000E+002  1.000000000000E+000  9.869947571705E-001  1.168604037960E-005  1.963551109623E-007  1.089889139903E-002  3.610057275901E-007  2.094108132518E-003  0.000000000000E+000  0.000000000000E+000  0.000000000000E+000  0.000000000000E+000  0.000000000000E+000  0.000000000000E+000
   1.162500000000E+002  1.000000000000E+000  9.869947685914E-001  1.168636574669E-005  1.963287348358E-007  1.089887879668E-002  3.607530356038E-007  2.094109527552E-003  0.000000000000E+000  0.000000000000E+000  0.000000000000E+000  0.000000000000E+000  0.000000000000E+000  0.000000000000E+000
   1.165000000000E+002  1.000000000000E+000  9.869947684237E-001  1.168667993778E-005  1.962991026899E-007  1.089887316410E-002  3.604878067473E-007  2.094109976981E-003  0.000000000000E+000  0.000000000000E+000  0.000000000000E+000  0.000000000000E+000  0.000000000000E+000  0.000000000000E+000
   1.167500000000E+002  1.000000000000E+000  9.869947655708E-001  1.168702031497E-005  1.962662480858E-007  1.089887201456E-002  3.602115653631E-007  2.094109211403E-003  0.000000000000E+000  0.000000000000E+000  0.000000000000E+000  0.000000000000E+000  0.000000000000E+000  0.000000000000E+000
   1.170000000000E+002  1.000000000000E+000  9.869947573371E-001  1.168737778552E-005  1.962571737705E-007  1.089887242280E-002  3.599282488151E-007  2.094107794765E-003  0.000000000000E+000  0.000000000000E+000  0.000000000000E+000  0.000000000000E+000  0.000000000000E+000  0.000000000000E+000
   1.172500000000E+002  1.000000000000E+000  9.869947484288E-001  1.168777205174E-005  1.962503326146E-007  1.089887725993E-002  3.596328870773E-007  2.094105658039E-003  0.000000000000E+000  0.000000000000E+000  0.000000000000E+000  0.000000000000E+000  0.000000000000E+000  0.000000000000E+000
   1.175000000000E+002  1.000000000000E+000  9.869947383609E-001  1.168816772094E-005  1.962468142371E-007  1.089888676712E-002  3.593284736621E-007  2.094101966022E-003  0.000000000000E+000  0.000000000000E+000  0.000000000000E+000  0.000000000000E+000  0.000000000000E+000  0.000000000000E+000
   1.177500000000E+002  1.000000000000E+000  9.869947774351E-001  1.168856253764E-005  1.962458572715E-007  1.089889909039E-002  3.590159539531E-007  2.094096843796E-003  0.000000000000E+000  0.000000000000E+000  0.000000000000E+000  0.000000000000E+000  0.000000000000E+000  0.000000000000E+000
   1.180000000000E+002  1.000000000000E+000  9.869947607069E-001  1.168895154492E-005  1.962467361806E-007  1.089891660235E-002  3.586961740347E-007  2.094090654796E-003  0.000000000000E+000  0.000000000000E+000  0.000000000000E+000  0.000000000000E+000  0.000000000000E+000  0.000000000000E+000
   1.182500000000E+002  1.000000000000E+000  9.869947604560E-001  1.168907215697E-005  1.961700263136E-007  1.089893684075E-002  3.583557341668E-007  2.094083535354E-003  0.000000000000E+000  0.000000000000E+000  0.000000000000E+000  0.000000000000E+000  0.000000000000E+000  0.000000000000E+000
   1.185000000000E+002  1.000000000000E+000  9.869947442753E-001  1.168914036854E-005  1.960826504463E-007  1.089896143888E-002  3.580171746036E-007  2.094075962044E-003  0.000000000000E+000  0.000000000000E+000  0.000000000000E+000  0.000000000000E+000  0.000000000000E+000  0.000000000000E+000
   1.187500000000E+002  1.000000000000E+000  9.869947244123E-001  1.168915509217E-005  1.959830794896E-007  1.089899116231E-002  3.576737285666E-007  2.094068645745E-003  0.000000000000E+000  0.000000000000E+000  0.000000000000E+000  0.000000000000E+000  0.000000000000E+000  0.000000000000E+000
   1.190000000000E+002  1.000000000000E+000  9.869946985923E-001  1.168912660202E-005  1.958749299378E-007  1.089902467636E-002  3.573261058335E-007  2.094061218280E-003  0.000000000000E+000  0.000000000000E+000  0.000000000000E+000  0.000000000000E+000  0.000000000000E+000  0.000000000000E+000
   1.192500000000E+002  1.000000000000E+000  9.869946564904E-001  1.168910364761E-005  1.957608890787E-007  1.089905855945E-002  3.569755836679E-007  2.094052835086E-003  0.000000000000E+000  0.000000000000E+000  0.000000000000E+000  0.000000000000E+000  0.000000000000E+000  0.000000000000E+000
   1.195000000000E+002  1.000000000000E+000  9.869946205297E-001  1.168907609513E-005  1.956574492101E-007  1.089909434464E-002  3.566237514873E-007  2.094044588400E-003  0.000000000000E+000  0.000000000000E+000  0.000000000000E+000  0.000000000000E+000  0.000000000000E+000  0.000000000000E+000
   1.197500000000E+002  1.000000000000E+000  9.869946101448E-001  1.168905155173E-005  1.955648467141E-007  1.089913088268E-002  3.562696872272E-007  2.094035480144E-003  0.000000000000E+000  0.000000000000E+000  0.000000000000E+000  0.000000000000E+000  0.000000000000E+000  0.000000000000E+000
   1.200000000000E+002  1.000000000000E+000  9.869945767499E-001  1.168904238635E-005  1.954913960319E-007  1.089916773890E-002  3.559147803839E-007  2.094026123531E-003  0.000000000000E+000  0.000000000000E+000  0.000000000000E+000  0.000000000000E+000  0.000000000000E+000  0.000000000000E+000
   1.202500000000E+002  1.000000000000E+000  9.869945434148E-001  1.168904245584E-005  1.954276202136E-007  1.089920571448E-002  3.555580023938E-007  2.094015623722E-003  0.000000000000E+000  0.000000000000E+000  0.000000000000E+000  0.000000000000E+000  0.000000000000E+000  0.000000000000E+000
   1.205000000000E+002  1.000000000000E+000  9.869945107519E-001  1.168909619057E-005  1.953733752124E-007  1.089924378412E-002  3.552016366579E-007  2.094004450059E-003  0.000000000000E+000  0.000000000000E+000  0.000000000000E+000  0.000000000000E+000  0.000000000000E+000  0.000000000000E+000
   1.207500000000E+002  1.000000000000E+000  9.869944839471E-001  1.168917442851E-005  1.953288485271E-007  1.089928277843E-002  3.548458662623E-007  2.093993786627E-003  0.000000000000E+000  0.000000000000E+000  0.000000000000E+000  0.000000000000E+000  0.000000000000E+000  0.000000000000E+000
   1.210000000000E+002  1.000000000000E+000  9.869944344084E-001  1.168923097048E-005  1.952942074278E-007  1.089932389444E-002  3.544904971204E-007  2.093982752381E-003  0.000000000000E+000  0.000000000000E+000  0.000000000000E+000  0.000000000000E+000  0.000000000000E+000  0.000000000000E+000
   1.212500000000E+002  1.000000000000E+000  9.869943979374E-001  1.168930893674E-005  1.952678350949E-007  1.089936534039E-002  3.541370177991E-007  2.093972104387E-003  0.000000000000E+000  0.000000000000E+000  0.000000000000E+000  0.000000000000E+000  0.000000000000E+000  0.000000000000E+000
   1.215000000000E+002  1.000000000000E+000  9.869943695719E-001  1.168937925225E-005  1.952551197822E-007  1.089940986501E-002  3.537859364194E-007  2.093962018252E-003  0.000000000000E+000  0.000000000000E+000  0.000000000000E+000  0.000000000000E+000  0.000000000000E+000  0.000000000000E+000
   1.217500000000E+002  1.000000000000E+000  9.869943300818E-001  1.168946731368E-005  1.952498018962E-007  1.089945486729E-002  3.534376408059E-007  2.093952196264E-003  0.000000000000E+000  0.000000000000E+000  0.000000000000E+000  0.000000000000E+000  0.000000000000E+000  0.000000000000E+000
   1.220000000000E+002  1.000000000000E+000  9.869943500797E-001  1.168961125440E-005  1.952500860768E-007  1.089949800135E-002  3.530936825721E-007  2.093942562565E-003  0.000000000000E+000  0.000000000000E+000  0.000000000000E+000  0.000000000000E+000  0.000000000000E+000  0.000000000000E+000
   1.222500000000E+002  1.000000000000E+000  9.869943128910E-001  1.168979072235E-005  1.952676395241E-007  1.089954105346E-002  3.527551155359E-007  2.093933104440E-003  0.000000000000E+000  0.000000000000E+000  0.000000000000E+000  0.000000000000E+000  0.000000000000E+000  0.000000000000E+000
   1.225000000000E+002  1.000000000000E+000  9.869942806510E-001  1.168999430039E-005  1.952908112633E-007  1.089958310214E-002  3.524209296073E-007  2.093923195139E-003  0.000000000000E+000  0.000000000000E+000  0.000000000000E+000  0.000000000000E+000  0.000000000000E+000  0.000000000000E+000
   1.227500000000E+002  1.000000000000E+000  9.869942490738E-001  1.169021916123E-005  1.953181542383E-007  1.089962550374E-002  3.520921389794E-007  2.093913635924E-003  0.000000000000E+000  0.000000000000E+000  0.000000000000E+000  0.000000000000E+000  0.000000000000E+000  0.000000000000E+000
   1.230000000000E+002  1.000000000000E+000  9.869941909364E-001  1.169041354621E-005  1.953487306513E-007  1.089966709679E-002  3.517684018048E-007  2.093903941467E-003  0.000000000000E+000  0.000000000000E+000  0.000000000000E+000  0.000000000000E+000  0.000000000000E+000  0.000000000000E+000
   1.232500000000E+002  1.000000000000E+000  9.869941545477E-001  1.169061550054E-005  1.953802415558E-007  1.089970691843E-002  3.514509145807E-007  2.093893160341E-003  0.000000000000E+000  0.000000000000E+000  0.000000000000E+000  0.000000000000E+000  0.000000000000E+000  0.000000000000E+000
   1.235000000000E+002  1.000000000000E+000  9.869941255352E-001  1.169083415497E-005  1.954241763584E-007  1.089974517048E-002  3.511409246252E-007  2.093882998977E-003  0.000000000000E+000  0.000000000000E+000  0.000000000000E+000  0.000000000000E+000  0.000000000000E+000  0.000000000000E+000
   1.237500000000E+002  1.000000000000E+000  9.869941334273E-001  1.169104699469E-005  1.954203892392E-007  1.089978056477E-002  3.508352999685E-007  2.093872904258E-003  0.000000000000E+000  0.000000000000E+000  0.000000000000E+000  0.000000000000E+000  0.000000000000E+000  0.000000000000E+000
   1.240000000000E+002  1.000000000000E+000  9.869941039531E-001  1.169125989912E-005  1.954081629662E-007  1.089981513603E-002  3.505384881935E-007  2.093863254776E-003  0.000000000000E+000  0.000000000000E+000  0.000000000000E+000  0.000000000000E+000  0.000000000000E+000  0.000000000000E+000
   1.242500000000E+002  1.000000000000E+000  9.869940790376E-001  1.169147017129E-005  1.953861929293E-007  1.089984906484E-002  3.502498046437E-007  2.093854091019E-003  0.000000000000E+000  0.000000000000E+000  0.000000000000E+000  0.000000000000E+000  0.000000000000E+000  0.000000000000E+000
   1.245000000000E+002  1.000000000000E+000  9.869940537392E-001  1.169167366955E-005  1.953557877269E-007  1.089988198869E-002  3.499693615757E-007  2.093845365165E-003  0.000000000000E+000  0.000000000000E+000  0.000000000000E+000  0.000000000000E+000  0.000000000000E+000  0.000000000000E+000
   1.247500000000E+002  1.000000000000E+000  9.869940096608E-001  1.169190873522E-005  1.953176364211E-007  1.089991302301E-002  3.496978871915E-007  2.093837616272E-003  0.000000000000E+000  0.000000000000E+000  0.000000000000E+000  0.000000000000E+000  0.000000000000E+000  0.000000000000E+000
   1.250000000000E+002  1.000000000000E+000  9.869939837800E-001  1.169215423208E-005  1.952864353196E-007  1.089994048382E-002  3.494355211565E-007  2.093830155770E-003  0.000000000000E+000  0.000000000000E+000  0.000000000000E+000  0.000000000000E+000  0.000000000000E+000  0.000000000000E+000
   1.252500000000E+002  1.000000000000E+000  9.869939640813E-001  1.169239750449E-005  1.952527096478E-007  1.089996701135E-002  3.491815628230E-007  2.093823093257E-003  0.000000000000E+000  0.000000000000E+000  0.000000000000E+000  0.000000000000E+000  0.000000000000E+000  0.000000000000E+000
   1.255000000000E+002  1.000000000000E+000  9.869939449974E-001  1.169263673946E-005  1.952178337930E-007  1.089999167193E-002  3.489361311896E-007  2.093816580951E-003  0.000000000000E+000  0.000000000000E+000  0.000000000000E+000  0.000000000000E+000  0.000000000000E+000  0.000000000000E+000
   1.257500000000E+002  1.000000000000E+000  9.869939310280E-001  1.169286909687E-005  1.951824038631E-007  1.090001651474E-002  3.486993002221E-007  2.093810824430E-003  0.000000000000E+000  0.000000000000E+000  0.000000000000E+000  0.000000000000E+000  0.000000000000E+000  0.000000000000E+000
   1.260000000000E+002  1.000000000000E+000  9.869939120056E-001  1.169309282782E-005  1.951469551229E-007  1.090004056280E-002  3.484711387844E-007  2.093805794247E-003  0.000000000000E+000  0.000000000000E+000  0.000000000000E+000  0.000000000000E+000  0.000000000000E+000  0.000000000000E+000
   1.262500000000E+002  1.000000000000E+000  9.869939290212E-001  1.169313232616E-005  1.951253148495E-007  1.090006183913E-002  3.482485414802E-007  2.093800273558E-003  0.000000000000E+000  0.000000000000E+000  0.000000000000E+000  0.000000000000E+000  0.000000000000E+000  0.000000000000E+000
   1.265000000000E+002  1.000000000000E+000  9.869939043757E-001  1.169313301169E-005  1.951066517684E-007  1.090008079841E-002  3.480341205010E-007  2.093794971309E-003  0.000000000000E+000  0.000000000000E+000  0.000000000000E+000  0.000000000000E+000  0.000000000000E+000  0.000000000000E+000
   1.267500000000E+002  1.000000000000E+000  9.869938919889E-001  1.169309341931E-005  1.950911917797E-007  1.090009843340E-002  3.478278535915E-007  2.093789718809E-003  0.000000000000E+000  0.000000000000E+000  0.000000000000E+000  0.000000000000E+000  0.000000000000E+000  0.000000000000E+000
   1.270000000000E+002  1.000000000000E+000  9.869938852258E-001  1.169306237720E-005  1.950907796247E-007  1.090011122970E-002  3.476307302020E-007  2.093784948674E-003  0.000000000000E+000  0.000000000000E+000  0.000000000000E+000  0.000000000000E+000  0.000000000000E+000  0.000000000000E+000
   1.272500000000E+002  1.000000000000E+000  9.869938736359E-001  1.169305189144E-005  1.950938468147E-007  1.090011964518E-002  3.474430220224E-007  2.093780549276E-003  0.000000000000E+000  0.000000000000E+000  0.000000000000E+000  0.000000000000E+000  0.000000000000E+000  0.000000000000E+000
   1.275000000000E+002  1.000000000000E+000  9.869938705283E-001  1.169303669957E-005  1.951003960064E-007  1.090012746103E-002  3.472641821340E-007  2.093776494197E-003  0.000000000000E+000  0.000000000000E+000  0.000000000000E+000  0.000000000000E+000  0.000000000000E+000  0.000000000000E+000
   1.277500000000E+002  1.000000000000E+000  9.869938644738E-001  1.169305889420E-005  1.951090874926E-007  1.090013143522E-002  3.470950686779E-007  2.093773266291E-003  0.000000000000E+000  0.000000000000E+000  0.000000000000E+000  0.000000000000E+000  0.000000000000E+000  0.000000000000E+000
   1.280000000000E+002  1.000000000000E+000  9.869938626558E-001  1.169310265523E-005  1.951325810964E-007  1.090013257426E-002  3.469354379303E-007  2.093770734881E-003  0.000000000000E+000  0.000000000000E+000  0.000000000000E+000  0.000000000000E+000  0.000000000000E+000  0.000000000000E+000
   1.282500000000E+002  1.000000000000E+000  9.869938705583E-001  1.169315676545E-005  1.951597388790E-007  1.090013279909E-002  3.467853342487E-007  2.093769222094E-003  0.000000000000E+000  0.000000000000E+000  0.000000000000E+000  0.000000000000E+000  0.000000000000E+000  0.000000000000E+000
   1.285000000000E+002  1.000000000000E+000  9.869938672552E-001  1.169322354629E-005  1.951897475319E-007  1.090013130284E-002  3.466445288408E-007  2.093768745514E-003  0.000000000000E+000  0.000000000000E+000  0.000000000000E+000  0.000000000000E+000  0.000000000000E+000  0.000000000000E+000
   1.287500000000E+002  1.000000000000E+000  9.869938704355E-001  1.169330120660E-005  1.952213721265E-007  1.090012840638E-002  3.465130387278E-007  2.093768752225E-003  0.000000000000E+000  0.000000000000E+000  0.000000000000E+000  0.000000000000E+000  0.000000000000E+000  0.000000000000E+000
   1.290000000000E+002  1.000000000000E+000  9.869938604216E-001  1.169338886045E-005  1.952535093457E-007  1.090012394067E-002  3.463908246912E-007  2.093768834545E-003  0.000000000000E+000  0.000000000000E+000  0.000000000000E+000  0.000000000000E+000  0.000000000000E+000  0.000000000000E+000
   1.292500000000E+002  1.000000000000E+000  9.869938680082E-001  1.169348387463E-005  1.952851865480E-007  1.090011846300E-002  3.462779133922E-007  2.093769540979E-003  0.000000000000E+000  0.000000000000E+000  0.000000000000E+000  0.000000000000E+000  0.000000000000E+000  0.000000000000E+000
   1.295000000000E+002  1.000000000000E+000  9.869938696619E-001  1.169358599918E-005  1.953155649399E-007  1.090011078869E-002  3.461742252909E-007  2.093769979310E-003  0.000000000000E+000  0.000000000000E+000  0.000000000000E+000  0.000000000000E+000  0.000000000000E+000  0.000000000000E+000
   1.297500000000E+002  1.000000000000E+000  9.869938792552E-001  1.169369213987E-005  1.953439769080E-007  1.090010114757E-002  3.460796373158E-007  2.093770717368E-003  0.000000000000E+000  0.000000000000E+000  0.000000000000E+000  0.000000000000E+000  0.000000000000E+000  0.000000000000E+000
   1.300000000000E+002  1.000000000000E+000  9.869938897088E-001  1.169380126397E-005  1.953698912241E-007  1.090009057730E-002  3.459940453862E-007  2.093771282080E-003  0.000000000000E+000  0.000000000000E+000  0.000000000000E+000  0.000000000000E+000  0.000000000000E+000  0.000000000000E+000
   1.302500000000E+002  1.000000000000E+000  9.869939011292E-001  1.169391240615E-005  1.953929096243E-007  1.090007871310E-002  3.459173326903E-007  2.093772166833E-003  0.000000000000E+000  0.000000000000E+000  0.000000000000E+000  0.000000000000E+000  0.000000000000E+000  0.000000000000E+000
   1.305000000000E+002  1.000000000000E+000  9.869939521766E-001  1.169397300688E-005  1.953634586965E-007  1.090006596275E-002  3.458484576495E-007  2.093774283117E-003  0.000000000000E+000  0.000000000000E+000  0.000000000000E+000  0.000000000000E+000  0.000000000000E+000  0.000000000000E+000
   1.307500000000E+002  1.000000000000E+000  9.869939552421E-001  1.169407527089E-005  1.953360099145E-007  1.090004802823E-002  3.457878489404E-007  2.093776901159E-003  0.000000000000E+000  0.000000000000E+000  0.000000000000E+000  0.000000000000E+000  0.000000000000E+000  0.000000000000E+000
   1.310000000000E+002  1.000000000000E+000  9.869939665383E-001  1.169421372075E-005  1.952986160535E-007  1.090002770336E-002  3.457368052475E-007  2.093779998897E-003  0.000000000000E+000  0.000000000000E+000  0.000000000000E+000  0.000000000000E+000  0.000000000000E+000  0.000000000000E+000
   1.312500000000E+002  1.000000000000E+000  9.869939731558E-001  1.169436884688E-005  1.952674906629E-007  1.090000292715E-002  3.456941939667E-007  2.093782670147E-003  0.000000000000E+000  0.000000000000E+000  0.000000000000E+000  0.000000000000E+000  0.000000000000E+000  0.000000000000E+000
   1.315000000000E+002  1.000000000000E+000  9.869939970573E-001  1.169452860840E-005  1.952335787893E-007  1.089997671931E-002  3.456598305209E-007  2.093785607924E-003  0.000000000000E+000  0.000000000000E+000  0.000000000000E+000  0.000000000000E+000  0.000000000000E+000  0.000000000000E+000
   1.317500000000E+002  1.000000000000E+000  9.869940175805E-001  1.169469181109E-005  1.951987686775E-007  1.089995011272E-002  3.456329004643E-007  2.093789285358E-003  0.000000000000E+000  0.000000000000E+000  0.000000000000E+000  0.000000000000E+000  0.000000000000E+000  0.000000000000E+000
   1.320000000000E+002  1.000000000000E+000  9.869940407747E-001  1.169485461411E-005  1.951640364607E-007  1.089992286329E-002  3.456130871826E-007  2.093793954231E-003  0.000000000000E+000  0.000000000000E+000  0.000000000000E+000  0.000000000000E+000  0.000000000000E+000  0.000000000000E+000
   1.322500000000E+002  1.000000000000E+000  9.869940635309E-001  1.169501377780E-005  1.951302269045E-007  1.089989544772E-002  3.456000665708E-007  2.093799223221E-003  0.000000000000E+000  0.000000000000E+000  0.000000000000E+000  0.000000000000E+000  0.000000000000E+000  0.000000000000E+000
   1.325000000000E+002  1.000000000000E+000  9.869940866520E-001  1.169516744892E-005  1.950980449695E-007  1.089986719756E-002  3.455935085158E-007  2.093804959321E-003  0.000000000000E+000  0.000000000000E+000  0.000000000000E+000  0.000000000000E+000  0.000000000000E+000  0.000000000000E+000
   1.327500000000E+002  1.000000000000E+000  9.869941043379E-001  1.169531329286E-005  1.950679860706E-007  1.089983841452E-002  3.455931070077E-007  2.093810838853E-003  0.000000000000E+000  0.000000000000E+000  0.000000000000E+000  0.000000000000E+000  0.000000000000E+000  0.000000000000E+000
   1.330000000000E+002  1.000000000000E+000  9.869941230621E-001  1.169544744592E-005  1.950403540744E-007  1.089980790443E-002  3.455985370412E-007  2.093816452119E-003  0.000000000000E+000  0.000000000000E+000  0.000000000000E+000  0.000000000000E+000  0.000000000000E+000  0.000000000000E+000
   1.332500000000E+002  1.000000000000E+000  9.869941719882E-001  1.169557514255E-005  1.950238410525E-007  1.089977605896E-002  3.456095407582E-007  2.093822304245E-003  0.000000000000E+000  0.000000000000E+000  0.000000000000E+000  0.000000000000E+000  0.000000000000E+000  0.000000000000E+000
   1.335000000000E+002  1.000000000000E+000  9.869941993769E-001  1.169568869440E-005  1.950115674533E-007  1.089974421981E-002  3.456260434618E-007  2.093828016969E-003  0.000000000000E+000  0.000000000000E+000  0.000000000000E+000  0.000000000000E+000  0.000000000000E+000  0.000000000000E+000
   1.337500000000E+002  1.000000000000E+000  9.869942171638E-001  1.169578876965E-005  1.950035450548E-007  1.089971109823E-002  3.456474861499E-007  2.093833457490E-003  0.000000000000E+000  0.000000000000E+000  0.000000000000E+000  0.000000000000E+000  0.000000000000E+000  0.000000000000E+000
   1.340000000000E+002  1.000000000000E+000  9.869942467353E-001  1.169587497868E-005  1.949992758167E-007  1.089967665955E-002  3.456737269620E-007  2.093838927587E-003  0.000000000000E+000  0.000000000000E+000  0.000000000000E+000  0.000000000000E+000  0.000000000000E+000  0.000000000000E+000
   1.342500000000E+002  1.000000000000E+000  9.869942725242E-001  1.169598573894E-005  1.949975202130E-007  1.089964077016E-002  3.457051932295E-007  2.093844621444E-003  0.000000000000E+000  0.000000000000E+000  0.000000000000E+000  0.000000000000E+000  0.000000000000E+000  0.000000000000E+000
   1.345000000000E+002  1.000000000000E+000  9.869942904633E-001  1.169591121404E-005  1.950014241000E-007  1.089960460539E-002  3.457377796975E-007  2.093851029746E-003  0.000000000000E+000  0.000000000000E+000  0.000000000000E+000  0.000000000000E+000  0.000000000000E+000  0.000000000000E+000
   1.347500000000E+002  1.000000000000E+000  9.869943496444E-001  1.169577843087E-005  1.949859023495E-007  1.089956492400E-002  3.457736223305E-007  2.093857936985E-003  0.000000000000E+000  0.000000000000E+000  0.000000000000E+000  0.000000000000E+000  0.000000000000E+000  0.000000000000E+000
   1.350000000000E+002  1.000000000000E+000  9.869943783756E-001  1.169564093748E-005  1.949681468272E-007  1.089952300861E-002  3.458131041947E-007  2.093865529036E-003  0.000000000000E+000  0.000000000000E+000  0.000000000000E+000  0.000000000000E+000  0.000000000000E+000  0.000000000000E+000
   1.352500000000E+002  1.000000000000E+000  9.869944083224E-001  1.169547373657E-005  1.949481665948E-007  1.089947961138E-002  3.458562092024E-007  2.093873036231E-003  0.000000000000E+000  0.000000000000E+000  0.000000000000E+000  0.000000000000E+000  0.000000000000E+000  0.000000000000E+000
   1.355000000000E+002  1.000000000000E+000  9.869944442959E-001  1.169528317195E-005  1.949265836222E-007  1.089943677960E-002  3.459028265209E-007  2.093880724420E-003  0.000000000000E+000  0.000000000000E+000  0.000000000000E+000  0.000000000000E+000  0.000000000000E+000  0.000000000000E+000
   1.357500000000E+002  1.000000000000E+000  9.869944799197E-001  1.169507582284E-005  1.949039942503E-007  1.089939412056E-002  3.459526965277E-007  2.093888602156E-003  0.000000000000E+000  0.000000000000E+000  0.000000000000E+000  0.000000000000E+000  0.000000000000E+000  0.000000000000E+000
   1.360000000000E+002  1.000000000000E+000  9.869945158530E-001  1.169485632902E-005  1.948809180151E-007  1.089935184887E-002  3.460057013218E-007  2.093896734005E-003  0.000000000000E+000  0.000000000000E+000  0.000000000000E+000  0.000000000000E+000  0.000000000000E+000  0.000000000000E+000
   1.362500000000E+002  1.000000000000E+000  9.869945455375E-001  1.169463267793E-005  1.948578132713E-007  1.089930962099E-002  3.460616680179E-007  2.093905044309E-003  0.000000000000E+000  0.000000000000E+000  0.000000000000E+000  0.000000000000E+000  0.000000000000E+000  0.000000000000E+000
   1.365000000000E+002  1.000000000000E+000  9.869945805202E-001  1.169441001842E-005  1.948350943997E-007  1.089926715757E-002  3.461204466501E-007  2.093913423216E-003  0.000000000000E+000  0.000000000000E+000  0.000000000000E+000  0.000000000000E+000  0.000000000000E+000  0.000000000000E+000
   1.367500000000E+002  1.000000000000E+000  9.869946151437E-001  1.169419173334E-005  1.948130978200E-007  1.089922512469E-002  3.461818335250E-007  2.093921724751E-003  0.000000000000E+000  0.000000000000E+000  0.000000000000E+000  0.000000000000E+000  0.000000000000E+000  0.000000000000E+000
   1.370000000000E+002  1.000000000000E+000  9.869946433467E-001  1.169398142797E-005  1.947921527849E-007  1.089918357143E-002  3.462456791677E-007  2.093929181710E-003  0.000000000000E+000  0.000000000000E+000  0.000000000000E+000  0.000000000000E+000  0.000000000000E+000  0.000000000000E+000
   1.372500000000E+002  1.000000000000E+000  9.869946777427E-001  1.169378017643E-005  1.947724956080E-007  1.089914131589E-002  3.463117136925E-007  2.093936465842E-003  0.000000000000E+000  0.000000000000E+000  0.000000000000E+000  0.000000000000E+000  0.000000000000E+000  0.000000000000E+000
   1.375000000000E+002  1.000000000000E+000  9.869947074481E-001  1.169358886134E-005  1.947543554981E-007  1.089910049885E-002  3.463797385135E-007  2.093944193244E-003  0.000000000000E+000  0.000000000000E+000  0.000000000000E+000  0.000000000000E+000  0.000000000000E+000  0.000000000000E+000
   1.377500000000E+002  1.000000000000E+000  9.869947361835E-001  1.169344923321E-005  1.947371310443E-007  1.089905779367E-002  3.464502667879E-007  2.093952062782E-003  0.000000000000E+000  0.000000000000E+000  0.000000000000E+000  0.000000000000E+000  0.000000000000E+000  0.000000000000E+000
   1.380000000000E+002  1.000000000000E+000  9.869947653092E-001  1.169332820305E-005  1.947219544176E-007  1.089901712851E-002  3.465225630921E-007  2.093960384064E-003  0.000000000000E+000  0.000000000000E+000  0.000000000000E+000  0.000000000000E+000  0.000000000000E+000  0.000000000000E+000
   1.382500000000E+002  1.000000000000E+000  9.869947955745E-001  1.169324062411E-005  1.947220286702E-007  1.089897401027E-002  3.465966329442E-007  2.093968519161E-003  0.000000000000E+000  0.000000000000E+000  0.000000000000E+000  0.000000000000E+000  0.000000000000E+000  0.000000000000E+000
   1.385000000000E+002  1.000000000000E+000  9.869948288957E-001  1.169317397377E-005  1.947272413868E-007  1.089893192023E-002  3.466722678318E-007  2.093976339904E-003  0.000000000000E+000  0.000000000000E+000  0.000000000000E+000  0.000000000000E+000  0.000000000000E+000  0.000000000000E+000
   1.387500000000E+002  1.000000000000E+000  9.869948615171E-001  1.169312742897E-005  1.947379075678E-007  1.089889080686E-002  3.467489813147E-007  2.093984097022E-003  0.000000000000E+000  0.000000000000E+000  0.000000000000E+000  0.000000000000E+000  0.000000000000E+000  0.000000000000E+000
   1.390000000000E+002  1.000000000000E+000  9.869949435610E-001  1.169309705096E-005  1.947534265377E-007  1.089884909118E-002  3.468266259901E-007  2.093991432111E-003  0.000000000000E+000  0.000000000000E+000  0.000000000000E+000  0.000000000000E+000  0.000000000000E+000  0.000000000000E+000
   1.392500000000E+002  1.000000000000E+000  9.869949713173E-001  1.169313293730E-005  1.947853670173E-007  1.089880556024E-002  3.469059484275E-007  2.093998994524E-003  0.000000000000E+000  0.000000000000E+000  0.000000000000E+000  0.000000000000E+000  0.000000000000E+000  0.000000000000E+000
   1.395000000000E+002  1.000000000000E+000  9.869950059560E-001  1.169318787258E-005  1.948230971864E-007  1.089876161871E-002  3.469861617074E-007  2.094006484725E-003  0.000000000000E+000  0.000000000000E+000  0.000000000000E+000  0.000000000000E+000  0.000000000000E+000  0.000000000000E+000
   1.397500000000E+002  1.000000000000E+000  9.869950402021E-001  1.169325902398E-005  1.948657571783E-007  1.089871902360E-002  3.470668157625E-007  2.094014163447E-003  0.000000000000E+000  0.000000000000E+000  0.000000000000E+000  0.000000000000E+000  0.000000000000E+000  0.000000000000E+000
   1.400000000000E+002  1.000000000000E+000  9.869950728544E-001  1.169334134031E-005  1.949120573584E-007  1.089867789546E-002  3.471478241016E-007  2.094021720331E-003  0.000000000000E+000  0.000000000000E+000  0.000000000000E+000  0.000000000000E+000  0.000000000000E+000  0.000000000000E+000
   1.402500000000E+002  1.000000000000E+000  9.869950981248E-001  1.169342950646E-005  1.949606719400E-007  1.089863735786E-002  3.472290630675E-007  2.094029535507E-003  0.000000000000E+000  0.000000000000E+000  0.000000000000E+000  0.000000000000E+000  0.000000000000E+000  0.000000000000E+000
   1.405000000000E+002  1.000000000000E+000  9.869951287538E-001  1.169351965956E-005  1.950103651386E-007  1.089859814210E-002  3.473103581403E-007  2.094038114582E-003  0.000000000000E+000  0.000000000000E+000  0.000000000000E+000  0.000000000000E+000  0.000000000000E+000  0.000000000000E+000
   1.407500000000E+002  1.000000000000E+000  9.869951566933E-001  1.169360733897E-005  1.950600592877E-007  1.089856079466E-002  3.473916124265E-007  2.094046586406E-003  0.000000000000E+000  0.000000000000E+000  0.000000000000E+000  0.000000000000E+000  0.000000000000E+000  0.000000000000E+000
   1.410000000000E+002  1.000000000000E+000  9.869951842912E-001  1.169369021118E-005  1.951088433613E-007  1.089852381053E-002  3.474726810557E-007  2.094055036830E-003  0.000000000000E+000  0.000000000000E+000  0.000000000000E+000  0.000000000000E+000  0.000000000000E+000  0.000000000000E+000
   1.412500000000E+002  1.000000000000E+000  9.869952120732E-001  1.169376343624E-005  1.951559502995E-007  1.089848781480E-002  3.475534737210E-007  2.094063017770E-003  0.000000000000E+000  0.000000000000E+000  0.000000000000E+000  0.000000000000E+000  0.000000000000E+000  0.000000000000E+000
   1.415000000000E+002  1.000000000000E+000  9.869952169228E-001  1.169374403004E-005  1.952021427289E-007  1.089845023274E-002  3.476322313760E-007  2.094070124007E-003  0.000000000000E+000  0.000000000000E+000  0.000000000000E+000  0.000000000000E+000  0.000000000000E+000  0.000000000000E+000
   1.417500000000E+002  1.000000000000E+000  9.869952487920E-001  1.169370074074E-005  1.952457078124E-007  1.089841216921E-002  3.477102617686E-007  2.094076224057E-003  0.000000000000E+000  0.000000000000E+000  0.000000000000E+000  0.000000000000E+000  0.000000000000E+000  0.000000000000E+000
   1.420000000000E+002  1.000000000000E+000  9.869952880181E-001  1.169365835275E-005  1.952858258097E-007  1.089837292831E-002  3.477878535331E-007  2.094081451189E-003  0.000000000000E+000  0.000000000000E+000  0.000000000000E+000  0.000000000000E+000  0.000000000000E+000  0.000000000000E+000
   1.422500000000E+002  1.000000000000E+000  9.869953190751E-001  1.169361107526E-005  1.953351123275E-007  1.089833309326E-002  3.478650577162E-007  2.094086140494E-003  0.000000000000E+000  0.000000000000E+000  0.000000000000E+000  0.000000000000E+000  0.000000000000E+000  0.000000000000E+000
   1.425000000000E+002  1.000000000000E+000  9.869953580243E-001  1.169355457162E-005  1.953827663949E-007  1.089829491485E-002  3.479414935356E-007  2.094091616148E-003  0.000000000000E+000  0.000000000000E+000  0.000000000000E+000  0.000000000000E+000  0.000000000000E+000  0.000000000000E+000
   1.427500000000E+002  1.000000000000E+000  9.869953891790E-001  1.169348942710E-005  1.954285890584E-007  1.089825876411E-002  3.480170145888E-007  2.094097282163E-003  0.000000000000E+000  0.000000000000E+000  0.000000000000E+000  0.000000000000E+000  0.000000000000E+000  0.000000000000E+000
   1.430000000000E+002  1.000000000000E+000  9.869954126124E-001  1.169341808732E-005  1.954719258926E-007  1.089822385942E-002  3.480915873124E-007  2.094103844641E-003  0.000000000000E+000  0.000000000000E+000  0.000000000000E+000  0.000000000000E+000  0.000000000000E+000  0.000000000000E+000
   1.432500000000E+002  1.000000000000E+000  9.869954397052E-001  1.169334212652E-005  1.955122726763E-007  1.089818998783E-002  3.481651662724E-007  2.094110377478E-003  0.000000000000E+000  0.000000000000E+000  0.000000000000E+000  0.000000000000E+000  0.000000000000E+000  0.000000000000E+000
   1.435000000000E+002  1.000000000000E+000  9.869954652098E-001  1.169326318668E-005  1.955492247508E-007  1.089815860560E-002  3.482377508894E-007  2.094117178705E-003  0.000000000000E+000  0.000000000000E+000  0.000000000000E+000  0.000000000000E+000  0.000000000000E+000  0.000000000000E+000
   1.437500000000E+002  1.000000000000E+000  9.869954893987E-001  1.169318207621E-005  1.955825751816E-007  1.089812787520E-002  3.483092750486E-007  2.094123482972E-003  0.000000000000E+000  0.000000000000E+000  0.000000000000E+000  0.000000000000E+000  0.000000000000E+000  0.000000000000E+000
   1.440000000000E+002  1.000000000000E+000  9.869955634282E-001  1.169315245588E-005  1.956244835634E-007  1.089809511688E-002  3.483807999010E-007  2.094130666559E-003  0.000000000000E+000  0.000000000000E+000  0.000000000000E+000  0.000000000000E+000  0.000000000000E+000  0.000000000000E+000
   1.442500000000E+002  1.000000000000E+000  9.869955890719E-001  1.169313123948E-005  1.956646787243E-007  1.089806344984E-002  3.484512549314E-007  2.094137314697E-003  0.000000000000E+000  0.000000000000E+000  0.000000000000E+000  0.000000000000E+000  0.000000000000E+000  0.000000000000E+000
   1.445000000000E+002  1.000000000000E+000  9.869956140793E-001  1.169312051162E-005  1.957031611437E-007  1.089803288022E-002  3.485205402712E-007  2.094143727816E-003  0.000000000000E+000  0.000000000000E+000  0.000000000000E+000  0.000000000000E+000  0.000000000000E+000  0.000000000000E+000
   1.447500000000E+002  1.000000000000E+000  9.869956389033E-001  1.169311692134E-005  1.957394134641E-007  1.089800192645E-002  3.485885759385E-007  2.094149539975E-003  0.000000000000E+000  0.000000000000E+000  0.000000000000E+000  0.000000000000E+000  0.000000000000E+000  0.000000000000E+000
   1.450000000000E+002  1.000000000000E+000  9.869956632122E-001  1.169312077841E-005  1.957730470714E-007  1.089797282366E-002  3.486553131644E-007  2.094154944880E-003  0.000000000000E+000  0.000000000000E+000  0.000000000000E+000  0.000000000000E+000  0.000000000000E+000  0.000000000000E+000
   1.452500000000E+002  1.000000000000E+000  9.869956770683E-001  1.169312893935E-005  1.958039661944E-007  1.089794371196E-002  3.487206976951E-007  2.094159638038E-003  0.000000000000E+000  0.000000000000E+000  0.000000000000E+000  0.000000000000E+000  0.000000000000E+000  0.000000000000E+000
   1.455000000000E+002  1.000000000000E+000  9.869956930490E-001  1.169317981340E-005  1.958314850022E-007  1.089791293525E-002  3.487853198160E-007  2.094163968767E-003  0.000000000000E+000  0.000000000000E+000  0.000000000000E+000  0.000000000000E+000  0.000000000000E+000  0.000000000000E+000
   1.457500000000E+002  1.000000000000E+000  9.869957181836E-001  1.169323899833E-005  1.958561792393E-007  1.089788375857E-002  3.488485436149E-007  2.094167884663E-003  0.000000000000E+000  0.000000000000E+000  0.000000000000E+000  0.000000000000E+000  0.000000000000E+000  0.000000000000E+000
   1.460000000000E+002  1.000000000000E+000  9.869957175722E-001  1.169325605402E-005  1.958286145016E-007  1.089785496436E-002  3.489081141543E-007  2.094171714884E-003  0.000000000000E+000  0.000000000000E+000  0.000000000000E+000  0.000000000000E+000  0.000000000000E+000  0.000000000000E+000
   1.462500000000E+002  1.000000000000E+000  9.869957374040E-001  1.169328090732E-005  1.958040638752E-007  1.089782573854E-002  3.489669133682E-007  2.094175647688E-003  0.000000000000E+000  0.000000000000E+000  0.000000000000E+000  0.000000000000E+000  0.000000000000E+000  0.000000000000E+000
   1.465000000000E+002  1.000000000000E+000  9.869957618941E-001  1.169330188426E-005  1.957711621248E-007  1.089779713204E-002  3.490242004072E-007  2.094179504144E-003  0.000000000000E+000  0.000000000000E+000  0.000000000000E+000  0.000000000000E+000  0.000000000000E+000  0.000000000000E+000
   1.467500000000E+002  1.000000000000E+000  9.869957848832E-001  1.169331922377E-005  1.957329172947E-007  1.089776994407E-002  3.490797096071E-007  2.094183687338E-003  0.000000000000E+000  0.000000000000E+000  0.000000000000E+000  0.000000000000E+000  0.000000000000E+000  0.000000000000E+000
   1.470000000000E+002  1.000000000000E+000  9.869958064410E-001  1.169333388521E-005  1.956912696115E-007  1.089774403869E-002  3.491332609819E-007  2.094187795418E-003  0.000000000000E+000  0.000000000000E+000  0.000000000000E+000  0.000000000000E+000  0.000000000000E+000  0.000000000000E+000
   1.472500000000E+002  1.000000000000E+000  9.869958262956E-001  1.169334442655E-005  1.956480005970E-007  1.089771983812E-002  3.491846802993E-007  2.094192141627E-003  0.000000000000E+000  0.000000000000E+000  0.000000000000E+000  0.000000000000E+000  0.000000000000E+000  0.000000000000E+000
   1.475000000000E+002  1.000000000000E+000  9.869958452553E-001  1.169335140203E-005  1.956047139064E-007  1.089769742006E-002  3.492338416978E-007  2.094197235510E-003  0.000000000000E+000  0.000000000000E+000  0.000000000000E+000  0.000000000000E+000  0.000000000000E+000  0.000000000000E+000
   1.477500000000E+002  1.000000000000E+000  9.869958610544E-001  1.169335497618E-005  1.955627590884E-007  1.089767655165E-002  3.492806137217E-007  2.094202315015E-003  0.000000000000E+000  0.000000000000E+000  0.000000000000E+000  0.000000000000E+000  0.000000000000E+000  0.000000000000E+000
   1.480000000000E+002  1.000000000000E+000  9.869958764042E-001  1.169335568067E-005  1.955233168539E-007  1.089765619964E-002  3.493248654255E-007  2.094207097330E-003  0.000000000000E+000  0.000000000000E+000  0.000000000000E+000  0.000000000000E+000  0.000000000000E+000  0.000000000000E+000
   1.482500000000E+002  1.000000000000E+000  9.869959323483E-001  1.169330575746E-005  1.954391927828E-007  1.089763677097E-002  3.493641642644E-007  2.094211549690E-003  0.000000000000E+000  0.000000000000E+000  0.000000000000E+000  0.000000000000E+000  0.000000000000E+000  0.000000000000E+000
   1.485000000000E+002  1.000000000000E+000  9.869959476672E-001  1.169324595891E-005  1.953523440465E-007  1.089761763022E-002  3.494014131732E-007  2.094215500388E-003  0.000000000000E+000  0.000000000000E+000  0.000000000000E+000  0.000000000000E+000  0.000000000000E+000  0.000000000000E+000
   1.487500000000E+002  1.000000000000E+000  9.869959534733E-001  1.169317553944E-005  1.952626666236E-007  1.089759858119E-002  3.494362253004E-007  2.094218173388E-003  0.000000000000E+000  0.000000000000E+000  0.000000000000E+000  0.000000000000E+000  0.000000000000E+000  0.000000000000E+000
   1.490000000000E+002  1.000000000000E+000  9.869959611132E-001  1.169314947565E-005  1.951853270532E-007  1.089757578821E-002  3.494697141722E-007  2.094220462330E-003  0.000000000000E+000  0.000000000000E+000  0.000000000000E+000  0.000000000000E+000  0.000000000000E+000  0.000000000000E+000
   1.492500000000E+002  1.000000000000E+000  9.869959759567E-001  1.169312778782E-005  1.951121661327E-007  1.089755407198E-002  3.495004082794E-007  2.094222284293E-003  0.000000000000E+000  0.000000000000E+000  0.000000000000E+000  0.000000000000E+000  0.000000000000E+000  0.000000000000E+000
   1.495000000000E+002  1.000000000000E+000  9.869959959596E-001  1.169311196309E-005  1.950454179791E-007  1.089753219842E-002  3.495283117381E-007  2.094223980883E-003  0.000000000000E+000  0.000000000000E+000  0.000000000000E+000  0.000000000000E+000  0.000000000000E+000  0.000000000000E+000
   1.497500000000E+002  1.000000000000E+000  9.869960061210E-001  1.169313980371E-005  1.949854458152E-007  1.089751042959E-002  3.495539628157E-007  2.094226184702E-003  0.000000000000E+000  0.000000000000E+000  0.000000000000E+000  0.000000000000E+000  0.000000000000E+000  0.000000000000E+000
   1.500000000000E+002  1.000000000000E+000  9.869960292368E-001  1.169317791470E-005  1.949336001677E-007  1.089748964158E-002  3.495768691776E-007  2.094228973970E-003  0.000000000000E+000  0.000000000000E+000  0.000000000000E+000  0.000000000000E+000  0.000000000000E+000  0.000000000000E+000
   1.502500000000E+002  1.000000000000E+000  9.869960452837E-001  1.169322717791E-005  1.948903221523E-007  1.089747096584E-002  3.495969587331E-007  2.094232279228E-003  0.000000000000E+000  0.000000000000E+000  0.000000000000E+000  0.000000000000E+000  0.000000000000E+000  0.000000000000E+000
   1.505000000000E+002  1.000000000000E+000  9.869960596929E-001  1.169328340571E-005  1.948557819872E-007  1.089745363182E-002  3.496142921824E-007  2.094235866533E-003  0.000000000000E+000  0.000000000000E+000  0.000000000000E+000  0.000000000000E+000  0.000000000000E+000  0.000000000000E+000
   1.507500000000E+002  1.000000000000E+000  9.869961156397E-001  1.169317650248E-005  1.948456500050E-007  1.089743387232E-002  3.496259185576E-007  2.094239693636E-003  0.000000000000E+000  0.000000000000E+000  0.000000000000E+000  0.000000000000E+000  0.000000000000E+000  0.000000000000E+000
   1.510000000000E+002  1.000000000000E+000  9.869961220575E-001  1.169299935731E-005  1.948474237755E-007  1.089741505285E-002  3.496332131801E-007  2.094243137835E-003  0.000000000000E+000  0.000000000000E+000  0.000000000000E+000  0.000000000000E+000  0.000000000000E+000  0.000000000000E+000
   1.512500000000E+002  1.000000000000E+000  9.869961377867E-001  1.169279205514E-005  1.948598254946E-007  1.089739717127E-002  3.496370984089E-007  2.094246416860E-003  0.000000000000E+000  0.000000000000E+000  0.000000000000E+000  0.000000000000E+000  0.000000000000E+000  0.000000000000E+000
   1.515000000000E+002  1.000000000000E+000  9.869961120844E-001  1.169256769711E-005  1.948898013474E-007  1.089737831722E-002  3.496382995686E-007  2.094249995596E-003  0.000000000000E+000  0.000000000000E+000  0.000000000000E+000  0.000000000000E+000  0.000000000000E+000  0.000000000000E+000
   1.517500000000E+002  1.000000000000E+000  9.869961271652E-001  1.169232631951E-005  1.949290463823E-007  1.089736054636E-002  3.496366401415E-007  2.094253824313E-003  0.000000000000E+000  0.000000000000E+000  0.000000000000E+000  0.000000000000E+000  0.000000000000E+000  0.000000000000E+000
   1.520000000000E+002  1.000000000000E+000  9.869961363726E-001  1.169207662380E-005  1.949758117708E-007  1.089734350139E-002  3.496324893009E-007  2.094256505302E-003  0.000000000000E+000  0.000000000000E+000  0.000000000000E+000  0.000000000000E+000  0.000000000000E+000  0.000000000000E+000
   1.522500000000E+002  1.000000000000E+000  9.869961527510E-001  1.169182201805E-005  1.950279967300E-007  1.089732558536E-002  3.496261768836E-007  2.094258938385E-003  0.000000000000E+000  0.000000000000E+000  0.000000000000E+000  0.000000000000E+000  0.000000000000E+000  0.000000000000E+000
   1.525000000000E+002  1.000000000000E+000  9.869962187860E-001  1.169156954904E-005  1.950836616826E-007  1.089730801946E-002  3.496180345615E-007  2.094260499264E-003  0.000000000000E+000  0.000000000000E+000  0.000000000000E+000  0.000000000000E+000  0.000000000000E+000  0.000000000000E+000
   1.527500000000E+002  1.000000000000E+000  9.869962361823E-001  1.169132478281E-005  1.951411132581E-007  1.089729021924E-002  3.496083901705E-007  2.094261798311E-003  0.000000000000E+000  0.000000000000E+000  0.000000000000E+000  0.000000000000E+000  0.000000000000E+000  0.000000000000E+000
   1.530000000000E+002  1.000000000000E+000  9.869962469980E-001  1.169109044725E-005  1.951987838146E-007  1.089727409060E-002  3.495974938694E-007  2.094262872473E-003  0.000000000000E+000  0.000000000000E+000  0.000000000000E+000  0.000000000000E+000  0.000000000000E+000  0.000000000000E+000
   1.532500000000E+002  1.000000000000E+000  9.869962622211E-001  1.169087017926E-005  1.952553192858E-007  1.089725834908E-002  3.495856072393E-007  2.094264495594E-003  0.000000000000E+000  0.000000000000E+000  0.000000000000E+000  0.000000000000E+000  0.000000000000E+000  0.000000000000E+000
   1.535000000000E+002  1.000000000000E+000  9.869962762560E-001  1.169066738232E-005  1.953095513913E-007  1.089724439082E-002  3.495729284205E-007  2.094266207960E-003  0.000000000000E+000  0.000000000000E+000  0.000000000000E+000  0.000000000000E+000  0.000000000000E+000  0.000000000000E+000
   1.537500000000E+002  1.000000000000E+000  9.869962885972E-001  1.169048439701E-005  1.953605052620E-007  1.089723103790E-002  3.495596790080E-007  2.094268061259E-003  0.000000000000E+000  0.000000000000E+000  0.000000000000E+000  0.000000000000E+000  0.000000000000E+000  0.000000000000E+000
   1.540000000000E+002  1.000000000000E+000  9.869962991432E-001  1.169032081849E-005  1.954074351251E-007  1.089721951274E-002  3.495459448282E-007  2.094270098122E-003  0.000000000000E+000  0.000000000000E+000  0.000000000000E+000  0.000000000000E+000  0.000000000000E+000  0.000000000000E+000
   1.542500000000E+002  1.000000000000E+000  9.869962989136E-001  1.169013127446E-005  1.954506041254E-007  1.089720722015E-002  3.495309561434E-007  2.094272233841E-003  0.000000000000E+000  0.000000000000E+000  0.000000000000E+000  0.000000000000E+000  0.000000000000E+000  0.000000000000E+000
   1.545000000000E+002  1.000000000000E+000  9.869962988787E-001  1.169003037372E-005  1.954875582070E-007  1.089719302410E-002  3.495169341208E-007  2.094274917336E-003  0.000000000000E+000  0.000000000000E+000  0.000000000000E+000  0.000000000000E+000  0.000000000000E+000  0.000000000000E+000
   1.547500000000E+002  1.000000000000E+000  9.869963055462E-001  1.168996629982E-005  1.955322939554E-007  1.089717768057E-002  3.495033452809E-007  2.094277699546E-003  0.000000000000E+000  0.000000000000E+000  0.000000000000E+000  0.000000000000E+000  0.000000000000E+000  0.000000000000E+000
   1.550000000000E+002  1.000000000000E+000  9.869963185801E-001  1.168992807114E-005  1.955738528138E-007  1.089716224276E-002  3.494895422071E-007  2.094280293424E-003  0.000000000000E+000  0.000000000000E+000  0.000000000000E+000  0.000000000000E+000  0.000000000000E+000  0.000000000000E+000
   1.552500000000E+002  1.000000000000E+000  9.869963314029E-001  1.168991261200E-005  1.956122757687E-007  1.089714632369E-002  3.494756362276E-007  2.094282625201E-003  0.000000000000E+000  0.000000000000E+000  0.000000000000E+000  0.000000000000E+000  0.000000000000E+000  0.000000000000E+000
   1.555000000000E+002  1.000000000000E+000  9.869963414264E-001  1.168992923198E-005  1.956597010306E-007  1.089712941357E-002  3.494621866806E-007  2.094285145744E-003  0.000000000000E+000  0.000000000000E+000  0.000000000000E+000  0.000000000000E+000  0.000000000000E+000  0.000000000000E+000
   1.557500000000E+002  1.000000000000E+000  9.869963558232E-001  1.168996450799E-005  1.957053213974E-007  1.089711282951E-002  3.494484953062E-007  2.094287438824E-003  0.000000000000E+000  0.000000000000E+000  0.000000000000E+000  0.000000000000E+000  0.000000000000E+000  0.000000000000E+000
   1.560000000000E+002  1.000000000000E+000  9.869963700496E-001  1.169001263995E-005  1.957488281657E-007  1.089709728552E-002  3.494346748834E-007  2.094290480414E-003  0.000000000000E+000  0.000000000000E+000  0.000000000000E+000  0.000000000000E+000  0.000000000000E+000  0.000000000000E+000
   1.562500000000E+002  1.000000000000E+000  9.869963815080E-001  1.169007159230E-005  1.957895299149E-007  1.089708270273E-002  3.494207669831E-007  2.094293692421E-003  0.000000000000E+000  0.000000000000E+000  0.000000000000E+000  0.000000000000E+000  0.000000000000E+000  0.000000000000E+000
   1.565000000000E+002  1.000000000000E+000  9.869963825090E-001  1.169013684907E-005  1.958268578414E-007  1.089706763412E-002  3.494067864489E-007  2.094296668556E-003  0.000000000000E+000  0.000000000000E+000  0.000000000000E+000  0.000000000000E+000  0.000000000000E+000  0.000000000000E+000
   1.567500000000E+002  1.000000000000E+000  9.869963892716E-001  1.169020410538E-005  1.958603853404E-007  1.089705241691E-002  3.493927675498E-007  2.094299154914E-003  0.000000000000E+000  0.000000000000E+000  0.000000000000E+000  0.000000000000E+000  0.000000000000E+000  0.000000000000E+000
   1.570000000000E+002  1.000000000000E+000  9.869964017994E-001  1.169027219877E-005  1.958898623669E-007  1.089703667017E-002  3.493786993479E-007  2.094301765166E-003  0.000000000000E+000  0.000000000000E+000  0.000000000000E+000  0.000000000000E+000  0.000000000000E+000  0.000000000000E+000
   1.572500000000E+002  1.000000000000E+000  9.869964090398E-001  1.169034742101E-005  1.959256643934E-007  1.089702240293E-002  3.493651284948E-007  2.094304080200E-003  0.000000000000E+000  0.000000000000E+000  0.000000000000E+000  0.000000000000E+000  0.000000000000E+000  0.000000000000E+000
   1.575000000000E+002  1.000000000000E+000  9.869964209719E-001  1.169041990874E-005  1.959590054619E-007  1.089700753870E-002  3.493513925621E-007  2.094306162158E-003  0.000000000000E+000  0.000000000000E+000  0.000000000000E+000  0.000000000000E+000  0.000000000000E+000  0.000000000000E+000
   1.577500000000E+002  1.000000000000E+000  9.869964783304E-001  1.169030951138E-005  1.959930042282E-007  1.089699394447E-002  3.493341856720E-007  2.094308296789E-003  0.000000000000E+000  0.000000000000E+000  0.000000000000E+000  0.000000000000E+000  0.000000000000E+000  0.000000000000E+000
   1.580000000000E+002  1.000000000000E+000  9.869964901493E-001  1.169016381263E-005  1.960247107688E-007  1.089698030147E-002  3.493164068852E-007  2.094310425124E-003  0.000000000000E+000  0.000000000000E+000  0.000000000000E+000  0.000000000000E+000  0.000000000000E+000  0.000000000000E+000
   1.582500000000E+002  1.000000000000E+000  9.869964958989E-001  1.168998294832E-005  1.960538277906E-007  1.089696560351E-002  3.492981163462E-007  2.094312033408E-003  0.000000000000E+000  0.000000000000E+000  0.000000000000E+000  0.000000000000E+000  0.000000000000E+000  0.000000000000E+000
   1.585000000000E+002  1.000000000000E+000  9.869965086552E-001  1.168977291060E-005  1.960801162770E-007  1.089695203703E-002  3.492794427525E-007  2.094313219408E-003  0.000000000000E+000  0.000000000000E+000  0.000000000000E+000  0.000000000000E+000  0.000000000000E+000  0.000000000000E+000
   1.587500000000E+002  1.000000000000E+000  9.869965207893E-001  1.168953937087E-005  1.961033763671E-007  1.089693927869E-002  3.492605830629E-007  2.094314245037E-003  0.000000000000E+000  0.000000000000E+000  0.000000000000E+000  0.000000000000E+000  0.000000000000E+000  0.000000000000E+000
   1.590000000000E+002  1.000000000000E+000  9.869965324045E-001  1.168929056646E-005  1.961235350169E-007  1.089692690020E-002  3.492416531368E-007  2.094315661891E-003  0.000000000000E+000  0.000000000000E+000  0.000000000000E+000  0.000000000000E+000  0.000000000000E+000  0.000000000000E+000
   1.592500000000E+002  1.000000000000E+000  9.869965471745E-001  1.168903119579E-005  1.961405973156E-007  1.089691599954E-002  3.492228379567E-007  2.094317582033E-003  0.000000000000E+000  0.000000000000E+000  0.000000000000E+000  0.000000000000E+000  0.000000000000E+000  0.000000000000E+000
   1.595000000000E+002  1.000000000000E+000  9.869965514482E-001  1.168880499098E-005  1.961538788833E-007  1.089690378203E-002  3.492048545902E-007  2.094320236981E-003  0.000000000000E+000  0.000000000000E+000  0.000000000000E+000  0.000000000000E+000  0.000000000000E+000  0.000000000000E+000
   1.597500000000E+002  1.000000000000E+000  9.869965562022E-001  1.168858459171E-005  1.961639758676E-007  1.089689259983E-002  3.491872488805E-007  2.094322867993E-003  0.000000000000E+000  0.000000000000E+000  0.000000000000E+000  0.000000000000E+000  0.000000000000E+000  0.000000000000E+000
   1.600000000000E+002  1.000000000000E+000  9.869965655239E-001  1.168837491441E-005  1.961710230172E-007  1.089688122146E-002  3.491701514894E-007  2.094325323247E-003  0.000000000000E+000  0.000000000000E+000  0.000000000000E+000  0.000000000000E+000  0.000000000000E+000  0.000000000000E+000
   1.602500000000E+002  1.000000000000E+000  9.869965748088E-001  1.168817865280E-005  1.961752370664E-007  1.089687003325E-002  3.491536280498E-007  2.094327626767E-003  0.000000000000E+000  0.000000000000E+000  0.000000000000E+000  0.000000000000E+000  0.000000000000E+000  0.000000000000E+000
   1.605000000000E+002  1.000000000000E+000  9.869965789338E-001  1.168803725942E-005  1.961762099098E-007  1.089685750500E-002  3.491383191895E-007  2.094329772309E-003  0.000000000000E+000  0.000000000000E+000  0.000000000000E+000  0.000000000000E+000  0.000000000000E+000  0.000000000000E+000
   1.607500000000E+002  1.000000000000E+000  9.869965834820E-001  1.168794477983E-005  1.962004963320E-007  1.089684219701E-002  3.491247761121E-007  2.094332540997E-003  0.000000000000E+000  0.000000000000E+000  0.000000000000E+000  0.000000000000E+000  0.000000000000E+000  0.000000000000E+000
   1.610000000000E+002  1.000000000000E+000  9.869965818109E-001  1.168788120459E-005  1.962269946493E-007  1.089682560163E-002  3.491117289110E-007  2.094334752961E-003  0.000000000000E+000  0.000000000000E+000  0.000000000000E+000  0.000000000000E+000  0.000000000000E+000  0.000000000000E+000
   1.612500000000E+002  1.000000000000E+000  9.869965969268E-001  1.168784336182E-005  1.962558772425E-007  1.089680877329E-002  3.490992230271E-007  2.094336913173E-003  0.000000000000E+000  0.000000000000E+000  0.000000000000E+000  0.000000000000E+000  0.000000000000E+000  0.000000000000E+000
   1.615000000000E+002  1.000000000000E+000  9.869966121210E-001  1.168782913446E-005  1.962861197671E-007  1.089679177096E-002  3.490872962000E-007  2.094338910570E-003  0.000000000000E+000  0.000000000000E+000  0.000000000000E+000  0.000000000000E+000  0.000000000000E+000  0.000000000000E+000
   1.617500000000E+002  1.000000000000E+000  9.869966264630E-001  1.168783480751E-005  1.963168112177E-007  1.089677552525E-002  3.490760056295E-007  2.094340982577E-003  0.000000000000E+000  0.000000000000E+000  0.000000000000E+000  0.000000000000E+000  0.000000000000E+000  0.000000000000E+000
   1.620000000000E+002  1.000000000000E+000  9.869966401143E-001  1.168785676719E-005  1.963471677281E-007  1.089676064114E-002  3.490653463160E-007  2.094343531254E-003  0.000000000000E+000  0.000000000000E+000  0.000000000000E+000  0.000000000000E+000  0.000000000000E+000  0.000000000000E+000
   1.622500000000E+002  1.000000000000E+000  9.869966711322E-001  1.168791733254E-005  1.963760135224E-007  1.089674344702E-002  3.490557574429E-007  2.094346049073E-003  0.000000000000E+000  0.000000000000E+000  0.000000000000E+000  0.000000000000E+000  0.000000000000E+000  0.000000000000E+000
   1.625000000000E+002  1.000000000000E+000  9.869966849324E-001  1.168799144781E-005  1.964031757004E-007  1.089672792128E-002  3.490469250995E-007  2.094349031592E-003  0.000000000000E+000  0.000000000000E+000  0.000000000000E+000  0.000000000000E+000  0.000000000000E+000  0.000000000000E+000
   1.627500000000E+002  1.000000000000E+000  9.869966980792E-001  1.168807593824E-005  1.964281834725E-007  1.089671209236E-002  3.490387716703E-007  2.094351796537E-003  0.000000000000E+000  0.000000000000E+000  0.000000000000E+000  0.000000000000E+000  0.000000000000E+000  0.000000000000E+000
   1.630000000000E+002  1.000000000000E+000  9.869967109770E-001  1.168816580441E-005  1.964506894488E-007  1.089669642269E-002  3.490313163077E-007  2.094354644980E-003  0.000000000000E+000  0.000000000000E+000  0.000000000000E+000  0.000000000000E+000  0.000000000000E+000  0.000000000000E+000
   1.632500000000E+002  1.000000000000E+000  9.869967235040E-001  1.168825875683E-005  1.964704910840E-007  1.089668112745E-002  3.490244576676E-007  2.094357717079E-003  0.000000000000E+000  0.000000000000E+000  0.000000000000E+000  0.000000000000E+000  0.000000000000E+000  0.000000000000E+000
   1.635000000000E+002  1.000000000000E+000  9.869967357121E-001  1.168834889859E-005  1.964874519887E-007  1.089666621083E-002  3.490181820772E-007  2.094360497214E-003  0.000000000000E+000  0.000000000000E+000  0.000000000000E+000  0.000000000000E+000  0.000000000000E+000  0.000000000000E+000
   1.637500000000E+002  1.000000000000E+000  9.869967474188E-001  1.168843531885E-005  1.965015213513E-007  1.089665194965E-002  3.490124450479E-007  2.094363363182E-003  0.000000000000E+000  0.000000000000E+000  0.000000000000E+000  0.000000000000E+000  0.000000000000E+000  0.000000000000E+000
   1.640000000000E+002  1.000000000000E+000  9.869967590068E-001  1.168851425282E-005  1.965127664716E-007  1.089663785299E-002  3.490071707411E-007  2.094365960255E-003  0.000000000000E+000  0.000000000000E+000  0.000000000000E+000  0.000000000000E+000  0.000000000000E+000  0.000000000000E+000
   1.642500000000E+002  1.000000000000E+000  9.869967703191E-001  1.168858459967E-005  1.965212480055E-007  1.089662415934E-002  3.490023501726E-007  2.094368681933E-003  0.000000000000E+000  0.000000000000E+000  0.000000000000E+000  0.000000000000E+000  0.000000000000E+000  0.000000000000E+000
   1.645000000000E+002  1.000000000000E+000  9.869967813449E-001  1.168864492469E-005  1.965271372939E-007  1.089660995574E-002  3.489979193328E-007  2.094371056266E-003  0.000000000000E+000  0.000000000000E+000  0.000000000000E+000  0.000000000000E+000  0.000000000000E+000  0.000000000000E+000
   1.647500000000E+002  1.000000000000E+000  9.869967967524E-001  1.168869574389E-005  1.965306079347E-007  1.089659805939E-002  3.489938533865E-007  2.094373986499E-003  0.000000000000E+000  0.000000000000E+000  0.000000000000E+000  0.000000000000E+000  0.000000000000E+000  0.000000000000E+000
   1.650000000000E+002  1.000000000000E+000  9.869968027337E-001  1.168877567558E-005  1.965311174869E-007  1.089658405407E-002  3.489908807235E-007  2.094376942579E-003  0.000000000000E+000  0.000000000000E+000  0.000000000000E+000  0.000000000000E+000  0.000000000000E+000  0.000000000000E+000
   1.652500000000E+002  1.000000000000E+000  9.869968141709E-001  1.168885420580E-005  1.965293838889E-007  1.089656986136E-002  3.489883620511E-007  2.094379638060E-003  0.000000000000E+000  0.000000000000E+000  0.000000000000E+000  0.000000000000E+000  0.000000000000E+000  0.000000000000E+000
   1.655000000000E+002  1.000000000000E+000  9.869968199932E-001  1.168893212111E-005  1.965256679318E-007  1.089655652010E-002  3.489863206052E-007  2.094382443118E-003  0.000000000000E+000  0.000000000000E+000  0.000000000000E+000  0.000000000000E+000  0.000000000000E+000  0.000000000000E+000
   1.657500000000E+002  1.000000000000E+000  9.869968217958E-001  1.168900737003E-005  1.965202687447E-007  1.089654271414E-002  3.489846741479E-007  2.094384148659E-003  0.000000000000E+000  0.000000000000E+000  0.000000000000E+000  0.000000000000E+000  0.000000000000E+000  0.000000000000E+000
   1.660000000000E+002  1.000000000000E+000  9.869968349809E-001  1.168908015985E-005  1.965134580778E-007  1.089652832243E-002  3.489834027679E-007  2.094385539594E-003  0.000000000000E+000  0.000000000000E+000  0.000000000000E+000  0.000000000000E+000  0.000000000000E+000  0.000000000000E+000
   1.662500000000E+002  1.000000000000E+000  9.869968797204E-001  1.168909977153E-005  1.964572580310E-007  1.089651360647E-002  3.489802807024E-007  2.094386876920E-003  0.000000000000E+000  0.000000000000E+000  0.000000000000E+000  0.000000000000E+000  0.000000000000E+000  0.000000000000E+000
   1.665000000000E+002  1.000000000000E+000  9.869968879490E-001  1.168911810727E-005  1.964036787492E-007  1.089649920582E-002  3.489782180919E-007  2.094388539340E-003  0.000000000000E+000  0.000000000000E+000  0.000000000000E+000  0.000000000000E+000  0.000000000000E+000  0.000000000000E+000
   1.667500000000E+002  1.000000000000E+000  9.869968975158E-001  1.168913777506E-005  1.963563454124E-007  1.089648439957E-002  3.489770565599E-007  2.094390267665E-003  0.000000000000E+000  0.000000000000E+000  0.000000000000E+000  0.000000000000E+000  0.000000000000E+000  0.000000000000E+000
   1.670000000000E+002  1.000000000000E+000  9.869969109577E-001  1.168915167495E-005  1.963072145762E-007  1.089646927508E-002  3.489759795409E-007  2.094392235531E-003  0.000000000000E+000  0.000000000000E+000  0.000000000000E+000  0.000000000000E+000  0.000000000000E+000  0.000000000000E+000
   1.672500000000E+002  1.000000000000E+000  9.869969238981E-001  1.168915997411E-005  1.962583969122E-007  1.089645441463E-002  3.489749107165E-007  2.094394212324E-003  0.000000000000E+000  0.000000000000E+000  0.000000000000E+000  0.000000000000E+000  0.000000000000E+000  0.000000000000E+000
   1.675000000000E+002  1.000000000000E+000  9.869969167127E-001  1.168911545842E-005  1.961613263359E-007  1.089644018554E-002  3.489714522503E-007  2.094396529863E-003  0.000000000000E+000  0.000000000000E+000  0.000000000000E+000  0.000000000000E+000  0.000000000000E+000  0.000000000000E+000
   1.677500000000E+002  1.000000000000E+000  9.869969289249E-001  1.168906015147E-005  1.960596941284E-007  1.089642680490E-002  3.489682543816E-007  2.094398805826E-003  0.000000000000E+000  0.000000000000E+000  0.000000000000E+000  0.000000000000E+000  0.000000000000E+000  0.000000000000E+000
   1.680000000000E+002  1.000000000000E+000  9.869969355476E-001  1.168903276187E-005  1.959528110582E-007  1.089641134231E-002  3.489657658908E-007  2.094401192602E-003  0.000000000000E+000  0.000000000000E+000  0.000000000000E+000  0.000000000000E+000  0.000000000000E+000  0.000000000000E+000
   1.682500000000E+002  1.000000000000E+000  9.869969489702E-001  1.168900587900E-005  1.958444495918E-007  1.089639576863E-002  3.489631936103E-007  2.094403730384E-003  0.000000000000E+000  0.000000000000E+000  0.000000000000E+000  0.000000000000E+000  0.000000000000E+000  0.000000000000E+000
   1.685000000000E+002  1.000000000000E+000  9.869969578721E-001  1.168899417071E-005  1.957505284790E-007  1.089637854912E-002  3.489608802684E-007  2.094406064664E-003  0.000000000000E+000  0.000000000000E+000  0.000000000000E+000  0.000000000000E+000  0.000000000000E+000  0.000000000000E+000
   1.687500000000E+002  1.000000000000E+000  9.869969728986E-001  1.168898823972E-005  1.956622753545E-007  1.089636230609E-002  3.489580369014E-007  2.094408324748E-003  0.000000000000E+000  0.000000000000E+000  0.000000000000E+000  0.000000000000E+000  0.000000000000E+000  0.000000000000E+000
   1.690000000000E+002  1.000000000000E+000  9.869969876385E-001  1.168898912969E-005  1.955818250855E-007  1.089634539115E-002  3.489545397418E-007  2.094410597945E-003  0.000000000000E+000  0.000000000000E+000  0.000000000000E+000  0.000000000000E+000  0.000000000000E+000  0.000000000000E+000
   1.692500000000E+002  1.000000000000E+000  9.869970019054E-001  1.168899763777E-005  1.955101504171E-007  1.089632885296E-002  3.489503179092E-007  2.094412952694E-003  0.000000000000E+000  0.000000000000E+000  0.000000000000E+000  0.000000000000E+000  0.000000000000E+000  0.000000000000E+000
   1.695000000000E+002  1.000000000000E+000  9.869970154957E-001  1.168901228491E-005  1.954478325000E-007  1.089631382431E-002  3.489453273375E-007  2.094415623956E-003  0.000000000000E+000  0.000000000000E+000  0.000000000000E+000  0.000000000000E+000  0.000000000000E+000  0.000000000000E+000
   1.697500000000E+002  1.000000000000E+000  9.869970285166E-001  1.168903231755E-005  1.953951749371E-007  1.089629833253E-002  3.489395337959E-007  2.094418148310E-003  0.000000000000E+000  0.000000000000E+000  0.000000000000E+000  0.000000000000E+000  0.000000000000E+000  0.000000000000E+000
   1.700000000000E+002  1.000000000000E+000  9.869970412279E-001  1.168905779111E-005  1.953522107405E-007  1.089628311546E-002  3.489329881210E-007  2.094420693341E-003  0.000000000000E+000  0.000000000000E+000  0.000000000000E+000  0.000000000000E+000  0.000000000000E+000  0.000000000000E+000
   1.702500000000E+002  1.000000000000E+000  9.869970536249E-001  1.168908881216E-005  1.953186973701E-007  1.089626825131E-002  3.489256757228E-007  2.094423415443E-003  0.000000000000E+000  0.000000000000E+000  0.000000000000E+000  0.000000000000E+000  0.000000000000E+000  0.000000000000E+000
   1.705000000000E+002  1.000000000000E+000  9.869970656353E-001  1.168912226546E-005  1.952942144565E-007  1.089625477400E-002  3.489176627709E-007  2.094425820551E-003  0.000000000000E+000  0.000000000000E+000  0.000000000000E+000  0.000000000000E+000  0.000000000000E+000  0.000000000000E+000
   1.707500000000E+002  1.000000000000E+000  9.869970716730E-001  1.168915944205E-005  1.952781622112E-007  1.089624046490E-002  3.489089762206E-007  2.094428267095E-003  0.000000000000E+000  0.000000000000E+000  0.000000000000E+000  0.000000000000E+000  0.000000000000E+000  0.000000000000E+000
   1.710000000000E+002  1.000000000000E+000  9.869970872755E-001  1.168919778078E-005  1.952698097167E-007  1.089622833235E-002  3.488997299407E-007  2.094431303440E-003  0.000000000000E+000  0.000000000000E+000  0.000000000000E+000  0.000000000000E+000  0.000000000000E+000  0.000000000000E+000
   1.712500000000E+002  1.000000000000E+000  9.869970967324E-001  1.168923807447E-005  1.952683261143E-007  1.089621605571E-002  3.488899550054E-007  2.094434335775E-003  0.000000000000E+000  0.000000000000E+000  0.000000000000E+000  0.000000000000E+000  0.000000000000E+000  0.000000000000E+000
   1.715000000000E+002  1.000000000000E+000  9.869971060591E-001  1.168927799714E-005  1.952728092499E-007  1.089620394250E-002  3.488798028128E-007  2.094437095828E-003  0.000000000000E+000  0.000000000000E+000  0.000000000000E+000  0.000000000000E+000  0.000000000000E+000  0.000000000000E+000
   1.717500000000E+002  1.000000000000E+000  9.869971651622E-001  1.168931886617E-005  1.952823301032E-007  1.089619201891E-002  3.488692934573E-007  2.094439244732E-003  0.000000000000E+000  0.000000000000E+000  0.000000000000E+000  0.000000000000E+000  0.000000000000E+000  0.000000000000E+000
   1.720000000000E+002  1.000000000000E+000  9.869971759086E-001  1.168935770839E-005  1.952959216468E-007  1.089617983405E-002  3.488585323920E-007  2.094440881945E-003  0.000000000000E+000  0.000000000000E+000  0.000000000000E+000  0.000000000000E+000  0.000000000000E+000  0.000000000000E+000
   1.722500000000E+002  1.000000000000E+000  9.869971272032E-001  1.168939580383E-005  1.953126881639E-007  1.089616782780E-002  3.488476447604E-007  2.094442186455E-003  0.000000000000E+000  0.000000000000E+000  0.000000000000E+000  0.000000000000E+000  0.000000000000E+000  0.000000000000E+000
   1.725000000000E+002  1.000000000000E+000  9.869971384701E-001  1.168943216995E-005  1.953317626215E-007  1.089615639716E-002  3.488367017084E-007  2.094443942918E-003  0.000000000000E+000  0.000000000000E+000  0.000000000000E+000  0.000000000000E+000  0.000000000000E+000  0.000000000000E+000
   1.727500000000E+002  1.000000000000E+000  9.869972023773E-001  1.168946568694E-005  1.953521952820E-007  1.089614574821E-002  3.488257394361E-007  2.094446057770E-003  0.000000000000E+000  0.000000000000E+000  0.000000000000E+000  0.000000000000E+000  0.000000000000E+000  0.000000000000E+000
   1.730000000000E+002  1.000000000000E+000  9.869972106419E-001  1.168949586109E-005  1.953731090571E-007  1.089613627950E-002  3.488148875712E-007  2.094448151677E-003  0.000000000000E+000  0.000000000000E+000  0.000000000000E+000  0.000000000000E+000  0.000000000000E+000  0.000000000000E+000
   1.732500000000E+002  1.000000000000E+000  9.869971586616E-001  1.168952452861E-005  1.953937710701E-007  1.089612760711E-002  3.488041684455E-007  2.094450325709E-003  0.000000000000E+000  0.000000000000E+000  0.000000000000E+000  0.000000000000E+000  0.000000000000E+000  0.000000000000E+000
   1.735000000000E+002  1.000000000000E+000  9.869971652788E-001  1.168954937076E-005  1.954135619165E-007  1.089611946511E-002  3.487936921162E-007  2.094452284299E-003  0.000000000000E+000  0.000000000000E+000  0.000000000000E+000  0.000000000000E+000  0.000000000000E+000  0.000000000000E+000
   1.737500000000E+002  1.000000000000E+000  9.869971717646E-001  1.168957137187E-005  1.954319648929E-007  1.089611079524E-002  3.487835072763E-007  2.094453744547E-003  0.000000000000E+000  0.000000000000E+000  0.000000000000E+000  0.000000000000E+000  0.000000000000E+000  0.000000000000E+000
   1.740000000000E+002  1.000000000000E+000  9.869971781520E-001  1.168958975326E-005  1.954485482879E-007  1.089610340430E-002  3.487736215545E-007  2.094455192702E-003  0.000000000000E+000  0.000000000000E+000  0.000000000000E+000  0.000000000000E+000  0.000000000000E+000  0.000000000000E+000
   1.742500000000E+002  1.000000000000E+000  9.869972439193E-001  1.168960673460E-005  1.954629920441E-007  1.089609554987E-002  3.487641137277E-007  2.094456401772E-003  0.000000000000E+000  0.000000000000E+000  0.000000000000E+000  0.000000000000E+000  0.000000000000E+000  0.000000000000E+000
   1.745000000000E+002  1.000000000000E+000  9.869972500120E-001  1.168962146667E-005  1.954750444339E-007  1.089608885066E-002  3.487550207551E-007  2.094457472916E-003  0.000000000000E+000  0.000000000000E+000  0.000000000000E+000  0.000000000000E+000  0.000000000000E+000  0.000000000000E+000
   1.747500000000E+002  1.000000000000E+000  9.869972469445E-001  1.168967425808E-005  1.954838829664E-007  1.089607907268E-002  3.487470513302E-007  2.094457620256E-003  0.000000000000E+000  0.000000000000E+000  0.000000000000E+000  0.000000000000E+000  0.000000000000E+000  0.000000000000E+000
   1.750000000000E+002  1.000000000000E+000  9.869972563202E-001  1.168973319567E-005  1.954900252414E-007  1.089607016963E-002  3.487396384181E-007  2.094457582280E-003  0.000000000000E+000  0.000000000000E+000  0.000000000000E+000  0.000000000000E+000  0.000000000000E+000  0.000000000000E+000
   1.752500000000E+002  1.000000000000E+000  9.869972653589E-001  1.168979668972E-005  1.954934535354E-007  1.089606077619E-002  3.487327874543E-007  2.094457433120E-003  0.000000000000E+000  0.000000000000E+000  0.000000000000E+000  0.000000000000E+000  0.000000000000E+000  0.000000000000E+000
   1.755000000000E+002  1.000000000000E+000  9.869972736377E-001  1.168986580488E-005  1.954942743404E-007  1.089605285927E-002  3.487265086405E-007  2.094457262722E-003  0.000000000000E+000  0.000000000000E+000  0.000000000000E+000  0.000000000000E+000  0.000000000000E+000  0.000000000000E+000
   1.757500000000E+002  1.000000000000E+000  9.869972807541E-001  1.168993749099E-005  1.954926160260E-007  1.089604486792E-002  3.487207123600E-007  2.094457629285E-003  0.000000000000E+000  0.000000000000E+000  0.000000000000E+000  0.000000000000E+000  0.000000000000E+000  0.000000000000E+000
   1.760000000000E+002  1.000000000000E+000  9.869972867762E-001  1.169001106210E-005  1.954886775927E-007  1.089603857112E-002  3.487153795850E-007  2.094458326807E-003  0.000000000000E+000  0.000000000000E+000  0.000000000000E+000  0.000000000000E+000  0.000000000000E+000  0.000000000000E+000
   1.762500000000E+002  1.000000000000E+000  9.869972918263E-001  1.169008536995E-005  1.954826711214E-007  1.089603300309E-002  3.487104735889E-007  2.094459035515E-003  0.000000000000E+000  0.000000000000E+000  0.000000000000E+000  0.000000000000E+000  0.000000000000E+000  0.000000000000E+000
   1.765000000000E+002  1.000000000000E+000  9.869972905097E-001  1.169015947766E-005  1.954748657489E-007  1.089602680592E-002  3.487059598942E-007  2.094460222155E-003  0.000000000000E+000  0.000000000000E+000  0.000000000000E+000  0.000000000000E+000  0.000000000000E+000  0.000000000000E+000
   1.767500000000E+002  1.000000000000E+000  9.869972941817E-001  1.169023299110E-005  1.954654930960E-007  1.089602252187E-002  3.487017689345E-007  2.094461026444E-003  0.000000000000E+000  0.000000000000E+000  0.000000000000E+000  0.000000000000E+000  0.000000000000E+000  0.000000000000E+000
   1.770000000000E+002  1.000000000000E+000  9.869972977948E-001  1.169030365111E-005  1.954548342033E-007  1.089601739130E-002  3.486979067919E-007  2.094462038837E-003  0.000000000000E+000  0.000000000000E+000  0.000000000000E+000  0.000000000000E+000  0.000000000000E+000  0.000000000000E+000
   1.772500000000E+002  1.000000000000E+000  9.869973012452E-001  1.169037081534E-005  1.954431609367E-007  1.089601350829E-002  3.486942934475E-007  2.094462901174E-003  0.000000000000E+000  0.000000000000E+000  0.000000000000E+000  0.000000000000E+000  0.000000000000E+000  0.000000000000E+000
   1.775000000000E+002  1.000000000000E+000  9.869973043528E-001  1.169043547232E-005  1.954307145476E-007  1.089600928701E-002  3.486908989449E-007  2.094463517276E-003  0.000000000000E+000  0.000000000000E+000  0.000000000000E+000  0.000000000000E+000  0.000000000000E+000  0.000000000000E+000
   1.777500000000E+002  1.000000000000E+000  9.869973076161E-001  1.169049634131E-005  1.954177734900E-007  1.089600594434E-002  3.486877173229E-007  2.094464034476E-003  0.000000000000E+000  0.000000000000E+000  0.000000000000E+000  0.000000000000E+000  0.000000000000E+000  0.000000000000E+000
   1.780000000000E+002  1.000000000000E+000  9.869973149392E-001  1.169055321465E-005  1.954045579235E-007  1.089600256807E-002  3.486846848728E-007  2.094464720488E-003  0.000000000000E+000  0.000000000000E+000  0.000000000000E+000  0.000000000000E+000  0.000000000000E+000  0.000000000000E+000
   1.782500000000E+002  1.000000000000E+000  9.869973039531E-001  1.169061893138E-005  1.954039110274E-007  1.089599744169E-002  3.486822995679E-007  2.094465356829E-003  0.000000000000E+000  0.000000000000E+000  0.000000000000E+000  0.000000000000E+000  0.000000000000E+000  0.000000000000E+000
   1.785000000000E+002  1.000000000000E+000  9.869973088779E-001  1.169068212785E-005  1.954054376541E-007  1.089599270813E-002  3.486799508260E-007  2.094465353027E-003  0.000000000000E+000  0.000000000000E+000  0.000000000000E+000  0.000000000000E+000  0.000000000000E+000  0.000000000000E+000
   1.787500000000E+002  1.000000000000E+000  9.869973139545E-001  1.169074381748E-005  1.954092339569E-007  1.089598709717E-002  3.486776395432E-007  2.094465376304E-003  0.000000000000E+000  0.000000000000E+000  0.000000000000E+000  0.000000000000E+000  0.000000000000E+000  0.000000000000E+000
   1.790000000000E+002  1.000000000000E+000  9.869973188125E-001  1.169080040604E-005  1.954146808246E-007  1.089598264610E-002  3.486753588040E-007  2.094465362991E-003  0.000000000000E+000  0.000000000000E+000  0.000000000000E+000  0.000000000000E+000  0.000000000000E+000  0.000000000000E+000
   1.792500000000E+002  1.000000000000E+000  9.869973231750E-001  1.169085107546E-005  1.954212146268E-007  1.089597768310E-002  3.486731076130E-007  2.094465402292E-003  0.000000000000E+000  0.000000000000E+000  0.000000000000E+000  0.000000000000E+000  0.000000000000E+000  0.000000000000E+000
   1.795000000000E+002  1.000000000000E+000  9.869973270633E-001  1.169089267720E-005  1.954283199313E-007  1.089597400662E-002  3.486709229096E-007  2.094465568130E-003  0.000000000000E+000  0.000000000000E+000  0.000000000000E+000  0.000000000000E+000  0.000000000000E+000  0.000000000000E+000
   1.797500000000E+002  1.000000000000E+000  9.869973307214E-001  1.169092649092E-005  1.954355745547E-007  1.089597040585E-002  3.486687646647E-007  2.094466358748E-003  0.000000000000E+000  0.000000000000E+000  0.000000000000E+000  0.000000000000E+000  0.000000000000E+000  0.000000000000E+000
   1.800000000000E+002  1.000000000000E+000  9.869973318758E-001  1.169095093449E-005  1.954425694701E-007  1.089596841286E-002  3.486667110002E-007  2.094467585733E-003  0.000000000000E+000  0.000000000000E+000  0.000000000000E+000  0.000000000000E+000  0.000000000000E+000  0.000000000000E+000
   1.802500000000E+002  1.000000000000E+000  9.869973326527E-001  1.169096475363E-005  1.954489863430E-007  1.089596581746E-002  3.486647196398E-007  2.094468871539E-003  0.000000000000E+000  0.000000000000E+000  0.000000000000E+000  0.000000000000E+000  0.000000000000E+000  0.000000000000E+000
   1.805000000000E+002  1.000000000000E+000  9.869973335292E-001  1.169096969887E-005  1.954545182785E-007  1.089596330334E-002  3.486628380090E-007  2.094469987059E-003  0.000000000000E+000  0.000000000000E+000  0.000000000000E+000  0.000000000000E+000  0.000000000000E+000  0.000000000000E+000
   1.807500000000E+002  1.000000000000E+000  9.869973300778E-001  1.169096416119E-005  1.954589776760E-007  1.089596112412E-002  3.486610987617E-007  2.094470682118E-003  0.000000000000E+000  0.000000000000E+000  0.000000000000E+000  0.000000000000E+000  0.000000000000E+000  0.000000000000E+000
   1.810000000000E+002  1.000000000000E+000  9.869973319799E-001  1.169095038273E-005  1.954621647769E-007  1.089595910522E-002  3.486594598118E-007  2.094471229141E-003  0.000000000000E+000  0.000000000000E+000  0.000000000000E+000  0.000000000000E+000  0.000000000000E+000  0.000000000000E+000
   1.812500000000E+002  1.000000000000E+000  9.869973343455E-001  1.169092705700E-005  1.954640038329E-007  1.089595594964E-002  3.486579833624E-007  2.094471527753E-003  0.000000000000E+000  0.000000000000E+000  0.000000000000E+000  0.000000000000E+000  0.000000000000E+000  0.000000000000E+000
   1.815000000000E+002  1.000000000000E+000  9.869973368524E-001  1.169089729492E-005  1.954644079712E-007  1.089595387011E-002  3.486566486702E-007  2.094471330804E-003  0.000000000000E+000  0.000000000000E+000  0.000000000000E+000  0.000000000000E+000  0.000000000000E+000  0.000000000000E+000
   1.817500000000E+002  1.000000000000E+000  9.869973335366E-001  1.169082956262E-005  1.954639025540E-007  1.089595114903E-002  3.486548981978E-007  2.094471307869E-003  0.000000000000E+000  0.000000000000E+000  0.000000000000E+000  0.000000000000E+000  0.000000000000E+000  0.000000000000E+000
   1.820000000000E+002  1.000000000000E+000  9.869973363226E-001  1.169074920569E-005  1.954619979601E-007  1.089594899544E-002  3.486531759600E-007  2.094470936664E-003  0.000000000000E+000  0.000000000000E+000  0.000000000000E+000  0.000000000000E+000  0.000000000000E+000  0.000000000000E+000
   1.822500000000E+002  1.000000000000E+000  9.869973390388E-001  1.169066017801E-005  1.954586297336E-007  1.089594691457E-002  3.486515153384E-007  2.094470820373E-003  0.000000000000E+000  0.000000000000E+000  0.000000000000E+000  0.000000000000E+000  0.000000000000E+000  0.000000000000E+000
   1.825000000000E+002  1.000000000000E+000  9.869973415242E-001  1.169056385903E-005  1.954538368706E-007  1.089594504282E-002  3.486499782653E-007  2.094470501620E-003  0.000000000000E+000  0.000000000000E+000  0.000000000000E+000  0.000000000000E+000  0.000000000000E+000  0.000000000000E+000
   1.827500000000E+002  1.000000000000E+000  9.869973384472E-001  1.169050088330E-005  1.954469821128E-007  1.089594109845E-002  3.486492092559E-007  2.094470481412E-003  0.000000000000E+000  0.000000000000E+000  0.000000000000E+000  0.000000000000E+000  0.000000000000E+000  0.000000000000E+000
   1.830000000000E+002  1.000000000000E+000  9.869973365999E-001  1.169044173283E-005  1.954387460192E-007  1.089593753334E-002  3.486487164174E-007  2.094470332772E-003  0.000000000000E+000  0.000000000000E+000  0.000000000000E+000  0.000000000000E+000  0.000000000000E+000  0.000000000000E+000
   1.832500000000E+002  1.000000000000E+000  9.869973406261E-001  1.169038761199E-005  1.954292281454E-007  1.089593389086E-002  3.486484526858E-007  2.094470205030E-003  0.000000000000E+000  0.000000000000E+000  0.000000000000E+000  0.000000000000E+000  0.000000000000E+000  0.000000000000E+000
   1.835000000000E+002  1.000000000000E+000  9.869973443809E-001  1.169033845520E-005  1.954185858936E-007  1.089593041721E-002  3.486484510209E-007  2.094470175829E-003  0.000000000000E+000  0.000000000000E+000  0.000000000000E+000  0.000000000000E+000  0.000000000000E+000  0.000000000000E+000
   1.837500000000E+002  1.000000000000E+000  9.869973478609E-001  1.169029325720E-005  1.954069784825E-007  1.089592710801E-002  3.486486233416E-007  2.094470252945E-003  0.000000000000E+000  0.000000000000E+000  0.000000000000E+000  0.000000000000E+000  0.000000000000E+000  0.000000000000E+000
   1.840000000000E+002  1.000000000000E+000  9.869973510858E-001  1.169025356554E-005  1.953945686059E-007  1.089592397939E-002  3.486490026545E-007  2.094470400466E-003  0.000000000000E+000  0.000000000000E+000  0.000000000000E+000  0.000000000000E+000  0.000000000000E+000  0.000000000000E+000
   1.842500000000E+002  1.000000000000E+000  9.869973498977E-001  1.169023066250E-005  1.953945212479E-007  1.089591896583E-002  3.486500280593E-007  2.094470708967E-003  0.000000000000E+000  0.000000000000E+000  0.000000000000E+000  0.000000000000E+000  0.000000000000E+000  0.000000000000E+000
   1.845000000000E+002  1.000000000000E+000  9.869973550034E-001  1.169021464536E-005  1.953961001078E-007  1.089591380378E-002  3.486511015734E-007  2.094470970854E-003  0.000000000000E+000  0.000000000000E+000  0.000000000000E+000  0.000000000000E+000  0.000000000000E+000  0.000000000000E+000
   1.847500000000E+002  1.000000000000E+000  9.869973601213E-001  1.169020440313E-005  1.953994074221E-007  1.089590862367E-002  3.486521991208E-007  2.094471231057E-003  0.000000000000E+000  0.000000000000E+000  0.000000000000E+000  0.000000000000E+000  0.000000000000E+000  0.000000000000E+000
   1.850000000000E+002  1.000000000000E+000  9.869973650589E-001  1.169019782606E-005  1.954038860058E-007  1.089590358987E-002  3.486533148008E-007  2.094471519608E-003  0.000000000000E+000  0.000000000000E+000  0.000000000000E+000  0.000000000000E+000  0.000000000000E+000  0.000000000000E+000
   1.852500000000E+002  1.000000000000E+000  9.869973698158E-001  1.169019560889E-005  1.954090426450E-007  1.089589958776E-002  3.486545157688E-007  2.094471884246E-003  0.000000000000E+000  0.000000000000E+000  0.000000000000E+000  0.000000000000E+000  0.000000000000E+000  0.000000000000E+000
   1.855000000000E+002  1.000000000000E+000  9.869974242146E-001  1.169019569029E-005  1.954143717229E-007  1.089589370907E-002  3.486557775477E-007  2.094471978006E-003  0.000000000000E+000  0.000000000000E+000  0.000000000000E+000  0.000000000000E+000  0.000000000000E+000  0.000000000000E+000
   1.857500000000E+002  1.000000000000E+000  9.869974250120E-001  1.169019691967E-005  1.954194991680E-007  1.089588705943E-002  3.486571284977E-007  2.094471029835E-003  0.000000000000E+000  0.000000000000E+000  0.000000000000E+000  0.000000000000E+000  0.000000000000E+000  0.000000000000E+000
   1.860000000000E+002  1.000000000000E+000  9.869974328246E-001  1.169019871087E-005  1.954240828444E-007  1.089588050818E-002  3.486585219075E-007  2.094469952807E-003  0.000000000000E+000  0.000000000000E+000  0.000000000000E+000  0.000000000000E+000  0.000000000000E+000  0.000000000000E+000
   1.862500000000E+002  1.000000000000E+000  9.869974445008E-001  1.169019996732E-005  1.954278224573E-007  1.089587477098E-002  3.486600285065E-007  2.094469554592E-003  0.000000000000E+000  0.000000000000E+000  0.000000000000E+000  0.000000000000E+000  0.000000000000E+000  0.000000000000E+000
   1.865000000000E+002  1.000000000000E+000  9.869974496415E-001  1.169020057658E-005  1.954305007895E-007  1.089587061578E-002  3.486616052802E-007  2.094469687805E-003  0.000000000000E+000  0.000000000000E+000  0.000000000000E+000  0.000000000000E+000  0.000000000000E+000  0.000000000000E+000
   1.867500000000E+002  1.000000000000E+000  9.869974537130E-001  1.169019967011E-005  1.954319177923E-007  1.089586613369E-002  3.486632541607E-007  2.094470288327E-003  0.000000000000E+000  0.000000000000E+000  0.000000000000E+000  0.000000000000E+000  0.000000000000E+000  0.000000000000E+000
   1.870000000000E+002  1.000000000000E+000  9.869974571106E-001  1.169019773573E-005  1.954319750101E-007  1.089586205722E-002  3.486649653558E-007  2.094471160411E-003  0.000000000000E+000  0.000000000000E+000  0.000000000000E+000  0.000000000000E+000  0.000000000000E+000  0.000000000000E+000
   1.872500000000E+002  1.000000000000E+000  9.869974601952E-001  1.169019249999E-005  1.954305692781E-007  1.089585820495E-002  3.486667360598E-007  2.094472125131E-003  0.000000000000E+000  0.000000000000E+000  0.000000000000E+000  0.000000000000E+000  0.000000000000E+000  0.000000000000E+000
   1.875000000000E+002  1.000000000000E+000  9.869974636446E-001  1.169018453915E-005  1.954277115412E-007  1.089585395361E-002  3.486685449903E-007  2.094473128648E-003  0.000000000000E+000  0.000000000000E+000  0.000000000000E+000  0.000000000000E+000  0.000000000000E+000  0.000000000000E+000
   1.877500000000E+002  1.000000000000E+000  9.869974676314E-001  1.169017363368E-005  1.954234235724E-007  1.089585015626E-002  3.486703828060E-007  2.094473843933E-003  0.000000000000E+000  0.000000000000E+000  0.000000000000E+000  0.000000000000E+000  0.000000000000E+000  0.000000000000E+000
   1.880000000000E+002  1.000000000000E+000  9.869974718073E-001  1.169016090619E-005  1.954177527798E-007  1.089584728737E-002  3.486722619473E-007  2.094474376964E-003  0.000000000000E+000  0.000000000000E+000  0.000000000000E+000  0.000000000000E+000  0.000000000000E+000  0.000000000000E+000
   1.882500000000E+002  1.000000000000E+000  9.869974169863E-001  1.169014446256E-005  1.954107820943E-007  1.089584391991E-002  3.486741132972E-007  2.094475503105E-003  0.000000000000E+000  0.000000000000E+000  0.000000000000E+000  0.000000000000E+000  0.000000000000E+000  0.000000000000E+000
   1.885000000000E+002  1.000000000000E+000  9.869974199351E-001  1.169012521060E-005  1.954025958585E-007  1.089584074841E-002  3.486759625537E-007  2.094476642690E-003  0.000000000000E+000  0.000000000000E+000  0.000000000000E+000  0.000000000000E+000  0.000000000000E+000  0.000000000000E+000
   1.887500000000E+002  1.000000000000E+000  9.869974372134E-001  1.169015059083E-005  1.954011385614E-007  1.089583511289E-002  3.486787745962E-007  2.094477906578E-003  0.000000000000E+000  0.000000000000E+000  0.000000000000E+000  0.000000000000E+000  0.000000000000E+000  0.000000000000E+000
   1.890000000000E+002  1.000000000000E+000  9.869974438299E-001  1.169018019034E-005  1.954000015696E-007  1.089582845176E-002  3.486815942584E-007  2.094478811193E-003  0.000000000000E+000  0.000000000000E+000  0.000000000000E+000  0.000000000000E+000  0.000000000000E+000  0.000000000000E+000
   1.892500000000E+002  1.000000000000E+000  9.869974509802E-001  1.169021499406E-005  1.953992620069E-007  1.089582150255E-002  3.486844009753E-007  2.094479465354E-003  0.000000000000E+000  0.000000000000E+000  0.000000000000E+000  0.000000000000E+000  0.000000000000E+000  0.000000000000E+000
   1.895000000000E+002  1.000000000000E+000  9.869974578806E-001  1.169025309397E-005  1.953986746250E-007  1.089581506164E-002  3.486872015688E-007  2.094479858615E-003  0.000000000000E+000  0.000000000000E+000  0.000000000000E+000  0.000000000000E+000  0.000000000000E+000  0.000000000000E+000
   1.897500000000E+002  1.000000000000E+000  9.869974652337E-001  1.169029194871E-005  1.953979792425E-007  1.089580805004E-002  3.486899738888E-007  2.094480365588E-003  0.000000000000E+000  0.000000000000E+000  0.000000000000E+000  0.000000000000E+000  0.000000000000E+000  0.000000000000E+000
   1.900000000000E+002  1.000000000000E+000  9.869974723675E-001  1.169033057558E-005  1.953969781315E-007  1.089580214343E-002  3.486926662169E-007  2.094481148906E-003  0.000000000000E+000  0.000000000000E+000  0.000000000000E+000  0.000000000000E+000  0.000000000000E+000  0.000000000000E+000
   1.902500000000E+002  1.000000000000E+000  9.869974792331E-001  1.169036601316E-005  1.953955062491E-007  1.089579549085E-002  3.486952762241E-007  2.094481785148E-003  0.000000000000E+000  0.000000000000E+000  0.000000000000E+000  0.000000000000E+000  0.000000000000E+000  0.000000000000E+000
   1.905000000000E+002  1.000000000000E+000  9.869974812296E-001  1.169039802911E-005  1.953932932941E-007  1.089578928410E-002  3.486977656188E-007  2.094482421719E-003  0.000000000000E+000  0.000000000000E+000  0.000000000000E+000  0.000000000000E+000  0.000000000000E+000  0.000000000000E+000
   1.907500000000E+002  1.000000000000E+000  9.869974819284E-001  1.169042556875E-005  1.953901267296E-007  1.089578264139E-002  3.487001434858E-007  2.094483397427E-003  0.000000000000E+000  0.000000000000E+000  0.000000000000E+000  0.000000000000E+000  0.000000000000E+000  0.000000000000E+000
   1.910000000000E+002  1.000000000000E+000  9.869974885291E-001  1.169044734966E-005  1.953858975447E-007  1.089577600111E-002  3.487023674709E-007  2.094484293304E-003  0.000000000000E+000  0.000000000000E+000  0.000000000000E+000  0.000000000000E+000  0.000000000000E+000  0.000000000000E+000
   1.912500000000E+002  1.000000000000E+000  9.869974949195E-001  1.169046211069E-005  1.953805365683E-007  1.089577051210E-002  3.487044445321E-007  2.094485184175E-003  0.000000000000E+000  0.000000000000E+000  0.000000000000E+000  0.000000000000E+000  0.000000000000E+000  0.000000000000E+000
   1.915000000000E+002  1.000000000000E+000  9.869975011975E-001  1.169046873264E-005  1.953740114544E-007  1.089576422820E-002  3.487063509917E-007  2.094486059576E-003  0.000000000000E+000  0.000000000000E+000  0.000000000000E+000  0.000000000000E+000  0.000000000000E+000  0.000000000000E+000
   1.917500000000E+002  1.000000000000E+000  9.869975073728E-001  1.169046872656E-005  1.953663384607E-007  1.089575902713E-002  3.487080789767E-007  2.094486895102E-003  0.000000000000E+000  0.000000000000E+000  0.000000000000E+000  0.000000000000E+000  0.000000000000E+000  0.000000000000E+000
   1.920000000000E+002  1.000000000000E+000  9.869975134411E-001  1.169046194102E-005  1.953575259130E-007  1.089575306772E-002  3.487096246032E-007  2.094487906663E-003  0.000000000000E+000  0.000000000000E+000  0.000000000000E+000  0.000000000000E+000  0.000000000000E+000  0.000000000000E+000
   1.922500000000E+002  1.000000000000E+000  9.869975193547E-001  1.169044620676E-005  1.953476698730E-007  1.089574735111E-002  3.487109509858E-007  2.094488605744E-003  0.000000000000E+000  0.000000000000E+000  0.000000000000E+000  0.000000000000E+000  0.000000000000E+000  0.000000000000E+000
   1.925000000000E+002  1.000000000000E+000  9.869975251284E-001  1.169042398803E-005  1.953368336560E-007  1.089574185953E-002  3.487120575959E-007  2.094489228607E-003  0.000000000000E+000  0.000000000000E+000  0.000000000000E+000  0.000000000000E+000  0.000000000000E+000  0.000000000000E+000
   1.927500000000E+002  1.000000000000E+000  9.869975307897E-001  1.169039561454E-005  1.953251491587E-007  1.089573748276E-002  3.487129681439E-007  2.094490021668E-003  0.000000000000E+000  0.000000000000E+000  0.000000000000E+000  0.000000000000E+000  0.000000000000E+000  0.000000000000E+000
   1.930000000000E+002  1.000000000000E+000  9.869975362988E-001  1.169035974795E-005  1.953127279665E-007  1.089573237317E-002  3.487136200527E-007  2.094490543153E-003  0.000000000000E+000  0.000000000000E+000  0.000000000000E+000  0.000000000000E+000  0.000000000000E+000  0.000000000000E+000
   1.932500000000E+002  1.000000000000E+000  9.869975389360E-001  1.169033199134E-005  1.953123268461E-007  1.089572541314E-002  3.487145710102E-007  2.094491279597E-003  0.000000000000E+000  0.000000000000E+000  0.000000000000E+000  0.000000000000E+000  0.000000000000E+000  0.000000000000E+000
   1.935000000000E+002  1.000000000000E+000  9.869975461677E-001  1.169030136963E-005  1.953134779576E-007  1.089571860999E-002  3.487152089979E-007  2.094491754256E-003  0.000000000000E+000  0.000000000000E+000  0.000000000000E+000  0.000000000000E+000  0.000000000000E+000  0.000000000000E+000
   1.937500000000E+002  1.000000000000E+000  9.869975533140E-001  1.169026791091E-005  1.953162321211E-007  1.089571284923E-002  3.487155569120E-007  2.094492436568E-003  0.000000000000E+000  0.000000000000E+000  0.000000000000E+000  0.000000000000E+000  0.000000000000E+000  0.000000000000E+000
   1.940000000000E+002  1.000000000000E+000  9.869975601740E-001  1.169023274013E-005  1.953200143244E-007  1.089570641007E-002  3.487156475344E-007  2.094492921386E-003  0.000000000000E+000  0.000000000000E+000  0.000000000000E+000  0.000000000000E+000  0.000000000000E+000  0.000000000000E+000
   1.942500000000E+002  1.000000000000E+000  9.869975570056E-001  1.169019434130E-005  1.953243258867E-007  1.089569913494E-002  3.487154902363E-007  2.094493096259E-003  0.000000000000E+000  0.000000000000E+000  0.000000000000E+000  0.000000000000E+000  0.000000000000E+000  0.000000000000E+000
   1.945000000000E+002  1.000000000000E+000  9.869975648877E-001  1.169015442327E-005  1.953286888219E-007  1.089569322897E-002  3.487151872298E-007  2.094493194401E-003  0.000000000000E+000  0.000000000000E+000  0.000000000000E+000  0.000000000000E+000  0.000000000000E+000  0.000000000000E+000
   1.947500000000E+002  1.000000000000E+000  9.869975724414E-001  1.169011296966E-005  1.953326872354E-007  1.089568667698E-002  3.487147509625E-007  2.094493102958E-003  0.000000000000E+000  0.000000000000E+000  0.000000000000E+000  0.000000000000E+000  0.000000000000E+000  0.000000000000E+000
   1.950000000000E+002  1.000000000000E+000  9.869975793974E-001  1.169006801179E-005  1.953360086664E-007  1.089568056300E-002  3.487141869624E-007  2.094493404672E-003  0.000000000000E+000  0.000000000000E+000  0.000000000000E+000  0.000000000000E+000  0.000000000000E+000  0.000000000000E+000
   1.952500000000E+002  1.000000000000E+000  9.869975856860E-001  1.169002214476E-005  1.953383497234E-007  1.089567490365E-002  3.487135087224E-007  2.094493922068E-003  0.000000000000E+000  0.000000000000E+000  0.000000000000E+000  0.000000000000E+000  0.000000000000E+000  0.000000000000E+000
   1.955000000000E+002  1.000000000000E+000  9.869975913638E-001  1.168997347228E-005  1.953394921235E-007  1.089566967595E-002  3.487127791742E-007  2.094494621764E-003  0.000000000000E+000  0.000000000000E+000  0.000000000000E+000  0.000000000000E+000  0.000000000000E+000  0.000000000000E+000
   1.957500000000E+002  1.000000000000E+000  9.869975965412E-001  1.168992305474E-005  1.953392686079E-007  1.089566482830E-002  3.487119873242E-007  2.094495445001E-003  0.000000000000E+000  0.000000000000E+000  0.000000000000E+000  0.000000000000E+000  0.000000000000E+000  0.000000000000E+000
   1.960000000000E+002  1.000000000000E+000  9.869976013638E-001  1.168987197855E-005  1.953375695809E-007  1.089566029023E-002  3.487111181357E-007  2.094496316600E-003  0.000000000000E+000  0.000000000000E+000  0.000000000000E+000  0.000000000000E+000  0.000000000000E+000  0.000000000000E+000
   1.962500000000E+002  1.000000000000E+000  9.869976098218E-001  1.168981878780E-005  1.953343434989E-007  1.089565703555E-002  3.487102276398E-007  2.094497627273E-003  0.000000000000E+000  0.000000000000E+000  0.000000000000E+000  0.000000000000E+000  0.000000000000E+000  0.000000000000E+000
   1.965000000000E+002  1.000000000000E+000  9.869976127935E-001  1.168976446606E-005  1.953295656670E-007  1.089565373913E-002  3.487092659045E-007  2.094499113632E-003  0.000000000000E+000  0.000000000000E+000  0.000000000000E+000  0.000000000000E+000  0.000000000000E+000  0.000000000000E+000
   1.967500000000E+002  1.000000000000E+000  9.869976154455E-001  1.168970999066E-005  1.953232704648E-007  1.089565090827E-002  3.487082894807E-007  2.094500689530E-003  0.000000000000E+000  0.000000000000E+000  0.000000000000E+000  0.000000000000E+000  0.000000000000E+000  0.000000000000E+000
   1.970000000000E+002  1.000000000000E+000  9.869976185535E-001  1.168965432000E-005  1.953155041343E-007  1.089564779666E-002  3.487072337601E-007  2.094501859181E-003  0.000000000000E+000  0.000000000000E+000  0.000000000000E+000  0.000000000000E+000  0.000000000000E+000  0.000000000000E+000
   1.972500000000E+002  1.000000000000E+000  9.869976220110E-001  1.168959960659E-005  1.953063534329E-007  1.089564465108E-002  3.487061630054E-007  2.094502482685E-003  0.000000000000E+000  0.000000000000E+000  0.000000000000E+000  0.000000000000E+000  0.000000000000E+000  0.000000000000E+000
   1.975000000000E+002  1.000000000000E+000  9.869976258351E-001  1.168954393984E-005  1.952959342131E-007  1.089564149695E-002  3.487050039705E-007  2.094503215303E-003  0.000000000000E+000  0.000000000000E+000  0.000000000000E+000  0.000000000000E+000  0.000000000000E+000  0.000000000000E+000
   1.977500000000E+002  1.000000000000E+000  9.869976299153E-001  1.168948843514E-005  1.952843893292E-007  1.089563835979E-002  3.487037723677E-007  2.094503442980E-003  0.000000000000E+000  0.000000000000E+000  0.000000000000E+000  0.000000000000E+000  0.000000000000E+000  0.000000000000E+000
   1.980000000000E+002  1.000000000000E+000  9.869976343886E-001  1.168943329947E-005  1.952718373298E-007  1.089563583930E-002  3.487024265454E-007  2.094504291159E-003  0.000000000000E+000  0.000000000000E+000  0.000000000000E+000  0.000000000000E+000  0.000000000000E+000  0.000000000000E+000
   1.982500000000E+002  1.000000000000E+000  9.869976366976E-001  1.168937800183E-005  1.952584483817E-007  1.089563379174E-002  3.487010066475E-007  2.094505434124E-003  0.000000000000E+000  0.000000000000E+000  0.000000000000E+000  0.000000000000E+000  0.000000000000E+000  0.000000000000E+000
   1.985000000000E+002  1.000000000000E+000  9.869976387033E-001  1.168932422674E-005  1.952443586801E-007  1.089563204986E-002  3.486994755221E-007  2.094506342161E-003  0.000000000000E+000  0.000000000000E+000  0.000000000000E+000  0.000000000000E+000  0.000000000000E+000  0.000000000000E+000
   1.987500000000E+002  1.000000000000E+000  9.869976406723E-001  1.168927117289E-005  1.952297142289E-007  1.089563049156E-002  3.486978228111E-007  2.094507103147E-003  0.000000000000E+000  0.000000000000E+000  0.000000000000E+000  0.000000000000E+000  0.000000000000E+000  0.000000000000E+000
   1.990000000000E+002  1.000000000000E+000  9.869976427927E-001  1.168921887833E-005  1.952146438522E-007  1.089562995553E-002  3.486960121920E-007  2.094507854545E-003  0.000000000000E+000  0.000000000000E+000  0.000000000000E+000  0.000000000000E+000  0.000000000000E+000  0.000000000000E+000
   1.992500000000E+002  1.000000000000E+000  9.869976451564E-001  1.168916658354E-005  1.951993091367E-007  1.089562850307E-002  3.486940811278E-007  2.094508114334E-003  0.000000000000E+000  0.000000000000E+000  0.000000000000E+000  0.000000000000E+000  0.000000000000E+000  0.000000000000E+000
   1.995000000000E+002  1.000000000000E+000  9.869976420424E-001  1.168911665484E-005  1.951838234829E-007  1.089562685626E-002  3.486919758822E-007  2.094508225023E-003  0.000000000000E+000  0.000000000000E+000  0.000000000000E+000  0.000000000000E+000  0.000000000000E+000  0.000000000000E+000
   1.997500000000E+002  1.000000000000E+000  9.869976394807E-001  1.168906673926E-005  1.951682689275E-007  1.089562453032E-002  3.486897064895E-007  2.094507530650E-003  0.000000000000E+000  0.000000000000E+000  0.000000000000E+000  0.000000000000E+000  0.000000000000E+000  0.000000000000E+000
   2.000000000000E+002  1.000000000000E+000  9.869976439439E-001  1.168901720402E-005  1.951527958231E-007  1.089562240702E-002  3.486872894660E-007  2.094506359775E-003  0.000000000000E+000  0.000000000000E+000  0.000000000000E+000  0.000000000000E+000  0.000000000000E+000  0.000000000000E+000
