#                    1                    2                    3                    4                    5                    6                    7                    8                    9                   10                   11                   12                   13                   14                   15                   16                   17                   18                   19                   20                   21                   22                   23                   24                   25                   26
#               Time |           Sum c**2 |  === coeff_diab ===>
#               [fs] |                 [] |                 [] |
   0.000000000000E+000  1.000000000000E+000  1.000000000000E+000  0.000000000000E+000  0.000000000000E+000  0.000000000000E+000  0.000000000000E+000  0.000000000000E+000  0.000000000000E+000  0.000000000000E+000  0.000000000000E+000  0.000000000000E+000  0.000000000000E+000  0.000000000000E+000
   2.500000000000E-001  1.000000000000E+000  9.999694824219E-001  3.404996107292E-008  5.231005906214E-011  2.981467332575E-005  7.296517448400E-013  6.899949198669E-007  0.000000000000E+000  0.000000000000E+000  0.000000000000E+000  0.000000000000E+000  0.000000000000E+000  0.000000000000E+000
   5.000000000000E-001  1.000000000000E+000  9.998575448990E-001  1.337383821465E-007  1.454347614560E-010  1.392069971189E-004  3.214748953151E-011  3.119964276266E-006  0.000000000000E+000  0.000000000000E+000  0.000000000000E+000  0.000000000000E+000  0.000000000000E+000  0.000000000000E+000
   7.500000000000E-001  1.000000000000E+000  9.996311068535E-001  2.924601574250E-007  2.184392805527E-010  3.605993406381E-004  2.208826316297E-010  7.983469913597E-006  0.000000000000E+000  0.000000000000E+000  0.000000000000E+000  0.000000000000E+000  0.000000000000E+000  0.000000000000E+000
   1.000000000000E+000  1.000000000000E+000  9.992552399635E-001  5.017482180847E-007  1.706837032822E-010  7.280560676008E-004  8.640680393412E-010  1.619998147362E-005  0.000000000000E+000  0.000000000000E+000  0.000000000000E+000  0.000000000000E+000  0.000000000000E+000  0.000000000000E+000
   1.250000000000E+000  1.000000000000E+000  9.986955523491E-001  7.518644338234E-007  8.312152355305E-011  1.274756388739E-003  2.381925323647E-009  2.891622898460E-005  0.000000000000E+000  0.000000000000E+000  0.000000000000E+000  0.000000000000E+000  0.000000000000E+000  0.000000000000E+000
   1.500000000000E+000  1.000000000000E+000  9.979218840599E-001  1.035623995449E-006  1.232221182729E-011  2.029617549852E-003  5.329567898116E-009  4.744002217194E-005  0.000000000000E+000  0.000000000000E+000  0.000000000000E+000  0.000000000000E+000  0.000000000000E+000  0.000000000000E+000
   1.750000000000E+000  1.000000000000E+000  9.969114661217E-001  1.342373707303E-006  2.235965579356E-011  3.014101879671E-003  1.039493113808E-008  7.309243665077E-005  0.000000000000E+000  0.000000000000E+000  0.000000000000E+000  0.000000000000E+000  0.000000000000E+000  0.000000000000E+000
   2.000000000000E+000  1.000000000000E+000  9.956523180008E-001  1.664302203608E-006  2.347082528331E-010  4.238994326442E-003  1.828778017909E-008  1.069756472134E-004  0.000000000000E+000  0.000000000000E+000  0.000000000000E+000  0.000000000000E+000  0.000000000000E+000  0.000000000000E+000
   2.250000000000E+000  1.000000000000E+000  9.941461682320E-001  1.994543936235E-006  6.715099587495E-010  5.702124908566E-003  2.947948019028E-008  1.497030607425E-004  0.000000000000E+000  0.000000000000E+000  0.000000000000E+000  0.000000000000E+000  0.000000000000E+000  0.000000000000E+000
   2.500000000000E+000  1.000000000000E+000  9.924101233482E-001  2.330062216060E-006  1.560156670521E-009  7.386426441371E-003  4.479919724076E-008  2.010766620515E-004  0.000000000000E+000  0.000000000000E+000  0.000000000000E+000  0.000000000000E+000  0.000000000000E+000  0.000000000000E+000
   2.750000000000E+000  1.000000000000E+000  9.904783368111E-001  2.660737663973E-006  2.732644333037E-009  9.259188547730E-003  6.408662756030E-008  2.597235725261E-004  0.000000000000E+000  0.000000000000E+000  0.000000000000E+000  0.000000000000E+000  0.000000000000E+000  0.000000000000E+000
   3.000000000000E+000  1.000000000000E+000  9.884018898010E-001  2.988343567267E-006  4.433437172935E-009  1.127221528441E-002  8.780536830955E-008  3.228398563806E-004  0.000000000000E+000  0.000000000000E+000  0.000000000000E+000  0.000000000000E+000  0.000000000000E+000  0.000000000000E+000
   3.250000000000E+000  1.000000000000E+000  9.862487316132E-001  3.307510269224E-006  6.606921676422E-009  1.336152292788E-002  1.155371762707E-007  3.863239835482E-004  0.000000000000E+000  0.000000000000E+000  0.000000000000E+000  0.000000000000E+000  0.000000000000E+000  0.000000000000E+000
   3.500000000000E+000  1.000000000000E+000  9.841065406799E-001  3.621159294198E-006  9.104584641761E-009  1.544427219778E-002  1.466987527010E-007  4.454380832613E-004  0.000000000000E+000  0.000000000000E+000  0.000000000000E+000  0.000000000000E+000  0.000000000000E+000  0.000000000000E+000
   3.750000000000E+000  1.000000000000E+000  9.820794463158E-001  3.921533789253E-006  1.200335297824E-008  1.742048934102E-002  1.800457312129E-007  4.959703655913E-004  0.000000000000E+000  0.000000000000E+000  0.000000000000E+000  0.000000000000E+000  0.000000000000E+000  0.000000000000E+000
   4.000000000000E+000  1.000000000000E+000  9.802783131599E-001  4.212074600218E-006  1.520807124678E-008  1.918185688555E-002  2.142909494296E-007  5.353809683584E-004  0.000000000000E+000  0.000000000000E+000  0.000000000000E+000  0.000000000000E+000  0.000000000000E+000  0.000000000000E+000
   4.250000000000E+000  1.000000000000E+000  9.788038134575E-001  4.479222297959E-006  1.826767714874E-008  2.062788233161E-002  2.465370698701E-007  5.635329289362E-004  0.000000000000E+000  0.000000000000E+000  0.000000000000E+000  0.000000000000E+000  0.000000000000E+000  0.000000000000E+000
   4.500000000000E+000  1.000000000000E+000  9.777215719223E-001  4.752640052175E-006  2.077277194701E-008  2.169067598879E-002  2.767135356407E-007  5.827177665196E-004  0.000000000000E+000  0.000000000000E+000  0.000000000000E+000  0.000000000000E+000  0.000000000000E+000  0.000000000000E+000
   4.750000000000E+000  1.000000000000E+000  9.770654439926E-001  4.976704985893E-006  1.347053402156E-008  2.233148366213E-002  3.033937616692E-007  5.977849359624E-004  0.000000000000E+000  0.000000000000E+000  0.000000000000E+000  0.000000000000E+000  0.000000000000E+000  0.000000000000E+000
   5.000000000000E+000  1.000000000000E+000  9.768326282501E-001  5.269272151054E-006  2.845607838253E-008  2.254715189338E-002  3.222089333121E-007  6.146267405711E-004  0.000000000000E+000  0.000000000000E+000  0.000000000000E+000  0.000000000000E+000  0.000000000000E+000  0.000000000000E+000
   5.250000000000E+000  1.000000000000E+000  9.769701361656E-001  5.506763500307E-006  3.017103722414E-008  2.238459698856E-002  3.342757395330E-007  6.394084775820E-004  0.000000000000E+000  0.000000000000E+000  0.000000000000E+000  0.000000000000E+000  0.000000000000E+000  0.000000000000E+000
   5.500000000000E+000  1.000000000000E+000  9.774749279022E-001  5.745204816776E-006  3.185592234445E-008  2.183829620481E-002  3.393422502995E-007  6.806363235228E-004  0.000000000000E+000  0.000000000000E+000  0.000000000000E+000  0.000000000000E+000  0.000000000000E+000  0.000000000000E+000
   5.750000000000E+000  1.000000000000E+000  9.783871769905E-001  5.809748927277E-006  3.339740217712E-008  2.085418440402E-002  3.288116090516E-007  7.524698739871E-004  0.000000000000E+000  0.000000000000E+000  0.000000000000E+000  0.000000000000E+000  0.000000000000E+000  0.000000000000E+000
   6.000000000000E+000  1.000000000000E+000  9.799490571022E-001  6.176323950058E-006  3.526669800635E-008  1.915194466710E-002  3.071359913065E-007  8.924736175686E-004  0.000000000000E+000  0.000000000000E+000  0.000000000000E+000  0.000000000000E+000  0.000000000000E+000  0.000000000000E+000
   6.250000000000E+000  1.000000000000E+000  9.831210970879E-001  6.398634468496E-006  2.944178412179E-008  1.561376359314E-002  2.443508719807E-007  1.258444855921E-003  0.000000000000E+000  0.000000000000E+000  0.000000000000E+000  0.000000000000E+000  0.000000000000E+000  0.000000000000E+000
   6.500000000000E+000  1.000000000000E+000  9.923774600029E-001  6.616668997594E-006  7.893243392232E-009  3.755627200007E-003  2.490446249226E-008  3.860269905999E-003  0.000000000000E+000  0.000000000000E+000  0.000000000000E+000  0.000000000000E+000  0.000000000000E+000  0.000000000000E+000
   6.750000000000E+000  1.000000000000E+000  9.353231787682E-001  6.511744231830E-006  1.344050843954E-007  6.427566707134E-002  1.475066369494E-006  3.930419043172E-004  0.000000000000E+000  0.000000000000E+000  0.000000000000E+000  0.000000000000E+000  0.000000000000E+000  0.000000000000E+000
   7.000000000000E+000  1.000000000000E+000  9.641465544701E-001  6.705171472277E-006  7.806806223698E-008  3.578070551157E-002  7.726235935479E-007  6.517769361380E-005  0.000000000000E+000  0.000000000000E+000  0.000000000000E+000  0.000000000000E+000  0.000000000000E+000  0.000000000000E+000
   7.250000000000E+000  1.000000000000E+000  9.689388871193E-001  6.964703061385E-006  7.122526568537E-008  3.086046874523E-002  6.270279868659E-007  1.929939899128E-004  0.000000000000E+000  0.000000000000E+000  0.000000000000E+000  0.000000000000E+000  0.000000000000E+000  0.000000000000E+000
   7.500000000000E+000  1.000000000000E+000  9.709666371346E-001  7.037526756903E-006  6.828217635757E-008  2.875182777643E-002  5.867725576536E-007  2.738486800808E-004  0.000000000000E+000  0.000000000000E+000  0.000000000000E+000  0.000000000000E+000  0.000000000000E+000  0.000000000000E+000
   7.750000000000E+000  1.000000000000E+000  9.721512794495E-001  7.123889645300E-006  6.877944258576E-008  2.751062437892E-002  5.695280833606E-007  3.303553094156E-004  0.000000000000E+000  0.000000000000E+000  0.000000000000E+000  0.000000000000E+000  0.000000000000E+000  0.000000000000E+000
   8.000000000000E+000  1.000000000000E+000  9.729778170586E-001  7.494360943383E-006  6.711006506066E-008  2.663954347372E-002  5.822665229971E-007  3.745142603293E-004  0.000000000000E+000  0.000000000000E+000  0.000000000000E+000  0.000000000000E+000  0.000000000000E+000  0.000000000000E+000
   8.250000000000E+000  1.000000000000E+000  9.736169576645E-001  7.531827577623E-006  6.765593241198E-008  2.596333436668E-002  5.657527140102E-007  4.115586925764E-004  0.000000000000E+000  0.000000000000E+000  0.000000000000E+000  0.000000000000E+000  0.000000000000E+000  0.000000000000E+000
   8.500000000000E+000  1.000000000000E+000  9.741491079330E-001  7.592722340632E-006  6.925647966227E-008  2.539828047156E-002  5.566291179093E-007  4.444080987014E-004  0.000000000000E+000  0.000000000000E+000  0.000000000000E+000  0.000000000000E+000  0.000000000000E+000  0.000000000000E+000
   8.750000000000E+000  1.000000000000E+000  9.746114015579E-001  7.663776159461E-006  7.114240219153E-008  2.490589395165E-002  5.504856517291E-007  4.744180478156E-004  0.000000000000E+000  0.000000000000E+000  0.000000000000E+000  0.000000000000E+000  0.000000000000E+000  0.000000000000E+000
   9.000000000000E+000  1.000000000000E+000  9.750245213509E-001  7.740775799903E-006  7.215881225875E-008  2.446470968425E-002  5.452213827084E-007  5.023903795518E-004  0.000000000000E+000  0.000000000000E+000  0.000000000000E+000  0.000000000000E+000  0.000000000000E+000  0.000000000000E+000
   9.250000000000E+000  1.000000000000E+000  9.754024147987E-001  7.823117812222E-006  7.424665682265E-008  2.406023629010E-002  5.417663260232E-007  5.289106047712E-004  0.000000000000E+000  0.000000000000E+000  0.000000000000E+000  0.000000000000E+000  0.000000000000E+000  0.000000000000E+000
   9.500000000000E+000  1.000000000000E+000  9.757544398308E-001  7.909894520708E-006  7.559283687897E-008  2.368259802461E-002  5.385070380726E-007  5.544084706344E-004  0.000000000000E+000  0.000000000000E+000  0.000000000000E+000  0.000000000000E+000  0.000000000000E+000  0.000000000000E+000
   9.750000000000E+000  1.000000000000E+000  9.760871529579E-001  7.994201041583E-006  7.600433349353E-008  2.332502603531E-002  5.346653324523E-007  5.792153533548E-004  0.000000000000E+000  0.000000000000E+000  0.000000000000E+000  0.000000000000E+000  0.000000000000E+000  0.000000000000E+000
   1.000000000000E+001  1.000000000000E+000  9.764049649239E-001  8.079088729573E-006  7.714358929434E-008  2.298276312649E-002  5.315672524375E-007  6.035729893483E-004  0.000000000000E+000  0.000000000000E+000  0.000000000000E+000  0.000000000000E+000  0.000000000000E+000  0.000000000000E+000
   1.025000000000E+001  1.000000000000E+000  9.767105579376E-001  8.164372047759E-006  7.749530084311E-008  2.265303954482E-002  5.280581376610E-007  6.276186904870E-004  0.000000000000E+000  0.000000000000E+000  0.000000000000E+000  0.000000000000E+000  0.000000000000E+000  0.000000000000E+000
   1.050000000000E+001  1.000000000000E+000  9.770057797432E-001  8.248922313214E-006  7.774301025165E-008  2.233392931521E-002  5.246434398032E-007  6.514480337501E-004  0.000000000000E+000  0.000000000000E+000  0.000000000000E+000  0.000000000000E+000  0.000000000000E+000  0.000000000000E+000
   1.075000000000E+001  1.000000000000E+000  9.772915840149E-001  8.333890946233E-006  7.884739261499E-008  2.202434279025E-002  5.218384444561E-007  6.751099135727E-004  0.000000000000E+000  0.000000000000E+000  0.000000000000E+000  0.000000000000E+000  0.000000000000E+000  0.000000000000E+000
   1.100000000000E+001  1.000000000000E+000  9.775680303574E-001  8.421153324889E-006  7.995488715551E-008  2.172437869012E-002  5.193036827222E-007  6.985599757172E-004  0.000000000000E+000  0.000000000000E+000  0.000000000000E+000  0.000000000000E+000  0.000000000000E+000  0.000000000000E+000
   1.125000000000E+001  1.000000000000E+000  9.778353571892E-001  8.502443961333E-006  8.033227061333E-008  2.143376879394E-002  5.158964881957E-007  7.217915263027E-004  0.000000000000E+000  0.000000000000E+000  0.000000000000E+000  0.000000000000E+000  0.000000000000E+000  0.000000000000E+000
   1.150000000000E+001  1.000000000000E+000  9.780935049057E-001  8.580494977650E-006  8.037817167406E-008  2.115259878337E-002  5.123532673679E-007  7.447535172105E-004  0.000000000000E+000  0.000000000000E+000  0.000000000000E+000  0.000000000000E+000  0.000000000000E+000  0.000000000000E+000
   1.175000000000E+001  1.000000000000E+000  9.783425331116E-001  8.658366823511E-006  8.088008485174E-008  2.088077552617E-002  5.092452397548E-007  7.674180669710E-004  0.000000000000E+000  0.000000000000E+000  0.000000000000E+000  0.000000000000E+000  0.000000000000E+000  0.000000000000E+000
   1.200000000000E+001  1.000000000000E+000  9.785827994347E-001  8.733268259675E-006  8.083528513225E-008  2.061808854342E-002  5.055922542851E-007  7.897669565864E-004  0.000000000000E+000  0.000000000000E+000  0.000000000000E+000  0.000000000000E+000  0.000000000000E+000  0.000000000000E+000
   1.225000000000E+001  1.000000000000E+000  9.788146018982E-001  8.810110557533E-006  8.108698068554E-008  2.036419697106E-002  5.025410700910E-007  8.117867982946E-004  0.000000000000E+000  0.000000000000E+000  0.000000000000E+000  0.000000000000E+000  0.000000000000E+000  0.000000000000E+000
   1.250000000000E+001  1.000000000000E+000  9.790382385254E-001  8.880509994924E-006  8.117290661858E-008  2.011885307729E-002  4.991164814783E-007  8.334705489688E-004  0.000000000000E+000  0.000000000000E+000  0.000000000000E+000  0.000000000000E+000  0.000000000000E+000  0.000000000000E+000
   1.275000000000E+001  1.000000000000E+000  9.792543053627E-001  8.950154551712E-006  8.084875702252E-008  1.988133601844E-002  4.954919745614E-007  8.548521436751E-004  0.000000000000E+000  0.000000000000E+000  0.000000000000E+000  0.000000000000E+000  0.000000000000E+000  0.000000000000E+000
   1.300000000000E+001  1.000000000000E+000  9.794628024101E-001  9.021347068483E-006  8.133874018768E-008  1.965169236064E-002  4.926507699565E-007  8.758975891396E-004  0.000000000000E+000  0.000000000000E+000  0.000000000000E+000  0.000000000000E+000  0.000000000000E+000  0.000000000000E+000
   1.325000000000E+001  1.000000000000E+000  9.796646237373E-001  9.085168130696E-006  8.076962387804E-008  1.942905411124E-002  4.888319722340E-007  8.966563618742E-004  0.000000000000E+000  0.000000000000E+000  0.000000000000E+000  0.000000000000E+000  0.000000000000E+000  0.000000000000E+000
   1.350000000000E+001  1.000000000000E+000  9.798595309258E-001  9.149558536592E-006  8.090633940583E-008  1.921365968883E-002  4.856286750510E-007  9.170843404718E-004  0.000000000000E+000  0.000000000000E+000  0.000000000000E+000  0.000000000000E+000  0.000000000000E+000  0.000000000000E+000
   1.375000000000E+001  1.000000000000E+000  9.800482988358E-001  9.217189472110E-006  8.158436060057E-008  1.900466158986E-002  4.830890247831E-007  9.372353088111E-004  0.000000000000E+000  0.000000000000E+000  0.000000000000E+000  0.000000000000E+000  0.000000000000E+000  0.000000000000E+000
   1.400000000000E+001  1.000000000000E+000  9.802311658859E-001  9.277262506657E-006  8.150591668254E-008  1.880191266537E-002  4.797365136255E-007  9.570966940373E-004  0.000000000000E+000  0.000000000000E+000  0.000000000000E+000  0.000000000000E+000  0.000000000000E+000  0.000000000000E+000
   1.425000000000E+001  1.000000000000E+000  9.804082512856E-001  9.335562026536E-006  8.120829875224E-008  1.860515400767E-002  4.763074912262E-007  9.766760049388E-004  0.000000000000E+000  0.000000000000E+000  0.000000000000E+000  0.000000000000E+000  0.000000000000E+000  0.000000000000E+000
   1.450000000000E+001  1.000000000000E+000  9.805799126625E-001  9.393219443155E-006  8.085648062206E-008  1.841420121491E-002  4.729671729820E-007  9.959632297978E-004  0.000000000000E+000  0.000000000000E+000  0.000000000000E+000  0.000000000000E+000  0.000000000000E+000  0.000000000000E+000
   1.475000000000E+001  1.000000000000E+000  9.807461500168E-001  9.453257916903E-006  8.095087622451E-008  1.822887733579E-002  4.700862632490E-007  1.014963258058E-003  0.000000000000E+000  0.000000000000E+000  0.000000000000E+000  0.000000000000E+000  0.000000000000E+000  0.000000000000E+000
   1.500000000000E+001  1.000000000000E+000  9.809073209763E-001  9.508652510704E-006  8.060374057095E-008  1.804895885289E-002  4.668405324537E-007  1.033668289892E-003  0.000000000000E+000  0.000000000000E+000  0.000000000000E+000  0.000000000000E+000  0.000000000000E+000  0.000000000000E+000
   1.525000000000E+001  1.000000000000E+000  9.810635447502E-001  9.561994374963E-006  8.149425667625E-008  1.787428185344E-002  4.643978002150E-007  1.052092877217E-003  0.000000000000E+000  0.000000000000E+000  0.000000000000E+000  0.000000000000E+000  0.000000000000E+000  0.000000000000E+000
   1.550000000000E+001  1.000000000000E+000  9.812150597572E-001  9.612460416974E-006  8.117192606960E-008  1.770452223718E-002  4.611380290953E-007  1.070238999091E-003  0.000000000000E+000  0.000000000000E+000  0.000000000000E+000  0.000000000000E+000  0.000000000000E+000  0.000000000000E+000
   1.575000000000E+001  1.000000000000E+000  9.813619256020E-001  9.663006494520E-006  8.049185851178E-008  1.753978617489E-002  4.577464096656E-007  1.088082324713E-003  0.000000000000E+000  0.000000000000E+000  0.000000000000E+000  0.000000000000E+000  0.000000000000E+000  0.000000000000E+000
   1.600000000000E+001  1.000000000000E+000  9.815044403076E-001  9.712639439385E-006  8.098960790903E-008  1.737962290645E-002  4.551470169645E-007  1.105661154725E-003  0.000000000000E+000  0.000000000000E+000  0.000000000000E+000  0.000000000000E+000  0.000000000000E+000  0.000000000000E+000
   1.625000000000E+001  1.000000000000E+000  9.816427826881E-001  9.763228263182E-006  7.996822404266E-008  1.722393743694E-002  4.517710863183E-007  1.122954883613E-003  0.000000000000E+000  0.000000000000E+000  0.000000000000E+000  0.000000000000E+000  0.000000000000E+000  0.000000000000E+000
   1.650000000000E+001  1.000000000000E+000  9.817769527435E-001  9.811738891585E-006  8.051098632222E-008  1.707270741463E-002  4.493658423144E-007  1.139968750067E-003  0.000000000000E+000  0.000000000000E+000  0.000000000000E+000  0.000000000000E+000  0.000000000000E+000  0.000000000000E+000
   1.675000000000E+001  1.000000000000E+000  9.819071888924E-001  9.854577001533E-006  8.038563947821E-008  1.692572236061E-002  4.464407084015E-007  1.156698213890E-003  0.000000000000E+000  0.000000000000E+000  0.000000000000E+000  0.000000000000E+000  0.000000000000E+000  0.000000000000E+000
   1.700000000000E+001  1.000000000000E+000  9.820337891579E-001  9.900313671096E-006  8.031705078793E-008  1.678261347115E-002  4.437125937784E-007  1.173177035525E-003  0.000000000000E+000  0.000000000000E+000  0.000000000000E+000  0.000000000000E+000  0.000000000000E+000  0.000000000000E+000
   1.725000000000E+001  1.000000000000E+000  9.821565151215E-001  9.943764780473E-006  8.062443868084E-008  1.664366014302E-002  4.412302985202E-007  1.189359812997E-003  0.000000000000E+000  0.000000000000E+000  0.000000000000E+000  0.000000000000E+000  0.000000000000E+000  0.000000000000E+000
   1.750000000000E+001  1.000000000000E+000  9.822758436203E-001  9.985365068133E-006  7.968564830207E-008  1.650833152235E-002  4.379805318422E-007  1.205294742249E-003  0.000000000000E+000  0.000000000000E+000  0.000000000000E+000  0.000000000000E+000  0.000000000000E+000  0.000000000000E+000
   1.775000000000E+001  1.000000000000E+000  9.823918342590E-001  1.002523549687E-005  7.965190462755E-008  1.637669093907E-002  4.353592544248E-007  1.220961450599E-003  0.000000000000E+000  0.000000000000E+000  0.000000000000E+000  0.000000000000E+000  0.000000000000E+000  0.000000000000E+000
   1.800000000000E+001  1.000000000000E+000  9.825044870377E-001  1.006730235531E-005  7.927423695264E-008  1.624858938158E-002  4.326629152729E-007  1.236369367689E-003  0.000000000000E+000  0.000000000000E+000  0.000000000000E+000  0.000000000000E+000  0.000000000000E+000  0.000000000000E+000
   1.825000000000E+001  1.000000000000E+000  9.826139807701E-001  1.010484902508E-005  7.901198273430E-008  1.612389273942E-002  4.299396039187E-007  1.251520006917E-003  0.000000000000E+000  0.000000000000E+000  0.000000000000E+000  0.000000000000E+000  0.000000000000E+000  0.000000000000E+000
   1.850000000000E+001  1.000000000000E+000  9.827204346657E-001  1.014330609905E-005  7.900521126203E-008  1.600247807801E-002  4.275746334770E-007  1.266420935281E-003  0.000000000000E+000  0.000000000000E+000  0.000000000000E+000  0.000000000000E+000  0.000000000000E+000  0.000000000000E+000
   1.875000000000E+001  1.000000000000E+000  9.828241467476E-001  1.018055081659E-005  7.869120111081E-008  1.588408276439E-002  4.249646110566E-007  1.281091594137E-003  0.000000000000E+000  0.000000000000E+000  0.000000000000E+000  0.000000000000E+000  0.000000000000E+000  0.000000000000E+000
   1.900000000000E+001  1.000000000000E+000  2.570726275444E-001  3.692349418998E-002  6.948620676994E-001  4.392743867356E-004  8.825023658574E-003  1.877515693195E-003  0.000000000000E+000  0.000000000000E+000  0.000000000000E+000  0.000000000000E+000  0.000000000000E+000  0.000000000000E+000
   1.925000000000E+001  1.000000000000E+000  2.473732978106E-001  5.405382439494E-002  6.877520084381E-001  9.590113768354E-005  8.381036110222E-003  2.343924250454E-003  0.000000000000E+000  0.000000000000E+000  0.000000000000E+000  0.000000000000E+000  0.000000000000E+000  0.000000000000E+000
   1.950000000000E+001  1.000000000000E+000  2.516072690487E-001  5.338688939810E-002  6.839479207993E-001  1.023321965476E-004  8.582498878241E-003  2.373089781031E-003  0.000000000000E+000  0.000000000000E+000  0.000000000000E+000  0.000000000000E+000  0.000000000000E+000  0.000000000000E+000
   1.975000000000E+001  1.000000000000E+000  2.553374767303E-001  5.341900140047E-002  6.799775958061E-001  1.060096838046E-004  8.756231516600E-003  2.403710968792E-003  0.000000000000E+000  0.000000000000E+000  0.000000000000E+000  0.000000000000E+000  0.000000000000E+000  0.000000000000E+000
   2.000000000000E+001  1.000000000000E+000  9.831390976906E-001  2.158163260901E-005  5.964788840629E-008  1.547011546791E-002  8.064630492299E-007  1.368335215375E-003  0.000000000000E+000  0.000000000000E+000  0.000000000000E+000  0.000000000000E+000  0.000000000000E+000  0.000000000000E+000
   2.025000000000E+001  1.000000000000E+000  9.832971096039E-001  1.995155071199E-005  7.341206043066E-008  1.529004052281E-002  7.549910492344E-007  1.392092439346E-003  0.000000000000E+000  0.000000000000E+000  0.000000000000E+000  0.000000000000E+000  0.000000000000E+000  0.000000000000E+000
   2.050000000000E+001  1.000000000000E+000  9.833910465240E-001  1.838369462348E-005  9.017902158348E-008  1.518354192376E-002  7.045255756566E-007  1.406252500601E-003  0.000000000000E+000  0.000000000000E+000  0.000000000000E+000  0.000000000000E+000  0.000000000000E+000  0.000000000000E+000
   2.075000000000E+001  1.000000000000E+000  9.834747314453E-001  1.709068783384E-005  1.066198436206E-007  1.508842036128E-002  6.637656042585E-007  1.418995205313E-003  0.000000000000E+000  0.000000000000E+000  0.000000000000E+000  0.000000000000E+000  0.000000000000E+000  0.000000000000E+000
   2.100000000000E+001  1.000000000000E+000  9.835517406464E-001  1.610025719856E-005  1.194735403942E-007  1.500058267266E-002  6.313447329376E-007  1.430843374692E-003  0.000000000000E+000  0.000000000000E+000  0.000000000000E+000  0.000000000000E+000  0.000000000000E+000  0.000000000000E+000
   2.125000000000E+001  1.000000000000E+000  9.836274385452E-001  1.533076465421E-005  1.306401173906E-007  1.491387747228E-002  6.056332040316E-007  1.442625652999E-003  0.000000000000E+000  0.000000000000E+000  0.000000000000E+000  0.000000000000E+000  0.000000000000E+000  0.000000000000E+000
   2.150000000000E+001  1.000000000000E+000  9.837024807930E-001  1.470768529543E-005  1.401974571991E-007  1.482765097171E-002  5.841761208103E-007  1.454431097955E-003  0.000000000000E+000  0.000000000000E+000  0.000000000000E+000  0.000000000000E+000  0.000000000000E+000  0.000000000000E+000
   2.175000000000E+001  1.000000000000E+000  9.837764501572E-001  1.419506770617E-005  1.495811261520E-007  1.474244706333E-002  5.666173592545E-007  1.466180430725E-003  0.000000000000E+000  0.000000000000E+000  0.000000000000E+000  0.000000000000E+000  0.000000000000E+000  0.000000000000E+000
   2.200000000000E+001  1.000000000000E+000  9.837775230408E-001  1.418607826054E-005  1.487440783876E-007  1.474131736904E-002  5.658494615091E-007  1.466240850277E-003  0.000000000000E+000  0.000000000000E+000  0.000000000000E+000  0.000000000000E+000  0.000000000000E+000  0.000000000000E+000
   2.225000000000E+001  1.000000000000E+000  9.839189052582E-001  1.377319858875E-005  1.563261378124E-007  1.457746978849E-002  5.473594342220E-007  1.489162910730E-003  0.000000000000E+000  0.000000000000E+000  0.000000000000E+000  0.000000000000E+000  0.000000000000E+000  0.000000000000E+000
   2.250000000000E+001  1.000000000000E+000  9.839200973511E-001  1.376800810249E-005  1.565199028164E-007  1.457615382969E-002  5.472443262988E-007  1.489259069785E-003  0.000000000000E+000  0.000000000000E+000  0.000000000000E+000  0.000000000000E+000  0.000000000000E+000  0.000000000000E+000
   2.275000000000E+001  1.000000000000E+000  9.840572476387E-001  1.342373889202E-005  1.622347554076E-007  1.441681291908E-002  5.306830530571E-007  1.511849812232E-003  0.000000000000E+000  0.000000000000E+000  0.000000000000E+000  0.000000000000E+000  0.000000000000E+000  0.000000000000E+000
   2.300000000000E+001  1.000000000000E+000  9.840582013130E-001  1.341462029814E-005  1.624064509542E-007  1.441575493664E-002  5.304733008415E-007  1.511919777840E-003  0.000000000000E+000  0.000000000000E+000  0.000000000000E+000  0.000000000000E+000  0.000000000000E+000  0.000000000000E+000
   2.325000000000E+001  1.000000000000E+000  9.841892719269E-001  1.311936375714E-005  1.676111622828E-007  1.426305528730E-002  5.158783551451E-007  1.533852657303E-003  0.000000000000E+000  0.000000000000E+000  0.000000000000E+000  0.000000000000E+000  0.000000000000E+000  0.000000000000E+000
   2.350000000000E+001  1.000000000000E+000  9.841899871826E-001  1.311404867010E-005  1.687531749894E-007  1.426231488585E-002  5.162550564819E-007  1.533880247734E-003  0.000000000000E+000  0.000000000000E+000  0.000000000000E+000  0.000000000000E+000  0.000000000000E+000  0.000000000000E+000
   2.375000000000E+001  1.000000000000E+000  9.843153953552E-001  1.286473343498E-005  1.721071498650E-007  1.411591749638E-002  5.028098826187E-007  1.555168535560E-003  0.000000000000E+000  0.000000000000E+000  0.000000000000E+000  0.000000000000E+000  0.000000000000E+000  0.000000000000E+000
   2.400000000000E+001  1.000000000000E+000  9.843161702156E-001  1.286117731070E-005  1.733155556849E-007  1.411505602300E-002  5.033151069256E-007  1.555221504532E-003  0.000000000000E+000  0.000000000000E+000  0.000000000000E+000  0.000000000000E+000  0.000000000000E+000  0.000000000000E+000
   2.425000000000E+001  1.000000000000E+000  9.844359755516E-001  1.264246384380E-005  1.768210893260E-007  1.397486217320E-002  4.914036821901E-007  1.575848669745E-003  0.000000000000E+000  0.000000000000E+000  0.000000000000E+000  0.000000000000E+000  0.000000000000E+000  0.000000000000E+000
   2.450000000000E+001  1.000000000000E+000  9.844366312027E-001  1.264506499865E-005  1.775545115379E-007  1.397420093417E-002  4.917906153423E-007  1.575877075084E-003  0.000000000000E+000  0.000000000000E+000  0.000000000000E+000  0.000000000000E+000  0.000000000000E+000  0.000000000000E+000
   2.475000000000E+001  1.000000000000E+000  9.844380617142E-001  1.263857575395E-005  1.777503371159E-007  1.397256739438E-002  4.916524858345E-007  1.576057868078E-003  0.000000000000E+000  0.000000000000E+000  0.000000000000E+000  0.000000000000E+000  0.000000000000E+000  0.000000000000E+000
   2.500000000000E+001  1.000000000000E+000  9.846071600914E-001  1.245827934326E-005  1.814074579443E-007  1.377402804792E-002  4.788624323737E-007  1.605719910003E-003  0.000000000000E+000  0.000000000000E+000  0.000000000000E+000  0.000000000000E+000  0.000000000000E+000  0.000000000000E+000
   2.525000000000E+001  1.000000000000E+000  9.846076369286E-001  1.245569364983E-005  1.811952898834E-007  1.377351768315E-002  4.786670615431E-007  1.605735393241E-003  0.000000000000E+000  0.000000000000E+000  0.000000000000E+000  0.000000000000E+000  0.000000000000E+000  0.000000000000E+000
   2.550000000000E+001  1.000000000000E+000  9.846088290215E-001  1.245786188520E-005  1.808108436308E-007  1.377220731229E-002  4.785886744685E-007  1.605873694643E-003  0.000000000000E+000  0.000000000000E+000  0.000000000000E+000  0.000000000000E+000  0.000000000000E+000  0.000000000000E+000
   2.575000000000E+001  1.000000000000E+000  9.847676753998E-001  1.230673751706E-005  1.848600419407E-007  1.358505245298E-002  4.675586353642E-007  1.634290558286E-003  0.000000000000E+000  0.000000000000E+000  0.000000000000E+000  0.000000000000E+000  0.000000000000E+000  0.000000000000E+000
   2.600000000000E+001  1.000000000000E+000  9.847682118416E-001  1.230096404470E-005  1.841154642079E-007  1.358453277498E-002  4.670511373206E-007  1.634316169657E-003  0.000000000000E+000  0.000000000000E+000  0.000000000000E+000  0.000000000000E+000  0.000000000000E+000  0.000000000000E+000
   2.625000000000E+001  1.000000000000E+000  9.847691655159E-001  1.230038651556E-005  1.846178889764E-007  1.358346734196E-002  4.672026534536E-007  1.634420012124E-003  0.000000000000E+000  0.000000000000E+000  0.000000000000E+000  0.000000000000E+000  0.000000000000E+000  0.000000000000E+000
   2.650000000000E+001  1.000000000000E+000  9.849185943604E-001  1.216636610479E-005  1.868368570968E-007  1.340694818646E-002  4.565996221118E-007  1.661636400968E-003  0.000000000000E+000  0.000000000000E+000  0.000000000000E+000  0.000000000000E+000  0.000000000000E+000  0.000000000000E+000
   2.675000000000E+001  1.000000000000E+000  9.849189519882E-001  1.216929103975E-005  1.874780934941E-007  1.340661104769E-002  4.569631357754E-007  1.661632908508E-003  0.000000000000E+000  0.000000000000E+000  0.000000000000E+000  0.000000000000E+000  0.000000000000E+000  0.000000000000E+000
   2.700000000000E+001  1.000000000000E+000  9.849197864532E-001  1.216915734403E-005  1.872289345783E-007  1.340564060956E-002  4.568203735289E-007  1.661733607762E-003  0.000000000000E+000  0.000000000000E+000  0.000000000000E+000  0.000000000000E+000  0.000000000000E+000  0.000000000000E+000
   2.725000000000E+001  1.000000000000E+000  9.850605726242E-001  1.206314482260E-005  1.902281496768E-007  1.323890872300E-002  4.479315691697E-007  1.687817508355E-003  0.000000000000E+000  0.000000000000E+000  0.000000000000E+000  0.000000000000E+000  0.000000000000E+000  0.000000000000E+000
   2.750000000000E+001  1.000000000000E+000  9.850609898567E-001  1.206082197314E-005  1.893480430226E-007  1.323849987239E-002  4.475046750940E-007  1.687832060270E-003  0.000000000000E+000  0.000000000000E+000  0.000000000000E+000  0.000000000000E+000  0.000000000000E+000  0.000000000000E+000
   2.775000000000E+001  1.000000000000E+000  9.850617051125E-001  1.205844637298E-005  1.908981062115E-007  1.323769427836E-002  4.480249913286E-007  1.687910058536E-003  0.000000000000E+000  0.000000000000E+000  0.000000000000E+000  0.000000000000E+000  0.000000000000E+000  0.000000000000E+000
   2.800000000000E+001  1.000000000000E+000  9.851944446564E-001  1.197131223307E-005  1.919308658671E-007  1.308001950383E-002  4.394076711378E-007  1.712914556265E-003  0.000000000000E+000  0.000000000000E+000  0.000000000000E+000  0.000000000000E+000  0.000000000000E+000  0.000000000000E+000
   2.825000000000E+001  1.000000000000E+000  9.851947426796E-001  1.197105302708E-005  1.918373868648E-007  1.307976990938E-002  4.393548920234E-007  1.712905475870E-003  0.000000000000E+000  0.000000000000E+000  0.000000000000E+000  0.000000000000E+000  0.000000000000E+000  0.000000000000E+000
   2.850000000000E+001  1.000000000000E+000  9.851952195168E-001  1.197002802655E-005  1.917899936643E-007  1.307921390980E-002  4.393010613057E-007  1.712955418043E-003  0.000000000000E+000  0.000000000000E+000  0.000000000000E+000  0.000000000000E+000  0.000000000000E+000  0.000000000000E+000
   2.875000000000E+001  1.000000000000E+000  9.853187203407E-001  1.189179602079E-005  1.932161097784E-007  1.293218415231E-002  4.316522961290E-007  1.736572245136E-003  0.000000000000E+000  0.000000000000E+000  0.000000000000E+000  0.000000000000E+000  0.000000000000E+000  0.000000000000E+000
   2.900000000000E+001  1.000000000000E+000  9.853191375732E-001  1.189450631500E-005  1.924531289887E-007  1.293178088963E-002  4.313890542562E-007  1.736592967063E-003  0.000000000000E+000  0.000000000000E+000  0.000000000000E+000  0.000000000000E+000  0.000000000000E+000  0.000000000000E+000
   2.925000000000E+001  1.000000000000E+000  9.853196740150E-001  1.189434351545E-005  1.939255724892E-007  1.293115504086E-002  4.319420554566E-007  1.736651174724E-003  0.000000000000E+000  0.000000000000E+000  0.000000000000E+000  0.000000000000E+000  0.000000000000E+000  0.000000000000E+000
   2.950000000000E+001  1.000000000000E+000  9.853203892708E-001  1.189199156215E-005  1.942580354353E-007  1.293032243848E-002  4.319682318510E-007  1.736748381518E-003  0.000000000000E+000  0.000000000000E+000  0.000000000000E+000  0.000000000000E+000  0.000000000000E+000  0.000000000000E+000
   2.975000000000E+001  1.000000000000E+000  9.854761958122E-001  1.183506537927E-005  1.951190711225E-007  1.274424139410E-002  4.233243373619E-007  1.767085399479E-003  0.000000000000E+000  0.000000000000E+000  0.000000000000E+000  0.000000000000E+000  0.000000000000E+000  0.000000000000E+000
   3.000000000000E+001  1.000000000000E+000  9.854766130447E-001  1.183564108942E-005  1.950481447466E-007  1.274382788688E-002  4.233005199694E-007  1.767116249539E-003  0.000000000000E+000  0.000000000000E+000  0.000000000000E+000  0.000000000000E+000  0.000000000000E+000  0.000000000000E+000
   3.025000000000E+001  1.000000000000E+000  9.854769110680E-001  1.183440508612E-005  1.951796235744E-007  1.274351868778E-002  4.232692845108E-007  1.767130452208E-003  0.000000000000E+000  0.000000000000E+000  0.000000000000E+000  0.000000000000E+000  0.000000000000E+000  0.000000000000E+000
   3.050000000000E+001  1.000000000000E+000  9.854776263237E-001  1.182832420454E-005  1.951536887645E-007  1.274266932160E-002  4.230398076288E-007  1.767234760337E-003  0.000000000000E+000  0.000000000000E+000  0.000000000000E+000  0.000000000000E+000  0.000000000000E+000  0.000000000000E+000
   3.075000000000E+001  1.000000000000E+000  9.856227636337E-001  1.178335332952E-005  1.958994317874E-007  1.256881561130E-002  4.152589667683E-007  1.796012162231E-003  0.000000000000E+000  0.000000000000E+000  0.000000000000E+000  0.000000000000E+000  0.000000000000E+000  0.000000000000E+000
   3.100000000000E+001  1.000000000000E+000  9.856229424477E-001  1.178556613013E-005  1.957659492291E-007  1.256864890456E-002  4.152702501869E-007  1.796008087695E-003  0.000000000000E+000  0.000000000000E+000  0.000000000000E+000  0.000000000000E+000  0.000000000000E+000  0.000000000000E+000
   3.125000000000E+001  1.000000000000E+000  9.856233596802E-001  1.178520687972E-005  1.959488002967E-007  1.256817672402E-002  4.153132238116E-007  1.796049531549E-003  0.000000000000E+000  0.000000000000E+000  0.000000000000E+000  0.000000000000E+000  0.000000000000E+000  0.000000000000E+000
   3.150000000000E+001  1.000000000000E+000  9.856238961220E-001  1.178708771477E-005  1.964097577911E-007  1.256761606783E-002  4.155272108619E-007  1.796116819605E-003  0.000000000000E+000  0.000000000000E+000  0.000000000000E+000  0.000000000000E+000  0.000000000000E+000  0.000000000000E+000
   3.175000000000E+001  1.000000000000E+000  9.857594370842E-001  1.174590761366E-005  1.966381830698E-007  1.240475382656E-002  4.080990265720E-007  1.823472790420E-003  0.000000000000E+000  0.000000000000E+000  0.000000000000E+000  0.000000000000E+000  0.000000000000E+000  0.000000000000E+000
   3.200000000000E+001  1.000000000000E+000  9.857594370842E-001  1.174777389679E-005  1.972422296603E-007  1.240479759872E-002  4.083880753569E-007  1.823429716751E-003  0.000000000000E+000  0.000000000000E+000  0.000000000000E+000  0.000000000000E+000  0.000000000000E+000  0.000000000000E+000
   3.225000000000E+001  1.000000000000E+000  9.857597947121E-001  1.174438693852E-005  1.962032598612E-007  1.240440178663E-002  4.078775930338E-007  1.823468133807E-003  0.000000000000E+000  0.000000000000E+000  0.000000000000E+000  0.000000000000E+000  0.000000000000E+000  0.000000000000E+000
   3.250000000000E+001  1.000000000000E+000  9.857603907585E-001  1.174400767923E-005  1.955158097644E-007  1.240373495966E-002  4.075802735315E-007  1.823550090194E-003  0.000000000000E+000  0.000000000000E+000  0.000000000000E+000  0.000000000000E+000  0.000000000000E+000  0.000000000000E+000
   3.275000000000E+001  1.000000000000E+000  9.857609272003E-001  1.174563658424E-005  1.984349466966E-007  1.240311283618E-002  4.087164597877E-007  1.823627622798E-003  0.000000000000E+000  0.000000000000E+000  0.000000000000E+000  0.000000000000E+000  0.000000000000E+000  0.000000000000E+000
   3.300000000000E+001  1.000000000000E+000  9.859175086021E-001  1.172005795524E-005  1.975057415393E-007  1.221432536840E-002  4.003611309145E-007  1.855833805166E-003  0.000000000000E+000  0.000000000000E+000  0.000000000000E+000  0.000000000000E+000  0.000000000000E+000  0.000000000000E+000
   3.325000000000E+001  1.000000000000E+000  9.859176278114E-001  1.172101292468E-005  1.968964795651E-007  1.221423689276E-002  4.001576314749E-007  1.855822163634E-003  0.000000000000E+000  0.000000000000E+000  0.000000000000E+000  0.000000000000E+000  0.000000000000E+000  0.000000000000E+000
   3.350000000000E+001  1.000000000000E+000  9.859178662300E-001  1.172275005956E-005  1.977843311352E-007  1.221395283937E-002  4.005335370039E-007  1.855841372162E-003  0.000000000000E+000  0.000000000000E+000  0.000000000000E+000  0.000000000000E+000  0.000000000000E+000  0.000000000000E+000
   3.375000000000E+001  1.000000000000E+000  9.859182238579E-001  1.171722942672E-005  1.967853506812E-007  1.221357844770E-002  3.999820705758E-007  1.855883281678E-003  0.000000000000E+000  0.000000000000E+000  0.000000000000E+000  0.000000000000E+000  0.000000000000E+000  0.000000000000E+000
   3.400000000000E+001  1.000000000000E+000  9.859187602997E-001  1.171612620965E-005  1.974140531047E-007  1.221298798919E-002  4.001653337582E-007  1.855954411440E-003  0.000000000000E+000  0.000000000000E+000  0.000000000000E+000  0.000000000000E+000  0.000000000000E+000  0.000000000000E+000
   3.425000000000E+001  1.000000000000E+000  9.860633611679E-001  1.169755250885E-005  1.981444341936E-007  1.203808467835E-002  3.932102856652E-007  1.886268611997E-003  0.000000000000E+000  0.000000000000E+000  0.000000000000E+000  0.000000000000E+000  0.000000000000E+000  0.000000000000E+000
   3.450000000000E+001  1.000000000000E+000  9.860633611679E-001  1.169835832115E-005  1.982931934208E-007  1.203813869506E-002  3.932922254535E-007  1.886234153062E-003  0.000000000000E+000  0.000000000000E+000  0.000000000000E+000  0.000000000000E+000  0.000000000000E+000  0.000000000000E+000
   3.475000000000E+001  1.000000000000E+000  9.860636591911E-001  1.169895676867E-005  1.974646153258E-007  1.203779596835E-002  3.929886815968E-007  1.886269776151E-003  0.000000000000E+000  0.000000000000E+000  0.000000000000E+000  0.000000000000E+000  0.000000000000E+000  0.000000000000E+000
   3.500000000000E+001  1.000000000000E+000  9.860638976097E-001  1.169777806354E-005  1.979371546668E-007  1.203753706068E-002  3.931221215225E-007  1.886292244308E-003  0.000000000000E+000  0.000000000000E+000  0.000000000000E+000  0.000000000000E+000  0.000000000000E+000  0.000000000000E+000
   3.525000000000E+001  1.000000000000E+000  9.860643148422E-001  1.169834558823E-005  1.974474912458E-007  1.203703135252E-002  3.929376077849E-007  1.886360929348E-003  0.000000000000E+000  0.000000000000E+000  0.000000000000E+000  0.000000000000E+000  0.000000000000E+000  0.000000000000E+000
   3.550000000000E+001  1.000000000000E+000  9.861980676651E-001  1.168620292447E-005  1.982995883054E-007  1.187474559993E-002  3.867176019412E-007  1.914900378324E-003  0.000000000000E+000  0.000000000000E+000  0.000000000000E+000  0.000000000000E+000  0.000000000000E+000  0.000000000000E+000
   3.575000000000E+001  1.000000000000E+000  9.861981868744E-001  1.168592916656E-005  1.988940141473E-007  1.187463477254E-002  3.869262741318E-007  1.914897584356E-003  0.000000000000E+000  0.000000000000E+000  0.000000000000E+000  0.000000000000E+000  0.000000000000E+000  0.000000000000E+000
   3.600000000000E+001  1.000000000000E+000  9.861982464790E-001  1.168436301668E-005  1.986755506778E-007  1.187459472567E-002  3.868007354413E-007  1.914882683195E-003  0.000000000000E+000  0.000000000000E+000  0.000000000000E+000  0.000000000000E+000  0.000000000000E+000  0.000000000000E+000
   3.625000000000E+001  1.000000000000E+000  9.861986041069E-001  1.168578546640E-005  1.977631427508E-007  1.187419053167E-002  3.864893471928E-007  1.914932974614E-003  0.000000000000E+000  0.000000000000E+000  0.000000000000E+000  0.000000000000E+000  0.000000000000E+000  0.000000000000E+000
   3.650000000000E+001  1.000000000000E+000  9.861989021301E-001  1.168711696664E-005  1.984640078945E-007  1.187387015671E-002  3.867750422160E-007  1.914968597703E-003  0.000000000000E+000  0.000000000000E+000  0.000000000000E+000  0.000000000000E+000  0.000000000000E+000  0.000000000000E+000
   3.675000000000E+001  1.000000000000E+000  9.861993193626E-001  1.168085873360E-005  1.983527226912E-007  1.187335047871E-002  3.865376640988E-007  1.915039261803E-003  0.000000000000E+000  0.000000000000E+000  0.000000000000E+000  0.000000000000E+000  0.000000000000E+000  0.000000000000E+000
   3.700000000000E+001  1.000000000000E+000  9.863467812538E-001  1.167669142887E-005  1.987556714766E-007  1.169386506081E-002  3.797386796123E-007  1.947091193870E-003  0.000000000000E+000  0.000000000000E+000  0.000000000000E+000  0.000000000000E+000  0.000000000000E+000  0.000000000000E+000
   3.725000000000E+001  1.000000000000E+000  9.863470196724E-001  1.167810478364E-005  1.983925415061E-007  1.169360149652E-002  3.796359351327E-007  1.947117969394E-003  0.000000000000E+000  0.000000000000E+000  0.000000000000E+000  0.000000000000E+000  0.000000000000E+000  0.000000000000E+000
   3.750000000000E+001  1.000000000000E+000  9.863471388817E-001  1.167966092908E-005  1.983853508136E-007  1.169349625707E-002  3.796734802108E-007  1.947117387317E-003  0.000000000000E+000  0.000000000000E+000  0.000000000000E+000  0.000000000000E+000  0.000000000000E+000  0.000000000000E+000
   3.775000000000E+001  1.000000000000E+000  9.863471984863E-001  1.167893242382E-005  1.983489994473E-007  1.169342081994E-002  3.796379530741E-007  1.947111450136E-003  0.000000000000E+000  0.000000000000E+000  0.000000000000E+000  0.000000000000E+000  0.000000000000E+000  0.000000000000E+000
   3.800000000000E+001  1.000000000000E+000  9.863474965096E-001  1.168068138213E-005  1.988060205349E-007  1.169309858233E-002  3.798425893820E-007  1.947151031345E-003  0.000000000000E+000  0.000000000000E+000  0.000000000000E+000  0.000000000000E+000  0.000000000000E+000  0.000000000000E+000
   3.825000000000E+001  1.000000000000E+000  9.863479137421E-001  1.167813843495E-005  1.977973340672E-007  1.169259939343E-002  3.793840903654E-007  1.947224722244E-003  0.000000000000E+000  0.000000000000E+000  0.000000000000E+000  0.000000000000E+000  0.000000000000E+000  0.000000000000E+000
   3.850000000000E+001  1.000000000000E+000  9.863483309746E-001  1.167734535557E-005  1.976441268425E-007  1.169214211404E-002  3.792893323862E-007  1.947288168594E-003  0.000000000000E+000  0.000000000000E+000  0.000000000000E+000  0.000000000000E+000  0.000000000000E+000  0.000000000000E+000
   3.875000000000E+001  1.000000000000E+000  9.865049123764E-001  1.168074595626E-005  1.981551349672E-007  1.150081399828E-002  3.723024519786E-007  1.982021844015E-003  0.000000000000E+000  0.000000000000E+000  0.000000000000E+000  0.000000000000E+000  0.000000000000E+000  0.000000000000E+000
   3.900000000000E+001  1.000000000000E+000  9.865049719810E-001  1.167736900243E-005  1.985919908520E-007  1.150079537183E-002  3.723691861524E-007  1.982009503990E-003  0.000000000000E+000  0.000000000000E+000  0.000000000000E+000  0.000000000000E+000  0.000000000000E+000  0.000000000000E+000
   3.925000000000E+001  1.000000000000E+000  9.865050911903E-001  1.167788559542E-005  1.983735842259E-007  1.150063332170E-002  3.722985013610E-007  1.982024405152E-003  0.000000000000E+000  0.000000000000E+000  0.000000000000E+000  0.000000000000E+000  0.000000000000E+000  0.000000000000E+000
   3.950000000000E+001  1.000000000000E+000  9.865051507950E-001  1.167787013401E-005  1.982880206697E-007  1.150058861822E-002  3.722661290340E-007  1.982014859095E-003  0.000000000000E+000  0.000000000000E+000  0.000000000000E+000  0.000000000000E+000  0.000000000000E+000  0.000000000000E+000
   3.975000000000E+001  1.000000000000E+000  9.865053296089E-001  1.167886784970E-005  1.979724402190E-007  1.150035578758E-002  3.721706605120E-007  1.982039539143E-003  0.000000000000E+000  0.000000000000E+000  0.000000000000E+000  0.000000000000E+000  0.000000000000E+000  0.000000000000E+000
   4.000000000000E+001  1.000000000000E+000  9.865055084229E-001  1.167868686025E-005  1.985752504652E-007  1.150017231703E-002  3.723783095211E-007  1.982059096918E-003  0.000000000000E+000  0.000000000000E+000  0.000000000000E+000  0.000000000000E+000  0.000000000000E+000  0.000000000000E+000
   4.025000000000E+001  1.000000000000E+000  9.865058064461E-001  1.167493519461E-005  1.988896656258E-007  1.149986777455E-002  3.723794748112E-007  1.982097513974E-003  0.000000000000E+000  0.000000000000E+000  0.000000000000E+000  0.000000000000E+000  0.000000000000E+000  0.000000000000E+000
   4.050000000000E+001  1.000000000000E+000  9.865059256554E-001  1.167626578535E-005  1.989402278468E-007  1.149973180145E-002  3.724295822849E-007  1.982109155506E-003  0.000000000000E+000  0.000000000000E+000  0.000000000000E+000  0.000000000000E+000  0.000000000000E+000  0.000000000000E+000
   4.075000000000E+001  1.000000000000E+000  9.865064024925E-001  1.167743357655E-005  1.983139981121E-007  1.149914041162E-002  3.722123267380E-007  1.982204150409E-003  0.000000000000E+000  0.000000000000E+000  0.000000000000E+000  0.000000000000E+000  0.000000000000E+000  0.000000000000E+000
   4.100000000000E+001  1.000000000000E+000  9.865065217018E-001  1.167583923234E-005  1.983896709135E-007  1.149904076010E-002  3.721933694578E-007  1.982206478715E-003  0.000000000000E+000  0.000000000000E+000  0.000000000000E+000  0.000000000000E+000  0.000000000000E+000  0.000000000000E+000
   4.125000000000E+001  1.000000000000E+000  9.867070913315E-001  1.168745802715E-005  1.980690882419E-007  1.125289220363E-002  3.630547666944E-007  2.027787500992E-003  0.000000000000E+000  0.000000000000E+000  0.000000000000E+000  0.000000000000E+000  0.000000000000E+000  0.000000000000E+000
   4.150000000000E+001  1.000000000000E+000  9.867071509361E-001  1.168834387499E-005  1.982823363278E-007  1.125283353031E-002  3.631533331827E-007  2.027781680226E-003  0.000000000000E+000  0.000000000000E+000  0.000000000000E+000  0.000000000000E+000  0.000000000000E+000  0.000000000000E+000
   4.175000000000E+001  1.000000000000E+000  9.867071509361E-001  1.168683047581E-005  1.973870524807E-007  1.125279814005E-002  3.627908142789E-007  2.027776092291E-003  0.000000000000E+000  0.000000000000E+000  0.000000000000E+000  0.000000000000E+000  0.000000000000E+000  0.000000000000E+000
   4.200000000000E+001  1.000000000000E+000  9.867072701454E-001  1.168501785287E-005  1.975147512212E-007  1.125269103795E-002  3.627853004673E-007  2.027783542871E-003  0.000000000000E+000  0.000000000000E+000  0.000000000000E+000  0.000000000000E+000  0.000000000000E+000  0.000000000000E+000
   4.225000000000E+001  1.000000000000E+000  9.867073893547E-001  1.168199287349E-005  1.971566661041E-007  1.125259045511E-002  3.625734450452E-007  2.027783310041E-003  0.000000000000E+000  0.000000000000E+000  0.000000000000E+000  0.000000000000E+000  0.000000000000E+000  0.000000000000E+000
   4.250000000000E+001  1.000000000000E+000  9.867074489594E-001  1.168228027382E-005  1.973272105715E-007  1.125252433121E-002  3.626404634360E-007  2.027783542871E-003  0.000000000000E+000  0.000000000000E+000  0.000000000000E+000  0.000000000000E+000  0.000000000000E+000  0.000000000000E+000
   4.275000000000E+001  1.000000000000E+000  9.867076277733E-001  1.168402559415E-005  1.982237733955E-007  1.125227753073E-002  3.629998275301E-007  2.027821028605E-003  0.000000000000E+000  0.000000000000E+000  0.000000000000E+000  0.000000000000E+000  0.000000000000E+000  0.000000000000E+000
   4.300000000000E+001  1.000000000000E+000  9.867078065872E-001  1.168444396171E-005  1.986194604342E-007  1.125214993954E-002  3.631488993960E-007  2.027826383710E-003  0.000000000000E+000  0.000000000000E+000  0.000000000000E+000  0.000000000000E+000  0.000000000000E+000  0.000000000000E+000
   4.325000000000E+001  1.000000000000E+000  9.867080450058E-001  1.168675316876E-005  1.981398725093E-007  1.125179696828E-002  3.630248670561E-007  2.027884358540E-003  0.000000000000E+000  0.000000000000E+000  0.000000000000E+000  0.000000000000E+000  0.000000000000E+000  0.000000000000E+000
   4.350000000000E+001  1.000000000000E+000  9.867082238197E-001  1.168528524431E-005  1.982976982617E-007  1.125165075064E-002  3.630380263075E-007  2.027892973274E-003  0.000000000000E+000  0.000000000000E+000  0.000000000000E+000  0.000000000000E+000  0.000000000000E+000  0.000000000000E+000
   4.375000000000E+001  1.000000000000E+000  9.867086410522E-001  1.168182188849E-005  1.980338737440E-007  1.125112641603E-002  3.628323668181E-007  2.027980284765E-003  0.000000000000E+000  0.000000000000E+000  0.000000000000E+000  0.000000000000E+000  0.000000000000E+000  0.000000000000E+000
   4.400000000000E+001  1.000000000000E+000  9.867087602615E-001  1.168175185740E-005  1.984512465469E-007  1.125102769583E-002  3.629769764757E-007  2.027990529314E-003  0.000000000000E+000  0.000000000000E+000  0.000000000000E+000  0.000000000000E+000  0.000000000000E+000  0.000000000000E+000
   4.425000000000E+001  1.000000000000E+000  9.867092967033E-001  1.168380367744E-005  1.978840344918E-007  1.125035993755E-002  3.628030356140E-007  2.028098795563E-003  0.000000000000E+000  0.000000000000E+000  0.000000000000E+000  0.000000000000E+000  0.000000000000E+000  0.000000000000E+000
   4.450000000000E+001  1.000000000000E+000  9.867094159126E-001  1.168418475572E-005  1.979609862701E-007  1.125019881874E-002  3.628350100371E-007  2.028121845797E-003  0.000000000000E+000  0.000000000000E+000  0.000000000000E+000  0.000000000000E+000  0.000000000000E+000  0.000000000000E+000
   4.475000000000E+001  1.000000000000E+000  9.867095947266E-001  1.168461494672E-005  1.983430877317E-007  1.125004142523E-002  3.629781986092E-007  2.028137678280E-003  0.000000000000E+000  0.000000000000E+000  0.000000000000E+000  0.000000000000E+000  0.000000000000E+000  0.000000000000E+000
   4.500000000000E+001  1.000000000000E+000  9.869617819786E-001  1.169786719402E-005  1.964457112535E-007  1.093868538737E-002  3.508634733862E-007  2.087270142511E-003  0.000000000000E+000  0.000000000000E+000  0.000000000000E+000  0.000000000000E+000  0.000000000000E+000  0.000000000000E+000
   4.525000000000E+001  1.000000000000E+000  9.869617819786E-001  1.169798997580E-005  1.964314293446E-007  1.093868911266E-002  3.508619670356E-007  2.087262691930E-003  0.000000000000E+000  0.000000000000E+000  0.000000000000E+000  0.000000000000E+000  0.000000000000E+000  0.000000000000E+000
   4.550000000000E+001  1.000000000000E+000  9.869618415833E-001  1.169817642221E-005  1.956604194220E-007  1.093867793679E-002  3.505929839775E-007  2.087251283228E-003  0.000000000000E+000  0.000000000000E+000  0.000000000000E+000  0.000000000000E+000  0.000000000000E+000  0.000000000000E+000
   4.575000000000E+001  1.000000000000E+000  9.869617819786E-001  1.169858842331E-005  1.962431213087E-007  1.093872264028E-002  3.508125985263E-007  2.087232191116E-003  0.000000000000E+000  0.000000000000E+000  0.000000000000E+000  0.000000000000E+000  0.000000000000E+000  0.000000000000E+000
   4.600000000000E+001  1.000000000000E+000  9.869619011879E-001  1.169878760265E-005  1.965094611478E-007  1.093863602728E-002  3.509093744469E-007  2.087238943204E-003  0.000000000000E+000  0.000000000000E+000  0.000000000000E+000  0.000000000000E+000  0.000000000000E+000  0.000000000000E+000
   4.625000000000E+001  1.000000000000E+000  9.869619607925E-001  1.170037194242E-005  1.962302320635E-007  1.093857269734E-002  3.508486372539E-007  2.087241271511E-003  0.000000000000E+000  0.000000000000E+000  0.000000000000E+000  0.000000000000E+000  0.000000000000E+000  0.000000000000E+000
   4.650000000000E+001  1.000000000000E+000  9.869619607925E-001  1.170035557152E-005  1.960710420690E-007  1.093856245279E-002  3.507917938350E-007  2.087233355269E-003  0.000000000000E+000  0.000000000000E+000  0.000000000000E+000  0.000000000000E+000  0.000000000000E+000  0.000000000000E+000
   4.675000000000E+001  1.000000000000E+000  9.869620203972E-001  1.169534243672E-005  1.963018121387E-007  1.093851123005E-002  3.507446137974E-007  2.087230561301E-003  0.000000000000E+000  0.000000000000E+000  0.000000000000E+000  0.000000000000E+000  0.000000000000E+000  0.000000000000E+000
   4.700000000000E+001  1.000000000000E+000  9.869620203972E-001  1.169483857666E-005  1.963929321391E-007  1.093848794699E-002  3.507635994993E-007  2.087226137519E-003  0.000000000000E+000  0.000000000000E+000  0.000000000000E+000  0.000000000000E+000  0.000000000000E+000  0.000000000000E+000
   4.725000000000E+001  1.000000000000E+000  9.869621992111E-001  1.169510596810E-005  1.959234765536E-007  1.093827839941E-002  3.505963377393E-007  2.087253611535E-003  0.000000000000E+000  0.000000000000E+000  0.000000000000E+000  0.000000000000E+000  0.000000000000E+000  0.000000000000E+000
   4.750000000000E+001  1.000000000000E+000  9.869621992111E-001  1.169448478322E-005  1.952191155397E-007  1.093831378967E-002  3.503316463593E-007  2.087241271511E-003  0.000000000000E+000  0.000000000000E+000  0.000000000000E+000  0.000000000000E+000  0.000000000000E+000  0.000000000000E+000
   4.775000000000E+001  1.000000000000E+000  9.869624376297E-001  1.169531697087E-005  1.956032207318E-007  1.093807630241E-002  3.504811445509E-007  2.087273634970E-003  0.000000000000E+000  0.000000000000E+000  0.000000000000E+000  0.000000000000E+000  0.000000000000E+000  0.000000000000E+000
   4.800000000000E+001  1.000000000000E+000  9.869624376297E-001  1.169592724182E-005  1.957331363656E-007  1.093803439289E-002  3.505417112137E-007  2.087273169309E-003  0.000000000000E+000  0.000000000000E+000  0.000000000000E+000  0.000000000000E+000  0.000000000000E+000  0.000000000000E+000
   4.825000000000E+001  1.000000000000E+000  9.869624376297E-001  1.169583174487E-005  1.957244677442E-007  1.093807164580E-002  3.505380732349E-007  2.087255241349E-003  0.000000000000E+000  0.000000000000E+000  0.000000000000E+000  0.000000000000E+000  0.000000000000E+000  0.000000000000E+000
   4.850000000000E+001  1.000000000000E+000  9.869626760483E-001  1.169872211904E-005  1.961971207720E-007  1.093780156225E-002  3.507695396365E-007  2.087304834276E-003  0.000000000000E+000  0.000000000000E+000  0.000000000000E+000  0.000000000000E+000  0.000000000000E+000  0.000000000000E+000
   4.875000000000E+001  1.000000000000E+000  9.869626164436E-001  1.169926417788E-005  1.959407569530E-007  1.093784254044E-002  3.506943073717E-007  2.087284810841E-003  0.000000000000E+000  0.000000000000E+000  0.000000000000E+000  0.000000000000E+000  0.000000000000E+000  0.000000000000E+000
   4.900000000000E+001  1.000000000000E+000  9.869628548622E-001  1.170267842099E-005  1.964016860256E-007  1.093755662441E-002  3.509345276598E-007  2.087331842631E-003  0.000000000000E+000  0.000000000000E+000  0.000000000000E+000  0.000000000000E+000  0.000000000000E+000  0.000000000000E+000
   4.925000000000E+001  1.000000000000E+000  9.869629144669E-001  1.170134328277E-005  1.949760672915E-007  1.093748956919E-002  3.503915024794E-007  2.087337197736E-003  0.000000000000E+000  0.000000000000E+000  0.000000000000E+000  0.000000000000E+000  0.000000000000E+000  0.000000000000E+000
   4.950000000000E+001  1.000000000000E+000  9.869630932808E-001  1.169945699075E-005  1.954683170879E-007  1.093728654087E-002  3.505114420932E-007  2.087364438921E-003  0.000000000000E+000  0.000000000000E+000  0.000000000000E+000  0.000000000000E+000  0.000000000000E+000  0.000000000000E+000
   4.975000000000E+001  1.000000000000E+000  9.869632124901E-001  1.170007453766E-005  1.955384192343E-007  1.093716546893E-002  3.505477366161E-007  2.087383065373E-003  0.000000000000E+000  0.000000000000E+000  0.000000000000E+000  0.000000000000E+000  0.000000000000E+000  0.000000000000E+000
   5.000000000000E+001  1.000000000000E+000  9.869633316994E-001  1.169701135950E-005  1.965847644669E-007  1.093699503690E-002  3.508355916892E-007  2.087401458994E-003  0.000000000000E+000  0.000000000000E+000  0.000000000000E+000  0.000000000000E+000  0.000000000000E+000  0.000000000000E+000
   5.025000000000E+001  1.000000000000E+000  9.869634509087E-001  1.169771621790E-005  1.967527225588E-007  1.093685533851E-002  3.509081238917E-007  2.087424043566E-003  0.000000000000E+000  0.000000000000E+000  0.000000000000E+000  0.000000000000E+000  0.000000000000E+000  0.000000000000E+000
   5.050000000000E+001  1.000000000000E+000  9.869636297226E-001  1.169786628452E-005  1.962213502793E-007  1.093670167029E-002  3.507178973905E-007  2.087446395308E-003  0.000000000000E+000  0.000000000000E+000  0.000000000000E+000  0.000000000000E+000  0.000000000000E+000  0.000000000000E+000
   5.075000000000E+001  1.000000000000E+000  9.869638681412E-001  1.169926053990E-005  1.964667148968E-007  1.093640364707E-002  3.508295947086E-007  2.087496453896E-003  0.000000000000E+000  0.000000000000E+000  0.000000000000E+000  0.000000000000E+000  0.000000000000E+000  0.000000000000E+000
   5.100000000000E+001  1.000000000000E+000  9.869639277458E-001  1.169871848106E-005  1.958638193855E-007  1.093634776771E-002  3.505999472964E-007  2.087496453896E-003  0.000000000000E+000  0.000000000000E+000  0.000000000000E+000  0.000000000000E+000  0.000000000000E+000  0.000000000000E+000
   5.125000000000E+001  1.000000000000E+000  9.869642257690E-001  1.170145515061E-005  1.962113458376E-007  1.093598641455E-002  3.507797430302E-007  2.087562577799E-003  0.000000000000E+000  0.000000000000E+000  0.000000000000E+000  0.000000000000E+000  0.000000000000E+000  0.000000000000E+000
   5.150000000000E+001  1.000000000000E+000  9.869642257690E-001  1.170156338048E-005  1.963626203860E-007  1.093600317836E-002  3.508371833050E-007  2.087551634759E-003  0.000000000000E+000  0.000000000000E+000  0.000000000000E+000  0.000000000000E+000  0.000000000000E+000  0.000000000000E+000
   5.175000000000E+001  1.000000000000E+000  9.869644641876E-001  1.169975621451E-005  1.968538185793E-007  1.093567721546E-002  3.509535417834E-007  2.087604254484E-003  0.000000000000E+000  0.000000000000E+000  0.000000000000E+000  0.000000000000E+000  0.000000000000E+000  0.000000000000E+000
   5.200000000000E+001  1.000000000000E+000  9.869645237923E-001  1.169875213236E-005  1.967998315422E-007  1.093558687717E-002  3.509055659379E-007  2.087617991492E-003  0.000000000000E+000  0.000000000000E+000  0.000000000000E+000  0.000000000000E+000  0.000000000000E+000  0.000000000000E+000
   5.225000000000E+001  1.000000000000E+000  9.869647622108E-001  1.169776714960E-005  1.971949785684E-007  1.093534752727E-002  3.510119199746E-007  2.087653381750E-003  0.000000000000E+000  0.000000000000E+000  0.000000000000E+000  0.000000000000E+000  0.000000000000E+000  0.000000000000E+000
   5.250000000000E+001  1.000000000000E+000  9.869648814201E-001  1.169846473204E-005  1.973681946765E-007  1.093520410359E-002  3.510859301059E-007  2.087674103677E-003  0.000000000000E+000  0.000000000000E+000  0.000000000000E+000  0.000000000000E+000  0.000000000000E+000  0.000000000000E+000
   5.275000000000E+001  1.000000000000E+000  9.869650602341E-001  1.169587540062E-005  1.969974050553E-007  1.093495823443E-002  3.508795032303E-007  2.087715081871E-003  0.000000000000E+000  0.000000000000E+000  0.000000000000E+000  0.000000000000E+000  0.000000000000E+000  0.000000000000E+000
   5.300000000000E+001  1.000000000000E+000  9.869652390480E-001  1.169672304968E-005  1.973182719439E-007  1.093479897827E-002  3.510090778036E-007  2.087739296257E-003  0.000000000000E+000  0.000000000000E+000  0.000000000000E+000  0.000000000000E+000  0.000000000000E+000  0.000000000000E+000
   5.325000000000E+001  1.000000000000E+000  9.869654774666E-001  1.169780261989E-005  1.966700295952E-007  1.093450468034E-002  3.507958297178E-007  2.087792381644E-003  0.000000000000E+000  0.000000000000E+000  0.000000000000E+000  0.000000000000E+000  0.000000000000E+000  0.000000000000E+000
   5.350000000000E+001  1.000000000000E+000  9.869655370712E-001  1.169862844108E-005  1.967033966821E-007  1.093443296850E-002  3.508262693686E-007  2.087800065055E-003  0.000000000000E+000  0.000000000000E+000  0.000000000000E+000  0.000000000000E+000  0.000000000000E+000  0.000000000000E+000
   5.375000000000E+001  1.000000000000E+000  9.869657754898E-001  1.169685401692E-005  1.971980054805E-007  1.093409955502E-002  3.509440773541E-007  2.087857807055E-003  0.000000000000E+000  0.000000000000E+000  0.000000000000E+000  0.000000000000E+000  0.000000000000E+000  0.000000000000E+000
   5.400000000000E+001  1.000000000000E+000  9.869659543037E-001  1.169806819235E-005  1.971709622239E-007  1.093394495547E-002  3.509598798246E-007  2.087881555781E-003  0.000000000000E+000  0.000000000000E+000  0.000000000000E+000  0.000000000000E+000  0.000000000000E+000  0.000000000000E+000
   5.425000000000E+001  1.000000000000E+000  9.869661331177E-001  1.169785900856E-005  1.966187141988E-007  1.093371026218E-002  3.507502412958E-007  2.087920671329E-003  0.000000000000E+000  0.000000000000E+000  0.000000000000E+000  0.000000000000E+000  0.000000000000E+000  0.000000000000E+000
   5.450000000000E+001  1.000000000000E+000  9.869663715363E-001  1.169794722955E-005  1.960903972531E-007  1.093344110996E-002  3.505550978389E-007  2.087966306135E-003  0.000000000000E+000  0.000000000000E+000  0.000000000000E+000  0.000000000000E+000  0.000000000000E+000  0.000000000000E+000
   5.475000000000E+001  1.000000000000E+000  9.869664907455E-001  1.169863026007E-005  1.961664111150E-007  1.093328557909E-002  3.505938650505E-007  2.087990520522E-003  0.000000000000E+000  0.000000000000E+000  0.000000000000E+000  0.000000000000E+000  0.000000000000E+000  0.000000000000E+000
   5.500000000000E+001  1.000000000000E+000  9.869666695595E-001  1.169945699075E-005  1.964865248283E-007  1.093305274844E-002  3.507202279707E-007  2.088026143610E-003  0.000000000000E+000  0.000000000000E+000  0.000000000000E+000  0.000000000000E+000  0.000000000000E+000  0.000000000000E+000
   5.525000000000E+001  1.000000000000E+000  9.869669079781E-001  1.169751067209E-005  1.968971332644E-007  1.093280501664E-002  3.508070562930E-007  2.088071312755E-003  0.000000000000E+000  0.000000000000E+000  0.000000000000E+000  0.000000000000E+000  0.000000000000E+000  0.000000000000E+000
   5.550000000000E+001  1.000000000000E+000  9.869670867920E-001  1.170082396129E-005  1.970917793415E-007  1.093255821615E-002  3.509513533118E-007  2.088112989441E-003  0.000000000000E+000  0.000000000000E+000  0.000000000000E+000  0.000000000000E+000  0.000000000000E+000  0.000000000000E+000
   5.575000000000E+001  1.000000000000E+000  9.869672656059E-001  1.169716688310E-005  1.960235351817E-007  1.093236915767E-002  3.504722201342E-007  2.088147448376E-003  0.000000000000E+000  0.000000000000E+000  0.000000000000E+000  0.000000000000E+000  0.000000000000E+000  0.000000000000E+000
   5.600000000000E+001  1.000000000000E+000  9.869675040245E-001  1.169871939055E-005  1.963665710036E-007  1.093204598874E-002  3.506217751692E-007  2.088200068101E-003  0.000000000000E+000  0.000000000000E+000  0.000000000000E+000  0.000000000000E+000  0.000000000000E+000  0.000000000000E+000
   5.625000000000E+001  1.000000000000E+000  9.869676232338E-001  1.169862480310E-005  1.963363303048E-007  1.093187462538E-002  3.506024484068E-007  2.088227542117E-003  0.000000000000E+000  0.000000000000E+000  0.000000000000E+000  0.000000000000E+000  0.000000000000E+000  0.000000000000E+000
   5.650000000000E+001  1.000000000000E+000  9.869678616524E-001  1.169929601019E-005  1.966944296328E-007  1.093165390193E-002  3.507385315515E-007  2.088264795020E-003  0.000000000000E+000  0.000000000000E+000  0.000000000000E+000  0.000000000000E+000  0.000000000000E+000  0.000000000000E+000
   5.675000000000E+001  1.000000000000E+000  9.869680404663E-001  1.170065206679E-005  1.968503937633E-007  1.093141455203E-002  3.508194481583E-007  2.088309032843E-003  0.000000000000E+000  0.000000000000E+000  0.000000000000E+000  0.000000000000E+000  0.000000000000E+000  0.000000000000E+000
   5.700000000000E+001  1.000000000000E+000  9.869681596756E-001  1.170096311398E-005  1.964810394384E-007  1.093123480678E-002  3.506896746330E-007  2.088341629133E-003  0.000000000000E+000  0.000000000000E+000  0.000000000000E+000  0.000000000000E+000  0.000000000000E+000  0.000000000000E+000
   5.725000000000E+001  1.000000000000E+000  9.869684576988E-001  1.170196173916E-005  1.962005597989E-007  1.093089487404E-002  3.506031589495E-007  2.088394714519E-003  0.000000000000E+000  0.000000000000E+000  0.000000000000E+000  0.000000000000E+000  0.000000000000E+000  0.000000000000E+000
   5.750000000000E+001  1.000000000000E+000  9.869686365128E-001  1.169936331280E-005  1.966267291209E-007  1.093071978539E-002  3.506818586629E-007  2.088423119858E-003  0.000000000000E+000  0.000000000000E+000  0.000000000000E+000  0.000000000000E+000  0.000000000000E+000  0.000000000000E+000
   5.775000000000E+001  1.000000000000E+000  9.869688153267E-001  1.169789811684E-005  1.968464715674E-007  1.093046460301E-002  3.507128099045E-007  2.088473644108E-003  0.000000000000E+000  0.000000000000E+000  0.000000000000E+000  0.000000000000E+000  0.000000000000E+000  0.000000000000E+000
   5.800000000000E+001  1.000000000000E+000  9.869690537453E-001  1.169849747384E-005  1.970264094098E-007  1.093019824475E-002  3.507820736104E-007  2.088516950607E-003  0.000000000000E+000  0.000000000000E+000  0.000000000000E+000  0.000000000000E+000  0.000000000000E+000  0.000000000000E+000
   5.825000000000E+001  1.000000000000E+000  9.869692325592E-001  1.169853021565E-005  1.965925804370E-007  1.092996820807E-002  3.506207804094E-007  2.088552108034E-003  0.000000000000E+000  0.000000000000E+000  0.000000000000E+000  0.000000000000E+000  0.000000000000E+000  0.000000000000E+000
   5.850000000000E+001  1.000000000000E+000  9.869693517685E-001  1.169921779365E-005  1.965724862885E-007  1.092979777604E-002  3.506246457619E-007  2.088587032631E-003  0.000000000000E+000  0.000000000000E+000  0.000000000000E+000  0.000000000000E+000  0.000000000000E+000  0.000000000000E+000
   5.875000000000E+001  1.000000000000E+000  9.869696497917E-001  1.169963343273E-005  1.963357902923E-007  1.092946715653E-002  3.505390964165E-007  2.088642679155E-003  0.000000000000E+000  0.000000000000E+000  0.000000000000E+000  0.000000000000E+000  0.000000000000E+000  0.000000000000E+000
   5.900000000000E+001  1.000000000000E+000  9.869697690010E-001  1.170039467979E-005  1.964996698689E-007  1.092930696905E-002  3.506109180762E-007  2.088664565235E-003  0.000000000000E+000  0.000000000000E+000  0.000000000000E+000  0.000000000000E+000  0.000000000000E+000  0.000000000000E+000
   5.925000000000E+001  1.000000000000E+000  9.869700074196E-001  1.170127416117E-005  1.967499230204E-007  1.092904247344E-002  3.507121846269E-007  2.088714390993E-003  0.000000000000E+000  0.000000000000E+000  0.000000000000E+000  0.000000000000E+000  0.000000000000E+000  0.000000000000E+000
   5.950000000000E+001  1.000000000000E+000  9.869701862335E-001  1.170171981357E-005  1.965484415223E-007  1.092877518386E-002  3.506422672217E-007  2.088760957122E-003  0.000000000000E+000  0.000000000000E+000  0.000000000000E+000  0.000000000000E+000  0.000000000000E+000  0.000000000000E+000
   5.975000000000E+001  1.000000000000E+000  9.869704842567E-001  1.170141240436E-005  1.965926514913E-007  1.092844083905E-002  3.506377765916E-007  2.088820794597E-003  0.000000000000E+000  0.000000000000E+000  0.000000000000E+000  0.000000000000E+000  0.000000000000E+000  0.000000000000E+000
   6.000000000000E+001  1.000000000000E+000  9.869706034660E-001  1.169796632894E-005  1.968463578805E-007  1.092833932489E-002  3.506363839278E-007  2.088835462928E-003  0.000000000000E+000  0.000000000000E+000  0.000000000000E+000  0.000000000000E+000  0.000000000000E+000  0.000000000000E+000
   6.025000000000E+001  1.000000000000E+000  9.869708418846E-001  1.169899223896E-005  1.965744047538E-007  1.092800032347E-002  3.505533072712E-007  2.088899724185E-003  0.000000000000E+000  0.000000000000E+000  0.000000000000E+000  0.000000000000E+000  0.000000000000E+000  0.000000000000E+000
   6.050000000000E+001  1.000000000000E+000  9.869711399078E-001  1.170039922727E-005  1.968316780676E-007  1.092767994851E-002  3.506684151944E-007  2.088956767693E-003  0.000000000000E+000  0.000000000000E+000  0.000000000000E+000  0.000000000000E+000  0.000000000000E+000  0.000000000000E+000
   6.075000000000E+001  1.000000000000E+000  9.869711399078E-001  1.169982442661E-005  1.961306139719E-007  1.092765759677E-002  3.504044627789E-007  2.088955836371E-003  0.000000000000E+000  0.000000000000E+000  0.000000000000E+000  0.000000000000E+000  0.000000000000E+000  0.000000000000E+000
   6.100000000000E+001  1.000000000000E+000  9.869714379311E-001  1.169906499854E-005  1.962933424693E-007  1.092732418329E-002  3.504304686430E-007  2.089016139507E-003  0.000000000000E+000  0.000000000000E+000  0.000000000000E+000  0.000000000000E+000  0.000000000000E+000  0.000000000000E+000
   6.125000000000E+001  1.000000000000E+000  9.869714975357E-001  1.169922688860E-005  1.964809683841E-007  1.092723663896E-002  3.504981407332E-007  2.089028479531E-003  0.000000000000E+000  0.000000000000E+000  0.000000000000E+000  0.000000000000E+000  0.000000000000E+000  0.000000000000E+000
   6.150000000000E+001  1.000000000000E+000  9.869717359543E-001  1.170025097963E-005  1.966529339370E-007  1.092691719532E-002  3.505733161546E-007  2.089085523039E-003  0.000000000000E+000  0.000000000000E+000  0.000000000000E+000  0.000000000000E+000  0.000000000000E+000  0.000000000000E+000
   6.175000000000E+001  1.000000000000E+000  9.869719147682E-001  1.169819734059E-005  1.968720653167E-007  1.092673279345E-002  3.505919892177E-007  2.089116489515E-003  0.000000000000E+000  0.000000000000E+000  0.000000000000E+000  0.000000000000E+000  0.000000000000E+000  0.000000000000E+000
   6.200000000000E+001  1.000000000000E+000  9.869720339775E-001  1.169801635115E-005  1.966122766817E-007  1.092656049877E-002  3.504889605210E-007  2.089145127684E-003  0.000000000000E+000  0.000000000000E+000  0.000000000000E+000  0.000000000000E+000  0.000000000000E+000  0.000000000000E+000
   6.225000000000E+001  1.000000000000E+000  9.869722723961E-001  1.169885217678E-005  1.960664519629E-007  1.092629134655E-002  3.503065499899E-007  2.089192857966E-003  0.000000000000E+000  0.000000000000E+000  0.000000000000E+000  0.000000000000E+000  0.000000000000E+000  0.000000000000E+000
   6.250000000000E+001  1.000000000000E+000  9.869723916054E-001  1.169864935946E-005  1.957802169272E-007  1.092617772520E-002  3.501954779495E-007  2.089214744046E-003  0.000000000000E+000  0.000000000000E+000  0.000000000000E+000  0.000000000000E+000  0.000000000000E+000  0.000000000000E+000
   6.275000000000E+001  1.000000000000E+000  9.869725704193E-001  1.169713141280E-005  1.959834037280E-007  1.092591974884E-002  3.502196648242E-007  2.089255955070E-003  0.000000000000E+000  0.000000000000E+000  0.000000000000E+000  0.000000000000E+000  0.000000000000E+000  0.000000000000E+000
   6.300000000000E+001  1.000000000000E+000  9.869726300240E-001  1.169612278318E-005  1.960739552942E-007  1.092589646578E-002  3.502252639009E-007  2.089260146022E-003  0.000000000000E+000  0.000000000000E+000  0.000000000000E+000  0.000000000000E+000  0.000000000000E+000  0.000000000000E+000
   6.325000000000E+001  1.000000000000E+000  9.869728684425E-001  1.169756797026E-005  1.963133513527E-007  1.092557050288E-002  3.503350285428E-007  2.089315559715E-003  0.000000000000E+000  0.000000000000E+000  0.000000000000E+000  0.000000000000E+000  0.000000000000E+000  0.000000000000E+000
   6.350000000000E+001  1.000000000000E+000  9.869728684425E-001  1.169760616904E-005  1.962954030432E-007  1.092556025833E-002  3.503293157792E-007  2.089316491038E-003  0.000000000000E+000  0.000000000000E+000  0.000000000000E+000  0.000000000000E+000  0.000000000000E+000  0.000000000000E+000
   6.375000000000E+001  1.000000000000E+000  9.869731664658E-001  1.169836923509E-005  1.959418369779E-007  1.092523708940E-002  3.502113088416E-007  2.089371206239E-003  0.000000000000E+000  0.000000000000E+000  0.000000000000E+000  0.000000000000E+000  0.000000000000E+000  0.000000000000E+000
   6.400000000000E+001  1.000000000000E+000  9.869732856750E-001  1.169850020233E-005  1.953349482164E-007  1.092507224530E-002  3.499926890527E-007  2.089405898005E-003  0.000000000000E+000  0.000000000000E+000  0.000000000000E+000  0.000000000000E+000  0.000000000000E+000  0.000000000000E+000
   6.425000000000E+001  1.000000000000E+000  9.869734644890E-001  1.169935421785E-005  1.956641000334E-007  1.092488970608E-002  3.501249352666E-007  2.089430345222E-003  0.000000000000E+000  0.000000000000E+000  0.000000000000E+000  0.000000000000E+000  0.000000000000E+000  0.000000000000E+000
   6.450000000000E+001  1.000000000000E+000  9.869735836983E-001  1.169656206912E-005  1.959096636028E-007  1.092470437288E-002  3.501340017920E-007  2.089468995109E-003  0.000000000000E+000  0.000000000000E+000  0.000000000000E+000  0.000000000000E+000  0.000000000000E+000  0.000000000000E+000
   6.475000000000E+001  1.000000000000E+000  9.869737625122E-001  1.169731331174E-005  1.960886635288E-007  1.092452555895E-002  3.502102003949E-007  2.089496469125E-003  0.000000000000E+000  0.000000000000E+000  0.000000000000E+000  0.000000000000E+000  0.000000000000E+000  0.000000000000E+000
   6.500000000000E+001  1.000000000000E+000  9.869738817215E-001  1.169821098301E-005  1.964191795878E-007  1.092435605824E-002  3.503440382246E-007  2.089527901262E-003  0.000000000000E+000  0.000000000000E+000  0.000000000000E+000  0.000000000000E+000  0.000000000000E+000  0.000000000000E+000
   6.525000000000E+001  1.000000000000E+000  9.869740009308E-001  1.169895494968E-005  1.965947973304E-007  1.092417631298E-002  3.504188157422E-007  2.089555375278E-003  0.000000000000E+000  0.000000000000E+000  0.000000000000E+000  0.000000000000E+000  0.000000000000E+000  0.000000000000E+000
   6.550000000000E+001  1.000000000000E+000  9.869741201401E-001  1.169851293525E-005  1.960827518133E-007  1.092406827956E-002  3.502217964524E-007  2.089575631544E-003  0.000000000000E+000  0.000000000000E+000  0.000000000000E+000  0.000000000000E+000  0.000000000000E+000  0.000000000000E+000
   6.575000000000E+001  1.000000000000E+000  9.869743585587E-001  1.169910592580E-005  1.962550300050E-007  1.092380192131E-002  3.502882464090E-007  2.089620102197E-003  0.000000000000E+000  0.000000000000E+000  0.000000000000E+000  0.000000000000E+000  0.000000000000E+000  0.000000000000E+000
   6.600000000000E+001  1.000000000000E+000  9.869744181633E-001  1.169313145510E-005  1.955295374501E-007  1.092369947582E-002  3.498746821151E-007  2.089639892802E-003  0.000000000000E+000  0.000000000000E+000  0.000000000000E+000  0.000000000000E+000  0.000000000000E+000  0.000000000000E+000
   6.625000000000E+001  1.000000000000E+000  9.869747161865E-001  1.169474762719E-005  1.960033557680E-007  1.092331483960E-002  3.500697971504E-007  2.089706482366E-003  0.000000000000E+000  0.000000000000E+000  0.000000000000E+000  0.000000000000E+000  0.000000000000E+000  0.000000000000E+000
   6.650000000000E+001  1.000000000000E+000  9.869747161865E-001  1.169466395368E-005  1.958952822179E-007  1.092330832034E-002  3.500290119973E-007  2.089707879350E-003  0.000000000000E+000  0.000000000000E+000  0.000000000000E+000  0.000000000000E+000  0.000000000000E+000  0.000000000000E+000
   6.675000000000E+001  1.000000000000E+000  9.869750142097E-001  1.169616189145E-005  1.962425528745E-007  1.092298142612E-002  3.501780270199E-007  2.089770277962E-003  0.000000000000E+000  0.000000000000E+000  0.000000000000E+000  0.000000000000E+000  0.000000000000E+000  0.000000000000E+000
   6.700000000000E+001  1.000000000000E+000  9.869750142097E-001  1.169613278762E-005  1.962319657878E-007  1.092296466231E-002  3.501731953293E-007  2.089766785502E-003  0.000000000000E+000  0.000000000000E+000  0.000000000000E+000  0.000000000000E+000  0.000000000000E+000  0.000000000000E+000
   6.725000000000E+001  1.000000000000E+000  9.869751930237E-001  1.169349525298E-005  1.957409097031E-007  1.092276629061E-002  3.499243348415E-007  2.089804271236E-003  0.000000000000E+000  0.000000000000E+000  0.000000000000E+000  0.000000000000E+000  0.000000000000E+000  0.000000000000E+000
   6.750000000000E+001  1.000000000000E+000  9.869753718376E-001  1.169423467218E-005  1.959045476951E-007  1.092258282006E-002  3.499946785723E-007  2.089832909405E-003  0.000000000000E+000  0.000000000000E+000  0.000000000000E+000  0.000000000000E+000  0.000000000000E+000  0.000000000000E+000
   6.775000000000E+001  1.000000000000E+000  9.869754910469E-001  1.169495590148E-005  1.960619044894E-007  1.092242170125E-002  3.500629190967E-007  2.089863410220E-003  0.000000000000E+000  0.000000000000E+000  0.000000000000E+000  0.000000000000E+000  0.000000000000E+000  0.000000000000E+000
   6.800000000000E+001  1.000000000000E+000  9.869756698608E-001  1.169468396256E-005  1.955966553169E-007  1.092221215367E-002  3.498831233628E-007  2.089901128784E-003  0.000000000000E+000  0.000000000000E+000  0.000000000000E+000  0.000000000000E+000  0.000000000000E+000  0.000000000000E+000
   6.825000000000E+001  1.000000000000E+000  9.869758486748E-001  1.169584265881E-005  1.957493367399E-007  1.092200167477E-002  3.499591230138E-007  2.089937450364E-003  0.000000000000E+000  0.000000000000E+000  0.000000000000E+000  0.000000000000E+000  0.000000000000E+000  0.000000000000E+000
   6.850000000000E+001  1.000000000000E+000  9.869759082794E-001  1.169605820905E-005  1.960152218317E-007  1.092192064971E-002  3.500560410430E-007  2.089950488880E-003  0.000000000000E+000  0.000000000000E+000  0.000000000000E+000  0.000000000000E+000  0.000000000000E+000  0.000000000000E+000
   6.875000000000E+001  1.000000000000E+000  9.869761466980E-001  1.169767438114E-005  1.965142928384E-007  1.092158444226E-002  3.502617005324E-007  2.090011490509E-003  0.000000000000E+000  0.000000000000E+000  0.000000000000E+000  0.000000000000E+000  0.000000000000E+000  0.000000000000E+000
   6.900000000000E+001  1.000000000000E+000  9.869762063026E-001  1.169659572042E-005  1.958213715625E-007  1.092154067010E-002  3.499868626022E-007  2.090016612783E-003  0.000000000000E+000  0.000000000000E+000  0.000000000000E+000  0.000000000000E+000  0.000000000000E+000  0.000000000000E+000
   6.925000000000E+001  1.000000000000E+000  9.869765043259E-001  1.169525512523E-005  1.962329463367E-007  1.092118769884E-002  3.500856564642E-007  2.090081106871E-003  0.000000000000E+000  0.000000000000E+000  0.000000000000E+000  0.000000000000E+000  0.000000000000E+000  0.000000000000E+000
   6.950000000000E+001  1.000000000000E+000  9.869765043259E-001  1.169448842120E-005  1.962545326251E-007  1.092117559165E-002  3.500734351292E-007  2.090079942718E-003  0.000000000000E+000  0.000000000000E+000  0.000000000000E+000  0.000000000000E+000  0.000000000000E+000  0.000000000000E+000
   6.975000000000E+001  1.000000000000E+000  9.869766235352E-001  1.169524875877E-005  1.964384495068E-007  1.092099770904E-002  3.501514527215E-007  2.090110909194E-003  0.000000000000E+000  0.000000000000E+000  0.000000000000E+000  0.000000000000E+000  0.000000000000E+000  0.000000000000E+000
   7.000000000000E+001  1.000000000000E+000  9.869768023491E-001  1.169248844235E-005  1.966879210613E-007  1.092080865055E-002  3.501624519231E-007  2.090147929266E-003  0.000000000000E+000  0.000000000000E+000  0.000000000000E+000  0.000000000000E+000  0.000000000000E+000  0.000000000000E+000
   7.025000000000E+001  1.000000000000E+000  9.869769811630E-001  1.169265124190E-005  1.961490738722E-007  1.092060375959E-002  3.499681326957E-007  2.090180525556E-003  0.000000000000E+000  0.000000000000E+000  0.000000000000E+000  0.000000000000E+000  0.000000000000E+000  0.000000000000E+000
   7.050000000000E+001  1.000000000000E+000  9.869771599770E-001  1.169572078652E-005  1.963556854889E-007  1.092038583010E-002  3.501112644244E-007  2.090222900733E-003  0.000000000000E+000  0.000000000000E+000  0.000000000000E+000  0.000000000000E+000  0.000000000000E+000  0.000000000000E+000
   7.075000000000E+001  1.000000000000E+000  9.869772791862E-001  1.169580082205E-005  1.957713067213E-007  1.092021260411E-002  3.498995226892E-007  2.090253401548E-003  0.000000000000E+000  0.000000000000E+000  0.000000000000E+000  0.000000000000E+000  0.000000000000E+000  0.000000000000E+000
   7.100000000000E+001  1.000000000000E+000  9.869774580002E-001  1.169644474430E-005  1.958465247753E-007  1.092004403472E-002  3.499364993331E-007  2.090282505378E-003  0.000000000000E+000  0.000000000000E+000  0.000000000000E+000  0.000000000000E+000  0.000000000000E+000  0.000000000000E+000
   7.125000000000E+001  1.000000000000E+000  9.869775772095E-001  1.169717324956E-005  1.960248283694E-007  1.091987267137E-002  3.500119021282E-007  2.090312307701E-003  0.000000000000E+000  0.000000000000E+000  0.000000000000E+000  0.000000000000E+000  0.000000000000E+000  0.000000000000E+000
   7.150000000000E+001  1.000000000000E+000  9.869776368141E-001  1.169544157165E-005  1.962403075595E-007  1.091976929456E-002  3.500404375245E-007  2.090329769999E-003  0.000000000000E+000  0.000000000000E+000  0.000000000000E+000  0.000000000000E+000  0.000000000000E+000  0.000000000000E+000
   7.175000000000E+001  1.000000000000E+000  9.869778752327E-001  1.169678944279E-005  1.964058213844E-007  1.091952808201E-002  3.501244805193E-007  2.090372145176E-003  0.000000000000E+000  0.000000000000E+000  0.000000000000E+000  0.000000000000E+000  0.000000000000E+000  0.000000000000E+000
   7.200000000000E+001  1.000000000000E+000  9.869779348373E-001  1.169693132397E-005  1.965873934751E-007  1.091942749918E-002  3.501887988477E-007  2.090389374644E-003  0.000000000000E+000  0.000000000000E+000  0.000000000000E+000  0.000000000000E+000  0.000000000000E+000  0.000000000000E+000
   7.225000000000E+001  1.000000000000E+000  9.869780540466E-001  1.169815914182E-005  1.965574227825E-007  1.091927103698E-002  3.502034644498E-007  2.090419409797E-003  0.000000000000E+000  0.000000000000E+000  0.000000000000E+000  0.000000000000E+000  0.000000000000E+000  0.000000000000E+000
   7.250000000000E+001  1.000000000000E+000  9.869782924652E-001  1.169455663330E-005  1.957055815183E-007  1.091901864856E-002  3.498003309232E-007  2.090462250635E-003  0.000000000000E+000  0.000000000000E+000  0.000000000000E+000  0.000000000000E+000  0.000000000000E+000  0.000000000000E+000
   7.275000000000E+001  1.000000000000E+000  9.869784116745E-001  1.169270854007E-005  1.957245956419E-007  1.091886591166E-002  3.497545435494E-007  2.090488327667E-003  0.000000000000E+000  0.000000000000E+000  0.000000000000E+000  0.000000000000E+000  0.000000000000E+000  0.000000000000E+000
   7.300000000000E+001  1.000000000000E+000  9.869786500931E-001  1.169369534182E-005  1.962019950952E-007  1.091855764389E-002  3.499374088278E-007  2.090548630804E-003  0.000000000000E+000  0.000000000000E+000  0.000000000000E+000  0.000000000000E+000  0.000000000000E+000  0.000000000000E+000
   7.325000000000E+001  1.000000000000E+000  9.869787096977E-001  1.169428742287E-005  1.961753213209E-007  1.091847009957E-002  3.499400804685E-007  2.090558642522E-003  0.000000000000E+000  0.000000000000E+000  0.000000000000E+000  0.000000000000E+000  0.000000000000E+000  0.000000000000E+000
   7.350000000000E+001  1.000000000000E+000  9.869788885117E-001  1.169503502751E-005  1.963329339105E-007  1.091830246150E-002  3.500086904751E-007  2.090591704473E-003  0.000000000000E+000  0.000000000000E+000  0.000000000000E+000  0.000000000000E+000  0.000000000000E+000  0.000000000000E+000
   7.375000000000E+001  1.000000000000E+000  9.869789481163E-001  1.169514234789E-005  1.965074005739E-007  1.091821212322E-002  3.500700529457E-007  2.090606139973E-003  0.000000000000E+000  0.000000000000E+000  0.000000000000E+000  0.000000000000E+000  0.000000000000E+000  0.000000000000E+000
   7.400000000000E+001  1.000000000000E+000  9.869790673256E-001  1.169584174932E-005  1.966732128267E-007  1.091804355383E-002  3.501403682549E-007  2.090635942295E-003  0.000000000000E+000  0.000000000000E+000  0.000000000000E+000  0.000000000000E+000  0.000000000000E+000  0.000000000000E+000
   7.425000000000E+001  1.000000000000E+000  9.869792461395E-001  1.169593815575E-005  1.958236452992E-007  1.091784145683E-002  3.498339538055E-007  2.090672031045E-003  0.000000000000E+000  0.000000000000E+000  0.000000000000E+000  0.000000000000E+000  0.000000000000E+000  0.000000000000E+000
   7.450000000000E+001  1.000000000000E+000  9.869793653488E-001  1.169522147393E-005  1.951048318460E-007  1.091771665961E-002  3.495557336919E-007  2.090693218634E-003  0.000000000000E+000  0.000000000000E+000  0.000000000000E+000  0.000000000000E+000  0.000000000000E+000  0.000000000000E+000
   7.475000000000E+001  1.000000000000E+000  9.869794845581E-001  1.169519600808E-005  1.952924435500E-007  1.091753505170E-002  3.496149645343E-007  2.090725116432E-003  0.000000000000E+000  0.000000000000E+000  0.000000000000E+000  0.000000000000E+000  0.000000000000E+000  0.000000000000E+000
   7.500000000000E+001  1.000000000000E+000  9.869796633720E-001  1.169629740616E-005  1.954675354909E-007  1.091730594635E-002  3.496966201055E-007  2.090766560286E-003  0.000000000000E+000  0.000000000000E+000  0.000000000000E+000  0.000000000000E+000  0.000000000000E+000  0.000000000000E+000
   7.525000000000E+001  1.000000000000E+000  9.869797825813E-001  1.169650931843E-005  1.957788526852E-007  1.091717183590E-002  3.498073795072E-007  2.090793102980E-003  0.000000000000E+000  0.000000000000E+000  0.000000000000E+000  0.000000000000E+000  0.000000000000E+000  0.000000000000E+000
   7.550000000000E+001  1.000000000000E+000  9.869799613953E-001  1.169724419015E-005  1.958488837772E-007  1.091698557138E-002  3.498441003558E-007  2.090822672471E-003  0.000000000000E+000  0.000000000000E+000  0.000000000000E+000  0.000000000000E+000  0.000000000000E+000  0.000000000000E+000
   7.575000000000E+001  1.000000000000E+000  9.869800806046E-001  1.169476854557E-005  1.962711451142E-007  1.091680955142E-002  3.499241927329E-007  2.090857597068E-003  0.000000000000E+000  0.000000000000E+000  0.000000000000E+000  0.000000000000E+000  0.000000000000E+000  0.000000000000E+000
   7.600000000000E+001  1.000000000000E+000  9.869801998138E-001  1.169250572275E-005  1.963127829185E-007  1.091669220477E-002  3.498772116473E-007  2.090874360874E-003  0.000000000000E+000  0.000000000000E+000  0.000000000000E+000  0.000000000000E+000  0.000000000000E+000  0.000000000000E+000
   7.625000000000E+001  1.000000000000E+000  9.869804382324E-001  1.169284496427E-005  1.959879796232E-007  1.091642491519E-002  3.497604552649E-007  2.090926282108E-003  0.000000000000E+000  0.000000000000E+000  0.000000000000E+000  0.000000000000E+000  0.000000000000E+000  0.000000000000E+000
   7.650000000000E+001  1.000000000000E+000  9.869804978371E-001  1.169343795482E-005  1.959845121746E-007  1.091632992029E-002  3.497709144540E-007  2.090938854963E-003  0.000000000000E+000  0.000000000000E+000  0.000000000000E+000  0.000000000000E+000  0.000000000000E+000  0.000000000000E+000
   7.675000000000E+001  1.000000000000E+000  9.869806170464E-001  1.169346523966E-005  1.958544544323E-007  1.091613527387E-002  3.497179079659E-007  2.090980764478E-003  0.000000000000E+000  0.000000000000E+000  0.000000000000E+000  0.000000000000E+000  0.000000000000E+000  0.000000000000E+000
   7.700000000000E+001  1.000000000000E+000  9.869807362556E-001  1.169307779492E-005  1.953304291646E-007  1.091601420194E-002  3.495177054447E-007  2.090994501486E-003  0.000000000000E+000  0.000000000000E+000  0.000000000000E+000  0.000000000000E+000  0.000000000000E+000  0.000000000000E+000
   7.725000000000E+001  1.000000000000E+000  9.869807958603E-001  1.169361439679E-005  1.952211334810E-007  1.091593690217E-002  3.494895963740E-007  2.091009635478E-003  0.000000000000E+000  0.000000000000E+000  0.000000000000E+000  0.000000000000E+000  0.000000000000E+000  0.000000000000E+000
   7.750000000000E+001  1.000000000000E+000  9.869809746742E-001  1.169476945506E-005  1.953892905249E-007  1.091570407152E-002  3.495699729683E-007  2.091052709147E-003  0.000000000000E+000  0.000000000000E+000  0.000000000000E+000  0.000000000000E+000  0.000000000000E+000  0.000000000000E+000
   7.775000000000E+001  1.000000000000E+000  9.869811534882E-001  1.169632014353E-005  1.955492621164E-007  1.091548800468E-002  3.496583076412E-007  2.091087633744E-003  0.000000000000E+000  0.000000000000E+000  0.000000000000E+000  0.000000000000E+000  0.000000000000E+000  0.000000000000E+000
   7.800000000000E+001  1.000000000000E+000  9.869812726974E-001  1.169592633232E-005  1.950329959755E-007  1.091536693275E-002  3.494602367482E-007  2.091112546623E-003  0.000000000000E+000  0.000000000000E+000  0.000000000000E+000  0.000000000000E+000  0.000000000000E+000  0.000000000000E+000
   7.825000000000E+001  1.000000000000E+000  9.869814515114E-001  1.169729694084E-005  1.951975008296E-007  1.091512478888E-002  3.495444218515E-007  2.091156551614E-003  0.000000000000E+000  0.000000000000E+000  0.000000000000E+000  0.000000000000E+000  0.000000000000E+000  0.000000000000E+000
   7.850000000000E+001  1.000000000000E+000  9.869815707207E-001  1.169741881313E-005  1.953798971499E-007  1.091502234340E-002  3.496085128063E-007  2.091173781082E-003  0.000000000000E+000  0.000000000000E+000  0.000000000000E+000  0.000000000000E+000  0.000000000000E+000  0.000000000000E+000
   7.875000000000E+001  1.000000000000E+000  9.869816899300E-001  1.169581719296E-005  1.954027908369E-007  1.091484725475E-002  3.495694613775E-007  2.091204747558E-003  0.000000000000E+000  0.000000000000E+000  0.000000000000E+000  0.000000000000E+000  0.000000000000E+000  0.000000000000E+000
   7.900000000000E+001  1.000000000000E+000  9.869818687439E-001  1.169534698420E-005  1.957874076197E-007  1.091466285288E-002  3.496872693631E-007  2.091237809509E-003  0.000000000000E+000  0.000000000000E+000  0.000000000000E+000  0.000000000000E+000  0.000000000000E+000  0.000000000000E+000
   7.925000000000E+001  1.000000000000E+000  9.869818687439E-001  1.169473398477E-005  1.950633787828E-007  1.091463118792E-002  3.494134546145E-007  2.091241534799E-003  0.000000000000E+000  0.000000000000E+000  0.000000000000E+000  0.000000000000E+000  0.000000000000E+000  0.000000000000E+000
   7.950000000000E+001  1.000000000000E+000  9.869820475578E-001  1.169592269434E-005  1.950328112343E-007  1.091446261853E-002  3.494265854442E-007  2.091271569952E-003  0.000000000000E+000  0.000000000000E+000  0.000000000000E+000  0.000000000000E+000  0.000000000000E+000  0.000000000000E+000
   7.975000000000E+001  1.000000000000E+000  9.869821667671E-001  1.169332063000E-005  1.954486208433E-007  1.091427914798E-002  3.495012776966E-007  2.091308124363E-003  0.000000000000E+000  0.000000000000E+000  0.000000000000E+000  0.000000000000E+000  0.000000000000E+000  0.000000000000E+000
   8.000000000000E+001  1.000000000000E+000  9.869823455811E-001  1.169292227132E-005  1.947363017507E-007  1.091410033405E-002  3.492314135656E-007  2.091340254992E-003  0.000000000000E+000  0.000000000000E+000  0.000000000000E+000  0.000000000000E+000  0.000000000000E+000  0.000000000000E+000
   8.025000000000E+001  1.000000000000E+000  9.869825243950E-001  1.169384267996E-005  1.951801777977E-007  1.091386936605E-002  3.494042459806E-007  2.091378439218E-003  0.000000000000E+000  0.000000000000E+000  0.000000000000E+000  0.000000000000E+000  0.000000000000E+000  0.000000000000E+000
   8.050000000000E+001  1.000000000000E+000  9.869826436043E-001  1.169454935734E-005  1.953493011797E-007  1.091369893402E-002  3.494758971101E-007  2.091412665322E-003  0.000000000000E+000  0.000000000000E+000  0.000000000000E+000  0.000000000000E+000  0.000000000000E+000  0.000000000000E+000
   8.075000000000E+001  1.000000000000E+000  9.869827032089E-001  1.169467486761E-005  1.955243362772E-007  1.091360673308E-002  3.495380553886E-007  2.091425005347E-003  0.000000000000E+000  0.000000000000E+000  0.000000000000E+000  0.000000000000E+000  0.000000000000E+000  0.000000000000E+000
   8.100000000000E+001  1.000000000000E+000  9.869829416275E-001  1.169600272988E-005  1.956802293535E-007  1.091335248202E-002  3.496176077533E-007  2.091474598274E-003  0.000000000000E+000  0.000000000000E+000  0.000000000000E+000  0.000000000000E+000  0.000000000000E+000  0.000000000000E+000
   8.125000000000E+001  1.000000000000E+000  9.869829416275E-001  1.169593906525E-005  1.956733512998E-007  1.091334037483E-002  3.496133729186E-007  2.091471338645E-003  0.000000000000E+000  0.000000000000E+000  0.000000000000E+000  0.000000000000E+000  0.000000000000E+000  0.000000000000E+000
   8.150000000000E+001  1.000000000000E+000  9.869830608368E-001  1.169736242446E-005  1.957016593224E-007  1.091317553073E-002  3.496533622638E-007  2.091503934935E-003  0.000000000000E+000  0.000000000000E+000  0.000000000000E+000  0.000000000000E+000  0.000000000000E+000  0.000000000000E+000
   8.175000000000E+001  1.000000000000E+000  9.869832396507E-001  1.169759343611E-005  1.953125945420E-007  1.091298367828E-002  3.495137548271E-007  2.091542351991E-003  0.000000000000E+000  0.000000000000E+000  0.000000000000E+000  0.000000000000E+000  0.000000000000E+000  0.000000000000E+000
   8.200000000000E+001  1.000000000000E+000  9.869833588600E-001  1.169488587038E-005  1.955476705007E-007  1.091286540031E-002  3.495244413898E-007  2.091555856168E-003  0.000000000000E+000  0.000000000000E+000  0.000000000000E+000  0.000000000000E+000  0.000000000000E+000  0.000000000000E+000
   8.225000000000E+001  1.000000000000E+000  9.869834780693E-001  1.169547158497E-005  1.948315855316E-007  1.091268006712E-002  3.492777125302E-007  2.091596368700E-003  0.000000000000E+000  0.000000000000E+000  0.000000000000E+000  0.000000000000E+000  0.000000000000E+000  0.000000000000E+000
   8.250000000000E+001  1.000000000000E+000  9.869835972786E-001  1.169597817352E-005  1.950182593191E-007  1.091252826154E-002  3.493514384445E-007  2.091620350257E-003  0.000000000000E+000  0.000000000000E+000  0.000000000000E+000  0.000000000000E+000  0.000000000000E+000  0.000000000000E+000
   8.275000000000E+001  1.000000000000E+000  9.869836568832E-001  1.169608367491E-005  1.952053310106E-007  1.091244351119E-002  3.494174904972E-007  2.091633621603E-003  0.000000000000E+000  0.000000000000E+000  0.000000000000E+000  0.000000000000E+000  0.000000000000E+000  0.000000000000E+000
   8.300000000000E+001  1.000000000000E+000  9.869838356972E-001  1.169732877315E-005  1.953076633754E-007  1.091222371906E-002  3.494770624002E-007  2.091677393764E-003  0.000000000000E+000  0.000000000000E+000  0.000000000000E+000  0.000000000000E+000  0.000000000000E+000  0.000000000000E+000
   8.325000000000E+001  1.000000000000E+000  9.869840145111E-001  1.169755978481E-005  1.956849615681E-007  1.091204490513E-002  3.496104739042E-007  2.091706497595E-003  0.000000000000E+000  0.000000000000E+000  0.000000000000E+000  0.000000000000E+000  0.000000000000E+000  0.000000000000E+000
   8.350000000000E+001  1.000000000000E+000  9.869840741158E-001  1.169808092527E-005  1.956751987109E-007  1.091195829213E-002  3.496167551020E-007  2.091727918014E-003  0.000000000000E+000  0.000000000000E+000  0.000000000000E+000  0.000000000000E+000  0.000000000000E+000  0.000000000000E+000
   8.375000000000E+001  1.000000000000E+000  9.869841933250E-001  1.169500228571E-005  1.957278925602E-007  1.091182883829E-002  3.495527209907E-007  2.091743983328E-003  0.000000000000E+000  0.000000000000E+000  0.000000000000E+000  0.000000000000E+000  0.000000000000E+000  0.000000000000E+000
   8.400000000000E+001  1.000000000000E+000  9.869843721390E-001  1.169581173599E-005  1.960954136848E-007  1.091158669442E-002  3.496945737425E-007  2.091788686812E-003  0.000000000000E+000  0.000000000000E+000  0.000000000000E+000  0.000000000000E+000  0.000000000000E+000  0.000000000000E+000
   8.425000000000E+001  1.000000000000E+000  9.869844317436E-001  1.169459756056E-005  1.946793730667E-007  1.091152988374E-002  3.491583697723E-007  2.091804519296E-003  0.000000000000E+000  0.000000000000E+000  0.000000000000E+000  0.000000000000E+000  0.000000000000E+000  0.000000000000E+000
   8.450000000000E+001  1.000000000000E+000  9.869845509529E-001  1.169530878542E-005  1.948523049577E-007  1.091135665774E-002  3.492316409393E-007  2.091832691804E-003  0.000000000000E+000  0.000000000000E+000  0.000000000000E+000  0.000000000000E+000  0.000000000000E+000  0.000000000000E+000
   8.475000000000E+001  1.000000000000E+000  9.869847297668E-001  1.169600636786E-005  1.950290311470E-007  1.091119367629E-002  3.493061058180E-007  2.091861097142E-003  0.000000000000E+000  0.000000000000E+000  0.000000000000E+000  0.000000000000E+000  0.000000000000E+000  0.000000000000E+000
   8.500000000000E+001  1.000000000000E+000  9.869847297668E-001  1.169594361272E-005  1.950244978843E-007  1.091116759926E-002  3.493020415135E-007  2.091864822432E-003  0.000000000000E+000  0.000000000000E+000  0.000000000000E+000  0.000000000000E+000  0.000000000000E+000  0.000000000000E+000
   8.525000000000E+001  1.000000000000E+000  9.869849681854E-001  1.169484949060E-005  1.952244161885E-007  1.091085467488E-002  3.493336180327E-007  2.091922797263E-003  0.000000000000E+000  0.000000000000E+000  0.000000000000E+000  0.000000000000E+000  0.000000000000E+000  0.000000000000E+000
   8.550000000000E+001  1.000000000000E+000  9.869850277901E-001  1.169493589259E-005  1.954169732699E-007  1.091076899320E-002  3.494009490623E-007  2.091940492392E-003  0.000000000000E+000  0.000000000000E+000  0.000000000000E+000  0.000000000000E+000  0.000000000000E+000  0.000000000000E+000
   8.575000000000E+001  1.000000000000E+000  9.869852066040E-001  1.169435836346E-005  1.957483988235E-007  1.091060321778E-002  3.494978670915E-007  2.091967267916E-003  0.000000000000E+000  0.000000000000E+000  0.000000000000E+000  0.000000000000E+000  0.000000000000E+000  0.000000000000E+000
   8.600000000000E+001  1.000000000000E+000  9.869853258133E-001  1.169552797364E-005  1.957313884304E-007  1.091043278575E-002  3.495151474908E-007  2.091998001561E-003  0.000000000000E+000  0.000000000000E+000  0.000000000000E+000  0.000000000000E+000  0.000000000000E+000  0.000000000000E+000
   8.625000000000E+001  1.000000000000E+000  9.869853854179E-001  1.169564438896E-005  1.959251676453E-007  1.091034151614E-002  3.495834448586E-007  2.092017093673E-003  0.000000000000E+000  0.000000000000E+000  0.000000000000E+000  0.000000000000E+000  0.000000000000E+000  0.000000000000E+000
   8.650000000000E+001  1.000000000000E+000  9.869855642319E-001  1.169578627014E-005  1.954019381856E-007  1.091015897691E-002  3.493945257560E-007  2.092050155625E-003  0.000000000000E+000  0.000000000000E+000  0.000000000000E+000  0.000000000000E+000  0.000000000000E+000  0.000000000000E+000
   8.675000000000E+001  1.000000000000E+000  9.869856834412E-001  1.169577717519E-005  1.946732055558E-007  1.091003790498E-002  3.491309996662E-007  2.092067850754E-003  0.000000000000E+000  0.000000000000E+000  0.000000000000E+000  0.000000000000E+000  0.000000000000E+000  0.000000000000E+000
   8.700000000000E+001  1.000000000000E+000  9.869858026505E-001  1.169602819573E-005  1.950485852831E-007  1.090986747295E-002  3.492643259051E-007  2.092102542520E-003  0.000000000000E+000  0.000000000000E+000  0.000000000000E+000  0.000000000000E+000  0.000000000000E+000  0.000000000000E+000
   8.725000000000E+001  1.000000000000E+000  9.869858622551E-001  1.169631832454E-005  1.953496138185E-007  1.090975943953E-002  3.493747158245E-007  2.092121634632E-003  0.000000000000E+000  0.000000000000E+000  0.000000000000E+000  0.000000000000E+000  0.000000000000E+000  0.000000000000E+000
   8.750000000000E+001  1.000000000000E+000  9.869859218597E-001  1.169685219793E-005  1.953409451971E-007  1.090967096388E-002  3.493819633604E-007  2.092136535794E-003  0.000000000000E+000  0.000000000000E+000  0.000000000000E+000  0.000000000000E+000  0.000000000000E+000  0.000000000000E+000
   8.775000000000E+001  1.000000000000E+000  9.869861006737E-001  1.169698862213E-005  1.956222064337E-007  1.090950146317E-002  3.494789666547E-007  2.092167269439E-003  0.000000000000E+000  0.000000000000E+000  0.000000000000E+000  0.000000000000E+000  0.000000000000E+000  0.000000000000E+000
   8.800000000000E+001  1.000000000000E+000  9.869862198830E-001  1.169507231680E-005  1.956570514494E-007  1.090934500098E-002  3.494368741030E-007  2.092195441946E-003  0.000000000000E+000  0.000000000000E+000  0.000000000000E+000  0.000000000000E+000  0.000000000000E+000  0.000000000000E+000
   8.825000000000E+001  1.000000000000E+000  9.869863390923E-001  1.169531969936E-005  1.959270008456E-007  1.090916898102E-002  3.495325415770E-007  2.092224545777E-003  0.000000000000E+000  0.000000000000E+000  0.000000000000E+000  0.000000000000E+000  0.000000000000E+000  0.000000000000E+000
   8.850000000000E+001  1.000000000000E+000  9.869863986969E-001  1.169585721073E-005  1.959152768904E-007  1.090909074992E-002  3.495388796182E-007  2.092244569212E-003  0.000000000000E+000  0.000000000000E+000  0.000000000000E+000  0.000000000000E+000  0.000000000000E+000  0.000000000000E+000
   8.875000000000E+001  1.000000000000E+000  9.869865775108E-001  1.169196821138E-005  1.955916388852E-007  1.090889889747E-002  3.493182418879E-007  2.092275768518E-003  0.000000000000E+000  0.000000000000E+000  0.000000000000E+000  0.000000000000E+000  0.000000000000E+000  0.000000000000E+000
   8.900000000000E+001  1.000000000000E+000  9.869867563248E-001  1.169270126411E-005  1.957652813189E-007  1.090872846544E-002  3.493922520192E-007  2.092303475365E-003  0.000000000000E+000  0.000000000000E+000  0.000000000000E+000  0.000000000000E+000  0.000000000000E+000  0.000000000000E+000
   8.925000000000E+001  1.000000000000E+000  9.869868159294E-001  1.169139795820E-005  1.957858302148E-007  1.090863067657E-002  3.493627218631E-007  2.092324197292E-003  0.000000000000E+000  0.000000000000E+000  0.000000000000E+000  0.000000000000E+000  0.000000000000E+000  0.000000000000E+000
   8.950000000000E+001  1.000000000000E+000  9.869869351387E-001  1.169055940409E-005  1.947911556499E-007  1.090851053596E-002  3.489836331028E-007  2.092349110171E-003  0.000000000000E+000  0.000000000000E+000  0.000000000000E+000  0.000000000000E+000  0.000000000000E+000  0.000000000000E+000
   8.975000000000E+001  1.000000000000E+000  9.869871139526E-001  1.169185179606E-005  1.949525767486E-007  1.090825814754E-002  3.490644928661E-007  2.092392882332E-003  0.000000000000E+000  0.000000000000E+000  0.000000000000E+000  0.000000000000E+000  0.000000000000E+000  0.000000000000E+000
   9.000000000000E+001  1.000000000000E+000  9.869871139526E-001  1.169177994598E-005  1.949479297991E-007  1.090824417770E-002  3.490607696222E-007  2.092389855534E-003  0.000000000000E+000  0.000000000000E+000  0.000000000000E+000  0.000000000000E+000  0.000000000000E+000  0.000000000000E+000
   9.025000000000E+001  1.000000000000E+000  9.869871735573E-001  1.169190545625E-005  1.951306245473E-007  1.090816594660E-002  3.491257132282E-007  2.092410111800E-003  0.000000000000E+000  0.000000000000E+000  0.000000000000E+000  0.000000000000E+000  0.000000000000E+000  0.000000000000E+000
   9.050000000000E+001  1.000000000000E+000  9.869873523712E-001  1.169264123746E-005  1.952959109985E-007  1.090799830854E-002  3.491969664537E-007  2.092437352985E-003  0.000000000000E+000  0.000000000000E+000  0.000000000000E+000  0.000000000000E+000  0.000000000000E+000  0.000000000000E+000
   9.075000000000E+001  1.000000000000E+000  9.869874119759E-001  1.169323877548E-005  1.952752484158E-007  1.090791076422E-002  3.492015991924E-007  2.092452254146E-003  0.000000000000E+000  0.000000000000E+000  0.000000000000E+000  0.000000000000E+000  0.000000000000E+000  0.000000000000E+000
   9.100000000000E+001  1.000000000000E+000  9.869875907898E-001  1.169335882878E-005  1.949367174348E-007  1.090766768903E-002  3.490751794288E-007  2.092500450090E-003  0.000000000000E+000  0.000000000000E+000  0.000000000000E+000  0.000000000000E+000  0.000000000000E+000  0.000000000000E+000
   9.125000000000E+001  1.000000000000E+000  9.869876503944E-001  1.169390543510E-005  1.949173338289E-007  1.090757269412E-002  3.490788174076E-007  2.092513721436E-003  0.000000000000E+000  0.000000000000E+000  0.000000000000E+000  0.000000000000E+000  0.000000000000E+000  0.000000000000E+000
   9.150000000000E+001  1.000000000000E+000  9.869877696037E-001  1.169444385596E-005  1.948983054945E-007  1.090749446303E-002  3.490828248687E-007  2.092526992783E-003  0.000000000000E+000  0.000000000000E+000  0.000000000000E+000  0.000000000000E+000  0.000000000000E+000  0.000000000000E+000
   9.175000000000E+001  1.000000000000E+000  9.869878292084E-001  1.169385268440E-005  1.952209061074E-007  1.090735383332E-002  3.491769291486E-007  2.092559123412E-003  0.000000000000E+000  0.000000000000E+000  0.000000000000E+000  0.000000000000E+000  0.000000000000E+000  0.000000000000E+000
   9.200000000000E+001  1.000000000000E+000  9.869880080223E-001  1.169452752947E-005  1.954072388344E-007  1.090717036277E-002  3.492535256555E-007  2.092589624226E-003  0.000000000000E+000  0.000000000000E+000  0.000000000000E+000  0.000000000000E+000  0.000000000000E+000  0.000000000000E+000
   9.225000000000E+001  1.000000000000E+000  9.869880676270E-001  1.169221013697E-005  1.954547030891E-007  1.090707164258E-002  3.492079940770E-007  2.092602895573E-003  0.000000000000E+000  0.000000000000E+000  0.000000000000E+000  0.000000000000E+000  0.000000000000E+000  0.000000000000E+000
   9.250000000000E+001  1.000000000000E+000  9.869882464409E-001  1.168955805042E-005  1.949701697868E-007  1.090687606484E-002  3.489612936391E-007  2.092638984323E-003  0.000000000000E+000  0.000000000000E+000  0.000000000000E+000  0.000000000000E+000  0.000000000000E+000  0.000000000000E+000
   9.275000000000E+001  1.000000000000E+000  9.869883060455E-001  1.168968810816E-005  1.951686670054E-007  1.090677268803E-002  3.490310405141E-007  2.092661103234E-003  0.000000000000E+000  0.000000000000E+000  0.000000000000E+000  0.000000000000E+000  0.000000000000E+000  0.000000000000E+000
   9.300000000000E+001  1.000000000000E+000  9.869884252548E-001  1.169027927972E-005  1.951654411414E-007  1.090669166297E-002  3.490418976071E-007  2.092675073072E-003  0.000000000000E+000  0.000000000000E+000  0.000000000000E+000  0.000000000000E+000  0.000000000000E+000  0.000000000000E+000
   9.325000000000E+001  1.000000000000E+000  9.869885444641E-001  1.169101597043E-005  1.953479511485E-007  1.090653147548E-002  3.491194604521E-007  2.092704176903E-003  0.000000000000E+000  0.000000000000E+000  0.000000000000E+000  0.000000000000E+000  0.000000000000E+000  0.000000000000E+000
   9.350000000000E+001  1.000000000000E+000  9.869885444641E-001  1.169045208371E-005  1.946574883505E-007  1.090649981052E-002  3.488584923161E-007  2.092711860314E-003  0.000000000000E+000  0.000000000000E+000  0.000000000000E+000  0.000000000000E+000  0.000000000000E+000  0.000000000000E+000
   9.375000000000E+001  1.000000000000E+000  9.869886636734E-001  1.169071947515E-005  1.950053558630E-007  1.090639736503E-002  3.489852247185E-007  2.092726994306E-003  0.000000000000E+000  0.000000000000E+000  0.000000000000E+000  0.000000000000E+000  0.000000000000E+000  0.000000000000E+000
   9.400000000000E+001  1.000000000000E+000  9.869889020920E-001  1.169247843791E-005  1.951690791202E-007  1.090610120445E-002  3.490768847314E-007  2.092782407999E-003  0.000000000000E+000  0.000000000000E+000  0.000000000000E+000  0.000000000000E+000  0.000000000000E+000  0.000000000000E+000
   9.425000000000E+001  1.000000000000E+000  9.869889020920E-001  1.169170900539E-005  1.951874395445E-007  1.090608537197E-002  3.490632707326E-007  2.092784037814E-003  0.000000000000E+000  0.000000000000E+000  0.000000000000E+000  0.000000000000E+000  0.000000000000E+000  0.000000000000E+000
   9.450000000000E+001  1.000000000000E+000  9.869889616966E-001  1.169181450678E-005  1.953809203314E-007  1.090599503368E-002  3.491311133530E-007  2.092803595588E-003  0.000000000000E+000  0.000000000000E+000  0.000000000000E+000  0.000000000000E+000  0.000000000000E+000  0.000000000000E+000
   9.475000000000E+001  1.000000000000E+000  9.869892001152E-001  1.169313964056E-005  1.955469315362E-007  1.090574357659E-002  3.492143889616E-007  2.092846436426E-003  0.000000000000E+000  0.000000000000E+000  0.000000000000E+000  0.000000000000E+000  0.000000000000E+000  0.000000000000E+000
   9.500000000000E+001  1.000000000000E+000  9.869892001152E-001  1.169313054561E-005  1.955481820914E-007  1.090573798865E-002  3.492143605399E-007  2.092845970765E-003  0.000000000000E+000  0.000000000000E+000  0.000000000000E+000  0.000000000000E+000  0.000000000000E+000  0.000000000000E+000
   9.525000000000E+001  1.000000000000E+000  9.869892597198E-001  1.169323695649E-005  1.956724844376E-007  1.090567652136E-002  3.492590394671E-007  2.092852722853E-003  0.000000000000E+000  0.000000000000E+000  0.000000000000E+000  0.000000000000E+000  0.000000000000E+000  0.000000000000E+000
   9.550000000000E+001  1.000000000000E+000  9.869894385338E-001  1.169369897980E-005  1.954742145927E-007  1.090540550649E-002  3.491898326047E-007  2.092910464853E-003  0.000000000000E+000  0.000000000000E+000  0.000000000000E+000  0.000000000000E+000  0.000000000000E+000  0.000000000000E+000
   9.575000000000E+001  1.000000000000E+000  9.869894981384E-001  1.169430197479E-005  1.954631301260E-007  1.090532261878E-002  3.491981317438E-007  2.092924434692E-003  0.000000000000E+000  0.000000000000E+000  0.000000000000E+000  0.000000000000E+000  0.000000000000E+000  0.000000000000E+000
   9.600000000000E+001  1.000000000000E+000  9.869895577431E-001  1.169370079879E-005  1.947653487377E-007  1.090528443456E-002  3.489336393159E-007  2.092926762998E-003  0.000000000000E+000  0.000000000000E+000  0.000000000000E+000  0.000000000000E+000  0.000000000000E+000  0.000000000000E+000
   9.625000000000E+001  1.000000000000E+000  9.869897365570E-001  1.169455845229E-005  1.951309371861E-007  1.090502925217E-002  3.490757194413E-007  2.092975191772E-003  0.000000000000E+000  0.000000000000E+000  0.000000000000E+000  0.000000000000E+000  0.000000000000E+000  0.000000000000E+000
   9.650000000000E+001  1.000000000000E+000  9.869897961617E-001  1.169512233901E-005  1.951206343165E-007  1.090494915843E-002  3.490832227726E-007  2.092991955578E-003  0.000000000000E+000  0.000000000000E+000  0.000000000000E+000  0.000000000000E+000  0.000000000000E+000  0.000000000000E+000
   9.675000000000E+001  1.000000000000E+000  9.869898557663E-001  1.169228107756E-005  1.951685248969E-007  1.090492866933E-002  3.490274025353E-007  2.092994283885E-003  0.000000000000E+000  0.000000000000E+000  0.000000000000E+000  0.000000000000E+000  0.000000000000E+000  0.000000000000E+000
   9.700000000000E+001  1.000000000000E+000  9.869899153709E-001  1.169238748844E-005  1.953518591336E-007  1.090484298766E-002  3.490920050808E-007  2.093009185046E-003  0.000000000000E+000  0.000000000000E+000  0.000000000000E+000  0.000000000000E+000  0.000000000000E+000  0.000000000000E+000
   9.725000000000E+001  1.000000000000E+000  9.869899749756E-001  1.169295956061E-005  1.953379324959E-007  1.090474799275E-002  3.490981157483E-007  2.093022922054E-003  0.000000000000E+000  0.000000000000E+000  0.000000000000E+000  0.000000000000E+000  0.000000000000E+000  0.000000000000E+000
   9.750000000000E+001  1.000000000000E+000  9.869900941849E-001  1.169024471892E-005  1.955741453230E-007  1.090464740992E-002  3.491092002150E-007  2.093043876812E-003  0.000000000000E+000  0.000000000000E+000  0.000000000000E+000  0.000000000000E+000  0.000000000000E+000  0.000000000000E+000
   9.775000000000E+001  1.000000000000E+000  9.869900941849E-001  1.169065399154E-005  1.955609576498E-007  1.090459525585E-002  3.491130655675E-007  2.093052258715E-003  0.000000000000E+000  0.000000000000E+000  0.000000000000E+000  0.000000000000E+000  0.000000000000E+000  0.000000000000E+000
   9.800000000000E+001  1.000000000000E+000  9.869902133942E-001  1.169127790490E-005  1.955434356660E-007  1.090449746698E-002  3.491192615002E-007  2.093066461384E-003  0.000000000000E+000  0.000000000000E+000  0.000000000000E+000  0.000000000000E+000  0.000000000000E+000  0.000000000000E+000
   9.825000000000E+001  1.000000000000E+000  9.869903326035E-001  1.169203733298E-005  1.957144064590E-007  1.090433541685E-002  3.491929874144E-007  2.093099988997E-003  0.000000000000E+000  0.000000000000E+000  0.000000000000E+000  0.000000000000E+000  0.000000000000E+000  0.000000000000E+000
   9.850000000000E+001  1.000000000000E+000  9.869903326035E-001  1.169204824691E-005  1.957128290542E-007  1.090433262289E-002  3.491925326671E-007  2.093102317303E-003  0.000000000000E+000  0.000000000000E+000  0.000000000000E+000  0.000000000000E+000  0.000000000000E+000  0.000000000000E+000
   9.875000000000E+001  1.000000000000E+000  9.869903326035E-001  1.169205370388E-005  1.957113511253E-007  1.090433076024E-002  3.491923052934E-007  2.093096962199E-003  0.000000000000E+000  0.000000000000E+000  0.000000000000E+000  0.000000000000E+000  0.000000000000E+000  0.000000000000E+000
   9.900000000000E+001  1.000000000000E+000  9.869903326035E-001  1.169205006590E-005  1.957101147809E-007  1.090432237834E-002  3.491917084375E-007  2.093093935400E-003  0.000000000000E+000  0.000000000000E+000  0.000000000000E+000  0.000000000000E+000  0.000000000000E+000  0.000000000000E+000
   9.925000000000E+001  1.000000000000E+000  9.869904518127E-001  1.169216920971E-005  1.958973001592E-007  1.090422924608E-002  3.492576183817E-007  2.093110699207E-003  0.000000000000E+000  0.000000000000E+000  0.000000000000E+000  0.000000000000E+000  0.000000000000E+000  0.000000000000E+000
   9.950000000000E+001  1.000000000000E+000  9.869903922081E-001  1.169210463559E-005  1.958912889677E-007  1.090423110873E-002  3.492536961858E-007  2.093115588650E-003  0.000000000000E+000  0.000000000000E+000  0.000000000000E+000  0.000000000000E+000  0.000000000000E+000  0.000000000000E+000
   9.975000000000E+001  1.000000000000E+000  9.869905114174E-001  1.169265760836E-005  1.958737954055E-007  1.090415008366E-002  3.492585278764E-007  2.093129791319E-003  0.000000000000E+000  0.000000000000E+000  0.000000000000E+000  0.000000000000E+000  0.000000000000E+000  0.000000000000E+000
   1.000000000000E+002  1.000000000000E+000  9.869906306267E-001  1.169334973383E-005  1.960487736596E-007  1.090398058295E-002  3.493319695735E-007  2.093157265335E-003  0.000000000000E+000  0.000000000000E+000  0.000000000000E+000  0.000000000000E+000  0.000000000000E+000  0.000000000000E+000
   1.002500000000E+002  1.000000000000E+000  9.869906902313E-001  1.169208826468E-005  1.954930155534E-007  1.090388558805E-002  3.490995084121E-007  2.093170071021E-003  0.000000000000E+000  0.000000000000E+000  0.000000000000E+000  0.000000000000E+000  0.000000000000E+000  0.000000000000E+000
   1.005000000000E+002  1.000000000000E+000  9.869907498360E-001  1.169150345959E-005  1.947809096237E-007  1.090385764837E-002  3.488305821975E-007  2.093178220093E-003  0.000000000000E+000  0.000000000000E+000  0.000000000000E+000  0.000000000000E+000  0.000000000000E+000  0.000000000000E+000
   1.007500000000E+002  1.000000000000E+000  9.869907498360E-001  1.169150436908E-005  1.947846612893E-007  1.090386230499E-002  3.488321169698E-007  2.093178685755E-003  0.000000000000E+000  0.000000000000E+000  0.000000000000E+000  0.000000000000E+000  0.000000000000E+000  0.000000000000E+000
   1.010000000000E+002  1.000000000000E+000  9.869907498360E-001  1.169148981717E-005  1.947886687503E-007  1.090385578573E-002  3.488331117296E-007  2.093175426126E-003  0.000000000000E+000  0.000000000000E+000  0.000000000000E+000  0.000000000000E+000  0.000000000000E+000  0.000000000000E+000
   1.012500000000E+002  1.000000000000E+000  9.869907498360E-001  1.169145980384E-005  1.947930030610E-007  1.090385112911E-002  3.488337654289E-007  2.093174960464E-003  0.000000000000E+000  0.000000000000E+000  0.000000000000E+000  0.000000000000E+000  0.000000000000E+000  0.000000000000E+000
   1.015000000000E+002  1.000000000000E+000  9.869908094406E-001  1.169158167613E-005  1.949878054575E-007  1.090376824141E-002  3.489029154480E-007  2.093193121254E-003  0.000000000000E+000  0.000000000000E+000  0.000000000000E+000  0.000000000000E+000  0.000000000000E+000  0.000000000000E+000
   1.017500000000E+002  1.000000000000E+000  9.869909286499E-001  1.169229653897E-005  1.951666064315E-007  1.090360246599E-002  3.489783750865E-007  2.093222690746E-003  0.000000000000E+000  0.000000000000E+000  0.000000000000E+000  0.000000000000E+000  0.000000000000E+000  0.000000000000E+000
   1.020000000000E+002  1.000000000000E+000  9.869909882545E-001  1.169287588709E-005  1.951578525450E-007  1.090351212770E-002  3.489867879125E-007  2.093235496432E-003  0.000000000000E+000  0.000000000000E+000  0.000000000000E+000  0.000000000000E+000  0.000000000000E+000  0.000000000000E+000
   1.022500000000E+002  1.000000000000E+000  9.869910478592E-001  1.169283314084E-005  1.951589183591E-007  1.090350747108E-002  3.489859921046E-007  2.093234797940E-003  0.000000000000E+000  0.000000000000E+000  0.000000000000E+000  0.000000000000E+000  0.000000000000E+000  0.000000000000E+000
   1.025000000000E+002  1.000000000000E+000  9.869910478592E-001  1.169279858004E-005  1.951599131189E-007  1.090351119637E-002  3.489856794658E-007  2.093232702464E-003  0.000000000000E+000  0.000000000000E+000  0.000000000000E+000  0.000000000000E+000  0.000000000000E+000  0.000000000000E+000
   1.027500000000E+002  1.000000000000E+000  9.869909882545E-001  1.169277766166E-005  1.951607089268E-007  1.090351305902E-002  3.489853952487E-007  2.093234565109E-003  0.000000000000E+000  0.000000000000E+000  0.000000000000E+000  0.000000000000E+000  0.000000000000E+000  0.000000000000E+000
   1.030000000000E+002  1.000000000000E+000  9.869910478592E-001  1.169275765278E-005  1.951612489393E-007  1.090350281447E-002  3.489847415494E-007  2.093235263601E-003  0.000000000000E+000  0.000000000000E+000  0.000000000000E+000  0.000000000000E+000  0.000000000000E+000  0.000000000000E+000
   1.032500000000E+002  1.000000000000E+000  9.869910478592E-001  1.169273400592E-005  1.951618457952E-007  1.090350002050E-002  3.489843436455E-007  2.093234332278E-003  0.000000000000E+000  0.000000000000E+000  0.000000000000E+000  0.000000000000E+000  0.000000000000E+000  0.000000000000E+000
   1.035000000000E+002  1.000000000000E+000  9.869911074638E-001  1.169287133962E-005  1.953480506245E-007  1.090341992676E-002  3.490512199278E-007  2.093244111165E-003  0.000000000000E+000  0.000000000000E+000  0.000000000000E+000  0.000000000000E+000  0.000000000000E+000  0.000000000000E+000
   1.037500000000E+002  1.000000000000E+000  9.869912266731E-001  1.169364350062E-005  1.955266242248E-007  1.090325973928E-002  3.491282427603E-007  2.093273447827E-003  0.000000000000E+000  0.000000000000E+000  0.000000000000E+000  0.000000000000E+000  0.000000000000E+000  0.000000000000E+000
   1.040000000000E+002  1.000000000000E+000  9.869912266731E-001  1.169367715192E-005  1.955242225904E-007  1.090326160192E-002  3.491282427603E-007  2.093275310472E-003  0.000000000000E+000  0.000000000000E+000  0.000000000000E+000  0.000000000000E+000  0.000000000000E+000  0.000000000000E+000
   1.042500000000E+002  1.000000000000E+000  9.869913458824E-001  1.169357892650E-005  1.955231851980E-007  1.090314984322E-002  3.491212225981E-007  2.093295799568E-003  0.000000000000E+000  0.000000000000E+000  0.000000000000E+000  0.000000000000E+000  0.000000000000E+000  0.000000000000E+000
   1.045000000000E+002  1.000000000000E+000  9.869912862778E-001  1.169360621134E-005  1.955208688287E-007  1.090315170586E-002  3.491212794415E-007  2.093293936923E-003  0.000000000000E+000  0.000000000000E+000  0.000000000000E+000  0.000000000000E+000  0.000000000000E+000  0.000000000000E+000
   1.047500000000E+002  1.000000000000E+000  9.869913458824E-001  1.169375627796E-005  1.956686759286E-007  1.090314704925E-002  3.491774407394E-007  2.093293238431E-003  0.000000000000E+000  0.000000000000E+000  0.000000000000E+000  0.000000000000E+000  0.000000000000E+000  0.000000000000E+000
   1.050000000000E+002  1.000000000000E+000  9.869913458824E-001  1.169378811028E-005  1.956663169267E-007  1.090314984322E-002  3.491776112696E-007  2.093291375786E-003  0.000000000000E+000  0.000000000000E+000  0.000000000000E+000  0.000000000000E+000  0.000000000000E+000  0.000000000000E+000
   1.052500000000E+002  1.000000000000E+000  9.869913458824E-001  1.169381994259E-005  1.956620820920E-007  1.090312935412E-002  3.491763322927E-007  2.093290910125E-003  0.000000000000E+000  0.000000000000E+000  0.000000000000E+000  0.000000000000E+000  0.000000000000E+000  0.000000000000E+000
   1.055000000000E+002  1.000000000000E+000  9.869915246964E-001  1.169497591036E-005  1.958229489674E-007  1.090291794389E-002  3.492547193673E-007  2.093333285302E-003  0.000000000000E+000  0.000000000000E+000  0.000000000000E+000  0.000000000000E+000  0.000000000000E+000  0.000000000000E+000
   1.057500000000E+002  1.000000000000E+000  9.869915246964E-001  1.169166353066E-005  1.958728148566E-007  1.090289279819E-002  3.491875304462E-007  2.093336777762E-003  0.000000000000E+000  0.000000000000E+000  0.000000000000E+000  0.000000000000E+000  0.000000000000E+000  0.000000000000E+000
   1.060000000000E+002  1.000000000000E+000  9.869915843010E-001  1.169178631244E-005  1.960566038406E-007  1.090281363577E-002  3.492528719562E-007  2.093350980431E-003  0.000000000000E+000  0.000000000000E+000  0.000000000000E+000  0.000000000000E+000  0.000000000000E+000  0.000000000000E+000
   1.062500000000E+002  1.000000000000E+000  9.869915843010E-001  1.169174902316E-005  1.960494699915E-007  1.090280804783E-002  3.492492623991E-007  2.093350747600E-003  0.000000000000E+000  0.000000000000E+000  0.000000000000E+000  0.000000000000E+000  0.000000000000E+000  0.000000000000E+000
   1.065000000000E+002  1.000000000000E+000  9.869917035103E-001  1.169232746179E-005  1.960308679827E-007  1.090271398425E-002  3.492538667160E-007  2.093368209898E-003  0.000000000000E+000  0.000000000000E+000  0.000000000000E+000  0.000000000000E+000  0.000000000000E+000  0.000000000000E+000
   1.067500000000E+002  1.000000000000E+000  9.869917035103E-001  1.169229199149E-005  1.960237341336E-007  1.090271864086E-002  3.492505697977E-007  2.093369141221E-003  0.000000000000E+000  0.000000000000E+000  0.000000000000E+000  0.000000000000E+000  0.000000000000E+000  0.000000000000E+000
   1.070000000000E+002  1.000000000000E+000  9.869917035103E-001  1.169171264337E-005  1.953168293767E-007  1.090269535780E-002  3.489844004889E-007  2.093368442729E-003  0.000000000000E+000  0.000000000000E+000  0.000000000000E+000  0.000000000000E+000  0.000000000000E+000  0.000000000000E+000
   1.072500000000E+002  1.000000000000E+000  9.869917035103E-001  1.169169718196E-005  1.953081039119E-007  1.090269163251E-002  3.489809330404E-007  2.093368209898E-003  0.000000000000E+000  0.000000000000E+000  0.000000000000E+000  0.000000000000E+000  0.000000000000E+000  0.000000000000E+000
   1.075000000000E+002  1.000000000000E+000  9.869917035103E-001  1.169166989712E-005  1.952985257958E-007  1.090268604457E-002  3.489767550491E-007  2.093367977068E-003  0.000000000000E+000  0.000000000000E+000  0.000000000000E+000  0.000000000000E+000  0.000000000000E+000  0.000000000000E+000
   1.077500000000E+002  1.000000000000E+000  9.869918227196E-001  1.169239112642E-005  1.954708892526E-007  1.090251468122E-002  3.490497704206E-007  2.093400806189E-003  0.000000000000E+000  0.000000000000E+000  0.000000000000E+000  0.000000000000E+000  0.000000000000E+000  0.000000000000E+000
   1.080000000000E+002  1.000000000000E+000  9.869918227196E-001  1.169236020360E-005  1.954760477929E-007  1.090251561254E-002  3.490509357107E-007  2.093399409205E-003  0.000000000000E+000  0.000000000000E+000  0.000000000000E+000  0.000000000000E+000  0.000000000000E+000  0.000000000000E+000
   1.082500000000E+002  1.000000000000E+000  9.869918227196E-001  1.169232837128E-005  1.954850574748E-007  1.090251933783E-002  3.490534368211E-007  2.093400573358E-003  0.000000000000E+000  0.000000000000E+000  0.000000000000E+000  0.000000000000E+000  0.000000000000E+000  0.000000000000E+000
   1.085000000000E+002  1.000000000000E+000  9.869919419289E-001  1.169187726191E-005  1.949696581960E-007  1.090240851045E-002  3.488547974939E-007  2.093421062455E-003  0.000000000000E+000  0.000000000000E+000  0.000000000000E+000  0.000000000000E+000  0.000000000000E+000  0.000000000000E+000
   1.087500000000E+002  1.000000000000E+000  9.869919419289E-001  1.169184270111E-005  1.949793926315E-007  1.090240292251E-002  3.488572133392E-007  2.093421062455E-003  0.000000000000E+000  0.000000000000E+000  0.000000000000E+000  0.000000000000E+000  0.000000000000E+000  0.000000000000E+000
   1.090000000000E+002  1.000000000000E+000  9.869920611382E-001  1.169252936961E-005  1.951017054580E-007  1.090225297958E-002  3.489127209377E-007  2.093441784382E-003  0.000000000000E+000  0.000000000000E+000  0.000000000000E+000  0.000000000000E+000  0.000000000000E+000  0.000000000000E+000
   1.092500000000E+002  1.000000000000E+000  9.869920611382E-001  1.169250845123E-005  1.951111983090E-007  1.090225018561E-002  3.489153357350E-007  2.093445044011E-003  0.000000000000E+000  0.000000000000E+000  0.000000000000E+000  0.000000000000E+000  0.000000000000E+000  0.000000000000E+000
   1.095000000000E+002  1.000000000000E+000  9.869920611382E-001  1.168963444798E-005  1.951702017777E-007  1.090223807842E-002  3.488628692594E-007  2.093449234962E-003  0.000000000000E+000  0.000000000000E+000  0.000000000000E+000  0.000000000000E+000  0.000000000000E+000  0.000000000000E+000
   1.097500000000E+002  1.000000000000E+000  9.869922399521E-001  1.169038841908E-005  1.953535786470E-007  1.090207044035E-002  3.489407731649E-007  2.093480434269E-003  0.000000000000E+000  0.000000000000E+000  0.000000000000E+000  0.000000000000E+000  0.000000000000E+000  0.000000000000E+000
   1.100000000000E+002  1.000000000000E+000  9.869922399521E-001  1.169039114757E-005  1.953624462203E-007  1.090207044035E-002  3.489441269267E-007  2.093479037285E-003  0.000000000000E+000  0.000000000000E+000  0.000000000000E+000  0.000000000000E+000  0.000000000000E+000  0.000000000000E+000
   1.102500000000E+002  1.000000000000E+000  9.869922399521E-001  1.169039114757E-005  1.953711432634E-007  1.090205553919E-002  3.489468269890E-007  2.093477640301E-003  0.000000000000E+000  0.000000000000E+000  0.000000000000E+000  0.000000000000E+000  0.000000000000E+000  0.000000000000E+000
   1.105000000000E+002  1.000000000000E+000  9.869922399521E-001  1.169038750959E-005  1.953800392585E-007  1.090205367655E-002  3.489496691600E-007  2.093480667099E-003  0.000000000000E+000  0.000000000000E+000  0.000000000000E+000  0.000000000000E+000  0.000000000000E+000  0.000000000000E+000
   1.107500000000E+002  1.000000000000E+000  9.869922399521E-001  1.169038387161E-005  1.953888926209E-007  1.090205367655E-002  3.489528239697E-007  2.093479502946E-003  0.000000000000E+000  0.000000000000E+000  0.000000000000E+000  0.000000000000E+000  0.000000000000E+000  0.000000000000E+000
   1.110000000000E+002  1.000000000000E+000  9.869922399521E-001  1.169031293102E-005  1.952971615538E-007  1.090204995126E-002  3.489183768579E-007  2.093478338793E-003  0.000000000000E+000  0.000000000000E+000  0.000000000000E+000  0.000000000000E+000  0.000000000000E+000  0.000000000000E+000
   1.112500000000E+002  1.000000000000E+000  9.869922995567E-001  1.169050392491E-005  1.954950903382E-007  1.090196892619E-002  3.489904258913E-007  2.093492774293E-003  0.000000000000E+000  0.000000000000E+000  0.000000000000E+000  0.000000000000E+000  0.000000000000E+000  0.000000000000E+000
   1.115000000000E+002  1.000000000000E+000  9.869922995567E-001  1.169055576611E-005  1.955010162646E-007  1.090196892619E-002  3.489939217616E-007  2.093491377309E-003  0.000000000000E+000  0.000000000000E+000  0.000000000000E+000  0.000000000000E+000  0.000000000000E+000  0.000000000000E+000
   1.117500000000E+002  1.000000000000E+000  9.869923591614E-001  1.169122151623E-005  1.954955166639E-007  1.090187672526E-002  3.490055462407E-007  2.093504881486E-003  0.000000000000E+000  0.000000000000E+000  0.000000000000E+000  0.000000000000E+000  0.000000000000E+000  0.000000000000E+000
   1.120000000000E+002  1.000000000000E+000  9.869925379753E-001  1.169201732409E-005  1.956762076816E-007  1.090170722455E-002  3.490833648812E-007  2.093540271744E-003  0.000000000000E+000  0.000000000000E+000  0.000000000000E+000  0.000000000000E+000  0.000000000000E+000  0.000000000000E+000
   1.122500000000E+002  1.000000000000E+000  9.869925379753E-001  1.169206279883E-005  1.956807835768E-007  1.090170070529E-002  3.490858944133E-007  2.093540271744E-003  0.000000000000E+000  0.000000000000E+000  0.000000000000E+000  0.000000000000E+000  0.000000000000E+000  0.000000000000E+000
   1.125000000000E+002  1.000000000000E+000  9.869925379753E-001  1.169210281660E-005  1.956842226036E-007  1.090170443058E-002  3.490881681500E-007  2.093541435897E-003  0.000000000000E+000  0.000000000000E+000  0.000000000000E+000  0.000000000000E+000  0.000000000000E+000  0.000000000000E+000
   1.127500000000E+002  1.000000000000E+000  9.869925379753E-001  1.169213828689E-005  1.956876616305E-007  1.090170629323E-002  3.490903850434E-007  2.093539806083E-003  0.000000000000E+000  0.000000000000E+000  0.000000000000E+000  0.000000000000E+000  0.000000000000E+000  0.000000000000E+000
   1.130000000000E+002  1.000000000000E+000  9.869925379753E-001  1.169214738184E-005  1.956901343192E-007  1.090169511735E-002  3.490913513815E-007  2.093533752486E-003  0.000000000000E+000  0.000000000000E+000  0.000000000000E+000  0.000000000000E+000  0.000000000000E+000  0.000000000000E+000
   1.132500000000E+002  1.000000000000E+000  9.869925379753E-001  1.169213010144E-005  1.956918112000E-007  1.090169604868E-002  3.490915503335E-007  2.093532122672E-003  0.000000000000E+000  0.000000000000E+000  0.000000000000E+000  0.000000000000E+000  0.000000000000E+000  0.000000000000E+000
   1.135000000000E+002  1.000000000000E+000  9.869925379753E-001  1.169211282104E-005  1.956933886049E-007  1.090169791132E-002  3.490917492854E-007  2.093530492857E-003  0.000000000000E+000  0.000000000000E+000  0.000000000000E+000  0.000000000000E+000  0.000000000000E+000  0.000000000000E+000
   1.137500000000E+002  1.000000000000E+000  9.869925379753E-001  1.169209554064E-005  1.956948523230E-007  1.090168394148E-002  3.490911240078E-007  2.093536080793E-003  0.000000000000E+000  0.000000000000E+000  0.000000000000E+000  0.000000000000E+000  0.000000000000E+000  0.000000000000E+000
   1.140000000000E+002  1.000000000000E+000  9.869925975800E-001  1.169223196484E-005  1.958875230912E-007  1.090160291642E-002  3.491599613881E-007  2.093550050631E-003  0.000000000000E+000  0.000000000000E+000  0.000000000000E+000  0.000000000000E+000  0.000000000000E+000  0.000000000000E+000
   1.142500000000E+002  1.000000000000E+000  9.869926571846E-001  1.169281495095E-005  1.958786270961E-007  1.090152747929E-002  3.491685731660E-007  2.093566581607E-003  0.000000000000E+000  0.000000000000E+000  0.000000000000E+000  0.000000000000E+000  0.000000000000E+000  0.000000000000E+000
   1.145000000000E+002  1.000000000000E+000  9.869928359985E-001  1.169356255559E-005  1.960575843896E-007  1.090135611594E-002  3.492446865039E-007  2.093595219776E-003  0.000000000000E+000  0.000000000000E+000  0.000000000000E+000  0.000000000000E+000  0.000000000000E+000  0.000000000000E+000
   1.147500000000E+002  1.000000000000E+000  9.869928359985E-001  1.169296956505E-005  1.953650468067E-007  1.090133655816E-002  3.489831783554E-007  2.093598013744E-003  0.000000000000E+000  0.000000000000E+000  0.000000000000E+000  0.000000000000E+000  0.000000000000E+000  0.000000000000E+000
   1.150000000000E+002  1.000000000000E+000  9.869928956032E-001  1.169331699202E-005  1.953646062702E-007  1.090127695352E-002  3.489896016617E-007  2.093608258292E-003  0.000000000000E+000  0.000000000000E+000  0.000000000000E+000  0.000000000000E+000  0.000000000000E+000  0.000000000000E+000
   1.152500000000E+002  1.000000000000E+000  9.869928956032E-001  1.169325696537E-005  1.953715411673E-007  1.090127322823E-002  3.489904543130E-007  2.093608025461E-003  0.000000000000E+000  0.000000000000E+000  0.000000000000E+000  0.000000000000E+000  0.000000000000E+000  0.000000000000E+000
   1.155000000000E+002  1.000000000000E+000  9.869928956032E-001  1.169333245343E-005  1.955323369884E-007  1.090126205236E-002  3.490490598779E-007  2.093608956784E-003  0.000000000000E+000  0.000000000000E+000  0.000000000000E+000  0.000000000000E+000  0.000000000000E+000  0.000000000000E+000
   1.157500000000E+002  1.000000000000E+000  9.869928956032E-001  1.169331153505E-005  1.955386750296E-007  1.090126391500E-002  3.490509072890E-007  2.093607559800E-003  0.000000000000E+000  0.000000000000E+000  0.000000000000E+000  0.000000000000E+000  0.000000000000E+000  0.000000000000E+000
   1.160000000000E+002  1.000000000000E+000  9.869928956032E-001  1.169331881101E-005  1.955433361900E-007  1.090125925839E-002  3.490525841698E-007  2.093607326970E-003  0.000000000000E+000  0.000000000000E+000  0.000000000000E+000  0.000000000000E+000  0.000000000000E+000  0.000000000000E+000
   1.162500000000E+002  1.000000000000E+000  9.869928956032E-001  1.169334063889E-005  1.955467041626E-007  1.090126112103E-002  3.490544600027E-007  2.093605697155E-003  0.000000000000E+000  0.000000000000E+000  0.000000000000E+000  0.000000000000E+000  0.000000000000E+000  0.000000000000E+000
   1.165000000000E+002  1.000000000000E+000  9.869928956032E-001  1.169336155726E-005  1.955484236760E-007  1.090125553310E-002  3.490554263408E-007  2.093605929986E-003  0.000000000000E+000  0.000000000000E+000  0.000000000000E+000  0.000000000000E+000  0.000000000000E+000  0.000000000000E+000
   1.167500000000E+002  1.000000000000E+000  9.869929552078E-001  1.169398183265E-005  1.955375807938E-007  1.090117637068E-002  3.490643223358E-007  2.093620132655E-003  0.000000000000E+000  0.000000000000E+000  0.000000000000E+000  0.000000000000E+000  0.000000000000E+000  0.000000000000E+000
   1.170000000000E+002  1.000000000000E+000  9.869930744171E-001  1.169430379377E-005  1.959145379260E-007  1.090101338923E-002  3.492000644201E-007  2.093653893098E-003  0.000000000000E+000  0.000000000000E+000  0.000000000000E+000  0.000000000000E+000  0.000000000000E+000  0.000000000000E+000
   1.172500000000E+002  1.000000000000E+000  9.869931340218E-001  1.169494225906E-005  1.959032545074E-007  1.090093236417E-002  3.492091877888E-007  2.093668561429E-003  0.000000000000E+000  0.000000000000E+000  0.000000000000E+000  0.000000000000E+000  0.000000000000E+000  0.000000000000E+000
   1.175000000000E+002  1.000000000000E+000  9.869931340218E-001  1.169496772491E-005  1.959032687182E-007  1.090092863888E-002  3.492096709579E-007  2.093668095767E-003  0.000000000000E+000  0.000000000000E+000  0.000000000000E+000  0.000000000000E+000  0.000000000000E+000  0.000000000000E+000
   1.177500000000E+002  1.000000000000E+000  9.869931936264E-001  1.169499046227E-005  1.959033966159E-007  1.090091839433E-002  3.492100972835E-007  2.093665068969E-003  0.000000000000E+000  0.000000000000E+000  0.000000000000E+000  0.000000000000E+000  0.000000000000E+000  0.000000000000E+000
   1.180000000000E+002  1.000000000000E+000  9.869931936264E-001  1.169500956166E-005  1.959038371524E-007  1.090091280639E-002  3.492105520309E-007  2.093665301800E-003  0.000000000000E+000  0.000000000000E+000  0.000000000000E+000  0.000000000000E+000  0.000000000000E+000  0.000000000000E+000
   1.182500000000E+002  1.000000000000E+000  9.869932532310E-001  1.169128790934E-005  1.947683472281E-007  1.090086251497E-002  3.487111825962E-007  2.093673916534E-003  0.000000000000E+000  0.000000000000E+000  0.000000000000E+000  0.000000000000E+000  0.000000000000E+000  0.000000000000E+000
   1.185000000000E+002  1.000000000000E+000  9.869932532310E-001  1.169130700873E-005  1.947691572468E-007  1.090086437762E-002  3.487120352474E-007  2.093672519550E-003  0.000000000000E+000  0.000000000000E+000  0.000000000000E+000  0.000000000000E+000  0.000000000000E+000  0.000000000000E+000
   1.187500000000E+002  1.000000000000E+000  9.869932532310E-001  1.169132610812E-005  1.947698677895E-007  1.090086344630E-002  3.487126036816E-007  2.093675546348E-003  0.000000000000E+000  0.000000000000E+000  0.000000000000E+000  0.000000000000E+000  0.000000000000E+000  0.000000000000E+000
   1.190000000000E+002  1.000000000000E+000  9.869932532310E-001  1.169133975054E-005  1.947706351757E-007  1.090086437762E-002  3.487133426461E-007  2.093674382195E-003  0.000000000000E+000  0.000000000000E+000  0.000000000000E+000  0.000000000000E+000  0.000000000000E+000  0.000000000000E+000
   1.192500000000E+002  1.000000000000E+000  9.869933128357E-001  1.169194729300E-005  1.947602186192E-007  1.090077403933E-002  3.487218407372E-007  2.093687420711E-003  0.000000000000E+000  0.000000000000E+000  0.000000000000E+000  0.000000000000E+000  0.000000000000E+000  0.000000000000E+000
   1.195000000000E+002  1.000000000000E+000  9.869933724403E-001  1.169210281660E-005  1.949462671291E-007  1.090068556368E-002  3.487884896458E-007  2.093706978485E-003  0.000000000000E+000  0.000000000000E+000  0.000000000000E+000  0.000000000000E+000  0.000000000000E+000  0.000000000000E+000
   1.197500000000E+002  1.000000000000E+000  9.869934320450E-001  1.169220831798E-005  1.950710810661E-007  1.090063340962E-002  3.488336233204E-007  2.093715826049E-003  0.000000000000E+000  0.000000000000E+000  0.000000000000E+000  0.000000000000E+000  0.000000000000E+000  0.000000000000E+000
   1.200000000000E+002  1.000000000000E+000  9.869934916496E-001  1.169236747955E-005  1.952623165380E-007  1.090055238456E-002  3.489025743875E-007  2.093730494380E-003  0.000000000000E+000  0.000000000000E+000  0.000000000000E+000  0.000000000000E+000  0.000000000000E+000  0.000000000000E+000
   1.202500000000E+002  1.000000000000E+000  9.869934916496E-001  1.169237293652E-005  1.952628707613E-007  1.090055052191E-002  3.489031143999E-007  2.093726070598E-003  0.000000000000E+000  0.000000000000E+000  0.000000000000E+000  0.000000000000E+000  0.000000000000E+000  0.000000000000E+000
   1.205000000000E+002  1.000000000000E+000  9.869935512543E-001  1.169300321635E-005  1.952518431381E-007  1.090046949685E-002  3.489121809253E-007  2.093740738928E-003  0.000000000000E+000  0.000000000000E+000  0.000000000000E+000  0.000000000000E+000  0.000000000000E+000  0.000000000000E+000
   1.207500000000E+002  1.000000000000E+000  9.869935512543E-001  1.169304232462E-005  1.952517578729E-007  1.090046763420E-002  3.489130051548E-007  2.093743765727E-003  0.000000000000E+000  0.000000000000E+000  0.000000000000E+000  0.000000000000E+000  0.000000000000E+000  0.000000000000E+000
   1.210000000000E+002  1.000000000000E+000  9.869935512543E-001  1.169234656118E-005  1.952632970870E-007  1.090044900775E-002  3.488989079869E-007  2.093743300065E-003  0.000000000000E+000  0.000000000000E+000  0.000000000000E+000  0.000000000000E+000  0.000000000000E+000  0.000000000000E+000
   1.212500000000E+002  1.000000000000E+000  9.869935512543E-001  1.169242932519E-005  1.952588917220E-007  1.090044248849E-002  3.488993058909E-007  2.093743765727E-003  0.000000000000E+000  0.000000000000E+000  0.000000000000E+000  0.000000000000E+000  0.000000000000E+000  0.000000000000E+000
   1.215000000000E+002  1.000000000000E+000  9.869935512543E-001  1.169204460894E-005  1.953476385097E-007  1.090044714510E-002  3.489211053420E-007  2.093745162711E-003  0.000000000000E+000  0.000000000000E+000  0.000000000000E+000  0.000000000000E+000  0.000000000000E+000  0.000000000000E+000
   1.217500000000E+002  1.000000000000E+000  9.869935512543E-001  1.169213192043E-005  1.953416273182E-007  1.090044248849E-002  3.489210769203E-007  2.093745162711E-003  0.000000000000E+000  0.000000000000E+000  0.000000000000E+000  0.000000000000E+000  0.000000000000E+000  0.000000000000E+000
   1.220000000000E+002  1.000000000000E+000  9.869936704636E-001  1.169281949842E-005  1.953245032382E-007  1.090036146343E-002  3.489294329029E-007  2.093759598210E-003  0.000000000000E+000  0.000000000000E+000  0.000000000000E+000  0.000000000000E+000  0.000000000000E+000  0.000000000000E+000
   1.222500000000E+002  1.000000000000E+000  9.869937300682E-001  1.169302959170E-005  1.955032047363E-007  1.090028323233E-002  3.489952860036E-007  2.093774033710E-003  0.000000000000E+000  0.000000000000E+000  0.000000000000E+000  0.000000000000E+000  0.000000000000E+000  0.000000000000E+000
   1.225000000000E+002  1.000000000000E+000  9.869937300682E-001  1.169306415250E-005  1.954952892902E-007  1.090028416365E-002  3.489934385925E-007  2.093772869557E-003  0.000000000000E+000  0.000000000000E+000  0.000000000000E+000  0.000000000000E+000  0.000000000000E+000  0.000000000000E+000
   1.227500000000E+002  1.000000000000E+000  9.869937300682E-001  1.169309871329E-005  1.954873454224E-007  1.090028230101E-002  3.489913069643E-007  2.093775896356E-003  0.000000000000E+000  0.000000000000E+000  0.000000000000E+000  0.000000000000E+000  0.000000000000E+000  0.000000000000E+000
   1.230000000000E+002  1.000000000000E+000  9.869937300682E-001  1.169238475995E-005  1.954922197456E-007  1.090025529265E-002  3.489741118301E-007  2.093777293339E-003  0.000000000000E+000  0.000000000000E+000  0.000000000000E+000  0.000000000000E+000  0.000000000000E+000  0.000000000000E+000
   1.232500000000E+002  1.000000000000E+000  9.869937300682E-001  1.169241295429E-005  1.954844179863E-007  1.090025249869E-002  3.489721507322E-007  2.093772636726E-003  0.000000000000E+000  0.000000000000E+000  0.000000000000E+000  0.000000000000E+000  0.000000000000E+000  0.000000000000E+000
   1.235000000000E+002  1.000000000000E+000  9.869937896729E-001  1.169259121525E-005  1.956675106385E-007  1.090017426759E-002  3.490386006888E-007  2.093789866194E-003  0.000000000000E+000  0.000000000000E+000  0.000000000000E+000  0.000000000000E+000  0.000000000000E+000  0.000000000000E+000
   1.237500000000E+002  1.000000000000E+000  9.869939088821E-001  1.169266761281E-005  1.949496777343E-007  1.090006995946E-002  3.487817821224E-007  2.093808958307E-003  0.000000000000E+000  0.000000000000E+000  0.000000000000E+000  0.000000000000E+000  0.000000000000E+000  0.000000000000E+000
   1.240000000000E+002  1.000000000000E+000  9.869939088821E-001  1.169268580270E-005  1.949419612401E-007  1.090006530285E-002  3.487793946988E-007  2.093808958307E-003  0.000000000000E+000  0.000000000000E+000  0.000000000000E+000  0.000000000000E+000  0.000000000000E+000  0.000000000000E+000
   1.242500000000E+002  1.000000000000E+000  9.869939088821E-001  1.169267761725E-005  1.949347989694E-007  1.090006623417E-002  3.487767230581E-007  2.093807794154E-003  0.000000000000E+000  0.000000000000E+000  0.000000000000E+000  0.000000000000E+000  0.000000000000E+000  0.000000000000E+000
   1.245000000000E+002  1.000000000000E+000  9.869939088821E-001  1.169264396594E-005  1.949280488134E-007  1.090006623417E-002  3.487735682484E-007  2.093806630000E-003  0.000000000000E+000  0.000000000000E+000  0.000000000000E+000  0.000000000000E+000  0.000000000000E+000  0.000000000000E+000
   1.247500000000E+002  1.000000000000E+000  9.869939684868E-001  1.169321058114E-005  1.949100720822E-007  1.089996565133E-002  3.487777462396E-007  2.093826187775E-003  0.000000000000E+000  0.000000000000E+000  0.000000000000E+000  0.000000000000E+000  0.000000000000E+000  0.000000000000E+000
   1.250000000000E+002  1.000000000000E+000  9.869940280914E-001  1.169332608697E-005  1.950889156888E-007  1.089988555759E-002  3.488412971819E-007  2.093840390444E-003  0.000000000000E+000  0.000000000000E+000  0.000000000000E+000  0.000000000000E+000  0.000000000000E+000  0.000000000000E+000
   1.252500000000E+002  1.000000000000E+000  9.869940280914E-001  1.169329061668E-005  1.950822223762E-007  1.089988648891E-002  3.488381707939E-007  2.093839226291E-003  0.000000000000E+000  0.000000000000E+000  0.000000000000E+000  0.000000000000E+000  0.000000000000E+000  0.000000000000E+000
   1.255000000000E+002  1.000000000000E+000  9.869940280914E-001  1.169325514638E-005  1.950755148528E-007  1.089988648891E-002  3.488350159842E-007  2.093838294968E-003  0.000000000000E+000  0.000000000000E+000  0.000000000000E+000  0.000000000000E+000  0.000000000000E+000  0.000000000000E+000
   1.257500000000E+002  1.000000000000E+000  9.869940280914E-001  1.169321967609E-005  1.950688357510E-007  1.089989021420E-002  3.488318611744E-007  2.093839691952E-003  0.000000000000E+000  0.000000000000E+000  0.000000000000E+000  0.000000000000E+000  0.000000000000E+000  0.000000000000E+000
   1.260000000000E+002  1.000000000000E+000  9.869940280914E-001  1.169318511529E-005  1.950621708602E-007  1.089989114553E-002  3.488286779429E-007  2.093838760629E-003  0.000000000000E+000  0.000000000000E+000  0.000000000000E+000  0.000000000000E+000  0.000000000000E+000  0.000000000000E+000
   1.262500000000E+002  1.000000000000E+000  9.869940876961E-001  1.169040388049E-005  1.952551400564E-007  1.089986693114E-002  3.488260347240E-007  2.093838527799E-003  0.000000000000E+000  0.000000000000E+000  0.000000000000E+000  0.000000000000E+000  0.000000000000E+000  0.000000000000E+000
   1.265000000000E+002  1.000000000000E+000  9.869940876961E-001  1.169036931969E-005  1.952484041112E-007  1.089985389262E-002  3.488223399017E-007  2.093840390444E-003  0.000000000000E+000  0.000000000000E+000  0.000000000000E+000  0.000000000000E+000  0.000000000000E+000  0.000000000000E+000
   1.267500000000E+002  1.000000000000E+000  9.869940876961E-001  1.169034840132E-005  1.952399486527E-007  1.089985482395E-002  3.488189292966E-007  2.093839226291E-003  0.000000000000E+000  0.000000000000E+000  0.000000000000E+000  0.000000000000E+000  0.000000000000E+000  0.000000000000E+000
   1.270000000000E+002  1.000000000000E+000  9.869942069054E-001  1.169090865005E-005  1.954117578862E-007  1.089970767498E-002  3.488885340630E-007  2.093867398798E-003  0.000000000000E+000  0.000000000000E+000  0.000000000000E+000  0.000000000000E+000  0.000000000000E+000  0.000000000000E+000
   1.272500000000E+002  1.000000000000E+000  9.869942665100E-001  1.169154074887E-005  1.953880683914E-007  1.089962478727E-002  3.488930815365E-007  2.093882299960E-003  0.000000000000E+000  0.000000000000E+000  0.000000000000E+000  0.000000000000E+000  0.000000000000E+000  0.000000000000E+000
   1.275000000000E+002  1.000000000000E+000  9.869942665100E-001  1.169155711978E-005  1.953756765261E-007  1.089962664992E-002  3.488891593406E-007  2.093880902976E-003  0.000000000000E+000  0.000000000000E+000  0.000000000000E+000  0.000000000000E+000  0.000000000000E+000  0.000000000000E+000
   1.277500000000E+002  1.000000000000E+000  9.869943261147E-001  1.169217466668E-005  1.953585382353E-007  1.089954655617E-002  3.488958100206E-007  2.093895338476E-003  0.000000000000E+000  0.000000000000E+000  0.000000000000E+000  0.000000000000E+000  0.000000000000E+000  0.000000000000E+000
   1.280000000000E+002  1.000000000000E+000  9.869943857193E-001  1.169234383269E-005  1.955446009561E-007  1.089946925640E-002  3.489631694720E-007  2.093909308314E-003  0.000000000000E+000  0.000000000000E+000  0.000000000000E+000  0.000000000000E+000  0.000000000000E+000  0.000000000000E+000
   1.282500000000E+002  1.000000000000E+000  9.869943857193E-001  1.169236929854E-005  1.955447856972E-007  1.089947484434E-002  3.489639937015E-007  2.093910239637E-003  0.000000000000E+000  0.000000000000E+000  0.000000000000E+000  0.000000000000E+000  0.000000000000E+000  0.000000000000E+000
   1.285000000000E+002  1.000000000000E+000  9.869943857193E-001  1.169240385934E-005  1.955446862212E-007  1.089946925640E-002  3.489646758226E-007  2.093910472468E-003  0.000000000000E+000  0.000000000000E+000  0.000000000000E+000  0.000000000000E+000  0.000000000000E+000  0.000000000000E+000
   1.287500000000E+002  1.000000000000E+000  9.869943857193E-001  1.169243842014E-005  1.955446435886E-007  1.089947111905E-002  3.489656705824E-007  2.093908842653E-003  0.000000000000E+000  0.000000000000E+000  0.000000000000E+000  0.000000000000E+000  0.000000000000E+000  0.000000000000E+000
   1.290000000000E+002  1.000000000000E+000  9.869943857193E-001  1.169247389043E-005  1.955445156909E-007  1.089945808053E-002  3.489661253298E-007  2.093907445669E-003  0.000000000000E+000  0.000000000000E+000  0.000000000000E+000  0.000000000000E+000  0.000000000000E+000  0.000000000000E+000
   1.292500000000E+002  1.000000000000E+000  9.869943857193E-001  1.169250845123E-005  1.955444162149E-007  1.089945808053E-002  3.489668642942E-007  2.093910239637E-003  0.000000000000E+000  0.000000000000E+000  0.000000000000E+000  0.000000000000E+000  0.000000000000E+000  0.000000000000E+000
   1.295000000000E+002  1.000000000000E+000  9.869943857193E-001  1.169254210254E-005  1.955442741064E-007  1.089945714921E-002  3.489678022106E-007  2.093905583024E-003  0.000000000000E+000  0.000000000000E+000  0.000000000000E+000  0.000000000000E+000  0.000000000000E+000  0.000000000000E+000
   1.297500000000E+002  1.000000000000E+000  9.869943857193E-001  1.169257302536E-005  1.955442030521E-007  1.089945901185E-002  3.489686548619E-007  2.093904418871E-003  0.000000000000E+000  0.000000000000E+000  0.000000000000E+000  0.000000000000E+000  0.000000000000E+000  0.000000000000E+000
   1.300000000000E+002  1.000000000000E+000  9.869943857193E-001  1.169260394818E-005  1.955442172630E-007  1.089946087450E-002  3.489695359349E-007  2.093903021887E-003  0.000000000000E+000  0.000000000000E+000  0.000000000000E+000  0.000000000000E+000  0.000000000000E+000  0.000000000000E+000
   1.302500000000E+002  1.000000000000E+000  9.869943857193E-001  1.169263578049E-005  1.955442598955E-007  1.089946273714E-002  3.489704454296E-007  2.093901624903E-003  0.000000000000E+000  0.000000000000E+000  0.000000000000E+000  0.000000000000E+000  0.000000000000E+000  0.000000000000E+000
   1.305000000000E+002  1.000000000000E+000  9.869944453239E-001  1.169208826468E-005  1.948273364860E-007  1.089943759143E-002  3.487009223591E-007  2.093909075484E-003  0.000000000000E+000  0.000000000000E+000  0.000000000000E+000  0.000000000000E+000  0.000000000000E+000  0.000000000000E+000
   1.307500000000E+002  1.000000000000E+000  9.869945645332E-001  1.169286588265E-005  1.950069048462E-007  1.089927460998E-002  3.487783146738E-007  2.093939576298E-003  0.000000000000E+000  0.000000000000E+000  0.000000000000E+000  0.000000000000E+000  0.000000000000E+000  0.000000000000E+000
   1.310000000000E+002  1.000000000000E+000  9.869946241379E-001  1.169350616692E-005  1.949957209035E-007  1.089919358492E-002  3.487875517294E-007  2.093954477459E-003  0.000000000000E+000  0.000000000000E+000  0.000000000000E+000  0.000000000000E+000  0.000000000000E+000  0.000000000000E+000
   1.312500000000E+002  1.000000000000E+000  9.869946837425E-001  1.169367988041E-005  1.951813004553E-007  1.089910510927E-002  3.488547122288E-007  2.093967515975E-003  0.000000000000E+000  0.000000000000E+000  0.000000000000E+000  0.000000000000E+000  0.000000000000E+000  0.000000000000E+000
   1.315000000000E+002  1.000000000000E+000  9.869946837425E-001  1.169370352727E-005  1.951813430878E-007  1.089910697192E-002  3.488554511932E-007  2.093966351822E-003  0.000000000000E+000  0.000000000000E+000  0.000000000000E+000  0.000000000000E+000  0.000000000000E+000  0.000000000000E+000
   1.317500000000E+002  1.000000000000E+000  9.869946837425E-001  1.169372717413E-005  1.951812862444E-007  1.089910045266E-002  3.488556501452E-007  2.093970542774E-003  0.000000000000E+000  0.000000000000E+000  0.000000000000E+000  0.000000000000E+000  0.000000000000E+000  0.000000000000E+000
   1.320000000000E+002  1.000000000000E+000  9.869946837425E-001  1.169374991150E-005  1.951813146661E-007  1.089910231531E-002  3.488563322662E-007  2.093969378620E-003  0.000000000000E+000  0.000000000000E+000  0.000000000000E+000  0.000000000000E+000  0.000000000000E+000  0.000000000000E+000
   1.322500000000E+002  1.000000000000E+000  9.869946837425E-001  1.169377264887E-005  1.951813430878E-007  1.089910417795E-002  3.488570143872E-007  2.093968214467E-003  0.000000000000E+000  0.000000000000E+000  0.000000000000E+000  0.000000000000E+000  0.000000000000E+000  0.000000000000E+000
   1.325000000000E+002  1.000000000000E+000  9.869946837425E-001  1.169379538624E-005  1.951813715095E-007  1.089910604060E-002  3.488576965083E-007  2.093967050314E-003  0.000000000000E+000  0.000000000000E+000  0.000000000000E+000  0.000000000000E+000  0.000000000000E+000  0.000000000000E+000
   1.327500000000E+002  1.000000000000E+000  9.869946837425E-001  1.169381721411E-005  1.951798083155E-007  1.089910045266E-002  3.488574691346E-007  2.093967515975E-003  0.000000000000E+000  0.000000000000E+000  0.000000000000E+000  0.000000000000E+000  0.000000000000E+000  0.000000000000E+000
   1.330000000000E+002  1.000000000000E+000  9.869946837425E-001  1.169381539512E-005  1.951759145413E-007  1.089909859002E-002  3.488561333143E-007  2.093963325024E-003  0.000000000000E+000  0.000000000000E+000  0.000000000000E+000  0.000000000000E+000  0.000000000000E+000  0.000000000000E+000
   1.332500000000E+002  1.000000000000E+000  9.869947433472E-001  1.169389088318E-005  1.952954704620E-007  1.089905016124E-002  3.488985669264E-007  2.093974966556E-003  0.000000000000E+000  0.000000000000E+000  0.000000000000E+000  0.000000000000E+000  0.000000000000E+000  0.000000000000E+000
   1.335000000000E+002  1.000000000000E+000  9.869947433472E-001  1.169388087874E-005  1.952904682412E-007  1.089905295521E-002  3.488966910936E-007  2.093973569572E-003  0.000000000000E+000  0.000000000000E+000  0.000000000000E+000  0.000000000000E+000  0.000000000000E+000  0.000000000000E+000
   1.337500000000E+002  1.000000000000E+000  9.869947433472E-001  1.169388633571E-005  1.952851107490E-007  1.089904550463E-002  3.488947868391E-007  2.093971241266E-003  0.000000000000E+000  0.000000000000E+000  0.000000000000E+000  0.000000000000E+000  0.000000000000E+000  0.000000000000E+000
   1.340000000000E+002  1.000000000000E+000  9.869947433472E-001  1.169390725408E-005  1.952785311232E-007  1.089904736727E-002  3.488931099582E-007  2.093970077112E-003  0.000000000000E+000  0.000000000000E+000  0.000000000000E+000  0.000000000000E+000  0.000000000000E+000  0.000000000000E+000
   1.342500000000E+002  1.000000000000E+000  9.869948029518E-001  1.169454299088E-005  1.952596022647E-007  1.089896820486E-002  3.488995048428E-007  2.093984745443E-003  0.000000000000E+000  0.000000000000E+000  0.000000000000E+000  0.000000000000E+000  0.000000000000E+000  0.000000000000E+000
   1.345000000000E+002  1.000000000000E+000  9.869948029518E-001  1.169178358396E-005  1.953003021526E-007  1.089895330369E-002  3.488432867016E-007  2.093990566209E-003  0.000000000000E+000  0.000000000000E+000  0.000000000000E+000  0.000000000000E+000  0.000000000000E+000  0.000000000000E+000
   1.347500000000E+002  1.000000000000E+000  9.869949817657E-001  1.169153165392E-005  1.949693171355E-007  1.089876610786E-002  3.487123478862E-007  2.094025956467E-003  0.000000000000E+000  0.000000000000E+000  0.000000000000E+000  0.000000000000E+000  0.000000000000E+000  0.000000000000E+000
   1.350000000000E+002  1.000000000000E+000  9.869950413704E-001  1.169212646346E-005  1.949483703356E-007  1.089868508279E-002  3.487169522032E-007  2.094041090459E-003  0.000000000000E+000  0.000000000000E+000  0.000000000000E+000  0.000000000000E+000  0.000000000000E+000  0.000000000000E+000
   1.352500000000E+002  1.000000000000E+000  9.869950413704E-001  1.169210645457E-005  1.949388064304E-007  1.089867856354E-002  3.487128594770E-007  2.094041556120E-003  0.000000000000E+000  0.000000000000E+000  0.000000000000E+000  0.000000000000E+000  0.000000000000E+000  0.000000000000E+000
   1.355000000000E+002  1.000000000000E+000  9.869950413704E-001  1.169208553620E-005  1.949293562120E-007  1.089868042618E-002  3.487091078114E-007  2.094040391967E-003  0.000000000000E+000  0.000000000000E+000  0.000000000000E+000  0.000000000000E+000  0.000000000000E+000  0.000000000000E+000
   1.357500000000E+002  1.000000000000E+000  9.869950413704E-001  1.169206279883E-005  1.949199059936E-007  1.089868228883E-002  3.487052140372E-007  2.094039227813E-003  0.000000000000E+000  0.000000000000E+000  0.000000000000E+000  0.000000000000E+000  0.000000000000E+000  0.000000000000E+000
   1.360000000000E+002  1.000000000000E+000  9.869950413704E-001  1.169205006590E-005  1.949102284016E-007  1.089868508279E-002  3.487016329018E-007  2.094038063660E-003  0.000000000000E+000  0.000000000000E+000  0.000000000000E+000  0.000000000000E+000  0.000000000000E+000  0.000000000000E+000
   1.362500000000E+002  1.000000000000E+000  9.869950413704E-001  1.169206370832E-005  1.948999965862E-007  1.089868042618E-002  3.486981938750E-007  2.094038296491E-003  0.000000000000E+000  0.000000000000E+000  0.000000000000E+000  0.000000000000E+000  0.000000000000E+000  0.000000000000E+000
   1.365000000000E+002  1.000000000000E+000  9.869950413704E-001  1.169209008367E-005  1.948895658188E-007  1.089868228883E-002  3.486952948606E-007  2.094037132338E-003  0.000000000000E+000  0.000000000000E+000  0.000000000000E+000  0.000000000000E+000  0.000000000000E+000  0.000000000000E+000
   1.367500000000E+002  1.000000000000E+000  9.869950413704E-001  1.169211827801E-005  1.948790355755E-007  1.089868415147E-002  3.486924242679E-007  2.094035968184E-003  0.000000000000E+000  0.000000000000E+000  0.000000000000E+000  0.000000000000E+000  0.000000000000E+000  0.000000000000E+000
   1.370000000000E+002  1.000000000000E+000  9.869950413704E-001  1.169212464447E-005  1.948688606035E-007  1.089868228883E-002  3.486891273496E-007  2.094031777233E-003  0.000000000000E+000  0.000000000000E+000  0.000000000000E+000  0.000000000000E+000  0.000000000000E+000  0.000000000000E+000
   1.372500000000E+002  1.000000000000E+000  9.869950413704E-001  1.169210645457E-005  1.948591261680E-007  1.089868228883E-002  3.486852904189E-007  2.094031078741E-003  0.000000000000E+000  0.000000000000E+000  0.000000000000E+000  0.000000000000E+000  0.000000000000E+000  0.000000000000E+000
   1.375000000000E+002  1.000000000000E+000  9.869950413704E-001  1.169208735519E-005  1.948493917325E-007  1.089867390692E-002  3.486808566322E-007  2.094035968184E-003  0.000000000000E+000  0.000000000000E+000  0.000000000000E+000  0.000000000000E+000  0.000000000000E+000  0.000000000000E+000
   1.377500000000E+002  1.000000000000E+000  9.869951009750E-001  1.169266943180E-005  1.948285017761E-007  1.089859288186E-002  3.486852051537E-007  2.094050636515E-003  0.000000000000E+000  0.000000000000E+000  0.000000000000E+000  0.000000000000E+000  0.000000000000E+000  0.000000000000E+000
   1.380000000000E+002  1.000000000000E+000  9.869951009750E-001  1.169265124190E-005  1.948258159246E-007  1.089858915657E-002  3.486836988031E-007  2.094051102176E-003  0.000000000000E+000  0.000000000000E+000  0.000000000000E+000  0.000000000000E+000  0.000000000000E+000  0.000000000000E+000
   1.382500000000E+002  1.000000000000E+000  9.869951605797E-001  1.169278402813E-005  1.950159713715E-007  1.089850999415E-002  3.487516835321E-007  2.094065537676E-003  0.000000000000E+000  0.000000000000E+000  0.000000000000E+000  0.000000000000E+000  0.000000000000E+000  0.000000000000E+000
   1.385000000000E+002  1.000000000000E+000  9.869951605797E-001  1.169277038571E-005  1.950243841975E-007  1.089850999415E-002  3.487543835945E-007  2.094064606354E-003  0.000000000000E+000  0.000000000000E+000  0.000000000000E+000  0.000000000000E+000  0.000000000000E+000  0.000000000000E+000
   1.387500000000E+002  1.000000000000E+000  9.869951605797E-001  1.169275856228E-005  1.950366055326E-007  1.089850999415E-002  3.487583910555E-007  2.094063907862E-003  0.000000000000E+000  0.000000000000E+000  0.000000000000E+000  0.000000000000E+000  0.000000000000E+000  0.000000000000E+000
   1.390000000000E+002  1.000000000000E+000  9.869952201843E-001  1.169273855339E-005  1.950488695002E-007  1.089849974960E-002  3.487620006126E-007  2.094062278047E-003  0.000000000000E+000  0.000000000000E+000  0.000000000000E+000  0.000000000000E+000  0.000000000000E+000  0.000000000000E+000
   1.392500000000E+002  1.000000000000E+000  9.869953393936E-001  1.169348161056E-005  1.952405312977E-007  1.089833769947E-002  3.488426330023E-007  2.094096038491E-003  0.000000000000E+000  0.000000000000E+000  0.000000000000E+000  0.000000000000E+000  0.000000000000E+000  0.000000000000E+000
   1.395000000000E+002  1.000000000000E+000  9.869953393936E-001  1.169345523522E-005  1.952530936933E-007  1.089833676815E-002  3.488464415113E-007  2.094095339999E-003  0.000000000000E+000  0.000000000000E+000  0.000000000000E+000  0.000000000000E+000  0.000000000000E+000  0.000000000000E+000
   1.397500000000E+002  1.000000000000E+000  9.869953393936E-001  1.169342885987E-005  1.952656560888E-007  1.089833676815E-002  3.488501647553E-007  2.094094874337E-003  0.000000000000E+000  0.000000000000E+000  0.000000000000E+000  0.000000000000E+000  0.000000000000E+000  0.000000000000E+000
   1.400000000000E+002  1.000000000000E+000  9.869953393936E-001  1.169340157503E-005  1.952783179604E-007  1.089833676815E-002  3.488539164209E-007  2.094094175845E-003  0.000000000000E+000  0.000000000000E+000  0.000000000000E+000  0.000000000000E+000  0.000000000000E+000  0.000000000000E+000
   1.402500000000E+002  1.000000000000E+000  9.869953393936E-001  1.169337156171E-005  1.952892745294E-007  1.089832838625E-002  3.488567585919E-007  2.094095339999E-003  0.000000000000E+000  0.000000000000E+000  0.000000000000E+000  0.000000000000E+000  0.000000000000E+000  0.000000000000E+000
   1.405000000000E+002  1.000000000000E+000  9.869953393936E-001  1.169334063889E-005  1.952985826392E-007  1.089832466096E-002  3.488590039069E-007  2.094099298120E-003  0.000000000000E+000  0.000000000000E+000  0.000000000000E+000  0.000000000000E+000  0.000000000000E+000  0.000000000000E+000
   1.407500000000E+002  1.000000000000E+000  9.869953393936E-001  1.169330971607E-005  1.953079333816E-007  1.089832466096E-002  3.488614765956E-007  2.094098599628E-003  0.000000000000E+000  0.000000000000E+000  0.000000000000E+000  0.000000000000E+000  0.000000000000E+000  0.000000000000E+000
   1.410000000000E+002  1.000000000000E+000  9.869953393936E-001  1.169327333628E-005  1.953173978109E-007  1.089832466096E-002  3.488638355975E-007  2.094097901136E-003  0.000000000000E+000  0.000000000000E+000  0.000000000000E+000  0.000000000000E+000  0.000000000000E+000  0.000000000000E+000
   1.412500000000E+002  1.000000000000E+000  9.869953393936E-001  1.169322968053E-005  1.953270754029E-007  1.089832559228E-002  3.488661661777E-007  2.094096969813E-003  0.000000000000E+000  0.000000000000E+000  0.000000000000E+000  0.000000000000E+000  0.000000000000E+000  0.000000000000E+000
   1.415000000000E+002  1.000000000000E+000  9.869953989983E-001  1.169191818917E-005  1.953580834879E-007  1.089822687209E-002  3.488403308438E-007  2.094111870974E-003  0.000000000000E+000  0.000000000000E+000  0.000000000000E+000  0.000000000000E+000  0.000000000000E+000  0.000000000000E+000
   1.417500000000E+002  1.000000000000E+000  9.869953989983E-001  1.169188999484E-005  1.953675905497E-007  1.089822780341E-002  3.488430309062E-007  2.094110939652E-003  0.000000000000E+000  0.000000000000E+000  0.000000000000E+000  0.000000000000E+000  0.000000000000E+000  0.000000000000E+000
   1.420000000000E+002  1.000000000000E+000  9.869954586029E-001  1.169227834907E-005  1.953692958523E-007  1.089816447347E-002  3.488511879368E-007  2.094119554386E-003  0.000000000000E+000  0.000000000000E+000  0.000000000000E+000  0.000000000000E+000  0.000000000000E+000  0.000000000000E+000
   1.422500000000E+002  1.000000000000E+000  9.869955182076E-001  1.169242932519E-005  1.955629755912E-007  1.089808624238E-002  3.489207927032E-007  2.094133757055E-003  0.000000000000E+000  0.000000000000E+000  0.000000000000E+000  0.000000000000E+000  0.000000000000E+000  0.000000000000E+000
   1.425000000000E+002  1.000000000000E+000  9.869955182076E-001  1.169244751509E-005  1.955695836386E-007  1.089809089899E-002  3.489236632959E-007  2.094135386869E-003  0.000000000000E+000  0.000000000000E+000  0.000000000000E+000  0.000000000000E+000  0.000000000000E+000  0.000000000000E+000
   1.427500000000E+002  1.000000000000E+000  9.869955182076E-001  1.169246570498E-005  1.955761490535E-007  1.089809276164E-002  3.489265623102E-007  2.094134222716E-003  0.000000000000E+000  0.000000000000E+000  0.000000000000E+000  0.000000000000E+000  0.000000000000E+000  0.000000000000E+000
   1.430000000000E+002  1.000000000000E+000  9.869955182076E-001  1.169248389488E-005  1.955826149924E-007  1.089808717370E-002  3.489291202641E-007  2.094134921208E-003  0.000000000000E+000  0.000000000000E+000  0.000000000000E+000  0.000000000000E+000  0.000000000000E+000  0.000000000000E+000
   1.432500000000E+002  1.000000000000E+000  9.869955182076E-001  1.169249935629E-005  1.955891519856E-007  1.089808810502E-002  3.489319055916E-007  2.094133757055E-003  0.000000000000E+000  0.000000000000E+000  0.000000000000E+000  0.000000000000E+000  0.000000000000E+000  0.000000000000E+000
   1.435000000000E+002  1.000000000000E+000  9.869955182076E-001  1.169251299871E-005  1.955957031896E-007  1.089808996767E-002  3.489346624974E-007  2.094132825732E-003  0.000000000000E+000  0.000000000000E+000  0.000000000000E+000  0.000000000000E+000  0.000000000000E+000  0.000000000000E+000
   1.437500000000E+002  1.000000000000E+000  9.869955182076E-001  1.169252300315E-005  1.956023254479E-007  1.089809089899E-002  3.489373341381E-007  2.094131661579E-003  0.000000000000E+000  0.000000000000E+000  0.000000000000E+000  0.000000000000E+000  0.000000000000E+000  0.000000000000E+000
   1.440000000000E+002  1.000000000000E+000  9.869956970215E-001  1.169329880213E-005  1.957884592230E-007  1.089792419225E-002  3.490165454423E-007  2.094167051837E-003  0.000000000000E+000  0.000000000000E+000  0.000000000000E+000  0.000000000000E+000  0.000000000000E+000  0.000000000000E+000
   1.442500000000E+002  1.000000000000E+000  9.869956970215E-001  1.169330516859E-005  1.957951809572E-007  1.089792605489E-002  3.490191602395E-007  2.094165887684E-003  0.000000000000E+000  0.000000000000E+000  0.000000000000E+000  0.000000000000E+000  0.000000000000E+000  0.000000000000E+000
   1.445000000000E+002  1.000000000000E+000  9.869956970215E-001  1.169331244455E-005  1.958019595349E-007  1.089792791754E-002  3.490217750368E-007  2.094164956361E-003  0.000000000000E+000  0.000000000000E+000  0.000000000000E+000  0.000000000000E+000  0.000000000000E+000  0.000000000000E+000
   1.447500000000E+002  1.000000000000E+000  9.869956970215E-001  1.169331881101E-005  1.958087807452E-007  1.089792884886E-002  3.490244466775E-007  2.094163792208E-003  0.000000000000E+000  0.000000000000E+000  0.000000000000E+000  0.000000000000E+000  0.000000000000E+000  0.000000000000E+000
   1.450000000000E+002  1.000000000000E+000  9.869956970215E-001  1.169332608697E-005  1.958155877446E-007  1.089793071151E-002  3.490271183182E-007  2.094162628055E-003  0.000000000000E+000  0.000000000000E+000  0.000000000000E+000  0.000000000000E+000  0.000000000000E+000  0.000000000000E+000
   1.452500000000E+002  1.000000000000E+000  9.869956970215E-001  1.169333336293E-005  1.958245832157E-007  1.089792232960E-002  3.490302731279E-007  2.094160532579E-003  0.000000000000E+000  0.000000000000E+000  0.000000000000E+000  0.000000000000E+000  0.000000000000E+000  0.000000000000E+000
   1.455000000000E+002  1.000000000000E+000  9.869957566261E-001  1.169394181488E-005  1.958247253242E-007  1.089783571661E-002  3.490424660413E-007  2.094176597893E-003  0.000000000000E+000  0.000000000000E+000  0.000000000000E+000  0.000000000000E+000  0.000000000000E+000  0.000000000000E+000
   1.457500000000E+002  1.000000000000E+000  9.869957566261E-001  1.169394727185E-005  1.958360371646E-007  1.089783664793E-002  3.490466156109E-007  2.094175666571E-003  0.000000000000E+000  0.000000000000E+000  0.000000000000E+000  0.000000000000E+000  0.000000000000E+000  0.000000000000E+000
   1.460000000000E+002  1.000000000000E+000  9.869957566261E-001  1.169337519968E-005  1.951296582092E-007  1.089780777693E-002  3.487803041935E-007  2.094180556014E-003  0.000000000000E+000  0.000000000000E+000  0.000000000000E+000  0.000000000000E+000  0.000000000000E+000  0.000000000000E+000
   1.462500000000E+002  1.000000000000E+000  9.869958162308E-001  1.169352617580E-005  1.953265780230E-007  1.089772861451E-002  3.488511026717E-007  2.094194293022E-003  0.000000000000E+000  0.000000000000E+000  0.000000000000E+000  0.000000000000E+000  0.000000000000E+000  0.000000000000E+000
   1.465000000000E+002  1.000000000000E+000  9.869958162308E-001  1.169352890429E-005  1.953378614417E-007  1.089772954583E-002  3.488552522413E-007  2.094193128869E-003  0.000000000000E+000  0.000000000000E+000  0.000000000000E+000  0.000000000000E+000  0.000000000000E+000  0.000000000000E+000
   1.467500000000E+002  1.000000000000E+000  9.869958162308E-001  1.169353254227E-005  1.953490880169E-007  1.089773047715E-002  3.488593449674E-007  2.094192197546E-003  0.000000000000E+000  0.000000000000E+000  0.000000000000E+000  0.000000000000E+000  0.000000000000E+000  0.000000000000E+000
   1.470000000000E+002  1.000000000000E+000  9.869958162308E-001  1.169353708974E-005  1.953603145921E-007  1.089773140848E-002  3.488634376936E-007  2.094191033393E-003  0.000000000000E+000  0.000000000000E+000  0.000000000000E+000  0.000000000000E+000  0.000000000000E+000  0.000000000000E+000
   1.472500000000E+002  1.000000000000E+000  9.869958162308E-001  1.169354072772E-005  1.953715411673E-007  1.089773233980E-002  3.488675019980E-007  2.094190102071E-003  0.000000000000E+000  0.000000000000E+000  0.000000000000E+000  0.000000000000E+000  0.000000000000E+000  0.000000000000E+000
   1.475000000000E+002  1.000000000000E+000  9.869958162308E-001  1.169354436570E-005  1.953826256340E-007  1.089773047715E-002  3.488713389288E-007  2.094193594530E-003  0.000000000000E+000  0.000000000000E+000  0.000000000000E+000  0.000000000000E+000  0.000000000000E+000  0.000000000000E+000
   1.477500000000E+002  1.000000000000E+000  9.869958162308E-001  1.169354800368E-005  1.953935253596E-007  1.089773140848E-002  3.488754032333E-007  2.094192663208E-003  0.000000000000E+000  0.000000000000E+000  0.000000000000E+000  0.000000000000E+000  0.000000000000E+000  0.000000000000E+000
   1.480000000000E+002  1.000000000000E+000  9.869958162308E-001  1.169355164166E-005  1.954043398200E-007  1.089773233980E-002  3.488794106943E-007  2.094191499054E-003  0.000000000000E+000  0.000000000000E+000  0.000000000000E+000  0.000000000000E+000  0.000000000000E+000  0.000000000000E+000
   1.482500000000E+002  1.000000000000E+000  9.869958758354E-001  1.169299594039E-005  1.947169181449E-007  1.089771185070E-002  3.486204320780E-007  2.094194758683E-003  0.000000000000E+000  0.000000000000E+000  0.000000000000E+000  0.000000000000E+000  0.000000000000E+000  0.000000000000E+000
   1.485000000000E+002  1.000000000000E+000  9.869958758354E-001  1.169300048787E-005  1.947277610270E-007  1.089771278203E-002  3.486244395390E-007  2.094193827361E-003  0.000000000000E+000  0.000000000000E+000  0.000000000000E+000  0.000000000000E+000  0.000000000000E+000  0.000000000000E+000
   1.487500000000E+002  1.000000000000E+000  9.869958758354E-001  1.169300321635E-005  1.947369128175E-007  1.089770440012E-002  3.486275943487E-007  2.094191499054E-003  0.000000000000E+000  0.000000000000E+000  0.000000000000E+000  0.000000000000E+000  0.000000000000E+000  0.000000000000E+000
   1.490000000000E+002  1.000000000000E+000  9.869959950447E-001  1.169377264887E-005  1.949235723941E-007  1.089754048735E-002  3.487072604003E-007  2.094222232699E-003  0.000000000000E+000  0.000000000000E+000  0.000000000000E+000  0.000000000000E+000  0.000000000000E+000  0.000000000000E+000
   1.492500000000E+002  1.000000000000E+000  9.869959950447E-001  1.169376992038E-005  1.949312036231E-007  1.089753489941E-002  3.487097330890E-007  2.094222698361E-003  0.000000000000E+000  0.000000000000E+000  0.000000000000E+000  0.000000000000E+000  0.000000000000E+000  0.000000000000E+000
   1.495000000000E+002  1.000000000000E+000  9.869959950447E-001  1.169376355392E-005  1.949389769607E-007  1.089753583074E-002  3.487124615731E-007  2.094221534207E-003  0.000000000000E+000  0.000000000000E+000  0.000000000000E+000  0.000000000000E+000  0.000000000000E+000  0.000000000000E+000
   1.497500000000E+002  1.000000000000E+000  9.869960546494E-001  1.169435745396E-005  1.949359642595E-007  1.089745014906E-002  3.487231765575E-007  2.094237599522E-003  0.000000000000E+000  0.000000000000E+000  0.000000000000E+000  0.000000000000E+000  0.000000000000E+000  0.000000000000E+000
   1.500000000000E+002  1.000000000000E+000  9.869960546494E-001  1.169435017800E-005  1.949443912963E-007  1.089745387435E-002  3.487259903068E-007  2.094238996506E-003  0.000000000000E+000  0.000000000000E+000  0.000000000000E+000  0.000000000000E+000  0.000000000000E+000  0.000000000000E+000
   1.502500000000E+002  1.000000000000E+000  9.869960546494E-001  1.169434290205E-005  1.949528183331E-007  1.089745573699E-002  3.487287756343E-007  2.094237832353E-003  0.000000000000E+000  0.000000000000E+000  0.000000000000E+000  0.000000000000E+000  0.000000000000E+000  0.000000000000E+000
   1.505000000000E+002  1.000000000000E+000  9.869960546494E-001  1.169433471659E-005  1.949612311591E-007  1.089745759964E-002  3.487315893835E-007  2.094236668199E-003  0.000000000000E+000  0.000000000000E+000  0.000000000000E+000  0.000000000000E+000  0.000000000000E+000  0.000000000000E+000
   1.507500000000E+002  1.000000000000E+000  9.869961738586E-001  1.169161077996E-005  1.952050183718E-007  1.089736353606E-002  3.487455160212E-007  2.094253897667E-003  0.000000000000E+000  0.000000000000E+000  0.000000000000E+000  0.000000000000E+000  0.000000000000E+000  0.000000000000E+000
   1.510000000000E+002  1.000000000000E+000  9.869961738586E-001  1.169085771835E-005  1.952263630756E-007  1.089735422283E-002  3.487336073249E-007  2.094254828990E-003  0.000000000000E+000  0.000000000000E+000  0.000000000000E+000  0.000000000000E+000  0.000000000000E+000  0.000000000000E+000
   1.512500000000E+002  1.000000000000E+000  9.869961738586E-001  1.169085044239E-005  1.952350601186E-007  1.089735608548E-002  3.487364779176E-007  2.094253897667E-003  0.000000000000E+000  0.000000000000E+000  0.000000000000E+000  0.000000000000E+000  0.000000000000E+000  0.000000000000E+000
   1.515000000000E+002  1.000000000000E+000  9.869961738586E-001  1.169094321085E-005  1.953680737188E-007  1.089730113745E-002  3.487838000638E-007  2.094267401844E-003  0.000000000000E+000  0.000000000000E+000  0.000000000000E+000  0.000000000000E+000  0.000000000000E+000  0.000000000000E+000
   1.517500000000E+002  1.000000000000E+000  9.869961738586E-001  1.169093502540E-005  1.953767707619E-007  1.089730300009E-002  3.487867843432E-007  2.094266470522E-003  0.000000000000E+000  0.000000000000E+000  0.000000000000E+000  0.000000000000E+000  0.000000000000E+000  0.000000000000E+000
   1.520000000000E+002  1.000000000000E+000  9.869961738586E-001  1.169091683551E-005  1.953842314606E-007  1.089730206877E-002  3.487890296583E-007  2.094262046739E-003  0.000000000000E+000  0.000000000000E+000  0.000000000000E+000  0.000000000000E+000  0.000000000000E+000  0.000000000000E+000
   1.522500000000E+002  1.000000000000E+000  9.869961738586E-001  1.169089864561E-005  1.953892478923E-007  1.089730393142E-002  3.487904507438E-007  2.094260882586E-003  0.000000000000E+000  0.000000000000E+000  0.000000000000E+000  0.000000000000E+000  0.000000000000E+000  0.000000000000E+000
   1.525000000000E+002  1.000000000000E+000  9.869962334633E-001  1.169089318864E-005  1.953929427145E-007  1.089729648083E-002  3.487914455036E-007  2.094258554280E-003  0.000000000000E+000  0.000000000000E+000  0.000000000000E+000  0.000000000000E+000  0.000000000000E+000  0.000000000000E+000
   1.527500000000E+002  1.000000000000E+000  9.869962334633E-001  1.169088773167E-005  1.953967512236E-007  1.089729834348E-002  3.487927813239E-007  2.094257390127E-003  0.000000000000E+000  0.000000000000E+000  0.000000000000E+000  0.000000000000E+000  0.000000000000E+000  0.000000000000E+000
   1.530000000000E+002  1.000000000000E+000  9.869962334633E-001  1.169088045572E-005  1.954005171001E-007  1.089729368687E-002  3.487937192403E-007  2.094257622957E-003  0.000000000000E+000  0.000000000000E+000  0.000000000000E+000  0.000000000000E+000  0.000000000000E+000  0.000000000000E+000
   1.532500000000E+002  1.000000000000E+000  9.869962334633E-001  1.169087317976E-005  1.954043398200E-007  1.089729554951E-002  3.487949697956E-007  2.094256691635E-003  0.000000000000E+000  0.000000000000E+000  0.000000000000E+000  0.000000000000E+000  0.000000000000E+000  0.000000000000E+000
   1.535000000000E+002  1.000000000000E+000  9.869962334633E-001  1.169086590380E-005  1.954081767508E-007  1.089729834348E-002  3.487962771942E-007  2.094255527481E-003  0.000000000000E+000  0.000000000000E+000  0.000000000000E+000  0.000000000000E+000  0.000000000000E+000  0.000000000000E+000
   1.537500000000E+002  1.000000000000E+000  9.869962334633E-001  1.169085862784E-005  1.954120136816E-007  1.089730020612E-002  3.487975845928E-007  2.094254363328E-003  0.000000000000E+000  0.000000000000E+000  0.000000000000E+000  0.000000000000E+000  0.000000000000E+000  0.000000000000E+000
   1.540000000000E+002  1.000000000000E+000  9.869962334633E-001  1.169084953290E-005  1.954158648232E-007  1.089730206877E-002  3.487988067263E-007  2.094253432006E-003  0.000000000000E+000  0.000000000000E+000  0.000000000000E+000  0.000000000000E+000  0.000000000000E+000  0.000000000000E+000
   1.542500000000E+002  1.000000000000E+000  9.869962334633E-001  1.169007737190E-005  1.954329320597E-007  1.089729089290E-002  3.487849085104E-007  2.094254828990E-003  0.000000000000E+000  0.000000000000E+000  0.000000000000E+000  0.000000000000E+000  0.000000000000E+000  0.000000000000E+000
   1.545000000000E+002  1.000000000000E+000  9.869963526726E-001  1.169125880551E-005  1.954146995331E-007  1.089712418616E-002  3.488019899578E-007  2.094289520755E-003  0.000000000000E+000  0.000000000000E+000  0.000000000000E+000  0.000000000000E+000  0.000000000000E+000  0.000000000000E+000
   1.547500000000E+002  1.000000000000E+000  9.869964122772E-001  1.169135430246E-005  1.956101414180E-007  1.089704316109E-002  3.488707136512E-007  2.094304654747E-003  0.000000000000E+000  0.000000000000E+000  0.000000000000E+000  0.000000000000E+000  0.000000000000E+000  0.000000000000E+000
   1.550000000000E+002  1.000000000000E+000  9.869964122772E-001  1.169129609480E-005  1.956148452109E-007  1.089704409242E-002  3.488709694466E-007  2.094303956255E-003  0.000000000000E+000  0.000000000000E+000  0.000000000000E+000  0.000000000000E+000  0.000000000000E+000  0.000000000000E+000
   1.552500000000E+002  1.000000000000E+000  9.869964122772E-001  1.169123424916E-005  1.956195774255E-007  1.089704409242E-002  3.488711115551E-007  2.094303257763E-003  0.000000000000E+000  0.000000000000E+000  0.000000000000E+000  0.000000000000E+000  0.000000000000E+000  0.000000000000E+000
   1.555000000000E+002  1.000000000000E+000  9.869964718819E-001  1.169131792267E-005  1.958102302524E-007  1.089696493000E-002  3.489378741506E-007  2.094318158925E-003  0.000000000000E+000  0.000000000000E+000  0.000000000000E+000  0.000000000000E+000  0.000000000000E+000  0.000000000000E+000
   1.557500000000E+002  1.000000000000E+000  9.869964718819E-001  1.169125334854E-005  1.958149766779E-007  1.089696586132E-002  3.489379309940E-007  2.094317460433E-003  0.000000000000E+000  0.000000000000E+000  0.000000000000E+000  0.000000000000E+000  0.000000000000E+000  0.000000000000E+000
   1.560000000000E+002  1.000000000000E+000  9.869964718819E-001  1.169118786493E-005  1.958197799468E-007  1.089696399868E-002  3.489377888855E-007  2.094321185723E-003  0.000000000000E+000  0.000000000000E+000  0.000000000000E+000  0.000000000000E+000  0.000000000000E+000  0.000000000000E+000
   1.562500000000E+002  1.000000000000E+000  9.869964718819E-001  1.169112329080E-005  1.958247395351E-007  1.089696493000E-002  3.489379025723E-007  2.094320487231E-003  0.000000000000E+000  0.000000000000E+000  0.000000000000E+000  0.000000000000E+000  0.000000000000E+000  0.000000000000E+000
   1.565000000000E+002  1.000000000000E+000  9.869964718819E-001  1.169105871668E-005  1.958296280691E-007  1.089695561677E-002  3.489377888855E-007  2.094318857417E-003  0.000000000000E+000  0.000000000000E+000  0.000000000000E+000  0.000000000000E+000  0.000000000000E+000  0.000000000000E+000
   1.567500000000E+002  1.000000000000E+000  9.869964718819E-001  1.169099323306E-005  1.958345308140E-007  1.089694909751E-002  3.489376183552E-007  2.094319555908E-003  0.000000000000E+000  0.000000000000E+000  0.000000000000E+000  0.000000000000E+000  0.000000000000E+000  0.000000000000E+000
   1.570000000000E+002  1.000000000000E+000  9.869964718819E-001  1.169092865894E-005  1.958394477697E-007  1.089694909751E-002  3.489377888855E-007  2.094319090247E-003  0.000000000000E+000  0.000000000000E+000  0.000000000000E+000  0.000000000000E+000  0.000000000000E+000  0.000000000000E+000
   1.572500000000E+002  1.000000000000E+000  9.869964718819E-001  1.169098686660E-005  1.959985951316E-007  1.089694350958E-002  3.489955133773E-007  2.094319788739E-003  0.000000000000E+000  0.000000000000E+000  0.000000000000E+000  0.000000000000E+000  0.000000000000E+000  0.000000000000E+000
   1.575000000000E+002  1.000000000000E+000  9.869964718819E-001  1.169092229247E-005  1.960035120874E-007  1.089694350958E-002  3.489955986424E-007  2.094319090247E-003  0.000000000000E+000  0.000000000000E+000  0.000000000000E+000  0.000000000000E+000  0.000000000000E+000  0.000000000000E+000
   1.577500000000E+002  1.000000000000E+000  9.869965314865E-001  1.168806647911E-005  1.960570017445E-007  1.089693047106E-002  3.489415973945E-007  2.094321185723E-003  0.000000000000E+000  0.000000000000E+000  0.000000000000E+000  0.000000000000E+000  0.000000000000E+000  0.000000000000E+000
   1.580000000000E+002  1.000000000000E+000  9.869965314865E-001  1.168800099549E-005  1.960619755437E-007  1.089693140239E-002  3.489417110814E-007  2.094320487231E-003  0.000000000000E+000  0.000000000000E+000  0.000000000000E+000  0.000000000000E+000  0.000000000000E+000  0.000000000000E+000
   1.582500000000E+002  1.000000000000E+000  9.869965314865E-001  1.168793642137E-005  1.960668924994E-007  1.089692767709E-002  3.489418531899E-007  2.094316761941E-003  0.000000000000E+000  0.000000000000E+000  0.000000000000E+000  0.000000000000E+000  0.000000000000E+000  0.000000000000E+000
   1.585000000000E+002  1.000000000000E+000  9.869965314865E-001  1.168787184724E-005  1.960718662986E-007  1.089692860842E-002  3.489419668767E-007  2.094316063449E-003  0.000000000000E+000  0.000000000000E+000  0.000000000000E+000  0.000000000000E+000  0.000000000000E+000  0.000000000000E+000
   1.587500000000E+002  1.000000000000E+000  9.869965314865E-001  1.168780636362E-005  1.960767832543E-007  1.089692953974E-002  3.489420237202E-007  2.094315364957E-003  0.000000000000E+000  0.000000000000E+000  0.000000000000E+000  0.000000000000E+000  0.000000000000E+000  0.000000000000E+000
   1.590000000000E+002  1.000000000000E+000  9.869965314865E-001  1.168774178950E-005  1.960816149449E-007  1.089693047106E-002  3.489420805636E-007  2.094314899296E-003  0.000000000000E+000  0.000000000000E+000  0.000000000000E+000  0.000000000000E+000  0.000000000000E+000  0.000000000000E+000
   1.592500000000E+002  1.000000000000E+000  9.869965314865E-001  1.168767721538E-005  1.960864608463E-007  1.089693419635E-002  3.489422226721E-007  2.094316761941E-003  0.000000000000E+000  0.000000000000E+000  0.000000000000E+000  0.000000000000E+000  0.000000000000E+000  0.000000000000E+000
   1.595000000000E+002  1.000000000000E+000  9.869965910912E-001  1.168821108877E-005  1.960786448763E-007  1.089685317129E-002  3.489499533771E-007  2.094332128763E-003  0.000000000000E+000  0.000000000000E+000  0.000000000000E+000  0.000000000000E+000  0.000000000000E+000  0.000000000000E+000
   1.597500000000E+002  1.000000000000E+000  9.869965910912E-001  1.168814378616E-005  1.960802933354E-007  1.089684851468E-002  3.489486459785E-007  2.094332827255E-003  0.000000000000E+000  0.000000000000E+000  0.000000000000E+000  0.000000000000E+000  0.000000000000E+000  0.000000000000E+000
   1.600000000000E+002  1.000000000000E+000  9.869965910912E-001  1.168808921648E-005  1.960817570534E-007  1.089684944600E-002  3.489477933272E-007  2.094332128763E-003  0.000000000000E+000  0.000000000000E+000  0.000000000000E+000  0.000000000000E+000  0.000000000000E+000  0.000000000000E+000
   1.602500000000E+002  1.000000000000E+000  9.869965910912E-001  1.168804737972E-005  1.960829365544E-007  1.089685037732E-002  3.489472248930E-007  2.094331430271E-003  0.000000000000E+000  0.000000000000E+000  0.000000000000E+000  0.000000000000E+000  0.000000000000E+000  0.000000000000E+000
   1.605000000000E+002  1.000000000000E+000  9.869966506958E-001  1.168862127088E-005  1.960727189498E-007  1.089676842093E-002  3.489550408631E-007  2.094346797094E-003  0.000000000000E+000  0.000000000000E+000  0.000000000000E+000  0.000000000000E+000  0.000000000000E+000  0.000000000000E+000
   1.607500000000E+002  1.000000000000E+000  9.869967699051E-001  1.168888320535E-005  1.964511540109E-007  1.089660543948E-002  3.490894187053E-007  2.094381721690E-003  0.000000000000E+000  0.000000000000E+000  0.000000000000E+000  0.000000000000E+000  0.000000000000E+000  0.000000000000E+000
   1.610000000000E+002  1.000000000000E+000  9.869967699051E-001  1.168884409708E-005  1.964521629816E-007  1.089658960700E-002  3.490882249935E-007  2.094381488860E-003  0.000000000000E+000  0.000000000000E+000  0.000000000000E+000  0.000000000000E+000  0.000000000000E+000  0.000000000000E+000
   1.612500000000E+002  1.000000000000E+000  9.869967699051E-001  1.168880407931E-005  1.964533282717E-007  1.089659053832E-002  3.490876565593E-007  2.094381023198E-003  0.000000000000E+000  0.000000000000E+000  0.000000000000E+000  0.000000000000E+000  0.000000000000E+000  0.000000000000E+000
   1.615000000000E+002  1.000000000000E+000  9.869967699051E-001  1.168876406155E-005  1.964544935618E-007  1.089659146965E-002  3.490870881251E-007  2.094380324706E-003  0.000000000000E+000  0.000000000000E+000  0.000000000000E+000  0.000000000000E+000  0.000000000000E+000  0.000000000000E+000
   1.617500000000E+002  1.000000000000E+000  9.869967699051E-001  1.168872404378E-005  1.964556446410E-007  1.089659240097E-002  3.490864628475E-007  2.094379626215E-003  0.000000000000E+000  0.000000000000E+000  0.000000000000E+000  0.000000000000E+000  0.000000000000E+000  0.000000000000E+000
   1.620000000000E+002  1.000000000000E+000  9.869967699051E-001  1.168868402601E-005  1.964568099311E-007  1.089659426361E-002  3.490858944133E-007  2.094379160553E-003  0.000000000000E+000  0.000000000000E+000  0.000000000000E+000  0.000000000000E+000  0.000000000000E+000  0.000000000000E+000
   1.622500000000E+002  1.000000000000E+000  9.869968295097E-001  1.168904145743E-005  1.964506424201E-007  1.089654117823E-002  3.490907545256E-007  2.094388706610E-003  0.000000000000E+000  0.000000000000E+000  0.000000000000E+000  0.000000000000E+000  0.000000000000E+000  0.000000000000E+000
   1.625000000000E+002  1.000000000000E+000  9.869968295097E-001  1.168899325421E-005  1.964519924513E-007  1.089654304087E-002  3.490900439829E-007  2.094388240948E-003  0.000000000000E+000  0.000000000000E+000  0.000000000000E+000  0.000000000000E+000  0.000000000000E+000  0.000000000000E+000
   1.627500000000E+002  1.000000000000E+000  9.869968295097E-001  1.168894414150E-005  1.964532714283E-007  1.089654397219E-002  3.490892197533E-007  2.094387542456E-003  0.000000000000E+000  0.000000000000E+000  0.000000000000E+000  0.000000000000E+000  0.000000000000E+000  0.000000000000E+000
   1.630000000000E+002  1.000000000000E+000  9.869968295097E-001  1.168889230030E-005  1.964545361943E-007  1.089654490352E-002  3.490883955237E-007  2.094386843964E-003  0.000000000000E+000  0.000000000000E+000  0.000000000000E+000  0.000000000000E+000  0.000000000000E+000  0.000000000000E+000
   1.632500000000E+002  1.000000000000E+000  9.869968295097E-001  1.168883591163E-005  1.964559999124E-007  1.089654583484E-002  3.490874860290E-007  2.094386378303E-003  0.000000000000E+000  0.000000000000E+000  0.000000000000E+000  0.000000000000E+000  0.000000000000E+000  0.000000000000E+000
   1.635000000000E+002  1.000000000000E+000  9.869968295097E-001  1.168877497548E-005  1.964575204738E-007  1.089654676616E-002  3.490865196909E-007  2.094385679811E-003  0.000000000000E+000  0.000000000000E+000  0.000000000000E+000  0.000000000000E+000  0.000000000000E+000  0.000000000000E+000
   1.637500000000E+002  1.000000000000E+000  9.869968295097E-001  1.168871494883E-005  1.964590268244E-007  1.089654769748E-002  3.490855533528E-007  2.094385214150E-003  0.000000000000E+000  0.000000000000E+000  0.000000000000E+000  0.000000000000E+000  0.000000000000E+000  0.000000000000E+000
   1.640000000000E+002  1.000000000000E+000  9.869968295097E-001  1.168865492218E-005  1.964605473859E-007  1.089654862881E-002  3.490845870147E-007  2.094384515658E-003  0.000000000000E+000  0.000000000000E+000  0.000000000000E+000  0.000000000000E+000  0.000000000000E+000  0.000000000000E+000
   1.642500000000E+002  1.000000000000E+000  9.869968295097E-001  1.168860308098E-005  1.964618689954E-007  1.089654956013E-002  3.490837912068E-007  2.094384049997E-003  0.000000000000E+000  0.000000000000E+000  0.000000000000E+000  0.000000000000E+000  0.000000000000E+000  0.000000000000E+000
   1.645000000000E+002  1.000000000000E+000  9.869968295097E-001  1.168855942524E-005  1.964630484963E-007  1.089654956013E-002  3.490830806641E-007  2.094383351505E-003  0.000000000000E+000  0.000000000000E+000  0.000000000000E+000  0.000000000000E+000  0.000000000000E+000  0.000000000000E+000
   1.647500000000E+002  1.000000000000E+000  9.869968295097E-001  1.168853123090E-005  1.964639864127E-007  1.089655421674E-002  3.490826543384E-007  2.094385214150E-003  0.000000000000E+000  0.000000000000E+000  0.000000000000E+000  0.000000000000E+000  0.000000000000E+000  0.000000000000E+000
   1.650000000000E+002  1.000000000000E+000  9.869968891144E-001  1.168913240690E-005  1.964522056142E-007  1.089647412300E-002  3.490907545256E-007  2.094400115311E-003  0.000000000000E+000  0.000000000000E+000  0.000000000000E+000  0.000000000000E+000  0.000000000000E+000  0.000000000000E+000
   1.652500000000E+002  1.000000000000E+000  9.869968891144E-001  1.168914877780E-005  1.964502303053E-007  1.089647505432E-002  3.490905271519E-007  2.094399183989E-003  0.000000000000E+000  0.000000000000E+000  0.000000000000E+000  0.000000000000E+000  0.000000000000E+000  0.000000000000E+000
   1.655000000000E+002  1.000000000000E+000  9.869968891144E-001  1.168916605820E-005  1.964482834182E-007  1.089646946639E-002  3.490900724046E-007  2.094400115311E-003  0.000000000000E+000  0.000000000000E+000  0.000000000000E+000  0.000000000000E+000  0.000000000000E+000  0.000000000000E+000
   1.657500000000E+002  1.000000000000E+000  9.869968891144E-001  1.168918333860E-005  1.964464075854E-007  1.089646201581E-002  3.490896745006E-007  2.094397321343E-003  0.000000000000E+000  0.000000000000E+000  0.000000000000E+000  0.000000000000E+000  0.000000000000E+000  0.000000000000E+000
   1.660000000000E+002  1.000000000000E+000  9.869968891144E-001  1.168920152850E-005  1.964445885960E-007  1.089646294713E-002  3.490895039704E-007  2.094396622851E-003  0.000000000000E+000  0.000000000000E+000  0.000000000000E+000  0.000000000000E+000  0.000000000000E+000  0.000000000000E+000
   1.662500000000E+002  1.000000000000E+000  9.869969487190E-001  1.168865946966E-005  1.957425155297E-007  1.089642941952E-002  3.488256652417E-007  2.094403374940E-003  0.000000000000E+000  0.000000000000E+000  0.000000000000E+000  0.000000000000E+000  0.000000000000E+000  0.000000000000E+000
   1.665000000000E+002  1.000000000000E+000  9.869969487190E-001  1.168879771285E-005  1.958908910638E-007  1.089642383158E-002  3.488815707442E-007  2.094404073432E-003  0.000000000000E+000  0.000000000000E+000  0.000000000000E+000  0.000000000000E+000  0.000000000000E+000  0.000000000000E+000
   1.667500000000E+002  1.000000000000E+000  9.869970083237E-001  1.168896505988E-005  1.960750637409E-007  1.089634560049E-002  3.489481343877E-007  2.094418741763E-003  0.000000000000E+000  0.000000000000E+000  0.000000000000E+000  0.000000000000E+000  0.000000000000E+000  0.000000000000E+000
   1.670000000000E+002  1.000000000000E+000  9.869970083237E-001  1.168898324977E-005  1.960732163298E-007  1.089634653181E-002  3.489479638574E-007  2.094418043271E-003  0.000000000000E+000  0.000000000000E+000  0.000000000000E+000  0.000000000000E+000  0.000000000000E+000  0.000000000000E+000
   1.672500000000E+002  1.000000000000E+000  9.869970083237E-001  1.168900053017E-005  1.960712694427E-007  1.089634746313E-002  3.489477649055E-007  2.094417111948E-003  0.000000000000E+000  0.000000000000E+000  0.000000000000E+000  0.000000000000E+000  0.000000000000E+000  0.000000000000E+000
   1.675000000000E+002  1.000000000000E+000  9.869970083237E-001  1.168844391941E-005  1.953512764885E-007  1.089632604271E-002  3.486775028705E-007  2.094420837238E-003  0.000000000000E+000  0.000000000000E+000  0.000000000000E+000  0.000000000000E+000  0.000000000000E+000  0.000000000000E+000
   1.677500000000E+002  1.000000000000E+000  9.869970083237E-001  1.168846210930E-005  1.953493438123E-007  1.089632790536E-002  3.486773039185E-007  2.094419905916E-003  0.000000000000E+000  0.000000000000E+000  0.000000000000E+000  0.000000000000E+000  0.000000000000E+000  0.000000000000E+000
   1.680000000000E+002  1.000000000000E+000  9.869970679283E-001  1.168909511762E-005  1.953360140305E-007  1.089624594897E-002  3.486855462143E-007  2.094435039908E-003  0.000000000000E+000  0.000000000000E+000  0.000000000000E+000  0.000000000000E+000  0.000000000000E+000  0.000000000000E+000
   1.682500000000E+002  1.000000000000E+000  9.869970679283E-001  1.168911330751E-005  1.953340813543E-007  1.089624688029E-002  3.486853472623E-007  2.094434341416E-003  0.000000000000E+000  0.000000000000E+000  0.000000000000E+000  0.000000000000E+000  0.000000000000E+000  0.000000000000E+000
   1.685000000000E+002  1.000000000000E+000  9.869971275330E-001  1.168928429252E-005  1.955228299266E-007  1.089616585523E-002  3.487535877866E-007  2.094449242577E-003  0.000000000000E+000  0.000000000000E+000  0.000000000000E+000  0.000000000000E+000  0.000000000000E+000  0.000000000000E+000
   1.687500000000E+002  1.000000000000E+000  9.869971275330E-001  1.168930157291E-005  1.955208972504E-007  1.089616771787E-002  3.487533888347E-007  2.094448311254E-003  0.000000000000E+000  0.000000000000E+000  0.000000000000E+000  0.000000000000E+000  0.000000000000E+000  0.000000000000E+000
   1.690000000000E+002  1.000000000000E+000  9.869971275330E-001  1.168931885331E-005  1.955189503633E-007  1.089616864920E-002  3.487531898827E-007  2.094447379932E-003  0.000000000000E+000  0.000000000000E+000  0.000000000000E+000  0.000000000000E+000  0.000000000000E+000  0.000000000000E+000
   1.692500000000E+002  1.000000000000E+000  9.869971275330E-001  1.168933704321E-005  1.955170176871E-007  1.089616958052E-002  3.487529909307E-007  2.094446448609E-003  0.000000000000E+000  0.000000000000E+000  0.000000000000E+000  0.000000000000E+000  0.000000000000E+000  0.000000000000E+000
   1.695000000000E+002  1.000000000000E+000  9.869971275330E-001  1.168935523310E-005  1.955150708000E-007  1.089617144316E-002  3.487528488222E-007  2.094445750117E-003  0.000000000000E+000  0.000000000000E+000  0.000000000000E+000  0.000000000000E+000  0.000000000000E+000  0.000000000000E+000
   1.697500000000E+002  1.000000000000E+000  9.869971275330E-001  1.168937251350E-005  1.955131239129E-007  1.089617237449E-002  3.487526214485E-007  2.094444818795E-003  0.000000000000E+000  0.000000000000E+000  0.000000000000E+000  0.000000000000E+000  0.000000000000E+000  0.000000000000E+000
   1.700000000000E+002  1.000000000000E+000  9.869971275330E-001  1.168938979390E-005  1.955111912366E-007  1.089617330581E-002  3.487524224965E-007  2.094443887472E-003  0.000000000000E+000  0.000000000000E+000  0.000000000000E+000  0.000000000000E+000  0.000000000000E+000  0.000000000000E+000
   1.702500000000E+002  1.000000000000E+000  9.869971275330E-001  1.168940434582E-005  1.955093154038E-007  1.089617423713E-002  3.487521382795E-007  2.094443188980E-003  0.000000000000E+000  0.000000000000E+000  0.000000000000E+000  0.000000000000E+000  0.000000000000E+000  0.000000000000E+000
   1.705000000000E+002  1.000000000000E+000  9.869971275330E-001  1.168941435026E-005  1.955074964144E-007  1.089617609978E-002  3.487517972189E-007  2.094442257658E-003  0.000000000000E+000  0.000000000000E+000  0.000000000000E+000  0.000000000000E+000  0.000000000000E+000  0.000000000000E+000
   1.707500000000E+002  1.000000000000E+000  9.869971275330E-001  1.168942526419E-005  1.955055779490E-007  1.089616958052E-002  3.487511435196E-007  2.094442956150E-003  0.000000000000E+000  0.000000000000E+000  0.000000000000E+000  0.000000000000E+000  0.000000000000E+000  0.000000000000E+000
   1.710000000000E+002  1.000000000000E+000  9.869971275330E-001  1.168943526864E-005  1.955037021162E-007  1.089617423713E-002  3.487508024591E-007  2.094444818795E-003  0.000000000000E+000  0.000000000000E+000  0.000000000000E+000  0.000000000000E+000  0.000000000000E+000  0.000000000000E+000
   1.712500000000E+002  1.000000000000E+000  9.869971275330E-001  1.168944618257E-005  1.955018831268E-007  1.089617516845E-002  3.487504329769E-007  2.094444120303E-003  0.000000000000E+000  0.000000000000E+000  0.000000000000E+000  0.000000000000E+000  0.000000000000E+000  0.000000000000E+000
   1.715000000000E+002  1.000000000000E+000  9.869971275330E-001  1.168945618701E-005  1.954999788722E-007  1.089617609978E-002  3.487501203381E-007  2.094443188980E-003  0.000000000000E+000  0.000000000000E+000  0.000000000000E+000  0.000000000000E+000  0.000000000000E+000  0.000000000000E+000
   1.717500000000E+002  1.000000000000E+000  9.869971871376E-001  1.168946710095E-005  1.954979609309E-007  1.089616771787E-002  3.487494382171E-007  2.094441326335E-003  0.000000000000E+000  0.000000000000E+000  0.000000000000E+000  0.000000000000E+000  0.000000000000E+000  0.000000000000E+000
   1.720000000000E+002  1.000000000000E+000  9.869971871376E-001  1.168947710539E-005  1.954959998329E-007  1.089616864920E-002  3.487490118914E-007  2.094440627843E-003  0.000000000000E+000  0.000000000000E+000  0.000000000000E+000  0.000000000000E+000  0.000000000000E+000  0.000000000000E+000
   1.722500000000E+002  1.000000000000E+000  9.869971275330E-001  1.168948801933E-005  1.954940387350E-007  1.089616958052E-002  3.487486708309E-007  2.094439929351E-003  0.000000000000E+000  0.000000000000E+000  0.000000000000E+000  0.000000000000E+000  0.000000000000E+000  0.000000000000E+000
   1.725000000000E+002  1.000000000000E+000  9.869971275330E-001  1.168949802377E-005  1.954920918479E-007  1.089616771787E-002  3.487480739750E-007  2.094443421811E-003  0.000000000000E+000  0.000000000000E+000  0.000000000000E+000  0.000000000000E+000  0.000000000000E+000  0.000000000000E+000
   1.727500000000E+002  1.000000000000E+000  9.869971871376E-001  1.168950529973E-005  1.954884680799E-007  1.089616306126E-002  3.487468234198E-007  2.094443887472E-003  0.000000000000E+000  0.000000000000E+000  0.000000000000E+000  0.000000000000E+000  0.000000000000E+000  0.000000000000E+000
   1.730000000000E+002  1.000000000000E+000  9.869971871376E-001  1.168951075670E-005  1.954832811180E-007  1.089616492391E-002  3.487452033824E-007  2.094442956150E-003  0.000000000000E+000  0.000000000000E+000  0.000000000000E+000  0.000000000000E+000  0.000000000000E+000  0.000000000000E+000
   1.732500000000E+002  1.000000000000E+000  9.869971275330E-001  1.168951803265E-005  1.954780799451E-007  1.089616678655E-002  3.487436117666E-007  2.094442257658E-003  0.000000000000E+000  0.000000000000E+000  0.000000000000E+000  0.000000000000E+000  0.000000000000E+000  0.000000000000E+000
   1.735000000000E+002  1.000000000000E+000  9.869971275330E-001  1.168952712760E-005  1.954727792963E-007  1.089616771787E-002  3.487420485726E-007  2.094441791996E-003  0.000000000000E+000  0.000000000000E+000  0.000000000000E+000  0.000000000000E+000  0.000000000000E+000  0.000000000000E+000
   1.737500000000E+002  1.000000000000E+000  9.869971275330E-001  1.168953895103E-005  1.954674360150E-007  1.089616771787E-002  3.487404853786E-007  2.094441093504E-003  0.000000000000E+000  0.000000000000E+000  0.000000000000E+000  0.000000000000E+000  0.000000000000E+000  0.000000000000E+000
   1.740000000000E+002  1.000000000000E+000  9.869971275330E-001  1.168954986497E-005  1.954620927336E-007  1.089616864920E-002  3.487389506063E-007  2.094440627843E-003  0.000000000000E+000  0.000000000000E+000  0.000000000000E+000  0.000000000000E+000  0.000000000000E+000  0.000000000000E+000
   1.742500000000E+002  1.000000000000E+000  9.869971871376E-001  1.168956168840E-005  1.954567494522E-007  1.089616864920E-002  3.487373589905E-007  2.094440162182E-003  0.000000000000E+000  0.000000000000E+000  0.000000000000E+000  0.000000000000E+000  0.000000000000E+000  0.000000000000E+000
   1.745000000000E+002  1.000000000000E+000  9.869971871376E-001  1.168958533526E-005  1.954511361646E-007  1.089616958052E-002  3.487360231702E-007  2.094439696521E-003  0.000000000000E+000  0.000000000000E+000  0.000000000000E+000  0.000000000000E+000  0.000000000000E+000  0.000000000000E+000
   1.747500000000E+002  1.000000000000E+000  9.869972467422E-001  1.169022198155E-005  1.954341826149E-007  1.089608483016E-002  3.487431570193E-007  2.094451570883E-003  0.000000000000E+000  0.000000000000E+000  0.000000000000E+000  0.000000000000E+000  0.000000000000E+000  0.000000000000E+000
   1.750000000000E+002  1.000000000000E+000  9.869972467422E-001  1.169025563286E-005  1.954284272188E-007  1.089608576149E-002  3.487419917292E-007  2.094451105222E-003  0.000000000000E+000  0.000000000000E+000  0.000000000000E+000  0.000000000000E+000  0.000000000000E+000  0.000000000000E+000
   1.752500000000E+002  1.000000000000E+000  9.869972467422E-001  1.169028473669E-005  1.954224444489E-007  1.089608576149E-002  3.487406559088E-007  2.094450639561E-003  0.000000000000E+000  0.000000000000E+000  0.000000000000E+000  0.000000000000E+000  0.000000000000E+000  0.000000000000E+000
   1.755000000000E+002  1.000000000000E+000  9.869972467422E-001  1.169031475001E-005  1.954161632511E-007  1.089608669281E-002  3.487392632451E-007  2.094449941069E-003  0.000000000000E+000  0.000000000000E+000  0.000000000000E+000  0.000000000000E+000  0.000000000000E+000  0.000000000000E+000
   1.757500000000E+002  1.000000000000E+000  9.869972467422E-001  1.169034385384E-005  1.954098820534E-007  1.089608669281E-002  3.487378990030E-007  2.094449475408E-003  0.000000000000E+000  0.000000000000E+000  0.000000000000E+000  0.000000000000E+000  0.000000000000E+000  0.000000000000E+000
   1.760000000000E+002  1.000000000000E+000  9.869972467422E-001  1.169037295767E-005  1.954036008556E-007  1.089608762413E-002  3.487365347610E-007  2.094449009746E-003  0.000000000000E+000  0.000000000000E+000  0.000000000000E+000  0.000000000000E+000  0.000000000000E+000  0.000000000000E+000
   1.762500000000E+002  1.000000000000E+000  9.869972467422E-001  1.169040206150E-005  1.953973054469E-007  1.089608855546E-002  3.487351136755E-007  2.094448311254E-003  0.000000000000E+000  0.000000000000E+000  0.000000000000E+000  0.000000000000E+000  0.000000000000E+000  0.000000000000E+000
   1.765000000000E+002  1.000000000000E+000  9.869972467422E-001  1.169043116533E-005  1.953909247732E-007  1.089608110487E-002  3.487334083729E-007  2.094449475408E-003  0.000000000000E+000  0.000000000000E+000  0.000000000000E+000  0.000000000000E+000  0.000000000000E+000  0.000000000000E+000
   1.767500000000E+002  1.000000000000E+000  9.869972467422E-001  1.169045845018E-005  1.953845440994E-007  1.089608203620E-002  3.487319304440E-007  2.094448776916E-003  0.000000000000E+000  0.000000000000E+000  0.000000000000E+000  0.000000000000E+000  0.000000000000E+000  0.000000000000E+000
   1.770000000000E+002  1.000000000000E+000  9.869972467422E-001  1.169048300653E-005  1.953782060582E-007  1.089608203620E-002  3.487304525152E-007  2.094448311254E-003  0.000000000000E+000  0.000000000000E+000  0.000000000000E+000  0.000000000000E+000  0.000000000000E+000  0.000000000000E+000
   1.772500000000E+002  1.000000000000E+000  9.869972467422E-001  1.169050665339E-005  1.953719674930E-007  1.089608296752E-002  3.487289461646E-007  2.094447845593E-003  0.000000000000E+000  0.000000000000E+000  0.000000000000E+000  0.000000000000E+000  0.000000000000E+000  0.000000000000E+000
   1.775000000000E+002  1.000000000000E+000  9.869972467422E-001  1.169053120975E-005  1.953657999820E-007  1.089608296752E-002  3.487274682357E-007  2.094447379932E-003  0.000000000000E+000  0.000000000000E+000  0.000000000000E+000  0.000000000000E+000  0.000000000000E+000  0.000000000000E+000
   1.777500000000E+002  1.000000000000E+000  9.869972467422E-001  1.169055576611E-005  1.953596466819E-007  1.089608389884E-002  3.487259618851E-007  2.094446914271E-003  0.000000000000E+000  0.000000000000E+000  0.000000000000E+000  0.000000000000E+000  0.000000000000E+000  0.000000000000E+000
   1.780000000000E+002  1.000000000000E+000  9.869972467422E-001  1.169058032247E-005  1.953535218036E-007  1.089608669281E-002  3.487244271128E-007  2.094448776916E-003  0.000000000000E+000  0.000000000000E+000  0.000000000000E+000  0.000000000000E+000  0.000000000000E+000  0.000000000000E+000
   1.782500000000E+002  1.000000000000E+000  9.869973063469E-001  1.169075494545E-005  1.955330048986E-007  1.089599728584E-002  3.487893422971E-007  2.094462746754E-003  0.000000000000E+000  0.000000000000E+000  0.000000000000E+000  0.000000000000E+000  0.000000000000E+000  0.000000000000E+000
   1.785000000000E+002  1.000000000000E+000  9.869973063469E-001  1.169077950181E-005  1.955268373877E-007  1.089599821717E-002  3.487878927899E-007  2.094462048262E-003  0.000000000000E+000  0.000000000000E+000  0.000000000000E+000  0.000000000000E+000  0.000000000000E+000  0.000000000000E+000
   1.787500000000E+002  1.000000000000E+000  9.869973063469E-001  1.169080496766E-005  1.955206698767E-007  1.089599821717E-002  3.487863864393E-007  2.094461582601E-003  0.000000000000E+000  0.000000000000E+000  0.000000000000E+000  0.000000000000E+000  0.000000000000E+000  0.000000000000E+000
   1.790000000000E+002  1.000000000000E+000  9.869973063469E-001  1.169080223917E-005  1.955135644494E-007  1.089599914849E-002  3.487839421723E-007  2.094461116940E-003  0.000000000000E+000  0.000000000000E+000  0.000000000000E+000  0.000000000000E+000  0.000000000000E+000  0.000000000000E+000
   1.792500000000E+002  1.000000000000E+000  9.869973063469E-001  1.169077313534E-005  1.955055779490E-007  1.089599914849E-002  3.487804463020E-007  2.094460651278E-003  0.000000000000E+000  0.000000000000E+000  0.000000000000E+000  0.000000000000E+000  0.000000000000E+000  0.000000000000E+000
   1.795000000000E+002  1.000000000000E+000  9.869973063469E-001  1.169074312202E-005  1.954975772378E-007  1.089600007981E-002  3.487769788535E-007  2.094460185617E-003  0.000000000000E+000  0.000000000000E+000  0.000000000000E+000  0.000000000000E+000  0.000000000000E+000  0.000000000000E+000
   1.797500000000E+002  1.000000000000E+000  9.869973063469E-001  1.169071038021E-005  1.954896760026E-007  1.089599728584E-002  3.487731419227E-007  2.094463910908E-003  0.000000000000E+000  0.000000000000E+000  0.000000000000E+000  0.000000000000E+000  0.000000000000E+000  0.000000000000E+000
   1.800000000000E+002  1.000000000000E+000  9.869973063469E-001  1.169067400042E-005  1.954818031891E-007  1.089599821717E-002  3.487695323656E-007  2.094463445246E-003  0.000000000000E+000  0.000000000000E+000  0.000000000000E+000  0.000000000000E+000  0.000000000000E+000  0.000000000000E+000
   1.802500000000E+002  1.000000000000E+000  9.869973063469E-001  1.169063671114E-005  1.954739445864E-007  1.089599821717E-002  3.487658943868E-007  2.094462979585E-003  0.000000000000E+000  0.000000000000E+000  0.000000000000E+000  0.000000000000E+000  0.000000000000E+000  0.000000000000E+000
   1.805000000000E+002  1.000000000000E+000  9.869973063469E-001  1.169060033135E-005  1.954661144055E-007  1.089599821717E-002  3.487622564080E-007  2.094462513924E-003  0.000000000000E+000  0.000000000000E+000  0.000000000000E+000  0.000000000000E+000  0.000000000000E+000  0.000000000000E+000
   1.807500000000E+002  1.000000000000E+000  9.869973063469E-001  1.169056304207E-005  1.954582984354E-007  1.089599262923E-002  3.487584478989E-007  2.094463212416E-003  0.000000000000E+000  0.000000000000E+000  0.000000000000E+000  0.000000000000E+000  0.000000000000E+000  0.000000000000E+000
   1.810000000000E+002  1.000000000000E+000  9.869973063469E-001  1.169052666228E-005  1.954505108870E-007  1.089599356055E-002  3.487548667636E-007  2.094462746754E-003  0.000000000000E+000  0.000000000000E+000  0.000000000000E+000  0.000000000000E+000  0.000000000000E+000  0.000000000000E+000
   1.812500000000E+002  1.000000000000E+000  9.869973063469E-001  1.169048937300E-005  1.954427375495E-007  1.089599356055E-002  3.487513140499E-007  2.094462281093E-003  0.000000000000E+000  0.000000000000E+000  0.000000000000E+000  0.000000000000E+000  0.000000000000E+000  0.000000000000E+000
   1.815000000000E+002  1.000000000000E+000  9.869973063469E-001  1.169046754512E-005  1.954347084165E-007  1.089599449188E-002  3.487480171316E-007  2.094461582601E-003  0.000000000000E+000  0.000000000000E+000  0.000000000000E+000  0.000000000000E+000  0.000000000000E+000  0.000000000000E+000
   1.817500000000E+002  1.000000000000E+000  9.869973063469E-001  1.168993821921E-005  1.954354189593E-007  1.089598797262E-002  3.487347441933E-007  2.094462513924E-003  0.000000000000E+000  0.000000000000E+000  0.000000000000E+000  0.000000000000E+000  0.000000000000E+000  0.000000000000E+000
   1.820000000000E+002  1.000000000000E+000  9.869973063469E-001  1.168989547295E-005  1.954266082294E-007  1.089598890394E-002  3.487307083105E-007  2.094461815432E-003  0.000000000000E+000  0.000000000000E+000  0.000000000000E+000  0.000000000000E+000  0.000000000000E+000  0.000000000000E+000
   1.822500000000E+002  1.000000000000E+000  9.869973063469E-001  1.168986909761E-005  1.954164758899E-007  1.089598983526E-002  3.487265871627E-007  2.094461349770E-003  0.000000000000E+000  0.000000000000E+000  0.000000000000E+000  0.000000000000E+000  0.000000000000E+000  0.000000000000E+000
   1.825000000000E+002  1.000000000000E+000  9.869973063469E-001  1.168984272226E-005  1.954063435505E-007  1.089599076658E-002  3.487224944365E-007  2.094460651278E-003  0.000000000000E+000  0.000000000000E+000  0.000000000000E+000  0.000000000000E+000  0.000000000000E+000  0.000000000000E+000
   1.827500000000E+002  1.000000000000E+000  9.869973659515E-001  1.169043116533E-005  1.953848283165E-007  1.089590787888E-002  3.487267861146E-007  2.094476250932E-003  0.000000000000E+000  0.000000000000E+000  0.000000000000E+000  0.000000000000E+000  0.000000000000E+000  0.000000000000E+000
   1.830000000000E+002  1.000000000000E+000  9.869973659515E-001  1.169040478999E-005  1.953746391337E-007  1.089590135962E-002  3.487223239063E-007  2.094477182254E-003  0.000000000000E+000  0.000000000000E+000  0.000000000000E+000  0.000000000000E+000  0.000000000000E+000  0.000000000000E+000
   1.832500000000E+002  1.000000000000E+000  9.869973659515E-001  1.169037841464E-005  1.953645067942E-007  1.089590229094E-002  3.487181459150E-007  2.094476483762E-003  0.000000000000E+000  0.000000000000E+000  0.000000000000E+000  0.000000000000E+000  0.000000000000E+000  0.000000000000E+000
   1.835000000000E+002  1.000000000000E+000  9.869973659515E-001  1.169035203930E-005  1.953543744548E-007  1.089590322226E-002  3.487139963454E-007  2.094475785270E-003  0.000000000000E+000  0.000000000000E+000  0.000000000000E+000  0.000000000000E+000  0.000000000000E+000  0.000000000000E+000
   1.837500000000E+002  1.000000000000E+000  9.869973659515E-001  1.169032475445E-005  1.953441994829E-007  1.089590415359E-002  3.487098183541E-007  2.094475086778E-003  0.000000000000E+000  0.000000000000E+000  0.000000000000E+000  0.000000000000E+000  0.000000000000E+000  0.000000000000E+000
   1.840000000000E+002  1.000000000000E+000  9.869973659515E-001  1.169029837911E-005  1.953340245109E-007  1.089590508491E-002  3.487056687845E-007  2.094474388286E-003  0.000000000000E+000  0.000000000000E+000  0.000000000000E+000  0.000000000000E+000  0.000000000000E+000  0.000000000000E+000
   1.842500000000E+002  1.000000000000E+000  9.869974255562E-001  1.169042479887E-005  1.955145876309E-007  1.089582405984E-002  3.487699871130E-007  2.094489522278E-003  0.000000000000E+000  0.000000000000E+000  0.000000000000E+000  0.000000000000E+000  0.000000000000E+000  0.000000000000E+000
   1.845000000000E+002  1.000000000000E+000  9.869974255562E-001  1.169039842353E-005  1.955044410806E-007  1.089582499117E-002  3.487658375434E-007  2.094488823786E-003  0.000000000000E+000  0.000000000000E+000  0.000000000000E+000  0.000000000000E+000  0.000000000000E+000  0.000000000000E+000
   1.847500000000E+002  1.000000000000E+000  9.869974255562E-001  1.169037204818E-005  1.954943087412E-007  1.089582592249E-002  3.487617448172E-007  2.094488125294E-003  0.000000000000E+000  0.000000000000E+000  0.000000000000E+000  0.000000000000E+000  0.000000000000E+000  0.000000000000E+000
   1.850000000000E+002  1.000000000000E+000  9.869974255562E-001  1.169034476334E-005  1.954841764018E-007  1.089582685381E-002  3.487576236694E-007  2.094487426803E-003  0.000000000000E+000  0.000000000000E+000  0.000000000000E+000  0.000000000000E+000  0.000000000000E+000  0.000000000000E+000
   1.852500000000E+002  1.000000000000E+000  9.869974255562E-001  1.169031838799E-005  1.954740582732E-007  1.089582871646E-002  3.487535309432E-007  2.094486728311E-003  0.000000000000E+000  0.000000000000E+000  0.000000000000E+000  0.000000000000E+000  0.000000000000E+000  0.000000000000E+000
   1.855000000000E+002  1.000000000000E+000  9.869974851608E-001  1.169029201264E-005  1.954638264579E-007  1.089581940323E-002  3.487490971565E-007  2.094485098496E-003  0.000000000000E+000  0.000000000000E+000  0.000000000000E+000  0.000000000000E+000  0.000000000000E+000  0.000000000000E+000
   1.857500000000E+002  1.000000000000E+000  9.869974851608E-001  1.169026563730E-005  1.954536514859E-007  1.089581660926E-002  3.487450328521E-007  2.094481140375E-003  0.000000000000E+000  0.000000000000E+000  0.000000000000E+000  0.000000000000E+000  0.000000000000E+000  0.000000000000E+000
   1.860000000000E+002  1.000000000000E+000  9.869974851608E-001  1.169023926195E-005  1.954435191465E-007  1.089581754059E-002  3.487408548608E-007  2.094480441883E-003  0.000000000000E+000  0.000000000000E+000  0.000000000000E+000  0.000000000000E+000  0.000000000000E+000  0.000000000000E+000
   1.862500000000E+002  1.000000000000E+000  9.869974851608E-001  1.169021288661E-005  1.954334010179E-007  1.089582126588E-002  3.487367052912E-007  2.094482304528E-003  0.000000000000E+000  0.000000000000E+000  0.000000000000E+000  0.000000000000E+000  0.000000000000E+000  0.000000000000E+000
   1.865000000000E+002  1.000000000000E+000  9.869974851608E-001  1.169018651126E-005  1.954232686785E-007  1.089582312852E-002  3.487325557217E-007  2.094481606036E-003  0.000000000000E+000  0.000000000000E+000  0.000000000000E+000  0.000000000000E+000  0.000000000000E+000  0.000000000000E+000
   1.867500000000E+002  1.000000000000E+000  9.869974851608E-001  1.169016013591E-005  1.954131221282E-007  1.089582405984E-002  3.487284061521E-007  2.094480907544E-003  0.000000000000E+000  0.000000000000E+000  0.000000000000E+000  0.000000000000E+000  0.000000000000E+000  0.000000000000E+000
   1.870000000000E+002  1.000000000000E+000  9.869974851608E-001  1.169013467006E-005  1.954029471563E-007  1.089582499117E-002  3.487242565825E-007  2.094480209053E-003  0.000000000000E+000  0.000000000000E+000  0.000000000000E+000  0.000000000000E+000  0.000000000000E+000  0.000000000000E+000
   1.872500000000E+002  1.000000000000E+000  9.869974851608E-001  1.169010829472E-005  1.953928006060E-007  1.089582592249E-002  3.487201070129E-007  2.094479510561E-003  0.000000000000E+000  0.000000000000E+000  0.000000000000E+000  0.000000000000E+000  0.000000000000E+000  0.000000000000E+000
   1.875000000000E+002  1.000000000000E+000  9.869974851608E-001  1.169008191937E-005  1.953828956403E-007  1.089582685381E-002  3.487161279736E-007  2.094478812069E-003  0.000000000000E+000  0.000000000000E+000  0.000000000000E+000  0.000000000000E+000  0.000000000000E+000  0.000000000000E+000
   1.877500000000E+002  1.000000000000E+000  9.869974851608E-001  1.169005554402E-005  1.953732180482E-007  1.089582871646E-002  3.487122057777E-007  2.094477880746E-003  0.000000000000E+000  0.000000000000E+000  0.000000000000E+000  0.000000000000E+000  0.000000000000E+000  0.000000000000E+000
   1.880000000000E+002  1.000000000000E+000  9.869974851608E-001  1.169003007817E-005  1.953634551910E-007  1.089583151042E-002  3.487083120035E-007  2.094476949424E-003  0.000000000000E+000  0.000000000000E+000  0.000000000000E+000  0.000000000000E+000  0.000000000000E+000  0.000000000000E+000
   1.882500000000E+002  1.000000000000E+000  9.869974255562E-001  1.169000370282E-005  1.953536781230E-007  1.089583057910E-002  3.487041340122E-007  2.094480441883E-003  0.000000000000E+000  0.000000000000E+000  0.000000000000E+000  0.000000000000E+000  0.000000000000E+000  0.000000000000E+000
   1.885000000000E+002  1.000000000000E+000  9.869974255562E-001  1.168997732748E-005  1.953439010549E-007  1.089583244175E-002  3.487002402380E-007  2.094479510561E-003  0.000000000000E+000  0.000000000000E+000  0.000000000000E+000  0.000000000000E+000  0.000000000000E+000  0.000000000000E+000
   1.887500000000E+002  1.000000000000E+000  9.869975447655E-001  1.169065126305E-005  1.954472850230E-007  1.089570019394E-002  3.487491255783E-007  2.094504656270E-003  0.000000000000E+000  0.000000000000E+000  0.000000000000E+000  0.000000000000E+000  0.000000000000E+000  0.000000000000E+000
   1.890000000000E+002  1.000000000000E+000  9.869975447655E-001  1.169062488771E-005  1.954375221658E-007  1.089570205659E-002  3.487451749606E-007  2.094503724948E-003  0.000000000000E+000  0.000000000000E+000  0.000000000000E+000  0.000000000000E+000  0.000000000000E+000  0.000000000000E+000
   1.892500000000E+002  1.000000000000E+000  9.869975447655E-001  1.169059942185E-005  1.954277308869E-007  1.089570391923E-002  3.487412243430E-007  2.094502793625E-003  0.000000000000E+000  0.000000000000E+000  0.000000000000E+000  0.000000000000E+000  0.000000000000E+000  0.000000000000E+000
   1.895000000000E+002  1.000000000000E+000  9.869975447655E-001  1.169057486550E-005  1.954179396080E-007  1.089570578188E-002  3.487373305688E-007  2.094501862302E-003  0.000000000000E+000  0.000000000000E+000  0.000000000000E+000  0.000000000000E+000  0.000000000000E+000  0.000000000000E+000
   1.897500000000E+002  1.000000000000E+000  9.869975447655E-001  1.169054667116E-005  1.954082051725E-007  1.089570764452E-002  3.487334083729E-007  2.094500930980E-003  0.000000000000E+000  0.000000000000E+000  0.000000000000E+000  0.000000000000E+000  0.000000000000E+000  0.000000000000E+000
   1.900000000000E+002  1.000000000000E+000  9.869975447655E-001  1.169051574834E-005  1.953985275804E-007  1.089571043849E-002  3.487293440685E-007  2.094500232488E-003  0.000000000000E+000  0.000000000000E+000  0.000000000000E+000  0.000000000000E+000  0.000000000000E+000  0.000000000000E+000
   1.902500000000E+002  1.000000000000E+000  9.869975447655E-001  1.169048391603E-005  1.953888641992E-007  1.089571230114E-002  3.487253366075E-007  2.094499301165E-003  0.000000000000E+000  0.000000000000E+000  0.000000000000E+000  0.000000000000E+000  0.000000000000E+000  0.000000000000E+000
   1.905000000000E+002  1.000000000000E+000  9.869975447655E-001  1.169045117422E-005  1.953776092023E-007  1.089570857584E-002  3.487204196517E-007  2.094499533996E-003  0.000000000000E+000  0.000000000000E+000  0.000000000000E+000  0.000000000000E+000  0.000000000000E+000  0.000000000000E+000
   1.907500000000E+002  1.000000000000E+000  9.869975447655E-001  1.169041752291E-005  1.953647768005E-007  1.089570298791E-002  3.487148774184E-007  2.094500232488E-003  0.000000000000E+000  0.000000000000E+000  0.000000000000E+000  0.000000000000E+000  0.000000000000E+000  0.000000000000E+000
   1.910000000000E+002  1.000000000000E+000  9.869975447655E-001  1.169038023363E-005  1.953520722964E-007  1.089570485055E-002  3.487096194021E-007  2.094499301165E-003  0.000000000000E+000  0.000000000000E+000  0.000000000000E+000  0.000000000000E+000  0.000000000000E+000  0.000000000000E+000
   1.912500000000E+002  1.000000000000E+000  9.869975447655E-001  1.169033930637E-005  1.953394246357E-007  1.089570764452E-002  3.487043045425E-007  2.094498369843E-003  0.000000000000E+000  0.000000000000E+000  0.000000000000E+000  0.000000000000E+000  0.000000000000E+000  0.000000000000E+000
   1.915000000000E+002  1.000000000000E+000  9.869975447655E-001  1.169029746961E-005  1.953267769750E-007  1.089570950717E-002  3.486989896828E-007  2.094497438520E-003  0.000000000000E+000  0.000000000000E+000  0.000000000000E+000  0.000000000000E+000  0.000000000000E+000  0.000000000000E+000
   1.917500000000E+002  1.000000000000E+000  9.869975447655E-001  1.169025654235E-005  1.953141861577E-007  1.089571230114E-002  3.486936748232E-007  2.094496507198E-003  0.000000000000E+000  0.000000000000E+000  0.000000000000E+000  0.000000000000E+000  0.000000000000E+000  0.000000000000E+000
   1.920000000000E+002  1.000000000000E+000  9.869975447655E-001  1.169021652458E-005  1.953017090273E-007  1.089571416378E-002  3.486883599635E-007  2.094495808706E-003  0.000000000000E+000  0.000000000000E+000  0.000000000000E+000  0.000000000000E+000  0.000000000000E+000  0.000000000000E+000
   1.922500000000E+002  1.000000000000E+000  9.869975447655E-001  1.169017468783E-005  1.952893029511E-007  1.089571602643E-002  3.486830735255E-007  2.094494877383E-003  0.000000000000E+000  0.000000000000E+000  0.000000000000E+000  0.000000000000E+000  0.000000000000E+000  0.000000000000E+000
   1.925000000000E+002  1.000000000000E+000  9.869975447655E-001  1.169013376057E-005  1.952771526703E-007  1.089571788907E-002  3.486778723527E-007  2.094493946061E-003  0.000000000000E+000  0.000000000000E+000  0.000000000000E+000  0.000000000000E+000  0.000000000000E+000  0.000000000000E+000
   1.927500000000E+002  1.000000000000E+000  9.869975447655E-001  1.169009374280E-005  1.952653150283E-007  1.089572068304E-002  3.486727280233E-007  2.094493247569E-003  0.000000000000E+000  0.000000000000E+000  0.000000000000E+000  0.000000000000E+000  0.000000000000E+000  0.000000000000E+000
   1.930000000000E+002  1.000000000000E+000  9.869975447655E-001  1.169005281554E-005  1.952534773864E-007  1.089572254568E-002  3.486675552722E-007  2.094492316246E-003  0.000000000000E+000  0.000000000000E+000  0.000000000000E+000  0.000000000000E+000  0.000000000000E+000  0.000000000000E+000
   1.932500000000E+002  1.000000000000E+000  9.869976043701E-001  1.169016195490E-005  1.954273187721E-007  1.089564431459E-002  3.487290882731E-007  2.094506984577E-003  0.000000000000E+000  0.000000000000E+000  0.000000000000E+000  0.000000000000E+000  0.000000000000E+000  0.000000000000E+000
   1.935000000000E+002  1.000000000000E+000  9.869976043701E-001  1.169012193714E-005  1.954154669193E-007  1.089564617723E-002  3.487239439437E-007  2.094506053254E-003  0.000000000000E+000  0.000000000000E+000  0.000000000000E+000  0.000000000000E+000  0.000000000000E+000  0.000000000000E+000
   1.937500000000E+002  1.000000000000E+000  9.869976043701E-001  1.169008100987E-005  1.954036292773E-007  1.089564897120E-002  3.487187996143E-007  2.094505354762E-003  0.000000000000E+000  0.000000000000E+000  0.000000000000E+000  0.000000000000E+000  0.000000000000E+000  0.000000000000E+000
   1.940000000000E+002  1.000000000000E+000  9.869976043701E-001  1.169004099211E-005  1.953917774244E-007  1.089565083385E-002  3.487136552849E-007  2.094504423440E-003  0.000000000000E+000  0.000000000000E+000  0.000000000000E+000  0.000000000000E+000  0.000000000000E+000  0.000000000000E+000
   1.942500000000E+002  1.000000000000E+000  9.869976043701E-001  1.169000006485E-005  1.953798545173E-007  1.089564245194E-002  3.487081983167E-007  2.094502560794E-003  0.000000000000E+000  0.000000000000E+000  0.000000000000E+000  0.000000000000E+000  0.000000000000E+000  0.000000000000E+000
   1.945000000000E+002  1.000000000000E+000  9.869976043701E-001  1.168996004708E-005  1.953679600319E-007  1.089564524591E-002  3.487029971438E-007  2.094501862302E-003  0.000000000000E+000  0.000000000000E+000  0.000000000000E+000  0.000000000000E+000  0.000000000000E+000  0.000000000000E+000
   1.947500000000E+002  1.000000000000E+000  9.869976043701E-001  1.168991821032E-005  1.953560087031E-007  1.089564710855E-002  3.486978243927E-007  2.094500930980E-003  0.000000000000E+000  0.000000000000E+000  0.000000000000E+000  0.000000000000E+000  0.000000000000E+000  0.000000000000E+000
   1.950000000000E+002  1.000000000000E+000  9.869976043701E-001  1.168987273559E-005  1.953441142177E-007  1.089564897120E-002  3.486925947982E-007  2.094500232488E-003  0.000000000000E+000  0.000000000000E+000  0.000000000000E+000  0.000000000000E+000  0.000000000000E+000  0.000000000000E+000
   1.952500000000E+002  1.000000000000E+000  9.869976043701E-001  1.168982817035E-005  1.953322623649E-007  1.089565083385E-002  3.486873367819E-007  2.094499533996E-003  0.000000000000E+000  0.000000000000E+000  0.000000000000E+000  0.000000000000E+000  0.000000000000E+000  0.000000000000E+000
   1.955000000000E+002  1.000000000000E+000  9.869976043701E-001  1.168978269561E-005  1.953203678795E-007  1.089565269649E-002  3.486821071874E-007  2.094498835504E-003  0.000000000000E+000  0.000000000000E+000  0.000000000000E+000  0.000000000000E+000  0.000000000000E+000  0.000000000000E+000
   1.957500000000E+002  1.000000000000E+000  9.869976043701E-001  1.168973722088E-005  1.953084733941E-007  1.089565455914E-002  3.486768775929E-007  2.094498137012E-003  0.000000000000E+000  0.000000000000E+000  0.000000000000E+000  0.000000000000E+000  0.000000000000E+000  0.000000000000E+000
   1.960000000000E+002  1.000000000000E+000  9.869976043701E-001  1.168969265564E-005  1.952966215413E-007  1.089565642178E-002  3.486716195766E-007  2.094497438520E-003  0.000000000000E+000  0.000000000000E+000  0.000000000000E+000  0.000000000000E+000  0.000000000000E+000  0.000000000000E+000
   1.962500000000E+002  1.000000000000E+000  9.869976043701E-001  1.168964718090E-005  1.952847554776E-007  1.089566107839E-002  3.486663615604E-007  2.094499301165E-003  0.000000000000E+000  0.000000000000E+000  0.000000000000E+000  0.000000000000E+000  0.000000000000E+000  0.000000000000E+000
   1.965000000000E+002  1.000000000000E+000  9.869976043701E-001  1.168960170617E-005  1.952729036248E-007  1.089566294104E-002  3.486611035441E-007  2.094498602673E-003  0.000000000000E+000  0.000000000000E+000  0.000000000000E+000  0.000000000000E+000  0.000000000000E+000  0.000000000000E+000
   1.967500000000E+002  1.000000000000E+000  9.869976043701E-001  1.168955714093E-005  1.952610091394E-007  1.089566480368E-002  3.486558739496E-007  2.094498137012E-003  0.000000000000E+000  0.000000000000E+000  0.000000000000E+000  0.000000000000E+000  0.000000000000E+000  0.000000000000E+000
   1.970000000000E+002  1.000000000000E+000  9.869976043701E-001  1.168951166619E-005  1.952491572865E-007  1.089566666633E-002  3.486505590899E-007  2.094497438520E-003  0.000000000000E+000  0.000000000000E+000  0.000000000000E+000  0.000000000000E+000  0.000000000000E+000  0.000000000000E+000
   1.972500000000E+002  1.000000000000E+000  9.869976043701E-001  1.168946801045E-005  1.952372485903E-007  1.089566852897E-002  3.486453579171E-007  2.094496507198E-003  0.000000000000E+000  0.000000000000E+000  0.000000000000E+000  0.000000000000E+000  0.000000000000E+000  0.000000000000E+000
   1.975000000000E+002  1.000000000000E+000  9.869976043701E-001  1.168942344520E-005  1.952253398940E-007  1.089567039162E-002  3.486401283226E-007  2.094496041536E-003  0.000000000000E+000  0.000000000000E+000  0.000000000000E+000  0.000000000000E+000  0.000000000000E+000  0.000000000000E+000
   1.977500000000E+002  1.000000000000E+000  9.869976043701E-001  1.168937887996E-005  1.952134454086E-007  1.089567225426E-002  3.486348987281E-007  2.094495343044E-003  0.000000000000E+000  0.000000000000E+000  0.000000000000E+000  0.000000000000E+000  0.000000000000E+000  0.000000000000E+000
   1.980000000000E+002  1.000000000000E+000  9.869976043701E-001  1.168933431472E-005  1.952015225015E-007  1.089567132294E-002  3.486293849164E-007  2.094499068335E-003  0.000000000000E+000  0.000000000000E+000  0.000000000000E+000  0.000000000000E+000  0.000000000000E+000  0.000000000000E+000
   1.982500000000E+002  1.000000000000E+000  9.869976043701E-001  1.168928883999E-005  1.951896280161E-007  1.089567318559E-002  3.486240984785E-007  2.094498602673E-003  0.000000000000E+000  0.000000000000E+000  0.000000000000E+000  0.000000000000E+000  0.000000000000E+000  0.000000000000E+000
   1.985000000000E+002  1.000000000000E+000  9.869976043701E-001  1.168924427475E-005  1.951777335307E-007  1.089567504823E-002  3.486188120405E-007  2.094497904181E-003  0.000000000000E+000  0.000000000000E+000  0.000000000000E+000  0.000000000000E+000  0.000000000000E+000  0.000000000000E+000
   1.987500000000E+002  1.000000000000E+000  9.869976043701E-001  1.168919970951E-005  1.951658390453E-007  1.089567691088E-002  3.486135256026E-007  2.094497205690E-003  0.000000000000E+000  0.000000000000E+000  0.000000000000E+000  0.000000000000E+000  0.000000000000E+000  0.000000000000E+000
   1.990000000000E+002  1.000000000000E+000  9.869976043701E-001  1.168915514427E-005  1.951539729816E-007  1.089567970484E-002  3.486082107429E-007  2.094496740028E-003  0.000000000000E+000  0.000000000000E+000  0.000000000000E+000  0.000000000000E+000  0.000000000000E+000  0.000000000000E+000
   1.992500000000E+002  1.000000000000E+000  9.869976043701E-001  1.168910966953E-005  1.951420784962E-007  1.089568156749E-002  3.486029243049E-007  2.094496041536E-003  0.000000000000E+000  0.000000000000E+000  0.000000000000E+000  0.000000000000E+000  0.000000000000E+000  0.000000000000E+000
   1.995000000000E+002  1.000000000000E+000  9.869976043701E-001  1.168906601379E-005  1.951301698000E-007  1.089567597955E-002  3.485973820716E-007  2.094496972859E-003  0.000000000000E+000  0.000000000000E+000  0.000000000000E+000  0.000000000000E+000  0.000000000000E+000  0.000000000000E+000
   1.997500000000E+002  1.000000000000E+000  9.869976043701E-001  1.168902144855E-005  1.951182184712E-007  1.089567411691E-002  3.485920956336E-007  2.094493247569E-003  0.000000000000E+000  0.000000000000E+000  0.000000000000E+000  0.000000000000E+000  0.000000000000E+000  0.000000000000E+000
   2.000000000000E+002  1.000000000000E+000  9.869976043701E-001  1.168897597381E-005  1.951063808292E-007  1.089567597955E-002  3.485868660391E-007  2.094492549077E-003  0.000000000000E+000  0.000000000000E+000  0.000000000000E+000  0.000000000000E+000  0.000000000000E+000  0.000000000000E+000
