#                    1                    2                    3                    4                    5                    6                    7                    8                    9                   10                   11                   12                   13                   14
#               Time |      f_osc (state) |       === f_osc ===>
#               [fs] |                 [] |                 [] |
   0.000000000000E+000  0.000000000000E+000  0.000000000000E+000  0.000000000000E+000  6.751328287042E-005  0.000000000000E+000  4.264752771336E-005  0.000000000000E+000  8.766220844613E-005  0.000000000000E+000  9.919070891445E-006  0.000000000000E+000  4.051205915952E-005  0.000000000000E+000
   2.500000000000E-001  0.000000000000E+000  0.000000000000E+000  0.000000000000E+000  6.655984504208E-005  0.000000000000E+000  3.085320609623E-005  0.000000000000E+000  7.196635773686E-005  0.000000000000E+000  7.229942535676E-006  0.000000000000E+000  3.400723565099E-005  0.000000000000E+000
   5.000000000000E-001  0.000000000000E+000  0.000000000000E+000  0.000000000000E+000  6.056206781520E-005  0.000000000000E+000  1.887327610022E-005  0.000000000000E+000  6.095948379214E-005  0.000000000000E+000  4.554426467595E-006  0.000000000000E+000  2.459964445281E-005  0.000000000000E+000
   7.500000000000E-001  0.000000000000E+000  0.000000000000E+000  0.000000000000E+000  5.098129013767E-005  0.000000000000E+000  9.335446238740E-006  0.000000000000E+000  5.807034448346E-005  0.000000000000E+000  2.371394716270E-006  0.000000000000E+000  1.455053232862E-005  0.000000000000E+000
   1.000000000000E+000  0.000000000000E+000  0.000000000000E+000  0.000000000000E+000  3.986178805160E-005  0.000000000000E+000  3.364507604023E-006  0.000000000000E+000  6.408399401286E-005  0.000000000000E+000  9.197846613978E-007  0.000000000000E+000  6.189036800215E-006  0.000000000000E+000
   1.250000000000E+000  0.000000000000E+000  0.000000000000E+000  0.000000000000E+000  2.908563983264E-005  0.000000000000E+000  6.233489347488E-007  0.000000000000E+000  7.635281432432E-005  0.000000000000E+000  1.874674238218E-007  0.000000000000E+000  1.179312857484E-006  0.000000000000E+000
   1.500000000000E+000  0.000000000000E+000  0.000000000000E+000  0.000000000000E+000  1.989671485719E-005  0.000000000000E+000  4.008938259713E-010  0.000000000000E+000  8.976787852324E-005  0.000000000000E+000  1.354324286289E-010  0.000000000000E+000  1.185712480773E-007  0.000000000000E+000
   1.750000000000E+000  0.000000000000E+000  0.000000000000E+000  0.000000000000E+000  1.281213722259E-005  0.000000000000E+000  3.387832763627E-007  0.000000000000E+000  9.888520333081E-005  0.000000000000E+000  1.310045248685E-007  0.000000000000E+000  2.529774956574E-006  0.000000000000E+000
   2.000000000000E+000  0.000000000000E+000  0.000000000000E+000  0.000000000000E+000  7.793125975240E-006  0.000000000000E+000  8.436265539280E-007  0.000000000000E+000  1.000285709740E-004  0.000000000000E+000  3.795691696043E-007  0.000000000000E+000  7.150734049058E-006  0.000000000000E+000
   2.250000000000E+000  0.000000000000E+000  0.000000000000E+000  0.000000000000E+000  4.491061626819E-006  0.000000000000E+000  1.146810434067E-006  0.000000000000E+000  9.240275249939E-005  0.000000000000E+000  6.087510520334E-007  0.000000000000E+000  1.237498460450E-005  0.000000000000E+000
   2.500000000000E+000  0.000000000000E+000  0.000000000000E+000  0.000000000000E+000  2.456984867194E-006  0.000000000000E+000  1.183196093502E-006  0.000000000000E+000  7.791325008744E-005  0.000000000000E+000  7.496934896682E-007  0.000000000000E+000  1.671325936107E-005  0.000000000000E+000
   2.750000000000E+000  0.000000000000E+000  0.000000000000E+000  0.000000000000E+000  1.275441883316E-006  0.000000000000E+000  1.031250666458E-006  0.000000000000E+000  6.001283607033E-005  0.000000000000E+000  7.876977861280E-007  0.000000000000E+000  1.915643369692E-005  0.000000000000E+000
   3.000000000000E+000  0.000000000000E+000  0.000000000000E+000  0.000000000000E+000  6.245991644981E-007  0.000000000000E+000  7.976292249178E-007  0.000000000000E+000  4.224654505760E-005  0.000000000000E+000  7.411839738584E-007  0.000000000000E+000  1.934802553477E-005  0.000000000000E+000
   3.250000000000E+000  0.000000000000E+000  0.000000000000E+000  0.000000000000E+000  2.840079118409E-007  0.000000000000E+000  5.618945252798E-007  0.000000000000E+000  2.716148014598E-005  0.000000000000E+000  6.417121187771E-007  0.000000000000E+000  1.754306491710E-005  0.000000000000E+000
   3.500000000000E+000  0.000000000000E+000  0.000000000000E+000  0.000000000000E+000  1.158153795000E-007  0.000000000000E+000  3.649909928661E-007  0.000000000000E+000  1.590902478433E-005  0.000000000000E+000  5.198549787905E-007  0.000000000000E+000  1.440701978646E-005  0.000000000000E+000
   3.750000000000E+000  0.000000000000E+000  0.000000000000E+000  0.000000000000E+000  3.915392942289E-008  0.000000000000E+000  2.186146336893E-007  0.000000000000E+000  8.448622326340E-006  0.000000000000E+000  3.983245900959E-007  0.000000000000E+000  1.074901468931E-005  0.000000000000E+000
   4.000000000000E+000  0.000000000000E+000  0.000000000000E+000  0.000000000000E+000  8.539419729567E-009  0.000000000000E+000  1.187442184845E-007  0.000000000000E+000  4.038640469607E-006  0.000000000000E+000  2.907057396928E-007  0.000000000000E+000  7.281666677770E-006  0.000000000000E+000
   4.250000000000E+000  8.122600461915E-010  0.000000000000E+000  0.000000000000E+000  8.122600461915E-010  0.000000000000E+000  1.661088451902E-006  0.000000000000E+000  4.381231867216E-008  0.000000000000E+000  6.133394920657E-007  0.000000000000E+000  2.441106210643E-006  0.000000000000E+000
   4.500000000000E+000  1.852220205282E-009  0.000000000000E+000  0.000000000000E+000  1.852220205282E-009  0.000000000000E+000  7.558847078129E-007  0.000000000000E+000  3.753534043117E-008  0.000000000000E+000  1.964876204781E-007  0.000000000000E+000  1.917228881965E-006  0.000000000000E+000
   4.750000000000E+000  7.889909251369E-010  0.000000000000E+000  0.000000000000E+000  7.889909251369E-010  0.000000000000E+000  3.334369415851E-007  0.000000000000E+000  3.138086494976E-008  0.000000000000E+000  6.462643241218E-008  0.000000000000E+000  1.484180730273E-006  0.000000000000E+000
   5.000000000000E+000  4.421541177956E-011  0.000000000000E+000  0.000000000000E+000  1.447930056583E-007  0.000000000000E+000  4.421541177956E-011  0.000000000000E+000  2.592310630654E-008  0.000000000000E+000  4.517026143590E-008  0.000000000000E+000  1.134356738607E-006  0.000000000000E+000
   5.250000000000E+000  2.136704752448E-010  0.000000000000E+000  0.000000000000E+000  6.332618391440E-008  0.000000000000E+000  2.136704752448E-010  0.000000000000E+000  2.144841033672E-008  0.000000000000E+000  5.680394636224E-008  0.000000000000E+000  8.632126365843E-007  0.000000000000E+000
   5.500000000000E+000  1.118281697714E-009  0.000000000000E+000  0.000000000000E+000  2.773887681106E-008  0.000000000000E+000  1.118281697714E-009  0.000000000000E+000  1.784027680469E-008  0.000000000000E+000  6.891173581835E-008  0.000000000000E+000  6.551616409596E-007  0.000000000000E+000
   5.750000000000E+000  2.391324646337E-009  0.000000000000E+000  0.000000000000E+000  1.200999731931E-008  0.000000000000E+000  2.391324646337E-009  0.000000000000E+000  1.498385763816E-008  0.000000000000E+000  7.382605455066E-008  0.000000000000E+000  4.993247440820E-007  0.000000000000E+000
   6.000000000000E+000  3.695260763613E-009  0.000000000000E+000  0.000000000000E+000  4.870190384023E-009  0.000000000000E+000  3.695260763613E-009  0.000000000000E+000  1.273582446332E-008  0.000000000000E+000  7.214654824573E-008  0.000000000000E+000  3.850211671138E-007  0.000000000000E+000
   6.250000000000E+000  4.741541953805E-009  0.000000000000E+000  0.000000000000E+000  1.513576562347E-009  0.000000000000E+000  4.741541953805E-009  0.000000000000E+000  1.097222600215E-008  0.000000000000E+000  6.642559622508E-008  0.000000000000E+000  3.022447818715E-007  0.000000000000E+000
   6.500000000000E+000  3.730288177652E-010  0.000000000000E+000  0.000000000000E+000  1.171066785869E-010  0.000000000000E+000  3.730288177652E-010  0.000000000000E+000  9.448683653936E-008  0.000000000000E+000  4.752643245932E-009  0.000000000000E+000  1.715051792917E-007  0.000000000000E+000
   6.750000000000E+000  5.779610729166E-009  0.000000000000E+000  0.000000000000E+000  9.210621265703E-010  0.000000000000E+000  7.683570685104E-008  0.000000000000E+000  5.779610729166E-009  0.000000000000E+000  4.954902849269E-009  0.000000000000E+000  1.325690166132E-007  0.000000000000E+000
   7.000000000000E+000  2.380146632591E-009  0.000000000000E+000  0.000000000000E+000  1.304394376753E-009  0.000000000000E+000  6.841394598465E-008  0.000000000000E+000  2.380146632591E-009  0.000000000000E+000  4.683911865524E-009  0.000000000000E+000  1.104125031709E-007  0.000000000000E+000
   7.250000000000E+000  1.509652593934E-009  0.000000000000E+000  0.000000000000E+000  1.466134650804E-009  0.000000000000E+000  5.933758532446E-008  0.000000000000E+000  1.509652593934E-009  0.000000000000E+000  4.366194291652E-009  0.000000000000E+000  9.266515831147E-008  0.000000000000E+000
   7.500000000000E+000  1.029791485670E-009  0.000000000000E+000  0.000000000000E+000  1.504191531528E-009  0.000000000000E+000  5.146218678841E-008  0.000000000000E+000  4.038527393915E-009  0.000000000000E+000  1.029791485670E-009  0.000000000000E+000  7.814807839822E-008  0.000000000000E+000
   7.750000000000E+000  7.188639165256E-010  0.000000000000E+000  0.000000000000E+000  1.472364562766E-009  0.000000000000E+000  4.474080087867E-008  0.000000000000E+000  3.717368167235E-009  0.000000000000E+000  7.188639165256E-010  0.000000000000E+000  6.622736661011E-008  0.000000000000E+000
   8.000000000000E+000  5.066323351285E-010  0.000000000000E+000  0.000000000000E+000  1.401897109042E-009  0.000000000000E+000  3.901444649046E-008  0.000000000000E+000  3.410660519941E-009  0.000000000000E+000  5.066323351285E-010  0.000000000000E+000  5.636895595031E-008  0.000000000000E+000
   8.250000000000E+000  3.589350914055E-010  0.000000000000E+000  0.000000000000E+000  1.311694631030E-009  0.000000000000E+000  3.412759829023E-008  0.000000000000E+000  3.121959328430E-009  0.000000000000E+000  3.589350914055E-010  0.000000000000E+000  4.818586650935E-008  0.000000000000E+000
   8.500000000000E+000  2.552156632529E-010  0.000000000000E+000  0.000000000000E+000  1.213296393650E-009  0.000000000000E+000  2.994607848032E-008  0.000000000000E+000  2.852976586775E-009  0.000000000000E+000  2.552156632529E-010  0.000000000000E+000  4.136667702790E-008  0.000000000000E+000
   8.750000000000E+000  1.820430078991E-010  0.000000000000E+000  0.000000000000E+000  1.113700211629E-009  0.000000000000E+000  2.635694925001E-008  0.000000000000E+000  2.604073429395E-009  0.000000000000E+000  1.820430078991E-010  0.000000000000E+000  3.566310153987E-008  0.000000000000E+000
   9.000000000000E+000  1.302212740996E-010  0.000000000000E+000  0.000000000000E+000  1.017025242721E-009  0.000000000000E+000  2.326666371108E-008  0.000000000000E+000  2.375032170343E-009  0.000000000000E+000  1.302212740996E-010  0.000000000000E+000  3.087336421879E-008  0.000000000000E+000
   9.250000000000E+000  9.338269777637E-011  0.000000000000E+000  0.000000000000E+000  9.255525959797E-010  0.000000000000E+000  2.059774282120E-008  0.000000000000E+000  2.165228341281E-009  0.000000000000E+000  9.338269777637E-011  0.000000000000E+000  2.683443181648E-008  0.000000000000E+000
   9.500000000000E+000  6.710005249992E-011  0.000000000000E+000  0.000000000000E+000  8.404217010787E-010  0.000000000000E+000  1.828585987016E-008  0.000000000000E+000  1.973759651090E-009  0.000000000000E+000  6.710005249992E-011  0.000000000000E+000  2.341430640826E-008  0.000000000000E+000
   9.750000000000E+000  4.828740641520E-011  0.000000000000E+000  0.000000000000E+000  7.620677562373E-010  0.000000000000E+000  1.627742784234E-008  0.000000000000E+000  1.799535356534E-009  0.000000000000E+000  4.828740641520E-011  0.000000000000E+000  2.050615434931E-008  0.000000000000E+000
   1.000000000000E+001  3.478603380661E-011  0.000000000000E+000  0.000000000000E+000  6.905028555242E-010  0.000000000000E+000  1.452763439182E-008  0.000000000000E+000  1.641348639069E-009  0.000000000000E+000  3.478603380661E-011  0.000000000000E+000  1.802330993570E-008  0.000000000000E+000
   1.025000000000E+001  2.507723562690E-011  0.000000000000E+000  0.000000000000E+000  6.254920946544E-010  0.000000000000E+000  1.299888798666E-008  0.000000000000E+000  1.497940852322E-009  0.000000000000E+000  2.507723562690E-011  0.000000000000E+000  1.589525604580E-008  0.000000000000E+000
   1.050000000000E+001  1.808600816708E-011  0.000000000000E+000  0.000000000000E+000  5.666636380648E-010  0.000000000000E+000  1.165956811594E-008  0.000000000000E+000  1.368053289347E-009  0.000000000000E+000  1.808600816708E-011  0.000000000000E+000  1.407641086163E-008  0.000000000000E+000
   1.075000000000E+001  1.304698012761E-011  0.000000000000E+000  0.000000000000E+000  5.135764266168E-010  0.000000000000E+000  1.048301745129E-008  0.000000000000E+000  1.250466432627E-009  0.000000000000E+000  1.304698012761E-011  0.000000000000E+000  1.249400817398E-008  0.000000000000E+000
   1.100000000000E+001  9.412339032495E-012  0.000000000000E+000  0.000000000000E+000  4.657620650124E-010  0.000000000000E+000  9.446711872557E-009  0.000000000000E+000  1.144028377227E-009  0.000000000000E+000  9.412339032495E-012  0.000000000000E+000  1.112260310089E-008  0.000000000000E+000
   1.125000000000E+001  6.789437106717E-012  0.000000000000E+000  0.000000000000E+000  4.227521119990E-010  0.000000000000E+000  8.531527745145E-009  0.000000000000E+000  1.047660365950E-009  0.000000000000E+000  6.789437106717E-012  0.000000000000E+000  9.883186586436E-009  0.000000000000E+000
   1.150000000000E+001  4.895209858221E-012  0.000000000000E+000  0.000000000000E+000  3.840917063941E-010  0.000000000000E+000  7.721365134795E-009  0.000000000000E+000  9.603789876807E-010  0.000000000000E+000  4.895209858221E-012  0.000000000000E+000  8.847848156972E-009  0.000000000000E+000
   1.175000000000E+001  3.526484142770E-012  0.000000000000E+000  0.000000000000E+000  3.493512512624E-010  0.000000000000E+000  7.002398655412E-009  0.000000000000E+000  8.812853096503E-010  0.000000000000E+000  3.526484142770E-012  0.000000000000E+000  7.942125456240E-009  0.000000000000E+000
   1.200000000000E+001  2.536944883783E-012  0.000000000000E+000  0.000000000000E+000  3.181311588336E-010  0.000000000000E+000  6.362871455646E-009  0.000000000000E+000  8.095650632978E-010  0.000000000000E+000  2.536944883783E-012  0.000000000000E+000  7.147519315189E-009  0.000000000000E+000
   1.225000000000E+001  1.821284266953E-012  0.000000000000E+000  0.000000000000E+000  2.900644703556E-010  0.000000000000E+000  5.792722776460E-009  0.000000000000E+000  7.444832867368E-010  0.000000000000E+000  1.821284266953E-012  0.000000000000E+000  6.448423383524E-009  0.000000000000E+000
   1.250000000000E+001  1.303667314449E-012  0.000000000000E+000  0.000000000000E+000  2.648173759406E-010  0.000000000000E+000  5.283320089932E-009  0.000000000000E+000  6.853783601405E-010  0.000000000000E+000  1.303667314449E-012  0.000000000000E+000  5.831634635549E-009  0.000000000000E+000
   1.275000000000E+001  9.294399135866E-013  0.000000000000E+000  0.000000000000E+000  2.420885635774E-010  0.000000000000E+000  4.827234820158E-009  0.000000000000E+000  6.316555525024E-010  0.000000000000E+000  9.294399135866E-013  0.000000000000E+000  5.285960642953E-009  0.000000000000E+000
   1.300000000000E+001  6.591552408752E-013  0.000000000000E+000  0.000000000000E+000  2.216074998683E-010  0.000000000000E+000  4.418056917323E-009  0.000000000000E+000  5.827807930240E-010  0.000000000000E+000  6.591552408752E-013  0.000000000000E+000  4.801898453887E-009  0.000000000000E+000
   1.325000000000E+001  4.642937867639E-013  0.000000000000E+000  0.000000000000E+000  2.031323354758E-010  0.000000000000E+000  4.050241121903E-009  0.000000000000E+000  5.382749022704E-010  0.000000000000E+000  4.642937867639E-013  0.000000000000E+000  4.371364285387E-009  0.000000000000E+000
   1.350000000000E+001  3.242131157496E-013  0.000000000000E+000  0.000000000000E+000  1.864475632154E-010  0.000000000000E+000  3.718975941194E-009  0.000000000000E+000  4.977079802912E-010  0.000000000000E+000  3.242131157496E-013  0.000000000000E+000  4.003645242603E-009  0.000000000000E+000
   1.375000000000E+001  2.238906791164E-013  0.000000000000E+000  0.000000000000E+000  1.713615445631E-010  0.000000000000E+000  3.420081280329E-009  0.000000000000E+000  4.606946519894E-010  0.000000000000E+000  2.238906791164E-013  0.000000000000E+000  3.658407134258E-009  0.000000000000E+000
   1.400000000000E+001  1.524420898241E-013  0.000000000000E+000  0.000000000000E+000  1.577040820055E-010  0.000000000000E+000  3.149911785216E-009  0.000000000000E+000  4.268894186450E-010  0.000000000000E+000  1.524420898241E-013  0.000000000000E+000  3.349048247890E-009  0.000000000000E+000
   1.425000000000E+001  1.019304714543E-013  0.000000000000E+000  0.000000000000E+000  1.453241216523E-010  0.000000000000E+000  2.905283683587E-009  0.000000000000E+000  3.959824554837E-010  0.000000000000E+000  1.019304714543E-013  0.000000000000E+000  3.071241299526E-009  0.000000000000E+000
   1.450000000000E+001  6.656949368719E-014  0.000000000000E+000  0.000000000000E+000  1.340876892359E-010  0.000000000000E+000  2.683410620310E-009  0.000000000000E+000  3.676961491356E-010  0.000000000000E+000  6.656949368719E-014  0.000000000000E+000  2.821248369132E-009  0.000000000000E+000
   1.475000000000E+001  4.214071466509E-014  0.000000000000E+000  0.000000000000E+000  1.238759526701E-010  0.000000000000E+000  2.481847313253E-009  0.000000000000E+000  3.417810258238E-010  0.000000000000E+000  4.214071466509E-014  0.000000000000E+000  2.595834863539E-009  0.000000000000E+000
   1.500000000000E+001  2.556477460633E-014  0.000000000000E+000  0.000000000000E+000  1.145834130991E-010  0.000000000000E+000  2.298445673220E-009  0.000000000000E+000  3.180137593231E-010  0.000000000000E+000  2.556477460633E-014  0.000000000000E+000  2.392190480797E-009  0.000000000000E+000
   1.525000000000E+001  1.459742690033E-014  0.000000000000E+000  0.000000000000E+000  1.061163903137E-010  0.000000000000E+000  2.131312667607E-009  0.000000000000E+000  2.961936045708E-010  0.000000000000E+000  1.459742690033E-014  0.000000000000E+000  2.207869086181E-009  0.000000000000E+000
   1.550000000000E+001  7.604421122590E-015  0.000000000000E+000  0.000000000000E+000  9.839165880847E-011  0.000000000000E+000  1.978778704357E-009  0.000000000000E+000  2.761403830985E-010  0.000000000000E+000  7.604421122590E-015  0.000000000000E+000  2.040737132168E-009  0.000000000000E+000
   1.575000000000E+001  3.398897138494E-015  0.000000000000E+000  0.000000000000E+000  9.133519573889E-011  0.000000000000E+000  1.839366796927E-009  0.000000000000E+000  2.576920350960E-010  0.000000000000E+000  3.398897138494E-015  0.000000000000E+000  1.888927060206E-009  0.000000000000E+000
   1.600000000000E+001  1.120403204652E-015  0.000000000000E+000  0.000000000000E+000  8.488107764763E-011  0.000000000000E+000  1.711768876022E-009  0.000000000000E+000  2.407028197248E-010  0.000000000000E+000  1.120403204652E-015  0.000000000000E+000  1.750802206104E-009  0.000000000000E+000
   1.625000000000E+001  1.485250901386E-016  0.000000000000E+000  0.000000000000E+000  7.897060134706E-011  0.000000000000E+000  1.594824697992E-009  0.000000000000E+000  2.250416157779E-010  0.000000000000E+000  1.485250901386E-016  0.000000000000E+000  1.624924466229E-009  0.000000000000E+000
   1.650000000000E+001  3.819171947840E-017  0.000000000000E+000  0.000000000000E+000  7.355136385950E-011  0.000000000000E+000  1.487502264287E-009  0.000000000000E+000  2.105902093410E-010  0.000000000000E+000  3.819171947840E-017  0.000000000000E+000  1.510026741071E-009  0.000000000000E+000
   1.675000000000E+001  4.881298224282E-016  0.000000000000E+000  0.000000000000E+000  6.857721809622E-011  0.000000000000E+000  1.388882153210E-009  0.000000000000E+000  1.972419176829E-010  0.000000000000E+000  4.881298224282E-016  0.000000000000E+000  1.396675120029E-009  0.000000000000E+000
   1.700000000000E+001  1.253996098749E-015  0.000000000000E+000  0.000000000000E+000  6.400490973930E-011  0.000000000000E+000  1.298146203234E-009  0.000000000000E+000  1.849007642992E-010  0.000000000000E+000  1.253996098749E-015  0.000000000000E+000  1.301329045732E-009  0.000000000000E+000
   1.725000000000E+001  2.184790688341E-015  0.000000000000E+000  0.000000000000E+000  5.979777940549E-011  0.000000000000E+000  1.214561484565E-009  0.000000000000E+000  1.734797462103E-010  0.000000000000E+000  2.184790688341E-015  0.000000000000E+000  1.213889297866E-009  0.000000000000E+000
   1.750000000000E+001  3.174447893210E-015  0.000000000000E+000  0.000000000000E+000  5.592226626121E-011  0.000000000000E+000  1.137473053571E-009  0.000000000000E+000  1.629003290239E-010  0.000000000000E+000  3.174447893210E-015  0.000000000000E+000  1.133589812796E-009  0.000000000000E+000
   1.775000000000E+001  4.152450767722E-015  0.000000000000E+000  0.000000000000E+000  5.234825496014E-011  0.000000000000E+000  1.066293711747E-009  0.000000000000E+000  1.530913958173E-010  0.000000000000E+000  4.152450767722E-015  0.000000000000E+000  1.059748781628E-009  0.000000000000E+000
   1.800000000000E+001  5.073698992028E-015  0.000000000000E+000  0.000000000000E+000  4.904868582477E-011  0.000000000000E+000  1.000496455501E-009  0.000000000000E+000  1.439885360611E-010  0.000000000000E+000  5.073698992028E-015  0.000000000000E+000  9.917584876260E-010  0.000000000000E+000
   1.825000000000E+001  5.911167421689E-015  0.000000000000E+000  0.000000000000E+000  4.599922136784E-011  0.000000000000E+000  9.396076577382E-010  0.000000000000E+000  1.355333494465E-010  0.000000000000E+000  5.911167421689E-015  0.000000000000E+000  9.290764439946E-010  0.000000000000E+000
   1.850000000000E+001  6.650469743519E-015  0.000000000000E+000  0.000000000000E+000  4.317795189735E-011  0.000000000000E+000  8.832008865942E-010  0.000000000000E+000  1.276728204652E-010  0.000000000000E+000  6.650469743519E-015  0.000000000000E+000  8.712173806536E-010  0.000000000000E+000
   1.875000000000E+001  7.285971828578E-015  0.000000000000E+000  0.000000000000E+000  4.056512045288E-011  0.000000000000E+000  8.308918018776E-010  0.000000000000E+000  1.203587941684E-010  0.000000000000E+000  7.285971828578E-015  0.000000000000E+000  8.177466215795E-010  0.000000000000E+000
   1.900000000000E+001  0.000000000000E+000  0.000000000000E+000  0.000000000000E+000  3.417472087820E-011  0.000000000000E+000  7.742230716768E-010  0.000000000000E+000  1.026344891289E-010  0.000000000000E+000  1.055184228081E-012  0.000000000000E+000  7.765803842887E-010  0.000000000000E+000
   1.925000000000E+001  0.000000000000E+000  0.000000000000E+000  0.000000000000E+000  3.245777545765E-011  0.000000000000E+000  7.168208227675E-010  0.000000000000E+000  1.098821499406E-010  0.000000000000E+000  2.593023813046E-012  0.000000000000E+000  7.367041678998E-010  0.000000000000E+000
   1.950000000000E+001  0.000000000000E+000  0.000000000000E+000  0.000000000000E+000  3.060810647230E-011  0.000000000000E+000  6.762596204079E-010  0.000000000000E+000  1.038325456761E-010  0.000000000000E+000  2.433879355217E-012  0.000000000000E+000  6.922572091214E-010  0.000000000000E+000
   1.975000000000E+001  0.000000000000E+000  0.000000000000E+000  0.000000000000E+000  2.888349169846E-011  0.000000000000E+000  6.379836162898E-010  0.000000000000E+000  9.842257739791E-011  0.000000000000E+000  2.331157227613E-012  0.000000000000E+000  6.508197424698E-010  0.000000000000E+000
   2.000000000000E+001  8.959898445379E-015  0.000000000000E+000  0.000000000000E+000  3.000913358331E-011  0.000000000000E+000  6.186781344064E-010  0.000000000000E+000  9.042985811261E-011  0.000000000000E+000  8.959898445379E-015  0.000000000000E+000  6.068016817418E-010  0.000000000000E+000
   2.025000000000E+001  8.980595672675E-015  0.000000000000E+000  0.000000000000E+000  2.833132746134E-011  0.000000000000E+000  5.849552595325E-010  0.000000000000E+000  8.563348605265E-011  0.000000000000E+000  8.980595672675E-015  0.000000000000E+000  5.725081498648E-010  0.000000000000E+000
   2.050000000000E+001  8.965418167048E-015  0.000000000000E+000  0.000000000000E+000  2.676777864120E-011  0.000000000000E+000  5.533608491262E-010  0.000000000000E+000  8.112844342810E-011  0.000000000000E+000  8.965418167048E-015  0.000000000000E+000  5.405353987852E-010  0.000000000000E+000
   2.075000000000E+001  8.920272404571E-015  0.000000000000E+000  0.000000000000E+000  2.530882711284E-011  0.000000000000E+000  5.238260669684E-010  0.000000000000E+000  7.690735311316E-011  0.000000000000E+000  8.920272404571E-015  0.000000000000E+000  5.107372885364E-010  0.000000000000E+000
   2.100000000000E+001  8.847803120829E-015  0.000000000000E+000  0.000000000000E+000  2.394625363954E-011  0.000000000000E+000  4.961993694590E-010  0.000000000000E+000  7.295041206639E-011  0.000000000000E+000  8.847803120829E-015  0.000000000000E+000  4.829409089381E-010  0.000000000000E+000
   2.125000000000E+001  8.747648281845E-015  0.000000000000E+000  0.000000000000E+000  2.267260360755E-011  0.000000000000E+000  4.703442761565E-010  0.000000000000E+000  6.923948317015E-011  0.000000000000E+000  8.747648281845E-015  0.000000000000E+000  4.569924290020E-010  0.000000000000E+000
   2.150000000000E+001  8.621883733299E-015  0.000000000000E+000  0.000000000000E+000  2.148110545064E-011  0.000000000000E+000  4.461286554469E-010  0.000000000000E+000  6.575689865991E-011  0.000000000000E+000  8.621883733299E-015  0.000000000000E+000  4.327479016452E-010  0.000000000000E+000
   2.175000000000E+001  8.473862764565E-015  0.000000000000E+000  0.000000000000E+000  2.036558465131E-011  0.000000000000E+000  4.234301528440E-010  0.000000000000E+000  6.248622079925E-011  0.000000000000E+000  8.473862764565E-015  0.000000000000E+000  4.100756367250E-010  0.000000000000E+000
   2.200000000000E+001  8.328515776436E-015  0.000000000000E+000  0.000000000000E+000  1.932095269846E-011  0.000000000000E+000  4.020476715612E-010  0.000000000000E+000  5.939937610471E-011  0.000000000000E+000  8.328515776436E-015  0.000000000000E+000  3.888133547670E-010  0.000000000000E+000
   2.225000000000E+001  8.128802332399E-015  0.000000000000E+000  0.000000000000E+000  1.834035037732E-011  0.000000000000E+000  3.821461208482E-010  0.000000000000E+000  5.652144093444E-011  0.000000000000E+000  8.128802332399E-015  0.000000000000E+000  3.689778645065E-010  0.000000000000E+000
   2.250000000000E+001  7.953248149801E-015  0.000000000000E+000  0.000000000000E+000  1.742120617155E-011  0.000000000000E+000  3.632882850995E-010  0.000000000000E+000  5.378959439379E-011  0.000000000000E+000  7.953248149801E-015  0.000000000000E+000  3.503058844702E-010  0.000000000000E+000
   2.275000000000E+001  7.731473524073E-015  0.000000000000E+000  0.000000000000E+000  1.655713048650E-011  0.000000000000E+000  3.457107978514E-010  0.000000000000E+000  5.123923381851E-011  0.000000000000E+000  7.731473524073E-015  0.000000000000E+000  3.328611707760E-010  0.000000000000E+000
   2.300000000000E+001  7.537901517877E-015  0.000000000000E+000  0.000000000000E+000  1.574604321454E-011  0.000000000000E+000  3.290319239407E-010  0.000000000000E+000  4.881529554231E-011  0.000000000000E+000  7.537901517877E-015  0.000000000000E+000  3.164122508707E-010  0.000000000000E+000
   2.325000000000E+001  7.305339023253E-015  0.000000000000E+000  0.000000000000E+000  1.498248954077E-011  0.000000000000E+000  3.134614537869E-010  0.000000000000E+000  4.654915698011E-011  0.000000000000E+000  7.305339023253E-015  0.000000000000E+000  3.010222114221E-010  0.000000000000E+000
   2.350000000000E+001  7.088467129118E-015  0.000000000000E+000  0.000000000000E+000  1.426977705919E-011  0.000000000000E+000  2.986689038113E-010  0.000000000000E+000  4.439433112370E-011  0.000000000000E+000  7.088467129118E-015  0.000000000000E+000  2.862523266899E-010  0.000000000000E+000
   2.375000000000E+001  6.852249745553E-015  0.000000000000E+000  0.000000000000E+000  1.359312621529E-011  0.000000000000E+000  2.848394616166E-010  0.000000000000E+000  4.237581739038E-011  0.000000000000E+000  6.852249745553E-015  0.000000000000E+000  2.726730236224E-010  0.000000000000E+000
   2.400000000000E+001  6.648321402962E-015  0.000000000000E+000  0.000000000000E+000  1.295618617799E-011  0.000000000000E+000  2.716866118337E-010  0.000000000000E+000  4.045337552186E-011  0.000000000000E+000  6.648321402962E-015  0.000000000000E+000  2.598049251119E-010  0.000000000000E+000
   2.425000000000E+001  6.415176272603E-015  0.000000000000E+000  0.000000000000E+000  1.235503167777E-011  0.000000000000E+000  2.593720963512E-010  0.000000000000E+000  3.865121103469E-011  0.000000000000E+000  6.415176272603E-015  0.000000000000E+000  2.477530886457E-010  0.000000000000E+000
   2.450000000000E+001  6.213903400848E-015  0.000000000000E+000  0.000000000000E+000  1.178842251341E-011  0.000000000000E+000  2.476473471321E-010  0.000000000000E+000  3.693313708303E-011  0.000000000000E+000  6.213903400848E-015  0.000000000000E+000  2.363180099699E-010  0.000000000000E+000
   2.475000000000E+001  6.014848591243E-015  0.000000000000E+000  0.000000000000E+000  1.125349195875E-011  0.000000000000E+000  2.365699354334E-010  0.000000000000E+000  3.530798151197E-011  0.000000000000E+000  6.014848591243E-015  0.000000000000E+000  2.255296215267E-010  0.000000000000E+000
   2.500000000000E+001  5.779840083571E-015  0.000000000000E+000  0.000000000000E+000  1.074746381188E-011  0.000000000000E+000  2.262176209410E-010  0.000000000000E+000  3.378748970309E-011  0.000000000000E+000  5.779840083571E-015  0.000000000000E+000  2.154349727111E-010  0.000000000000E+000
   2.525000000000E+001  5.588350735497E-015  0.000000000000E+000  0.000000000000E+000  1.026986813011E-011  0.000000000000E+000  2.163053126123E-010  0.000000000000E+000  3.232992245054E-011  0.000000000000E+000  5.588350735497E-015  0.000000000000E+000  2.058093043587E-010  0.000000000000E+000
   2.550000000000E+001  5.400745494534E-015  0.000000000000E+000  0.000000000000E+000  9.818169456266E-012  0.000000000000E+000  2.069238449085E-010  0.000000000000E+000  3.094893825866E-011  0.000000000000E+000  5.400745494534E-015  0.000000000000E+000  1.967108170751E-010  0.000000000000E+000
   2.575000000000E+001  5.183509769013E-015  0.000000000000E+000  0.000000000000E+000  9.390146319061E-012  0.000000000000E+000  1.981388509451E-010  0.000000000000E+000  2.965443975228E-011  0.000000000000E+000  5.183509769013E-015  0.000000000000E+000  1.881807563468E-010  0.000000000000E+000
   2.600000000000E+001  5.005803521841E-015  0.000000000000E+000  0.000000000000E+000  8.985460805477E-012  0.000000000000E+000  1.897159291054E-010  0.000000000000E+000  2.841199355032E-011  0.000000000000E+000  5.005803521841E-015  0.000000000000E+000  1.800334362563E-010  0.000000000000E+000
   2.625000000000E+001  4.832786562819E-015  0.000000000000E+000  0.000000000000E+000  8.602075861375E-012  0.000000000000E+000  1.817309232674E-010  0.000000000000E+000  2.723300726246E-011  0.000000000000E+000  4.832786562819E-015  0.000000000000E+000  1.723187220182E-010  0.000000000000E+000
   2.650000000000E+001  4.615734020808E-015  0.000000000000E+000  0.000000000000E+000  8.240228746334E-012  0.000000000000E+000  1.742414653946E-010  0.000000000000E+000  2.612621259027E-011  0.000000000000E+000  4.615734020808E-015  0.000000000000E+000  1.654555382607E-010  0.000000000000E+000
   2.675000000000E+001  4.454191834829E-015  0.000000000000E+000  0.000000000000E+000  7.895548589407E-012  0.000000000000E+000  1.670494871007E-010  0.000000000000E+000  2.506231899839E-011  0.000000000000E+000  4.454191834829E-015  0.000000000000E+000  1.585104852979E-010  0.000000000000E+000
   2.700000000000E+001  4.297589975973E-015  0.000000000000E+000  0.000000000000E+000  7.568491103496E-012  0.000000000000E+000  1.602208014224E-010  0.000000000000E+000  2.405128560576E-011  0.000000000000E+000  4.297589975973E-015  0.000000000000E+000  1.519227065651E-010  0.000000000000E+000
   2.725000000000E+001  4.121800457937E-015  0.000000000000E+000  0.000000000000E+000  7.257610446635E-012  0.000000000000E+000  1.538024447671E-010  0.000000000000E+000  2.310020512397E-011  0.000000000000E+000  4.121800457937E-015  0.000000000000E+000  1.456794602451E-010  0.000000000000E+000
   2.750000000000E+001  3.975986492085E-015  0.000000000000E+000  0.000000000000E+000  6.962719913725E-012  0.000000000000E+000  1.476336310432E-010  0.000000000000E+000  2.218532806728E-011  0.000000000000E+000  3.975986492085E-015  0.000000000000E+000  1.397429425771E-010  0.000000000000E+000
   2.775000000000E+001  3.835047366631E-015  0.000000000000E+000  0.000000000000E+000  6.682486389216E-012  0.000000000000E+000  1.417678011238E-010  0.000000000000E+000  2.131469603052E-011  0.000000000000E+000  3.835047366631E-015  0.000000000000E+000  1.341030738812E-010  0.000000000000E+000
   2.800000000000E+001  3.678149668034E-015  0.000000000000E+000  0.000000000000E+000  6.415730455675E-012  0.000000000000E+000  1.362449758148E-010  0.000000000000E+000  2.049434623685E-011  0.000000000000E+000  3.678149668034E-015  0.000000000000E+000  1.287527995884E-010  0.000000000000E+000
   2.825000000000E+001  3.547531872595E-015  0.000000000000E+000  0.000000000000E+000  6.162317672188E-012  0.000000000000E+000  1.309309594249E-010  0.000000000000E+000  1.970440830764E-011  0.000000000000E+000  3.547531872595E-015  0.000000000000E+000  1.236549944903E-010  0.000000000000E+000
   2.850000000000E+001  3.421537024503E-015  0.000000000000E+000  0.000000000000E+000  5.921157904596E-012  0.000000000000E+000  1.258708920710E-010  0.000000000000E+000  1.895167740840E-011  0.000000000000E+000  3.421537024503E-015  0.000000000000E+000  1.188048213783E-010  0.000000000000E+000
   2.875000000000E+001  3.282477141271E-015  0.000000000000E+000  0.000000000000E+000  5.691287731033E-012  0.000000000000E+000  1.210982286798E-010  0.000000000000E+000  1.824120226985E-011  0.000000000000E+000  3.282477141271E-015  0.000000000000E+000  1.141992709809E-010  0.000000000000E+000
   2.900000000000E+001  3.166051128857E-015  0.000000000000E+000  0.000000000000E+000  5.472602960144E-012  0.000000000000E+000  1.165019000710E-010  0.000000000000E+000  1.755650333555E-011  0.000000000000E+000  3.166051128857E-015  0.000000000000E+000  1.098026467903E-010  0.000000000000E+000
   2.925000000000E+001  3.053896505329E-015  0.000000000000E+000  0.000000000000E+000  5.264211025373E-012  0.000000000000E+000  1.121194359226E-010  0.000000000000E+000  1.690323284252E-011  0.000000000000E+000  3.053896505329E-015  0.000000000000E+000  1.056138024825E-010  0.000000000000E+000
   2.950000000000E+001  2.945900993278E-015  0.000000000000E+000  0.000000000000E+000  5.065541585248E-012  0.000000000000E+000  1.079391091520E-010  0.000000000000E+000  1.627969699486E-011  0.000000000000E+000  2.945900993278E-015  0.000000000000E+000  1.016211326261E-010  0.000000000000E+000
   2.975000000000E+001  2.822418125420E-015  0.000000000000E+000  0.000000000000E+000  4.875775444018E-012  0.000000000000E+000  1.040018191368E-010  0.000000000000E+000  1.569203445823E-011  0.000000000000E+000  2.822418125420E-015  0.000000000000E+000  9.782937874366E-011  0.000000000000E+000
   3.000000000000E+001  2.723046916785E-015  0.000000000000E+000  0.000000000000E+000  4.694998199529E-012  0.000000000000E+000  1.001911969741E-010  0.000000000000E+000  1.512293413394E-011  0.000000000000E+000  2.723046916785E-015  0.000000000000E+000  9.419704485560E-011  0.000000000000E+000
   3.025000000000E+001  2.627431855367E-015  0.000000000000E+000  0.000000000000E+000  4.522437484531E-012  0.000000000000E+000  9.655184863487E-011  0.000000000000E+000  1.457909724846E-011  0.000000000000E+000  2.627431855367E-015  0.000000000000E+000  9.073034054333E-011  0.000000000000E+000
   3.050000000000E+001  2.535451519151E-015  0.000000000000E+000  0.000000000000E+000  4.357653917955E-012  0.000000000000E+000  9.307470579904E-011  0.000000000000E+000  1.405920425008E-011  0.000000000000E+000  2.535451519151E-015  0.000000000000E+000  8.742037285415E-011  0.000000000000E+000
   3.075000000000E+001  2.431001447567E-015  0.000000000000E+000  0.000000000000E+000  4.200005648616E-012  0.000000000000E+000  8.979310910384E-011  0.000000000000E+000  1.356826569754E-011  0.000000000000E+000  2.431001447567E-015  0.000000000000E+000  8.427419151062E-011  0.000000000000E+000
   3.100000000000E+001  2.346461166909E-015  0.000000000000E+000  0.000000000000E+000  4.049573954588E-012  0.000000000000E+000  8.661353129309E-011  0.000000000000E+000  1.309233609372E-011  0.000000000000E+000  2.346461166909E-015  0.000000000000E+000  8.125282533760E-011  0.000000000000E+000
   3.125000000000E+001  2.265158832507E-015  0.000000000000E+000  0.000000000000E+000  3.905752369823E-012  0.000000000000E+000  8.357215682392E-011  0.000000000000E+000  1.263685727047E-011  0.000000000000E+000  2.265158832507E-015  0.000000000000E+000  7.836457523032E-011  0.000000000000E+000
   3.150000000000E+001  2.186973324158E-015  0.000000000000E+000  0.000000000000E+000  3.768198738325E-012  0.000000000000E+000  8.066190072592E-011  0.000000000000E+000  1.220079366201E-011  0.000000000000E+000  2.186973324158E-015  0.000000000000E+000  7.560252434248E-011  0.000000000000E+000
   3.175000000000E+001  2.098703613460E-015  0.000000000000E+000  0.000000000000E+000  3.636406873173E-012  0.000000000000E+000  7.791011088642E-011  0.000000000000E+000  1.178826042746E-011  0.000000000000E+000  2.098703613460E-015  0.000000000000E+000  7.297488653723E-011  0.000000000000E+000
   3.200000000000E+001  2.026863855385E-015  0.000000000000E+000  0.000000000000E+000  3.510450814229E-012  0.000000000000E+000  7.524109048353E-011  0.000000000000E+000  1.138794613527E-011  0.000000000000E+000  2.026863855385E-015  0.000000000000E+000  7.044577126504E-011  0.000000000000E+000
   3.225000000000E+001  1.957780103788E-015  0.000000000000E+000  0.000000000000E+000  3.389850972493E-012  0.000000000000E+000  7.268437293915E-011  0.000000000000E+000  1.100429716618E-011  0.000000000000E+000  1.957780103788E-015  0.000000000000E+000  6.802443471906E-011  0.000000000000E+000
   3.250000000000E+001  1.891353528589E-015  0.000000000000E+000  0.000000000000E+000  3.274338793748E-012  0.000000000000E+000  7.023438243397E-011  0.000000000000E+000  1.063649639286E-011  0.000000000000E+000  1.891353528589E-015  0.000000000000E+000  6.570546230823E-011  0.000000000000E+000
   3.275000000000E+001  1.827479996118E-015  0.000000000000E+000  0.000000000000E+000  3.163660861302E-012  0.000000000000E+000  6.788585509602E-011  0.000000000000E+000  1.028377155724E-011  0.000000000000E+000  1.827479996118E-015  0.000000000000E+000  6.348372968535E-011  0.000000000000E+000
   3.300000000000E+001  1.753158560336E-015  0.000000000000E+000  0.000000000000E+000  3.057400923242E-012  0.000000000000E+000  6.566707923788E-011  0.000000000000E+000  9.950374866965E-012  0.000000000000E+000  1.753158560336E-015  0.000000000000E+000  6.137116272388E-011  0.000000000000E+000
   3.325000000000E+001  1.694513180516E-015  0.000000000000E+000  0.000000000000E+000  2.955697259093E-012  0.000000000000E+000  6.350559214972E-011  0.000000000000E+000  9.625458350185E-012  0.000000000000E+000  1.694513180516E-015  0.000000000000E+000  5.932935504987E-011  0.000000000000E+000
   3.350000000000E+001  1.638122685663E-015  0.000000000000E+000  0.000000000000E+000  2.858150436791E-012  0.000000000000E+000  6.143155278906E-011  0.000000000000E+000  9.313560434380E-012  0.000000000000E+000  1.638122685663E-015  0.000000000000E+000  5.737112627661E-011  0.000000000000E+000
   3.375000000000E+001  1.583882403497E-015  0.000000000000E+000  0.000000000000E+000  2.764559895844E-012  0.000000000000E+000  5.944077911566E-011  0.000000000000E+000  9.014064627683E-012  0.000000000000E+000  1.583882403497E-015  0.000000000000E+000  5.549244316754E-011  0.000000000000E+000
   3.400000000000E+001  1.531702459483E-015  0.000000000000E+000  0.000000000000E+000  2.674736223253E-012  0.000000000000E+000  5.752932544130E-011  0.000000000000E+000  8.726390563945E-012  0.000000000000E+000  1.531702459483E-015  0.000000000000E+000  5.368948327063E-011  0.000000000000E+000
   3.425000000000E+001  1.471355149422E-015  0.000000000000E+000  0.000000000000E+000  2.588362065801E-012  0.000000000000E+000  5.571958446561E-011  0.000000000000E+000  8.453908965893E-012  0.000000000000E+000  1.471355149422E-015  0.000000000000E+000  5.197353463465E-011  0.000000000000E+000
   3.450000000000E+001  1.423398947040E-015  0.000000000000E+000  0.000000000000E+000  2.505550841423E-012  0.000000000000E+000  5.395480426788E-011  0.000000000000E+000  8.188105266422E-012  0.000000000000E+000  1.423398947040E-015  0.000000000000E+000  5.031103058215E-011  0.000000000000E+000
   3.475000000000E+001  1.377256354034E-015  0.000000000000E+000  0.000000000000E+000  2.425997396682E-012  0.000000000000E+000  5.225877015965E-011  0.000000000000E+000  7.932565073547E-012  0.000000000000E+000  1.377256354034E-015  0.000000000000E+000  4.871400225261E-011  0.000000000000E+000
   3.500000000000E+001  1.332851303725E-015  0.000000000000E+000  0.000000000000E+000  2.349550386604E-012  0.000000000000E+000  5.062831362680E-011  0.000000000000E+000  7.686818868107E-012  0.000000000000E+000  1.332851303725E-015  0.000000000000E+000  4.717940029206E-011  0.000000000000E+000
   3.525000000000E+001  1.290107716187E-015  0.000000000000E+000  0.000000000000E+000  2.276066357665E-012  0.000000000000E+000  4.906043950808E-011  0.000000000000E+000  7.450423997706E-012  0.000000000000E+000  1.290107716187E-015  0.000000000000E+000  4.570434111185E-011  0.000000000000E+000
   3.550000000000E+001  1.240945035809E-015  0.000000000000E+000  0.000000000000E+000  2.205301133343E-012  0.000000000000E+000  4.757301976333E-011  0.000000000000E+000  7.226075026902E-012  0.000000000000E+000  1.240945035809E-015  0.000000000000E+000  4.429911065700E-011  0.000000000000E+000
   3.575000000000E+001  1.201598535460E-015  0.000000000000E+000  0.000000000000E+000  2.137347811400E-012  0.000000000000E+000  4.612121191292E-011  0.000000000000E+000  7.007031906287E-012  0.000000000000E+000  1.201598535460E-015  0.000000000000E+000  4.293474997381E-011  0.000000000000E+000
   3.600000000000E+001  1.163715946215E-015  0.000000000000E+000  0.000000000000E+000  2.071970995777E-012  0.000000000000E+000  4.472392550538E-011  0.000000000000E+000  6.796148229933E-012  0.000000000000E+000  1.163715946215E-015  0.000000000000E+000  4.162215538060E-011  0.000000000000E+000
   3.625000000000E+001  1.127236779688E-015  0.000000000000E+000  0.000000000000E+000  2.009055176754E-012  0.000000000000E+000  4.337874257218E-011  0.000000000000E+000  6.593064687010E-012  0.000000000000E+000  1.127236779688E-015  0.000000000000E+000  4.035900644943E-011  0.000000000000E+000
   3.650000000000E+001  1.092101387489E-015  0.000000000000E+000  0.000000000000E+000  1.948490757264E-012  0.000000000000E+000  4.208336264057E-011  0.000000000000E+000  6.397440836860E-012  0.000000000000E+000  1.092101387489E-015  0.000000000000E+000  3.914309773741E-011  0.000000000000E+000
   3.675000000000E+001  1.058259603321E-015  0.000000000000E+000  0.000000000000E+000  1.890173821400E-012  0.000000000000E+000  4.083560559713E-011  0.000000000000E+000  6.208952555769E-012  0.000000000000E+000  1.058259603321E-015  0.000000000000E+000  3.797233619760E-011  0.000000000000E+000
   3.700000000000E+001  1.018288415515E-015  0.000000000000E+000  0.000000000000E+000  1.833906762979E-012  0.000000000000E+000  3.965249068329E-011  0.000000000000E+000  6.030166906346E-012  0.000000000000E+000  1.018288415515E-015  0.000000000000E+000  3.685785436470E-011  0.000000000000E+000
   3.725000000000E+001  9.871046221426E-016  0.000000000000E+000  0.000000000000E+000  1.779798019379E-012  0.000000000000E+000  3.849323121203E-011  0.000000000000E+000  5.854943939977E-012  0.000000000000E+000  9.871046221426E-016  0.000000000000E+000  3.577120293834E-011  0.000000000000E+000
   3.750000000000E+001  9.570499162229E-016  0.000000000000E+000  0.000000000000E+000  1.727654912288E-012  0.000000000000E+000  3.737570609805E-011  0.000000000000E+000  5.685983009209E-012  0.000000000000E+000  9.570499162229E-016  0.000000000000E+000  3.472403971401E-011  0.000000000000E+000
   3.775000000000E+001  9.280745837761E-016  0.000000000000E+000  0.000000000000E+000  1.677393276296E-012  0.000000000000E+000  3.629813847665E-011  0.000000000000E+000  5.523019173151E-012  0.000000000000E+000  9.280745837761E-016  0.000000000000E+000  3.371467393919E-011  0.000000000000E+000
   3.800000000000E+001  9.001512595153E-016  0.000000000000E+000  0.000000000000E+000  1.628932767069E-012  0.000000000000E+000  3.525883724803E-011  0.000000000000E+000  5.365801120417E-012  0.000000000000E+000  9.001512595153E-016  0.000000000000E+000  3.274148396161E-011  0.000000000000E+000
   3.825000000000E+001  8.732219434853E-016  0.000000000000E+000  0.000000000000E+000  1.582196912398E-012  0.000000000000E+000  3.425619470330E-011  0.000000000000E+000  5.214088816959E-012  0.000000000000E+000  8.732219434853E-016  0.000000000000E+000  3.180293847664E-011  0.000000000000E+000
   3.850000000000E+001  8.472552031328E-016  0.000000000000E+000  0.000000000000E+000  1.537113063335E-012  0.000000000000E+000  3.328867757495E-011  0.000000000000E+000  5.067654761243E-012  0.000000000000E+000  8.472552031328E-016  0.000000000000E+000  3.089757253665E-011  0.000000000000E+000
   3.875000000000E+001  8.158896583533E-016  0.000000000000E+000  0.000000000000E+000  1.493527145383E-012  0.000000000000E+000  3.237142461351E-011  0.000000000000E+000  4.928783379712E-012  0.000000000000E+000  8.158896583533E-016  0.000000000000E+000  3.003635378602E-011  0.000000000000E+000
   3.900000000000E+001  7.919098366175E-016  0.000000000000E+000  0.000000000000E+000  1.451546674533E-012  0.000000000000E+000  3.146933746789E-011  0.000000000000E+000  4.792182621242E-012  0.000000000000E+000  7.919098366175E-016  0.000000000000E+000  2.919294059622E-011  0.000000000000E+000
   3.925000000000E+001  7.687793037937E-016  0.000000000000E+000  0.000000000000E+000  1.411020220709E-012  0.000000000000E+000  3.059822588995E-011  0.000000000000E+000  4.660241969580E-012  0.000000000000E+000  7.687793037937E-016  0.000000000000E+000  2.837873354815E-011  0.000000000000E+000
   3.950000000000E+001  7.464569191184E-016  0.000000000000E+000  0.000000000000E+000  1.371888556261E-012  0.000000000000E+000  2.975683502463E-011  0.000000000000E+000  4.532773270597E-012  0.000000000000E+000  7.464569191184E-016  0.000000000000E+000  2.759254718134E-011  0.000000000000E+000
   3.975000000000E+001  7.249160719050E-016  0.000000000000E+000  0.000000000000E+000  1.334094420217E-012  0.000000000000E+000  2.894396070797E-011  0.000000000000E+000  4.409597150171E-012  0.000000000000E+000  7.249160719050E-016  0.000000000000E+000  2.683322531704E-011  0.000000000000E+000
   4.000000000000E+001  7.039881577424E-016  0.000000000000E+000  0.000000000000E+000  1.297590340989E-012  0.000000000000E+000  2.815848071153E-011  0.000000000000E+000  4.290510820970E-012  0.000000000000E+000  7.039881577424E-016  0.000000000000E+000  2.610003866947E-011  0.000000000000E+000
   4.025000000000E+001  6.840347503150E-016  0.000000000000E+000  0.000000000000E+000  1.262305822869E-012  0.000000000000E+000  2.739922529750E-011  0.000000000000E+000  4.175442644593E-012  0.000000000000E+000  6.840347503150E-016  0.000000000000E+000  2.539090689577E-011  0.000000000000E+000
   4.050000000000E+001  6.645283865373E-016  0.000000000000E+000  0.000000000000E+000  1.228216022878E-012  0.000000000000E+000  2.666525882951E-011  0.000000000000E+000  4.064118119114E-012  0.000000000000E+000  6.645283865373E-016  0.000000000000E+000  2.470619675885E-011  0.000000000000E+000
   4.075000000000E+001  6.459184227148E-016  0.000000000000E+000  0.000000000000E+000  1.195250233497E-012  0.000000000000E+000  2.595548848788E-011  0.000000000000E+000  3.956504295341E-012  0.000000000000E+000  6.459184227148E-016  0.000000000000E+000  2.404365298374E-011  0.000000000000E+000
   4.100000000000E+001  6.277112476828E-016  0.000000000000E+000  0.000000000000E+000  1.163386820812E-012  0.000000000000E+000  2.526905571960E-011  0.000000000000E+000  3.852345810335E-012  0.000000000000E+000  6.277112476828E-016  0.000000000000E+000  2.340364798247E-011  0.000000000000E+000
   4.125000000000E+001  6.043406683236E-016  0.000000000000E+000  0.000000000000E+000  1.132478564940E-012  0.000000000000E+000  2.462118132437E-011  0.000000000000E+000  3.754068450087E-012  0.000000000000E+000  6.043406683236E-016  0.000000000000E+000  2.279714521578E-011  0.000000000000E+000
   4.150000000000E+001  5.875210497091E-016  0.000000000000E+000  0.000000000000E+000  1.102671976918E-012  0.000000000000E+000  2.397820310492E-011  0.000000000000E+000  3.656468887407E-012  0.000000000000E+000  5.875210497091E-016  0.000000000000E+000  2.219804128050E-011  0.000000000000E+000
   4.175000000000E+001  5.714350426715E-016  0.000000000000E+000  0.000000000000E+000  1.073824902380E-012  0.000000000000E+000  2.335589018805E-011  0.000000000000E+000  3.562034670683E-012  0.000000000000E+000  5.714350426715E-016  0.000000000000E+000  2.161790346209E-011  0.000000000000E+000
   4.200000000000E+001  5.557250354666E-016  0.000000000000E+000  0.000000000000E+000  1.045916849008E-012  0.000000000000E+000  2.275354063146E-011  0.000000000000E+000  3.470568369443E-012  0.000000000000E+000  5.557250354666E-016  0.000000000000E+000  2.105693293778E-011  0.000000000000E+000
   4.225000000000E+001  5.406932127564E-016  0.000000000000E+000  0.000000000000E+000  1.018896173827E-012  0.000000000000E+000  2.217031610488E-011  0.000000000000E+000  3.382032677419E-012  0.000000000000E+000  5.406932127564E-016  0.000000000000E+000  2.051351052563E-011  0.000000000000E+000
   4.250000000000E+001  5.260021338729E-016  0.000000000000E+000  0.000000000000E+000  9.927443028471E-013  0.000000000000E+000  2.160557082274E-011  0.000000000000E+000  3.296245248028E-012  0.000000000000E+000  5.260021338729E-016  0.000000000000E+000  1.998781690116E-011  0.000000000000E+000
   4.275000000000E+001  5.119521134407E-016  0.000000000000E+000  0.000000000000E+000  9.674139657568E-013  0.000000000000E+000  2.105854367458E-011  0.000000000000E+000  3.213176036611E-012  0.000000000000E+000  5.119521134407E-016  0.000000000000E+000  1.947833919934E-011  0.000000000000E+000
   4.300000000000E+001  4.981791089425E-016  0.000000000000E+000  0.000000000000E+000  9.428878183340E-013  0.000000000000E+000  2.052863364660E-011  0.000000000000E+000  3.132648059090E-012  0.000000000000E+000  4.981791089425E-016  0.000000000000E+000  1.898537744336E-011  0.000000000000E+000
   4.325000000000E+001  4.850531036044E-016  0.000000000000E+000  0.000000000000E+000  9.191230132393E-013  0.000000000000E+000  2.001515441208E-011  0.000000000000E+000  3.054649832199E-012  0.000000000000E+000  4.850531036044E-016  0.000000000000E+000  1.850731054180E-011  0.000000000000E+000
   4.350000000000E+001  4.721429951945E-016  0.000000000000E+000  0.000000000000E+000  8.961036507077E-013  0.000000000000E+000  1.951754683566E-011  0.000000000000E+000  2.979004149804E-012  0.000000000000E+000  4.721429951945E-016  0.000000000000E+000  1.804462683676E-011  0.000000000000E+000
   4.375000000000E+001  4.598539336023E-016  0.000000000000E+000  0.000000000000E+000  8.737902351014E-013  0.000000000000E+000  1.903519142629E-011  0.000000000000E+000  2.905710295886E-012  0.000000000000E+000  4.598539336023E-016  0.000000000000E+000  1.759572185347E-011  0.000000000000E+000
   4.400000000000E+001  4.477539289224E-016  0.000000000000E+000  0.000000000000E+000  8.521685374654E-013  0.000000000000E+000  1.856756446912E-011  0.000000000000E+000  2.834597954783E-012  0.000000000000E+000  4.477539289224E-016  0.000000000000E+000  1.716112547330E-011  0.000000000000E+000
   4.425000000000E+001  4.362409233713E-016  0.000000000000E+000  0.000000000000E+000  8.312019212897E-013  0.000000000000E+000  1.811410737574E-011  0.000000000000E+000  2.765674565591E-012  0.000000000000E+000  4.362409233713E-016  0.000000000000E+000  1.673927963239E-011  0.000000000000E+000
   4.450000000000E+001  4.248830852535E-016  0.000000000000E+000  0.000000000000E+000  8.108778149572E-013  0.000000000000E+000  1.767433124946E-011  0.000000000000E+000  2.698775136636E-012  0.000000000000E+000  4.248830852535E-016  0.000000000000E+000  1.633076286365E-011  0.000000000000E+000
   4.475000000000E+001  4.139612237915E-016  0.000000000000E+000  0.000000000000E+000  7.911657458359E-013  0.000000000000E+000  1.724772568226E-011  0.000000000000E+000  2.633884798370E-012  0.000000000000E+000  4.139612237915E-016  0.000000000000E+000  1.593438407154E-011  0.000000000000E+000
   4.500000000000E+001  3.986594431972E-016  0.000000000000E+000  0.000000000000E+000  7.719720328533E-013  0.000000000000E+000  1.684781516058E-011  0.000000000000E+000  2.573065878615E-012  0.000000000000E+000  3.986594431972E-016  0.000000000000E+000  1.556177514047E-011  0.000000000000E+000
   4.525000000000E+001  3.884972426038E-016  0.000000000000E+000  0.000000000000E+000  7.534262064721E-013  0.000000000000E+000  1.644584345788E-011  0.000000000000E+000  2.511896434231E-012  0.000000000000E+000  3.884972426038E-016  0.000000000000E+000  1.518856000964E-011  0.000000000000E+000
   4.550000000000E+001  3.786798543046E-016  0.000000000000E+000  0.000000000000E+000  7.354289732394E-013  0.000000000000E+000  1.605570366939E-011  0.000000000000E+000  2.452528769621E-012  0.000000000000E+000  3.786798543046E-016  0.000000000000E+000  1.482631072242E-011  0.000000000000E+000
   4.575000000000E+001  3.691831061292E-016  0.000000000000E+000  0.000000000000E+000  7.179625561055E-013  0.000000000000E+000  1.567699142945E-011  0.000000000000E+000  2.394894967848E-012  0.000000000000E+000  3.691831061292E-016  0.000000000000E+000  1.447470479712E-011  0.000000000000E+000
   4.600000000000E+001  3.599813728707E-016  0.000000000000E+000  0.000000000000E+000  7.010085369998E-013  0.000000000000E+000  1.530930977598E-011  0.000000000000E+000  2.338932804833E-012  0.000000000000E+000  3.599813728707E-016  0.000000000000E+000  1.413339551721E-011  0.000000000000E+000
   4.625000000000E+001  3.510558246868E-016  0.000000000000E+000  0.000000000000E+000  6.845492170266E-013  0.000000000000E+000  1.495227875994E-011  0.000000000000E+000  2.284584343122E-012  0.000000000000E+000  3.510558246868E-016  0.000000000000E+000  1.380203466828E-011  0.000000000000E+000
   4.650000000000E+001  3.424055976353E-016  0.000000000000E+000  0.000000000000E+000  6.685674605746E-013  0.000000000000E+000  1.460553244427E-011  0.000000000000E+000  2.231794498872E-012  0.000000000000E+000  3.424055976353E-016  0.000000000000E+000  1.348027614515E-011  0.000000000000E+000
   4.675000000000E+001  3.340117413711E-016  0.000000000000E+000  0.000000000000E+000  6.530468237427E-013  0.000000000000E+000  1.426871805532E-011  0.000000000000E+000  2.180509872463E-012  0.000000000000E+000  3.340117413711E-016  0.000000000000E+000  1.316779134836E-011  0.000000000000E+000
   4.700000000000E+001  3.258746559083E-016  0.000000000000E+000  0.000000000000E+000  6.379714991264E-013  0.000000000000E+000  1.394149859371E-011  0.000000000000E+000  2.130679928321E-012  0.000000000000E+000  3.258746559083E-016  0.000000000000E+000  1.286426212313E-011  0.000000000000E+000
   4.725000000000E+001  3.179736931374E-016  0.000000000000E+000  0.000000000000E+000  6.233263152859E-013  0.000000000000E+000  1.362355006532E-011  0.000000000000E+000  2.082255734169E-012  0.000000000000E+000  3.179736931374E-016  0.000000000000E+000  1.256938531808E-011  0.000000000000E+000
   4.750000000000E+001  3.103120872721E-016  0.000000000000E+000  0.000000000000E+000  6.090967396745E-013  0.000000000000E+000  1.331455968188E-011  0.000000000000E+000  2.035189889291E-012  0.000000000000E+000  3.103120872721E-016  0.000000000000E+000  1.228286620098E-011  0.000000000000E+000
   4.775000000000E+001  3.028733710534E-016  0.000000000000E+000  0.000000000000E+000  5.952686862921E-013  0.000000000000E+000  1.301422814524E-011  0.000000000000E+000  1.989437262538E-012  0.000000000000E+000  3.028733710534E-016  0.000000000000E+000  1.200442451233E-011  0.000000000000E+000
   4.800000000000E+001  2.956526471312E-016  0.000000000000E+000  0.000000000000E+000  5.818287900904E-013  0.000000000000E+000  1.272226738878E-011  0.000000000000E+000  1.944954585273E-012  0.000000000000E+000  2.956526471312E-016  0.000000000000E+000  1.173378816180E-011  0.000000000000E+000
   4.825000000000E+001  2.886422740850E-016  0.000000000000E+000  0.000000000000E+000  5.687640368560E-013  0.000000000000E+000  1.243840051648E-011  0.000000000000E+000  1.901699765729E-012  0.000000000000E+000  2.886422740850E-016  0.000000000000E+000  1.147069819440E-011  0.000000000000E+000
   4.850000000000E+001  2.818361325757E-016  0.000000000000E+000  0.000000000000E+000  5.560620275174E-013  0.000000000000E+000  1.216236017376E-011  0.000000000000E+000  1.859632907312E-012  0.000000000000E+000  2.818361325757E-016  0.000000000000E+000  1.121490345222E-011  0.000000000000E+000
   4.875000000000E+001  2.752253918894E-016  0.000000000000E+000  0.000000000000E+000  5.437107941930E-013  0.000000000000E+000  1.189389158073E-011  0.000000000000E+000  1.818715143178E-012  0.000000000000E+000  2.752253918894E-016  0.000000000000E+000  1.096616370250E-011  0.000000000000E+000
   4.900000000000E+001  2.688014575337E-016  0.000000000000E+000  0.000000000000E+000  5.316988635581E-013  0.000000000000E+000  1.163274734568E-011  0.000000000000E+000  1.778909305802E-012  0.000000000000E+000  2.688014575337E-016  0.000000000000E+000  1.072425037424E-011  0.000000000000E+000
   4.925000000000E+001  2.625639743417E-016  0.000000000000E+000  0.000000000000E+000  5.200150964455E-013  0.000000000000E+000  1.137868954548E-011  0.000000000000E+000  1.740179400440E-012  0.000000000000E+000  2.625639743417E-016  0.000000000000E+000  1.048893704769E-011  0.000000000000E+000
   4.950000000000E+001  2.565018040633E-016  0.000000000000E+000  0.000000000000E+000  5.086488552644E-013  0.000000000000E+000  1.113149067074E-011  0.000000000000E+000  1.702490991294E-012  0.000000000000E+000  2.565018040633E-016  0.000000000000E+000  1.026001118335E-011  0.000000000000E+000
   4.975000000000E+001  2.506121303175E-016  0.000000000000E+000  0.000000000000E+000  4.975899437106E-013  0.000000000000E+000  1.089093018409E-011  0.000000000000E+000  1.665810679532E-012  0.000000000000E+000  2.506121303175E-016  0.000000000000E+000  1.003726701420E-011  0.000000000000E+000
   5.000000000000E+001  2.448883505275E-016  0.000000000000E+000  0.000000000000E+000  4.868284139757E-013  0.000000000000E+000  1.065679668674E-011  0.000000000000E+000  1.630106679723E-012  0.000000000000E+000  2.448883505275E-016  0.000000000000E+000  9.820505976135E-012  0.000000000000E+000
   5.025000000000E+001  2.393221916806E-016  0.000000000000E+000  0.000000000000E+000  4.763548480135E-013  0.000000000000E+000  1.042888582271E-011  0.000000000000E+000  1.595347894498E-012  0.000000000000E+000  2.393221916806E-016  0.000000000000E+000  9.609537489752E-012  0.000000000000E+000
   5.050000000000E+001  2.339124686840E-016  0.000000000000E+000  0.000000000000E+000  4.661600134969E-013  0.000000000000E+000  1.020700173802E-011  0.000000000000E+000  1.561505036995E-012  0.000000000000E+000  2.339124686840E-016  0.000000000000E+000  9.404175766435E-012  0.000000000000E+000
   5.075000000000E+001  2.286519732687E-016  0.000000000000E+000  0.000000000000E+000  4.562351392380E-013  0.000000000000E+000  9.990954227371E-012  0.000000000000E+000  1.528549032454E-012  0.000000000000E+000  2.286519732687E-016  0.000000000000E+000  9.204245126393E-012  0.000000000000E+000
   5.100000000000E+001  2.235348047184E-016  0.000000000000E+000  0.000000000000E+000  4.465717062613E-013  0.000000000000E+000  9.780561630375E-012  0.000000000000E+000  1.496452370346E-012  0.000000000000E+000  2.235348047184E-016  0.000000000000E+000  9.009574169391E-012  0.000000000000E+000
   5.125000000000E+001  2.185581126451E-016  0.000000000000E+000  0.000000000000E+000  4.371615397854E-013  0.000000000000E+000  9.575647841837E-012  0.000000000000E+000  1.465188682997E-012  0.000000000000E+000  2.185581126451E-016  0.000000000000E+000  8.819998939201E-012  0.000000000000E+000
   5.150000000000E+001  2.137157961859E-016  0.000000000000E+000  0.000000000000E+000  4.279967540625E-013  0.000000000000E+000  9.376043096098E-012  0.000000000000E+000  1.434732076149E-012  0.000000000000E+000  2.137157961859E-016  0.000000000000E+000  8.635360535056E-012  0.000000000000E+000
   5.175000000000E+001  2.090057916670E-016  0.000000000000E+000  0.000000000000E+000  4.190697382122E-013  0.000000000000E+000  9.181584173688E-012  0.000000000000E+000  1.405057881083E-012  0.000000000000E+000  2.090057916670E-016  0.000000000000E+000  8.455506023031E-012  0.000000000000E+000
   5.200000000000E+001  2.044216726481E-016  0.000000000000E+000  0.000000000000E+000  4.103731462280E-013  0.000000000000E+000  8.992113289915E-012  0.000000000000E+000  1.376142253810E-012  0.000000000000E+000  2.044216726481E-016  0.000000000000E+000  8.280287862793E-012  0.000000000000E+000
   5.225000000000E+001  1.999614292093E-016  0.000000000000E+000  0.000000000000E+000  4.018999390286E-013  0.000000000000E+000  8.807478585653E-012  0.000000000000E+000  1.347962115771E-012  0.000000000000E+000  1.999614292093E-016  0.000000000000E+000  8.109564020761E-012  0.000000000000E+000
   5.250000000000E+001  1.956201663133E-016  0.000000000000E+000  0.000000000000E+000  3.936432678854E-013  0.000000000000E+000  8.627532908332E-012  0.000000000000E+000  1.320495167951E-012  0.000000000000E+000  1.956201663133E-016  0.000000000000E+000  7.943197640974E-012  0.000000000000E+000
   5.275000000000E+001  1.913923304662E-016  0.000000000000E+000  0.000000000000E+000  3.855965793270E-013  0.000000000000E+000  8.452135528220E-012  0.000000000000E+000  1.293720099714E-012  0.000000000000E+000  1.913923304662E-016  0.000000000000E+000  7.781055877741E-012  0.000000000000E+000
   5.300000000000E+001  1.872752006130E-016  0.000000000000E+000  0.000000000000E+000  3.777534748216E-013  0.000000000000E+000  8.281148952182E-012  0.000000000000E+000  1.267616136873E-012  0.000000000000E+000  1.872752006130E-016  0.000000000000E+000  7.623011160010E-012  0.000000000000E+000
   5.325000000000E+001  1.832709299616E-016  0.000000000000E+000  0.000000000000E+000  3.701078957953E-013  0.000000000000E+000  8.114442007747E-012  0.000000000000E+000  1.242163302626E-012  0.000000000000E+000  1.832709299616E-016  0.000000000000E+000  7.468941794029E-012  0.000000000000E+000
   5.350000000000E+001  1.793674558854E-016  0.000000000000E+000  0.000000000000E+000  3.626538915463E-013  0.000000000000E+000  7.951886325616E-012  0.000000000000E+000  1.217342423278E-012  0.000000000000E+000  1.793674558854E-016  0.000000000000E+000  7.318725984655E-012  0.000000000000E+000
   5.375000000000E+001  1.755635647433E-016  0.000000000000E+000  0.000000000000E+000  3.553857473120E-013  0.000000000000E+000  7.793360236844E-012  0.000000000000E+000  1.193134794771E-012  0.000000000000E+000  1.755635647433E-016  0.000000000000E+000  7.172251934781E-012  0.000000000000E+000
   5.400000000000E+001  1.718597063961E-016  0.000000000000E+000  0.000000000000E+000  3.482979455830E-013  0.000000000000E+000  7.638744146579E-012  0.000000000000E+000  1.169522345191E-012  0.000000000000E+000  1.718597063961E-016  0.000000000000E+000  7.029407205586E-012  0.000000000000E+000
   5.425000000000E+001  1.682523286826E-016  0.000000000000E+000  0.000000000000E+000  3.413852147120E-013  0.000000000000E+000  7.487923820424E-012  0.000000000000E+000  1.146487773253E-012  0.000000000000E+000  1.682523286826E-016  0.000000000000E+000  6.890085787124E-012  0.000000000000E+000
   5.450000000000E+001  1.647382289495E-016  0.000000000000E+000  0.000000000000E+000  3.346423587260E-013  0.000000000000E+000  7.340788449157E-012  0.000000000000E+000  1.124014148250E-012  0.000000000000E+000  1.647382289495E-016  0.000000000000E+000  6.754182587414E-012  0.000000000000E+000
   5.475000000000E+001  1.613111782424E-016  0.000000000000E+000  0.000000000000E+000  3.280644080680E-013  0.000000000000E+000  7.197230893336E-012  0.000000000000E+000  1.102085399455E-012  0.000000000000E+000  1.613111782424E-016  0.000000000000E+000  6.621600392741E-012  0.000000000000E+000
   5.500000000000E+001  1.579699908530E-016  0.000000000000E+000  0.000000000000E+000  3.216466111012E-013  0.000000000000E+000  7.057147596573E-012  0.000000000000E+000  1.080685785129E-012  0.000000000000E+000  1.579699908530E-016  0.000000000000E+000  6.492240812894E-012  0.000000000000E+000
   5.525000000000E+001  1.547155064561E-016  0.000000000000E+000  0.000000000000E+000  3.153843169760E-013  0.000000000000E+000  6.920438964631E-012  0.000000000000E+000  1.059799915703E-012  0.000000000000E+000  1.547155064561E-016  0.000000000000E+000  6.366010169496E-012  0.000000000000E+000
   5.550000000000E+001  1.515426078196E-016  0.000000000000E+000  0.000000000000E+000  3.092730252622E-013  0.000000000000E+000  6.787007493208E-012  0.000000000000E+000  1.039413489542E-012  0.000000000000E+000  1.515426078196E-016  0.000000000000E+000  6.242819425154E-012  0.000000000000E+000
   5.575000000000E+001  1.484476559534E-016  0.000000000000E+000  0.000000000000E+000  3.033084038011E-013  0.000000000000E+000  6.656760675889E-012  0.000000000000E+000  1.019512143642E-012  0.000000000000E+000  1.484476559534E-016  0.000000000000E+000  6.122581429287E-012  0.000000000000E+000
   5.600000000000E+001  1.454302264764E-016  0.000000000000E+000  0.000000000000E+000  2.974862778552E-013  0.000000000000E+000  6.529607969700E-012  0.000000000000E+000  1.000081966003E-012  0.000000000000E+000  1.454302264764E-016  0.000000000000E+000  6.005212281345E-012  0.000000000000E+000
   5.625000000000E+001  1.424879399159E-016  0.000000000000E+000  0.000000000000E+000  2.918025979790E-013  0.000000000000E+000  6.405461414790E-012  0.000000000000E+000  9.811100977966E-013  0.000000000000E+000  1.424879399159E-016  0.000000000000E+000  5.890629602552E-012  0.000000000000E+000
   5.650000000000E+001  1.396172479683E-016  0.000000000000E+000  0.000000000000E+000  2.862534107682E-013  0.000000000000E+000  6.284236690106E-012  0.000000000000E+000  9.625834201720E-013  0.000000000000E+000  1.396172479683E-016  0.000000000000E+000  5.778755924948E-012  0.000000000000E+000
   5.675000000000E+001  1.368172489164E-016  0.000000000000E+000  0.000000000000E+000  2.808350066581E-013  0.000000000000E+000  6.165852242507E-012  0.000000000000E+000  9.444895539471E-013  0.000000000000E+000  1.368172489164E-016  0.000000000000E+000  5.669513575149E-012  0.000000000000E+000
   5.700000000000E+001  1.340852662923E-016  0.000000000000E+000  0.000000000000E+000  2.755436256590E-013  0.000000000000E+000  6.050228789732E-012  0.000000000000E+000  9.268164633280E-013  0.000000000000E+000  1.340852662923E-016  0.000000000000E+000  5.562829190802E-012  0.000000000000E+000
   5.725000000000E+001  1.314194680822E-016  0.000000000000E+000  0.000000000000E+000  2.703757977160E-013  0.000000000000E+000  5.937289675712E-012  0.000000000000E+000  9.095525085247E-013  0.000000000000E+000  1.314194680822E-016  0.000000000000E+000  5.458632335420E-012  0.000000000000E+000
   5.750000000000E+001  1.288181252354E-016  0.000000000000E+000  0.000000000000E+000  2.653280528907E-013  0.000000000000E+000  5.826961024425E-012  0.000000000000E+000  8.926865542235E-013  0.000000000000E+000  1.288181252354E-016  0.000000000000E+000  5.356853686185E-012  0.000000000000E+000
   5.775000000000E+001  1.262796457557E-016  0.000000000000E+000  0.000000000000E+000  2.603970771166E-013  0.000000000000E+000  5.719170745178E-012  0.000000000000E+000  8.762076191918E-013  0.000000000000E+000  1.262796457557E-016  0.000000000000E+000  5.257426090340E-012  0.000000000000E+000
   5.800000000000E+001  1.238008641245E-016  0.000000000000E+000  0.000000000000E+000  2.555796680151E-013  0.000000000000E+000  5.613849355363E-012  0.000000000000E+000  8.601051087069E-013  0.000000000000E+000  1.238008641245E-016  0.000000000000E+000  5.160284394617E-012  0.000000000000E+000
   5.825000000000E+001  1.213812945761E-016  0.000000000000E+000  0.000000000000E+000  2.508726831013E-013  0.000000000000E+000  5.510929843979E-012  0.000000000000E+000  8.443689181840E-013  0.000000000000E+000  1.213812945761E-016  0.000000000000E+000  5.065367081042E-012  0.000000000000E+000
   5.850000000000E+001  1.190192736348E-016  0.000000000000E+000  0.000000000000E+000  2.462731561527E-013  0.000000000000E+000  5.410346625395E-012  0.000000000000E+000  8.289889291846E-013  0.000000000000E+000  1.190192736348E-016  0.000000000000E+000  4.972613761254E-012  0.000000000000E+000
   5.875000000000E+001  1.167134590943E-016  0.000000000000E+000  0.000000000000E+000  2.417781245396E-013  0.000000000000E+000  5.312037164023E-012  0.000000000000E+000  8.139557293596E-013  0.000000000000E+000  1.167134590943E-016  0.000000000000E+000  4.881964393387E-012  0.000000000000E+000
   5.900000000000E+001  1.144617667793E-016  0.000000000000E+000  0.000000000000E+000  2.373847625331E-013  0.000000000000E+000  5.215939823437E-012  0.000000000000E+000  7.992599245653E-013  0.000000000000E+000  1.144617667793E-016  0.000000000000E+000  4.793362881496E-012  0.000000000000E+000
   5.925000000000E+001  1.122624086628E-016  0.000000000000E+000  0.000000000000E+000  2.330903575221E-013  0.000000000000E+000  5.121995482860E-012  0.000000000000E+000  7.848925022296E-013  0.000000000000E+000  1.122624086628E-016  0.000000000000E+000  4.706754236492E-012  0.000000000000E+000
   5.950000000000E+001  1.101153489789E-016  0.000000000000E+000  0.000000000000E+000  2.288922323103E-013  0.000000000000E+000  5.030147230564E-012  0.000000000000E+000  7.708448361080E-013  0.000000000000E+000  1.101153489789E-016  0.000000000000E+000  4.622084401815E-012  0.000000000000E+000
   5.975000000000E+001  1.080183289039E-016  0.000000000000E+000  0.000000000000E+000  2.247878419286E-013  0.000000000000E+000  4.940338416364E-012  0.000000000000E+000  7.571083719144E-013  0.000000000000E+000  1.080183289039E-016  0.000000000000E+000  4.539303099034E-012  0.000000000000E+000
   6.000000000000E+001  1.059671068796E-016  0.000000000000E+000  0.000000000000E+000  2.207746870359E-013  0.000000000000E+000  4.852516455663E-012  0.000000000000E+000  7.436749775278E-013  0.000000000000E+000  1.059671068796E-016  0.000000000000E+000  4.458358748853E-012  0.000000000000E+000
   6.025000000000E+001  1.039657220306E-016  0.000000000000E+000  0.000000000000E+000  2.168503568072E-013  0.000000000000E+000  4.766627658379E-012  0.000000000000E+000  7.305367587077E-013  0.000000000000E+000  1.039657220306E-016  0.000000000000E+000  4.379203908054E-012  0.000000000000E+000
   6.050000000000E+001  1.020076637916E-016  0.000000000000E+000  0.000000000000E+000  2.130124867526E-013  0.000000000000E+000  4.682622250120E-012  0.000000000000E+000  7.176857729835E-013  0.000000000000E+000  1.020076637916E-016  0.000000000000E+000  4.301790274383E-012  0.000000000000E+000
   6.075000000000E+001  9.999615251970E-017  0.000000000000E+000  0.000000000000E+000  2.092548635480E-013  0.000000000000E+000  4.600426976345E-012  0.000000000000E+000  7.051056976070E-013  0.000000000000E+000  9.999615251970E-017  0.000000000000E+000  4.226492868509E-012  0.000000000000E+000
   6.100000000000E+001  9.822791509799E-017  0.000000000000E+000  0.000000000000E+000  2.055871701533E-013  0.000000000000E+000  4.520065470732E-012  0.000000000000E+000  6.928160538019E-013  0.000000000000E+000  9.822791509799E-017  0.000000000000E+000  4.152008971898E-012  0.000000000000E+000
   6.125000000000E+001  9.630135518257E-017  0.000000000000E+000  0.000000000000E+000  2.019914585801E-013  0.000000000000E+000  4.441396470706E-012  0.000000000000E+000  6.807744826666E-013  0.000000000000E+000  9.630135518257E-017  0.000000000000E+000  4.079969166122E-012  0.000000000000E+000
   6.150000000000E+001  9.461609374133E-017  0.000000000000E+000  0.000000000000E+000  1.984814205851E-013  0.000000000000E+000  4.364470237168E-012  0.000000000000E+000  6.690091058289E-013  0.000000000000E+000  9.461609374133E-017  0.000000000000E+000  4.008663964829E-012  0.000000000000E+000
   6.175000000000E+001  9.277304529078E-017  0.000000000000E+000  0.000000000000E+000  1.950393502500E-013  0.000000000000E+000  4.289149088519E-012  0.000000000000E+000  6.574786176383E-013  0.000000000000E+000  9.277304529078E-017  0.000000000000E+000  3.939712712917E-012  0.000000000000E+000
   6.200000000000E+001  9.106623999327E-017  0.000000000000E+000  0.000000000000E+000  1.916749485469E-013  0.000000000000E+000  4.215459460572E-012  0.000000000000E+000  6.462019991744E-013  0.000000000000E+000  9.106623999327E-017  0.000000000000E+000  3.871856997393E-012  0.000000000000E+000
   6.225000000000E+001  8.939661294317E-017  0.000000000000E+000  0.000000000000E+000  1.883825846349E-013  0.000000000000E+000  4.143339400123E-012  0.000000000000E+000  6.351653273901E-013  0.000000000000E+000  8.939661294317E-017  0.000000000000E+000  3.805433367659E-012  0.000000000000E+000
   6.250000000000E+001  8.776622828168E-017  0.000000000000E+000  0.000000000000E+000  1.851603569818E-013  0.000000000000E+000  4.072748333262E-012  0.000000000000E+000  6.243620589171E-013  0.000000000000E+000  8.776622828168E-017  0.000000000000E+000  3.740419747976E-012  0.000000000000E+000
   6.275000000000E+001  8.617149396782E-017  0.000000000000E+000  0.000000000000E+000  1.820064855646E-013  0.000000000000E+000  4.003647758409E-012  0.000000000000E+000  6.137865278749E-013  0.000000000000E+000  8.617149396782E-017  0.000000000000E+000  3.676782214689E-012  0.000000000000E+000
   6.300000000000E+001  8.461251131583E-017  0.000000000000E+000  0.000000000000E+000  1.789192484897E-013  0.000000000000E+000  3.935999727517E-012  0.000000000000E+000  6.034327965841E-013  0.000000000000E+000  8.461251131583E-017  0.000000000000E+000  3.614487098440E-012  0.000000000000E+000
   6.325000000000E+001  8.308679561382E-017  0.000000000000E+000  0.000000000000E+000  1.758969409559E-013  0.000000000000E+000  3.869768484822E-012  0.000000000000E+000  5.932953722837E-013  0.000000000000E+000  8.308679561382E-017  0.000000000000E+000  3.553500872921E-012  0.000000000000E+000
   6.350000000000E+001  8.159497455658E-017  0.000000000000E+000  0.000000000000E+000  1.729379662973E-013  0.000000000000E+000  3.804918533495E-012  0.000000000000E+000  5.833688949455E-013  0.000000000000E+000  8.159497455658E-017  0.000000000000E+000  3.493789894191E-012  0.000000000000E+000
   6.375000000000E+001  8.013565147377E-017  0.000000000000E+000  0.000000000000E+000  1.700407023415E-013  0.000000000000E+000  3.741414995921E-012  0.000000000000E+000  5.736481663935E-013  0.000000000000E+000  8.013565147377E-017  0.000000000000E+000  3.435323617513E-012  0.000000000000E+000
   6.400000000000E+001  7.870586925716E-017  0.000000000000E+000  0.000000000000E+000  1.672036513789E-013  0.000000000000E+000  3.679225479573E-012  0.000000000000E+000  5.641281433814E-013  0.000000000000E+000  7.870586925716E-017  0.000000000000E+000  3.378070121592E-012  0.000000000000E+000
   6.425000000000E+001  7.730894583366E-017  0.000000000000E+000  0.000000000000E+000  1.644253163838E-013  0.000000000000E+000  3.618317087663E-012  0.000000000000E+000  5.548038175912E-013  0.000000000000E+000  7.730894583366E-017  0.000000000000E+000  3.322000314956E-012  0.000000000000E+000
   6.450000000000E+001  7.594053919961E-017  0.000000000000E+000  0.000000000000E+000  1.617042400028E-013  0.000000000000E+000  3.558658564700E-012  0.000000000000E+000  5.456704077940E-013  0.000000000000E+000  7.594053919961E-017  0.000000000000E+000  3.267084526364E-012  0.000000000000E+000
   6.475000000000E+001  7.460274166873E-017  0.000000000000E+000  0.000000000000E+000  1.590390213476E-013  0.000000000000E+000  3.500219341968E-012  0.000000000000E+000  5.367232998959E-013  0.000000000000E+000  7.460274166873E-017  0.000000000000E+000  3.213295041159E-012  0.000000000000E+000
   6.500000000000E+001  7.329221058891E-017  0.000000000000E+000  0.000000000000E+000  1.564283010782E-013  0.000000000000E+000  3.442969483773E-012  0.000000000000E+000  5.279578895668E-013  0.000000000000E+000  7.329221058891E-017  0.000000000000E+000  3.160603557154E-012  0.000000000000E+000
   6.525000000000E+001  7.200937182528E-017  0.000000000000E+000  0.000000000000E+000  1.538707415373E-013  0.000000000000E+000  3.386880320607E-012  0.000000000000E+000  5.193699041183E-013  0.000000000000E+000  7.200937182528E-017  0.000000000000E+000  3.108984160049E-012  0.000000000000E+000
   6.550000000000E+001  7.075379754630E-017  0.000000000000E+000  0.000000000000E+000  1.513650403825E-013  0.000000000000E+000  3.331924150243E-012  0.000000000000E+000  5.109550024704E-013  0.000000000000E+000  7.075379754630E-017  0.000000000000E+000  3.058409831117E-012  0.000000000000E+000
   6.575000000000E+001  6.952585699208E-017  0.000000000000E+000  0.000000000000E+000  1.489099625485E-013  0.000000000000E+000  3.278073385923E-012  0.000000000000E+000  5.027090467215E-013  0.000000000000E+000  6.952585699208E-017  0.000000000000E+000  3.008856207817E-012  0.000000000000E+000
   6.600000000000E+001  6.832119883130E-017  0.000000000000E+000  0.000000000000E+000  1.465043006868E-013  0.000000000000E+000  3.225301507957E-012  0.000000000000E+000  4.946280023407E-013  0.000000000000E+000  6.832119883130E-017  0.000000000000E+000  2.960298110458E-012  0.000000000000E+000
   6.625000000000E+001  6.714377644343E-017  0.000000000000E+000  0.000000000000E+000  1.441468503582E-013  0.000000000000E+000  3.173583094033E-012  0.000000000000E+000  4.867079859505E-013  0.000000000000E+000  6.714377644343E-017  0.000000000000E+000  2.912712662653E-012  0.000000000000E+000
   6.650000000000E+001  6.599007717979E-017  0.000000000000E+000  0.000000000000E+000  1.418364566875E-013  0.000000000000E+000  3.122892828018E-012  0.000000000000E+000  4.789450213703E-013  0.000000000000E+000  6.599007717979E-017  0.000000000000E+000  2.866075661487E-012  0.000000000000E+000
   6.675000000000E+001  6.485974901930E-017  0.000000000000E+000  0.000000000000E+000  1.395720091102E-013  0.000000000000E+000  3.073206209107E-012  0.000000000000E+000  4.713355707083E-013  0.000000000000E+000  6.485974901930E-017  0.000000000000E+000  2.820364498794E-012  0.000000000000E+000
   6.700000000000E+001  6.375244375176E-017  0.000000000000E+000  0.000000000000E+000  1.373524107672E-013  0.000000000000E+000  3.024500129086E-012  0.000000000000E+000  4.638759606983E-013  0.000000000000E+000  6.375244375176E-017  0.000000000000E+000  2.775558289712E-012  0.000000000000E+000
   6.725000000000E+001  6.266934890115E-017  0.000000000000E+000  0.000000000000E+000  1.351766181447E-013  0.000000000000E+000  2.976750782851E-012  0.000000000000E+000  4.565625746737E-013  0.000000000000E+000  6.266934890115E-017  0.000000000000E+000  2.731635443957E-012  0.000000000000E+000
   6.750000000000E+001  6.160672795609E-017  0.000000000000E+000  0.000000000000E+000  1.330435844268E-013  0.000000000000E+000  2.929936473085E-012  0.000000000000E+000  4.493921981837E-013  0.000000000000E+000  6.160672795609E-017  0.000000000000E+000  2.688574805241E-012  0.000000000000E+000
   6.775000000000E+001  6.056649973904E-017  0.000000000000E+000  0.000000000000E+000  1.309523211927E-013  0.000000000000E+000  2.884035301392E-012  0.000000000000E+000  4.423613705349E-013  0.000000000000E+000  6.056649973904E-017  0.000000000000E+000  2.646355957220E-012  0.000000000000E+000
   6.800000000000E+001  5.954762691466E-017  0.000000000000E+000  0.000000000000E+000  1.289018481082E-013  0.000000000000E+000  2.839025501146E-012  0.000000000000E+000  4.354668977314E-013  0.000000000000E+000  5.954762691466E-017  0.000000000000E+000  2.604959324173E-012  0.000000000000E+000
   6.825000000000E+001  5.854972617765E-017  0.000000000000E+000  0.000000000000E+000  1.268912193096E-013  0.000000000000E+000  2.794886985620E-012  0.000000000000E+000  4.287056833475E-013  0.000000000000E+000  5.854972617765E-017  0.000000000000E+000  2.564366889646E-012  0.000000000000E+000
   6.850000000000E+001  5.757151676206E-017  0.000000000000E+000  0.000000000000E+000  1.249194972012E-013  0.000000000000E+000  2.751599342801E-012  0.000000000000E+000  4.220745089317E-013  0.000000000000E+000  5.757151676206E-017  0.000000000000E+000  2.524558589168E-012  0.000000000000E+000
   6.875000000000E+001  5.661265008810E-017  0.000000000000E+000  0.000000000000E+000  1.229858175755E-013  0.000000000000E+000  2.709143351163E-012  0.000000000000E+000  4.155705126319E-013  0.000000000000E+000  5.661265008810E-017  0.000000000000E+000  2.485517525629E-012  0.000000000000E+000
   6.900000000000E+001  5.567247779172E-017  0.000000000000E+000  0.000000000000E+000  1.210892537300E-013  0.000000000000E+000  2.667499830113E-012  0.000000000000E+000  4.091907775873E-013  0.000000000000E+000  5.567247779172E-017  0.000000000000E+000  2.447225492295E-012  0.000000000000E+000
   6.925000000000E+001  5.475252677425E-017  0.000000000000E+000  0.000000000000E+000  1.192290079755E-013  0.000000000000E+000  2.626650044092E-012  0.000000000000E+000  4.029323904691E-013  0.000000000000E+000  5.475252677425E-017  0.000000000000E+000  2.409665629185E-012  0.000000000000E+000
   6.950000000000E+001  5.384934879485E-017  0.000000000000E+000  0.000000000000E+000  1.174042109590E-013  0.000000000000E+000  2.586576271762E-012  0.000000000000E+000  3.967927100388E-013  0.000000000000E+000  5.384934879485E-017  0.000000000000E+000  2.372820626553E-012  0.000000000000E+000
   6.975000000000E+001  5.296546935882E-017  0.000000000000E+000  0.000000000000E+000  1.156140899786E-013  0.000000000000E+000  2.547260601870E-012  0.000000000000E+000  3.907690060198E-013  0.000000000000E+000  5.296546935882E-017  0.000000000000E+000  2.336675366404E-012  0.000000000000E+000
   7.000000000000E+001  5.209792349753E-017  0.000000000000E+000  0.000000000000E+000  1.138578330714E-013  0.000000000000E+000  2.508686585569E-012  0.000000000000E+000  3.848587579207E-013  0.000000000000E+000  5.209792349753E-017  0.000000000000E+000  2.301212589898E-012  0.000000000000E+000
   7.025000000000E+001  5.124810463417E-017  0.000000000000E+000  0.000000000000E+000  1.121346920313E-013  0.000000000000E+000  2.470836810698E-012  0.000000000000E+000  3.790592580499E-013  0.000000000000E+000  5.124810463417E-017  0.000000000000E+000  2.266418078497E-012  0.000000000000E+000
   7.050000000000E+001  5.041408756986E-017  0.000000000000E+000  0.000000000000E+000  1.104439358043E-013  0.000000000000E+000  2.433695499462E-012  0.000000000000E+000  3.733681026362E-013  0.000000000000E+000  5.041408756986E-017  0.000000000000E+000  2.232276894215E-012  0.000000000000E+000
   7.075000000000E+001  4.959672743613E-017  0.000000000000E+000  0.000000000000E+000  1.087847991251E-013  0.000000000000E+000  2.397246766610E-012  0.000000000000E+000  3.677829897831E-013  0.000000000000E+000  4.959672743613E-017  0.000000000000E+000  2.198773655832E-012  0.000000000000E+000
   7.100000000000E+001  4.879506251919E-017  0.000000000000E+000  0.000000000000E+000  1.071566034306E-013  0.000000000000E+000  2.361475066822E-012  0.000000000000E+000  3.623014716789E-013  0.000000000000E+000  4.879506251919E-017  0.000000000000E+000  2.165893850269E-012  0.000000000000E+000
   7.125000000000E+001  4.801015365396E-017  0.000000000000E+000  0.000000000000E+000  1.055586577037E-013  0.000000000000E+000  2.326365681149E-012  0.000000000000E+000  3.569211332527E-013  0.000000000000E+000  4.801015365396E-017  0.000000000000E+000  2.133625143850E-012  0.000000000000E+000
   7.150000000000E+001  4.723858737510E-017  0.000000000000E+000  0.000000000000E+000  1.039903020720E-013  0.000000000000E+000  2.291903830910E-012  0.000000000000E+000  3.516400410251E-013  0.000000000000E+000  4.723858737510E-017  0.000000000000E+000  2.101952412791E-012  0.000000000000E+000
   7.175000000000E+001  4.648305218059E-017  0.000000000000E+000  0.000000000000E+000  1.024508458164E-013  0.000000000000E+000  2.258075312893E-012  0.000000000000E+000  3.464557802458E-013  0.000000000000E+000  4.648305218059E-017  0.000000000000E+000  2.070863695878E-012  0.000000000000E+000
   7.200000000000E+001  4.574205914079E-017  0.000000000000E+000  0.000000000000E+000  1.009397031343E-013  0.000000000000E+000  2.224866294914E-012  0.000000000000E+000  3.413662870912E-013  0.000000000000E+000  4.574205914079E-017  0.000000000000E+000  2.040345605509E-012  0.000000000000E+000
   7.225000000000E+001  4.501534839054E-017  0.000000000000E+000  0.000000000000E+000  9.945622853270E-014  0.000000000000E+000  2.192263429565E-012  0.000000000000E+000  3.363694734020E-013  0.000000000000E+000  4.501534839054E-017  0.000000000000E+000  2.010385541654E-012  0.000000000000E+000
   7.250000000000E+001  4.430094151176E-017  0.000000000000E+000  0.000000000000E+000  9.799980823493E-014  0.000000000000E+000  2.160252929049E-012  0.000000000000E+000  3.314634346050E-013  0.000000000000E+000  4.430094151176E-017  0.000000000000E+000  1.980971796025E-012  0.000000000000E+000
   7.275000000000E+001  4.715994203119E-017  0.000000000000E+000  0.000000000000E+000  9.656986877201E-014  0.000000000000E+000  2.128713929304E-012  0.000000000000E+000  3.266462282418E-013  0.000000000000E+000  4.715994203119E-017  0.000000000000E+000  1.952365821352E-012  0.000000000000E+000
   7.300000000000E+001  4.644436247215E-017  0.000000000000E+000  0.000000000000E+000  9.516582698707E-014  0.000000000000E+000  2.097851276317E-012  0.000000000000E+000  3.219157364420E-013  0.000000000000E+000  4.644436247215E-017  0.000000000000E+000  1.924003436518E-012  0.000000000000E+000
   7.325000000000E+001  4.574145341644E-017  0.000000000000E+000  0.000000000000E+000  9.378713610882E-014  0.000000000000E+000  2.067543777631E-012  0.000000000000E+000  3.172702418126E-013  0.000000000000E+000  4.574145341644E-017  0.000000000000E+000  1.896152929619E-012  0.000000000000E+000
   7.350000000000E+001  4.505196083318E-017  0.000000000000E+000  0.000000000000E+000  9.243324006721E-014  0.000000000000E+000  2.037779499237E-012  0.000000000000E+000  3.127079159934E-013  0.000000000000E+000  4.505196083318E-017  0.000000000000E+000  1.868802669025E-012  0.000000000000E+000
   7.375000000000E+001  4.437506910847E-017  0.000000000000E+000  0.000000000000E+000  9.110360048886E-014  0.000000000000E+000  2.008546996791E-012  0.000000000000E+000  3.082269418184E-013  0.000000000000E+000  4.437506910847E-017  0.000000000000E+000  1.841942251962E-012  0.000000000000E+000
   7.400000000000E+001  4.371123707399E-017  0.000000000000E+000  0.000000000000E+000  8.979770067517E-014  0.000000000000E+000  1.979834794996E-012  0.000000000000E+000  3.038256454223E-013  0.000000000000E+000  4.371123707399E-017  0.000000000000E+000  1.815560770325E-012  0.000000000000E+000
   7.425000000000E+001  4.305939360009E-017  0.000000000000E+000  0.000000000000E+000  8.851504538777E-014  0.000000000000E+000  1.951631969421E-012  0.000000000000E+000  2.995022558334E-013  0.000000000000E+000  4.305939360009E-017  0.000000000000E+000  1.789648118097E-012  0.000000000000E+000
   7.450000000000E+001  4.241879269248E-017  0.000000000000E+000  0.000000000000E+000  8.725514544094E-014  0.000000000000E+000  1.923927611748E-012  0.000000000000E+000  2.952552421801E-013  0.000000000000E+000  4.241879269248E-017  0.000000000000E+000  1.764194893620E-012  0.000000000000E+000
   7.475000000000E+001  4.179008664479E-017  0.000000000000E+000  0.000000000000E+000  8.601749934012E-014  0.000000000000E+000  1.896711550823E-012  0.000000000000E+000  2.910828892949E-013  0.000000000000E+000  4.179008664479E-017  0.000000000000E+000  1.739191520593E-012  0.000000000000E+000
   7.500000000000E+001  4.117264241485E-017  0.000000000000E+000  0.000000000000E+000  8.480167288045E-014  0.000000000000E+000  1.869972893536E-012  0.000000000000E+000  2.869837553021E-013  0.000000000000E+000  4.117264241485E-017  0.000000000000E+000  1.714627631868E-012  0.000000000000E+000
   7.525000000000E+001  4.056626036065E-017  0.000000000000E+000  0.000000000000E+000  8.360716070223E-014  0.000000000000E+000  1.843702237737E-012  0.000000000000E+000  2.829561983109E-013  0.000000000000E+000  4.056626036065E-017  0.000000000000E+000  1.690494003858E-012  0.000000000000E+000
   7.550000000000E+001  3.997079598926E-017  0.000000000000E+000  0.000000000000E+000  8.243355363380E-014  0.000000000000E+000  1.817889581578E-012  0.000000000000E+000  2.789987272257E-013  0.000000000000E+000  3.997079598926E-017  0.000000000000E+000  1.666782515070E-012  0.000000000000E+000
   7.575000000000E+001  3.938610641683E-017  0.000000000000E+000  0.000000000000E+000  8.128038481838E-014  0.000000000000E+000  1.792525443019E-012  0.000000000000E+000  2.751099493910E-013  0.000000000000E+000  3.938610641683E-017  0.000000000000E+000  1.643484038410E-012  0.000000000000E+000
   7.600000000000E+001  3.881261279391E-017  0.000000000000E+000  0.000000000000E+000  8.014726447589E-014  0.000000000000E+000  1.767600721547E-012  0.000000000000E+000  2.712884599940E-013  0.000000000000E+000  3.881261279391E-017  0.000000000000E+000  1.620589560071E-012  0.000000000000E+000
   7.625000000000E+001  3.824820648403E-017  0.000000000000E+000  0.000000000000E+000  7.903374544451E-014  0.000000000000E+000  1.743105855965E-012  0.000000000000E+000  2.675327954751E-013  0.000000000000E+000  3.824820648403E-017  0.000000000000E+000  1.598091423755E-012  0.000000000000E+000
   7.650000000000E+001  3.769447004935E-017  0.000000000000E+000  0.000000000000E+000  7.793945686485E-014  0.000000000000E+000  1.719032507306E-012  0.000000000000E+000  2.638416749658E-013  0.000000000000E+000  3.769447004935E-017  0.000000000000E+000  1.575980690700E-012  0.000000000000E+000
   7.675000000000E+001  3.714978227044E-017  0.000000000000E+000  0.000000000000E+000  7.686395864375E-014  0.000000000000E+000  1.695371642683E-012  0.000000000000E+000  2.602136986616E-013  0.000000000000E+000  3.714978227044E-017  0.000000000000E+000  1.554250123976E-012  0.000000000000E+000
   7.700000000000E+001  3.661525198859E-017  0.000000000000E+000  0.000000000000E+000  7.580690429503E-014  0.000000000000E+000  1.672115075704E-012  0.000000000000E+000  2.566476003466E-013  0.000000000000E+000  3.661525198859E-017  0.000000000000E+000  1.532891027356E-012  0.000000000000E+000
   7.725000000000E+001  3.608958331298E-017  0.000000000000E+000  0.000000000000E+000  7.476790502203E-014  0.000000000000E+000  1.649254502167E-012  0.000000000000E+000  2.531422042344E-013  0.000000000000E+000  3.608958331298E-017  0.000000000000E+000  1.511896893358E-012  0.000000000000E+000
   7.750000000000E+001  3.557377123319E-017  0.000000000000E+000  0.000000000000E+000  7.374658371214E-014  0.000000000000E+000  1.626781861662E-012  0.000000000000E+000  2.496962118622E-013  0.000000000000E+000  3.557377123319E-017  0.000000000000E+000  1.491259795052E-012  0.000000000000E+000
   7.775000000000E+001  3.506658884606E-017  0.000000000000E+000  0.000000000000E+000  7.274258869449E-014  0.000000000000E+000  1.604689482580E-012  0.000000000000E+000  2.463084086190E-013  0.000000000000E+000  3.506658884606E-017  0.000000000000E+000  1.470972072586E-012  0.000000000000E+000
   7.800000000000E+001  3.456792992116E-017  0.000000000000E+000  0.000000000000E+000  7.175555976029E-014  0.000000000000E+000  1.582969426168E-012  0.000000000000E+000  2.429776992395E-013  0.000000000000E+000  3.456792992116E-017  0.000000000000E+000  1.451027310319E-012  0.000000000000E+000
   7.825000000000E+001  3.407905672187E-017  0.000000000000E+000  0.000000000000E+000  7.078517181576E-014  0.000000000000E+000  1.561614324587E-012  0.000000000000E+000  2.397028140325E-013  0.000000000000E+000  3.407905672187E-017  0.000000000000E+000  1.431418420450E-012  0.000000000000E+000
   7.850000000000E+001  3.359712020656E-017  0.000000000000E+000  0.000000000000E+000  6.983108593954E-014  0.000000000000E+000  1.540616789573E-012  0.000000000000E+000  2.364827890318E-013  0.000000000000E+000  3.359712020656E-017  0.000000000000E+000  1.412138316651E-012  0.000000000000E+000
   7.875000000000E+001  3.312450628770E-017  0.000000000000E+000  0.000000000000E+000  6.889295647034E-014  0.000000000000E+000  1.519969892485E-012  0.000000000000E+000  2.333164095089E-013  0.000000000000E+000  3.312450628770E-017  0.000000000000E+000  1.393181035985E-012  0.000000000000E+000
   7.900000000000E+001  3.265916297257E-017  0.000000000000E+000  0.000000000000E+000  6.797048906116E-014  0.000000000000E+000  1.499666438361E-012  0.000000000000E+000  2.302025764791E-013  0.000000000000E+000  3.265916297257E-017  0.000000000000E+000  1.374539621363E-012  0.000000000000E+000
   7.925000000000E+001  3.220236059203E-017  0.000000000000E+000  0.000000000000E+000  6.706336542597E-014  0.000000000000E+000  1.479699728345E-012  0.000000000000E+000  2.271404218822E-013  0.000000000000E+000  3.220236059203E-017  0.000000000000E+000  1.356207563107E-012  0.000000000000E+000
   7.950000000000E+001  3.175373187293E-017  0.000000000000E+000  0.000000000000E+000  6.617126695595E-014  0.000000000000E+000  1.460062891752E-012  0.000000000000E+000  2.241287350022E-013  0.000000000000E+000  3.175373187293E-017  0.000000000000E+000  1.338179504902E-012  0.000000000000E+000
   7.975000000000E+001  3.131186125566E-017  0.000000000000E+000  0.000000000000E+000  6.529391871697E-014  0.000000000000E+000  1.440749734158E-012  0.000000000000E+000  2.211666724946E-013  0.000000000000E+000  3.131186125566E-017  0.000000000000E+000  1.320449043176E-012  0.000000000000E+000
   8.000000000000E+001  3.087770076346E-017  0.000000000000E+000  0.000000000000E+000  6.443101367254E-014  0.000000000000E+000  1.421753740662E-012  0.000000000000E+000  2.182531502191E-013  0.000000000000E+000  3.087770076346E-017  0.000000000000E+000  1.303010692564E-012  0.000000000000E+000
   8.025000000000E+001  3.045115334469E-017  0.000000000000E+000  0.000000000000E+000  6.358226775440E-014  0.000000000000E+000  1.403068871810E-012  0.000000000000E+000  2.153873466261E-013  0.000000000000E+000  3.045115334469E-017  0.000000000000E+000  1.285857623870E-012  0.000000000000E+000
   8.050000000000E+001  3.003189767137E-017  0.000000000000E+000  0.000000000000E+000  6.274740668756E-014  0.000000000000E+000  1.384688700412E-012  0.000000000000E+000  2.125682102476E-013  0.000000000000E+000  3.003189767137E-017  0.000000000000E+000  1.268985483507E-012  0.000000000000E+000
   8.075000000000E+001  2.961928433374E-017  0.000000000000E+000  0.000000000000E+000  6.192616487310E-014  0.000000000000E+000  1.366607509385E-012  0.000000000000E+000  2.097948087935E-013  0.000000000000E+000  2.961928433374E-017  0.000000000000E+000  1.252387841007E-012  0.000000000000E+000
   8.100000000000E+001  2.921352471764E-017  0.000000000000E+000  0.000000000000E+000  6.111828523960E-014  0.000000000000E+000  1.348819519634E-012  0.000000000000E+000  2.070664245701E-013  0.000000000000E+000  2.921352471764E-017  0.000000000000E+000  1.236060324460E-012  0.000000000000E+000
   8.125000000000E+001  2.881407121568E-017  0.000000000000E+000  0.000000000000E+000  6.032349083718E-014  0.000000000000E+000  1.331318984749E-012  0.000000000000E+000  2.043820654876E-013  0.000000000000E+000  2.881407121568E-017  0.000000000000E+000  1.219996758527E-012  0.000000000000E+000
   8.150000000000E+001  2.842201365844E-017  0.000000000000E+000  0.000000000000E+000  5.954152697246E-014  0.000000000000E+000  1.314100482140E-012  0.000000000000E+000  2.017408807660E-013  0.000000000000E+000  2.842201365844E-017  0.000000000000E+000  1.204192951358E-012  0.000000000000E+000
   8.175000000000E+001  2.803558020798E-017  0.000000000000E+000  0.000000000000E+000  5.877216152370E-014  0.000000000000E+000  1.297158450934E-012  0.000000000000E+000  1.991420673288E-013  0.000000000000E+000  2.803558020798E-017  0.000000000000E+000  1.188642820492E-012  0.000000000000E+000
   8.200000000000E+001  2.765641746500E-017  0.000000000000E+000  0.000000000000E+000  5.801513631201E-014  0.000000000000E+000  1.280487681536E-012  0.000000000000E+000  1.965847703935E-013  0.000000000000E+000  2.765641746500E-017  0.000000000000E+000  1.173342394941E-012  0.000000000000E+000
   8.225000000000E+001  2.728294998346E-017  0.000000000000E+000  0.000000000000E+000  5.727023503932E-014  0.000000000000E+000  1.264082925255E-012  0.000000000000E+000  1.940683216588E-013  0.000000000000E+000  2.728294998346E-017  0.000000000000E+000  1.158286486406E-012  0.000000000000E+000
   8.250000000000E+001  2.691611569969E-017  0.000000000000E+000  0.000000000000E+000  5.653720910328E-014  0.000000000000E+000  1.247939147757E-012  0.000000000000E+000  1.915917867559E-013  0.000000000000E+000  2.691611569969E-017  0.000000000000E+000  1.143470671610E-012  0.000000000000E+000
   8.275000000000E+001  2.655534365339E-017  0.000000000000E+000  0.000000000000E+000  5.581583312024E-014  0.000000000000E+000  1.232051407277E-012  0.000000000000E+000  1.891545879264E-013  0.000000000000E+000  2.655534365339E-017  0.000000000000E+000  1.128890298271E-012  0.000000000000E+000
   8.300000000000E+001  2.620005716070E-017  0.000000000000E+000  0.000000000000E+000  5.510589893175E-014  0.000000000000E+000  1.216414847853E-012  0.000000000000E+000  1.867557970729E-013  0.000000000000E+000  2.620005716070E-017  0.000000000000E+000  1.114540894461E-012  0.000000000000E+000
   8.325000000000E+001  2.585019439659E-017  0.000000000000E+000  0.000000000000E+000  5.440717846543E-014  0.000000000000E+000  1.201024895461E-012  0.000000000000E+000  1.843948054140E-013  0.000000000000E+000  2.585019439659E-017  0.000000000000E+000  1.100417771359E-012  0.000000000000E+000
   8.350000000000E+001  2.550691766324E-017  0.000000000000E+000  0.000000000000E+000  5.371947408214E-014  0.000000000000E+000  1.185876665495E-012  0.000000000000E+000  1.820708720680E-013  0.000000000000E+000  2.550691766324E-017  0.000000000000E+000  1.086517174368E-012  0.000000000000E+000
   8.375000000000E+001  2.516824508422E-017  0.000000000000E+000  0.000000000000E+000  5.304256013510E-014  0.000000000000E+000  1.170965657248E-012  0.000000000000E+000  1.797832743540E-013  0.000000000000E+000  2.516824508422E-017  0.000000000000E+000  1.072834351359E-012  0.000000000000E+000
   8.400000000000E+001  2.483572882307E-017  0.000000000000E+000  0.000000000000E+000  5.237624237044E-014  0.000000000000E+000  1.156287541986E-012  0.000000000000E+000  1.775313628412E-013  0.000000000000E+000  2.483572882307E-017  0.000000000000E+000  1.059366079653E-012  0.000000000000E+000
   8.425000000000E+001  2.450749898871E-017  0.000000000000E+000  0.000000000000E+000  5.172032503910E-014  0.000000000000E+000  1.141838001617E-012  0.000000000000E+000  1.753145010099E-013  0.000000000000E+000  2.450749898871E-017  0.000000000000E+000  1.046107515133E-012  0.000000000000E+000
   8.450000000000E+001  2.418553617949E-017  0.000000000000E+000  0.000000000000E+000  5.107460375055E-014  0.000000000000E+000  1.127612718739E-012  0.000000000000E+000  1.731320424273E-013  0.000000000000E+000  2.418553617949E-017  0.000000000000E+000  1.033055013214E-012  0.000000000000E+000
   8.475000000000E+001  2.386865398423E-017  0.000000000000E+000  0.000000000000E+000  5.043890671947E-014  0.000000000000E+000  1.113607426497E-012  0.000000000000E+000  1.709833008688E-013  0.000000000000E+000  2.386865398423E-017  0.000000000000E+000  1.020205006611E-012  0.000000000000E+000
   8.500000000000E+001  2.355609593277E-017  0.000000000000E+000  0.000000000000E+000  4.981304251275E-014  0.000000000000E+000  1.099818351059E-012  0.000000000000E+000  1.688676194004E-013  0.000000000000E+000  2.355609593277E-017  0.000000000000E+000  1.007553563954E-012  0.000000000000E+000
   8.525000000000E+001  2.324936434463E-017  0.000000000000E+000  0.000000000000E+000  4.919681660426E-014  0.000000000000E+000  1.086241305924E-012  0.000000000000E+000  1.667844581871E-013  0.000000000000E+000  2.324936434463E-017  0.000000000000E+000  9.950967587958E-013  0.000000000000E+000
   8.550000000000E+001  2.294684837372E-017  0.000000000000E+000  0.000000000000E+000  4.859007526512E-014  0.000000000000E+000  1.072872387185E-012  0.000000000000E+000  1.647332351600E-013  0.000000000000E+000  2.294684837372E-017  0.000000000000E+000  9.828315445270E-013  0.000000000000E+000
   8.575000000000E+001  2.264918877542E-017  0.000000000000E+000  0.000000000000E+000  4.799262624736E-014  0.000000000000E+000  1.059707951409E-012  0.000000000000E+000  1.627133587804E-013  0.000000000000E+000  2.264918877542E-017  0.000000000000E+000  9.707539330748E-013  0.000000000000E+000
   8.600000000000E+001  2.235609628490E-017  0.000000000000E+000  0.000000000000E+000  4.740429838742E-014  0.000000000000E+000  1.046744009744E-012  0.000000000000E+000  1.607242308641E-013  0.000000000000E+000  2.235609628490E-017  0.000000000000E+000  9.588607652221E-013  0.000000000000E+000
   8.625000000000E+001  2.206817561566E-017  0.000000000000E+000  0.000000000000E+000  4.682493641167E-014  0.000000000000E+000  1.033977178404E-012  0.000000000000E+000  1.587653024451E-013  0.000000000000E+000  2.206817561566E-017  0.000000000000E+000  9.471489925971E-013  0.000000000000E+000
   8.650000000000E+001  2.178404015492E-017  0.000000000000E+000  0.000000000000E+000  4.625437097463E-014  0.000000000000E+000  1.021403705205E-012  0.000000000000E+000  1.568359388748E-013  0.000000000000E+000  2.178404015492E-017  0.000000000000E+000  9.356144808995E-013  0.000000000000E+000
   8.675000000000E+001  2.055089613329E-017  0.000000000000E+000  0.000000000000E+000  4.569244211206E-014  0.000000000000E+000  1.009020235939E-012  0.000000000000E+000  1.549357782721E-013  0.000000000000E+000  2.055089613329E-017  0.000000000000E+000  9.242545524326E-013  0.000000000000E+000
   8.700000000000E+001  2.028796400364E-017  0.000000000000E+000  0.000000000000E+000  4.513900044239E-014  0.000000000000E+000  9.968231714690E-013  0.000000000000E+000  1.530641896019E-013  0.000000000000E+000  2.028796400364E-017  0.000000000000E+000  9.130661308514E-013  0.000000000000E+000
   8.725000000000E+001  2.002864370101E-017  0.000000000000E+000  0.000000000000E+000  4.459388139926E-014  0.000000000000E+000  9.848094435257E-013  0.000000000000E+000  1.512206927075E-013  0.000000000000E+000  2.002864370101E-017  0.000000000000E+000  9.020459576488E-013  0.000000000000E+000
   8.750000000000E+001  1.977373959016E-017  0.000000000000E+000  0.000000000000E+000  4.405695105675E-014  0.000000000000E+000  9.729754064573E-013  0.000000000000E+000  1.494047785957E-013  0.000000000000E+000  1.977373959016E-017  0.000000000000E+000  8.911908694207E-013  0.000000000000E+000
   8.775000000000E+001  1.952319864566E-017  0.000000000000E+000  0.000000000000E+000  4.352804716076E-014  0.000000000000E+000  9.613180573124E-013  0.000000000000E+000  1.476159223431E-013  0.000000000000E+000  1.952319864566E-017  0.000000000000E+000  8.804982075403E-013  0.000000000000E+000
   8.800000000000E+001  1.927591660852E-017  0.000000000000E+000  0.000000000000E+000  4.300703552998E-014  0.000000000000E+000  9.498343271467E-013  0.000000000000E+000  1.458536363631E-013  0.000000000000E+000  1.927591660852E-017  0.000000000000E+000  8.699650780149E-013  0.000000000000E+000
   8.825000000000E+001  1.903208125347E-017  0.000000000000E+000  0.000000000000E+000  4.249377596073E-014  0.000000000000E+000  9.385210177509E-013  0.000000000000E+000  1.441175193819E-013  0.000000000000E+000  1.903208125347E-017  0.000000000000E+000  8.595881344013E-013  0.000000000000E+000
   8.850000000000E+001  1.879225882422E-017  0.000000000000E+000  0.000000000000E+000  4.198812691719E-014  0.000000000000E+000  9.273749987236E-013  0.000000000000E+000  1.424070852052E-013  0.000000000000E+000  1.879225882422E-017  0.000000000000E+000  8.493653569790E-013  0.000000000000E+000
   8.875000000000E+001  1.855683613505E-017  0.000000000000E+000  0.000000000000E+000  4.148995688488E-014  0.000000000000E+000  9.163934940725E-013  0.000000000000E+000  1.407218612808E-013  0.000000000000E+000  1.855683613505E-017  0.000000000000E+000  8.392931980357E-013  0.000000000000E+000
   8.900000000000E+001  1.832349183634E-017  0.000000000000E+000  0.000000000000E+000  4.099911915329E-014  0.000000000000E+000  9.055735503188E-013  0.000000000000E+000  1.390613760041E-013  0.000000000000E+000  1.832349183634E-017  0.000000000000E+000  8.293699790441E-013  0.000000000000E+000
   8.925000000000E+001  1.809527196227E-017  0.000000000000E+000  0.000000000000E+000  4.051550522293E-014  0.000000000000E+000  8.949123848513E-013  0.000000000000E+000  1.374252418415E-013  0.000000000000E+000  1.809527196227E-017  0.000000000000E+000  8.195923461078E-013  0.000000000000E+000
   8.950000000000E+001  1.786928212363E-017  0.000000000000E+000  0.000000000000E+000  4.003898481255E-014  0.000000000000E+000  8.844071302114E-013  0.000000000000E+000  1.358130062581E-013  0.000000000000E+000  1.786928212363E-017  0.000000000000E+000  8.099574954371E-013  0.000000000000E+000
   8.975000000000E+001  1.764730855709E-017  0.000000000000E+000  0.000000000000E+000  3.956943063085E-014  0.000000000000E+000  8.740551355545E-013  0.000000000000E+000  1.342242764358E-013  0.000000000000E+000  1.764730855709E-017  0.000000000000E+000  8.004640613671E-013  0.000000000000E+000
   9.000000000000E+001  1.742830222814E-017  0.000000000000E+000  0.000000000000E+000  3.910671155191E-014  0.000000000000E+000  8.638535652936E-013  0.000000000000E+000  1.326586460654E-013  0.000000000000E+000  1.742830222814E-017  0.000000000000E+000  7.911085110528E-013  0.000000000000E+000
   9.025000000000E+001  1.721244232412E-017  0.000000000000E+000  0.000000000000E+000  3.865072442230E-014  0.000000000000E+000  8.538000975031E-013  0.000000000000E+000  1.311156475212E-013  0.000000000000E+000  1.721244232412E-017  0.000000000000E+000  7.818888769267E-013  0.000000000000E+000
   9.050000000000E+001  1.700026815944E-017  0.000000000000E+000  0.000000000000E+000  3.820134013668E-014  0.000000000000E+000  8.438918436077E-013  0.000000000000E+000  1.295950030687E-013  0.000000000000E+000  1.700026815944E-017  0.000000000000E+000  7.728027592150E-013  0.000000000000E+000
   9.075000000000E+001  1.679137319320E-017  0.000000000000E+000  0.000000000000E+000  3.775845051625E-014  0.000000000000E+000  8.341266187599E-013  0.000000000000E+000  1.280962730166E-013  0.000000000000E+000  1.679137319320E-017  0.000000000000E+000  7.638479380636E-013  0.000000000000E+000
   9.100000000000E+001  1.658510579064E-017  0.000000000000E+000  0.000000000000E+000  3.732194080197E-014  0.000000000000E+000  8.245016055793E-013  0.000000000000E+000  1.266189895109E-013  0.000000000000E+000  1.658510579064E-017  0.000000000000E+000  7.550220110603E-013  0.000000000000E+000
   9.125000000000E+001  1.638205245870E-017  0.000000000000E+000  0.000000000000E+000  3.689170337961E-014  0.000000000000E+000  8.150147281357E-013  0.000000000000E+000  1.251629250884E-013  0.000000000000E+000  1.638205245870E-017  0.000000000000E+000  7.463227218902E-013  0.000000000000E+000
   9.150000000000E+001  1.618156964829E-017  0.000000000000E+000  0.000000000000E+000  3.646763626538E-014  0.000000000000E+000  8.056635842507E-013  0.000000000000E+000  1.237276846067E-013  0.000000000000E+000  1.618156964829E-017  0.000000000000E+000  7.377480628992E-013  0.000000000000E+000
   9.175000000000E+001  1.598499333908E-017  0.000000000000E+000  0.000000000000E+000  3.604961455306E-014  0.000000000000E+000  7.964456459980E-013  0.000000000000E+000  1.223128626363E-013  0.000000000000E+000  1.598499333908E-017  0.000000000000E+000  7.292957017647E-013  0.000000000000E+000
   9.200000000000E+001  1.579017021596E-017  0.000000000000E+000  0.000000000000E+000  3.563755824983E-014  0.000000000000E+000  7.873587602774E-013  0.000000000000E+000  1.209181267584E-013  0.000000000000E+000  1.579017021596E-017  0.000000000000E+000  7.209638912837E-013  0.000000000000E+000
   9.225000000000E+001  1.559918135627E-017  0.000000000000E+000  0.000000000000E+000  3.523135390829E-014  0.000000000000E+000  7.784007268394E-013  0.000000000000E+000  1.195432099095E-013  0.000000000000E+000  1.559918135627E-017  0.000000000000E+000  7.127500765060E-013  0.000000000000E+000
   9.250000000000E+001  1.541084027448E-017  0.000000000000E+000  0.000000000000E+000  3.483091013862E-014  0.000000000000E+000  7.695693510317E-013  0.000000000000E+000  1.181876771529E-013  0.000000000000E+000  1.541084027448E-017  0.000000000000E+000  7.046527191985E-013  0.000000000000E+000
   9.275000000000E+001  1.522457784869E-017  0.000000000000E+000  0.000000000000E+000  3.443611358507E-014  0.000000000000E+000  7.608624459651E-013  0.000000000000E+000  1.168512446075E-013  0.000000000000E+000  1.522457784869E-017  0.000000000000E+000  6.966697696095E-013  0.000000000000E+000
   9.300000000000E+001  1.504164956550E-017  0.000000000000E+000  0.000000000000E+000  3.404688387706E-014  0.000000000000E+000  7.522781315847E-013  0.000000000000E+000  1.155335690611E-013  0.000000000000E+000  1.504164956550E-017  0.000000000000E+000  6.887991460033E-013  0.000000000000E+000
   9.325000000000E+001  1.486075041933E-017  0.000000000000E+000  0.000000000000E+000  3.366312980798E-014  0.000000000000E+000  7.438139423231E-013  0.000000000000E+000  1.142343260128E-013  0.000000000000E+000  1.486075041933E-017  0.000000000000E+000  6.810390732866E-013  0.000000000000E+000
   9.350000000000E+001  1.468312093313E-017  0.000000000000E+000  0.000000000000E+000  3.328473891590E-014  0.000000000000E+000  7.354683039806E-013  0.000000000000E+000  1.129533287628E-013  0.000000000000E+000  1.468312093313E-017  0.000000000000E+000  6.733873124218E-013  0.000000000000E+000
   9.375000000000E+001  1.450728017286E-017  0.000000000000E+000  0.000000000000E+000  3.291164118106E-014  0.000000000000E+000  7.272389290110E-013  0.000000000000E+000  1.116901136982E-013  0.000000000000E+000  1.450728017286E-017  0.000000000000E+000  6.658428036942E-013  0.000000000000E+000
   9.400000000000E+001  1.338748326820E-017  0.000000000000E+000  0.000000000000E+000  3.254373899946E-014  0.000000000000E+000  7.191239379865E-013  0.000000000000E+000  1.104444767758E-013  0.000000000000E+000  1.338748326820E-017  0.000000000000E+000  6.584031350043E-013  0.000000000000E+000
   9.425000000000E+001  1.322818593461E-017  0.000000000000E+000  0.000000000000E+000  3.218094899397E-014  0.000000000000E+000  7.111215648558E-013  0.000000000000E+000  1.092160818281E-013  0.000000000000E+000  1.322818593461E-017  0.000000000000E+000  6.510667907490E-013  0.000000000000E+000
   9.450000000000E+001  1.307125789326E-017  0.000000000000E+000  0.000000000000E+000  3.182319115384E-014  0.000000000000E+000  7.032298724711E-013  0.000000000000E+000  1.080046606192E-013  0.000000000000E+000  1.307125789326E-017  0.000000000000E+000  6.438321500456E-013  0.000000000000E+000
   9.475000000000E+001  1.291667371339E-017  0.000000000000E+000  0.000000000000E+000  3.147037327842E-014  0.000000000000E+000  6.954469967252E-013  0.000000000000E+000  1.068099462599E-013  0.000000000000E+000  1.291667371339E-017  0.000000000000E+000  6.366972694382E-013  0.000000000000E+000
   9.500000000000E+001  1.276440820358E-017  0.000000000000E+000  0.000000000000E+000  3.112242200756E-014  0.000000000000E+000  6.877713013387E-013  0.000000000000E+000  1.056316252048E-013  0.000000000000E+000  1.276440820358E-017  0.000000000000E+000  6.296606666998E-013  0.000000000000E+000
   9.525000000000E+001  1.261374092279E-017  0.000000000000E+000  0.000000000000E+000  3.077925315975E-014  0.000000000000E+000  6.802007161080E-013  0.000000000000E+000  1.044694780718E-013  0.000000000000E+000  1.261374092279E-017  0.000000000000E+000  6.227207742846E-013  0.000000000000E+000
   9.550000000000E+001  1.246535080599E-017  0.000000000000E+000  0.000000000000E+000  3.044078236783E-014  0.000000000000E+000  6.727338143451E-013  0.000000000000E+000  1.033232215149E-013  0.000000000000E+000  1.246535080599E-017  0.000000000000E+000  6.158760302706E-013  0.000000000000E+000
   9.575000000000E+001  1.231921324530E-017  0.000000000000E+000  0.000000000000E+000  3.010694298694E-014  0.000000000000E+000  6.653687961845E-013  0.000000000000E+000  1.021926004456E-013  0.000000000000E+000  1.231921324530E-017  0.000000000000E+000  6.091248464701E-013  0.000000000000E+000
   9.600000000000E+001  1.217530383734E-017  0.000000000000E+000  0.000000000000E+000  2.977765580267E-014  0.000000000000E+000  6.581039002383E-013  0.000000000000E+000  1.010773439043E-013  0.000000000000E+000  1.217530383734E-017  0.000000000000E+000  6.024655022946E-013  0.000000000000E+000
   9.625000000000E+001  1.203359844287E-017  0.000000000000E+000  0.000000000000E+000  2.945283804160E-014  0.000000000000E+000  6.509376583508E-013  0.000000000000E+000  9.997724072922E-014  0.000000000000E+000  1.203359844287E-017  0.000000000000E+000  5.958966096102E-013  0.000000000000E+000
   9.650000000000E+001  1.189339779758E-017  0.000000000000E+000  0.000000000000E+000  2.913243508340E-014  0.000000000000E+000  6.438684503628E-013  0.000000000000E+000  9.889197096927E-014  0.000000000000E+000  1.189339779758E-017  0.000000000000E+000  5.894166007613E-013  0.000000000000E+000
   9.675000000000E+001  1.177349651583E-017  0.000000000000E+000  0.000000000000E+000  2.881727676569E-014  0.000000000000E+000  6.368999121764E-013  0.000000000000E+000  9.782331489748E-014  0.000000000000E+000  1.177349651583E-017  0.000000000000E+000  5.829324392154E-013  0.000000000000E+000
   9.700000000000E+001  1.161813080276E-017  0.000000000000E+000  0.000000000000E+000  2.850453371626E-014  0.000000000000E+000  6.300146412311E-013  0.000000000000E+000  9.676513514668E-014  0.000000000000E+000  1.161813080276E-017  0.000000000000E+000  5.767132700483E-013  0.000000000000E+000
   9.725000000000E+001  1.150294904073E-017  0.000000000000E+000  0.000000000000E+000  2.819783906735E-014  0.000000000000E+000  6.232322423045E-013  0.000000000000E+000  9.572503025638E-014  0.000000000000E+000  1.150294904073E-017  0.000000000000E+000  5.704067837478E-013  0.000000000000E+000
   9.750000000000E+001  1.135136383211E-017  0.000000000000E+000  0.000000000000E+000  2.789343205523E-014  0.000000000000E+000  6.165303565294E-013  0.000000000000E+000  9.469497322638E-014  0.000000000000E+000  1.135136383211E-017  0.000000000000E+000  5.643540863740E-013  0.000000000000E+000
   9.775000000000E+001  1.123948472576E-017  0.000000000000E+000  0.000000000000E+000  2.759490480928E-014  0.000000000000E+000  6.099281594121E-013  0.000000000000E+000  9.368251050500E-014  0.000000000000E+000  1.123948472576E-017  0.000000000000E+000  5.582147232141E-013  0.000000000000E+000
   9.800000000000E+001  1.109160766035E-017  0.000000000000E+000  0.000000000000E+000  2.729857699195E-014  0.000000000000E+000  6.034038922984E-013  0.000000000000E+000  9.267969088200E-014  0.000000000000E+000  1.109160766035E-017  0.000000000000E+000  5.523233380106E-013  0.000000000000E+000
   9.825000000000E+001  1.098296596350E-017  0.000000000000E+000  0.000000000000E+000  2.700795777884E-014  0.000000000000E+000  5.969762474015E-013  0.000000000000E+000  9.169402912289E-014  0.000000000000E+000  1.098296596350E-017  0.000000000000E+000  5.463456749179E-013  0.000000000000E+000
   9.850000000000E+001  1.085678505508E-017  0.000000000000E+000  0.000000000000E+000  2.672031528076E-014  0.000000000000E+000  5.906288478608E-013  0.000000000000E+000  9.071944843152E-014  0.000000000000E+000  1.085678505508E-017  0.000000000000E+000  5.405278390536E-013  0.000000000000E+000
   9.875000000000E+001  1.073325754403E-017  0.000000000000E+000  0.000000000000E+000  2.643648439563E-014  0.000000000000E+000  5.843652164693E-013  0.000000000000E+000  8.975780759190E-014  0.000000000000E+000  1.073325754403E-017  0.000000000000E+000  5.347886718598E-013  0.000000000000E+000
   9.900000000000E+001  1.061107457353E-017  0.000000000000E+000  0.000000000000E+000  2.615640702300E-014  0.000000000000E+000  5.781842085463E-013  0.000000000000E+000  8.880881222210E-014  0.000000000000E+000  1.061107457353E-017  0.000000000000E+000  5.291251067205E-013  0.000000000000E+000
   9.925000000000E+001  1.049022520450E-017  0.000000000000E+000  0.000000000000E+000  2.588000923949E-014  0.000000000000E+000  5.720845425020E-013  0.000000000000E+000  8.787226087070E-014  0.000000000000E+000  1.049022520450E-017  0.000000000000E+000  5.235358251037E-013  0.000000000000E+000
   9.950000000000E+001  1.037132913018E-017  0.000000000000E+000  0.000000000000E+000  2.560725677497E-014  0.000000000000E+000  5.660648353710E-013  0.000000000000E+000  8.694803800921E-014  0.000000000000E+000  1.037132913018E-017  0.000000000000E+000  5.180200366600E-013  0.000000000000E+000
   9.975000000000E+001  1.025436474664E-017  0.000000000000E+000  0.000000000000E+000  2.533806765039E-014  0.000000000000E+000  5.601238207026E-013  0.000000000000E+000  8.603586497941E-014  0.000000000000E+000  1.025436474664E-017  0.000000000000E+000  5.125763936909E-013  0.000000000000E+000
   1.000000000000E+002  1.013868712531E-017  0.000000000000E+000  0.000000000000E+000  2.507240638473E-014  0.000000000000E+000  5.542604390762E-013  0.000000000000E+000  8.513561033111E-014  0.000000000000E+000  1.013868712531E-017  0.000000000000E+000  5.072037392665E-013  0.000000000000E+000
   1.002500000000E+002  1.002428564036E-017  0.000000000000E+000  0.000000000000E+000  2.481019934605E-014  0.000000000000E+000  5.484732747113E-013  0.000000000000E+000  8.424701717319E-014  0.000000000000E+000  1.002428564036E-017  0.000000000000E+000  5.019011393895E-013  0.000000000000E+000
   1.005000000000E+002  9.911766184918E-018  0.000000000000E+000  0.000000000000E+000  2.455141117701E-014  0.000000000000E+000  5.427612702534E-013  0.000000000000E+000  8.337001818577E-014  0.000000000000E+000  9.911766184918E-018  0.000000000000E+000  4.966675579834E-013  0.000000000000E+000
   1.007500000000E+002  9.800494805426E-018  0.000000000000E+000  0.000000000000E+000  2.429597476931E-014  0.000000000000E+000  5.371231619896E-013  0.000000000000E+000  8.250430222504E-014  0.000000000000E+000  9.800494805426E-018  0.000000000000E+000  4.915014774380E-013  0.000000000000E+000
   1.010000000000E+002  9.691070658787E-018  0.000000000000E+000  0.000000000000E+000  2.404384184621E-014  0.000000000000E+000  5.315579506825E-013  0.000000000000E+000  8.164980988156E-014  0.000000000000E+000  9.691070658787E-018  0.000000000000E+000  4.864025279177E-013  0.000000000000E+000
   1.012500000000E+002  9.582866973962E-018  0.000000000000E+000  0.000000000000E+000  2.379496628127E-014  0.000000000000E+000  5.260643688969E-013  0.000000000000E+000  8.080625784356E-014  0.000000000000E+000  9.582866973962E-018  0.000000000000E+000  4.813692606506E-013  0.000000000000E+000
   1.015000000000E+002  9.476476320379E-018  0.000000000000E+000  0.000000000000E+000  2.354928571303E-014  0.000000000000E+000  5.206413918017E-013  0.000000000000E+000  7.997358590887E-014  0.000000000000E+000  9.476476320379E-018  0.000000000000E+000  4.764007241515E-013  0.000000000000E+000
   1.017500000000E+002  9.370679522700E-018  0.000000000000E+000  0.000000000000E+000  2.330676920373E-014  0.000000000000E+000  5.152879565991E-013  0.000000000000E+000  7.915157640325E-014  0.000000000000E+000  9.370679522700E-018  0.000000000000E+000  4.714958723260E-013  0.000000000000E+000
   1.020000000000E+002  9.266668755800E-018  0.000000000000E+000  0.000000000000E+000  2.306735704632E-014  0.000000000000E+000  5.100029440204E-013  0.000000000000E+000  7.834005365275E-014  0.000000000000E+000  9.266668755800E-018  0.000000000000E+000  4.666536691626E-013  0.000000000000E+000
   1.022500000000E+002  9.164424004023E-018  0.000000000000E+000  0.000000000000E+000  2.283099883453E-014  0.000000000000E+000  5.047853420775E-013  0.000000000000E+000  7.753890803804E-014  0.000000000000E+000  9.164424004023E-018  0.000000000000E+000  4.618736713451E-013  0.000000000000E+000
   1.025000000000E+002  9.063335948579E-018  0.000000000000E+000  0.000000000000E+000  2.259765390087E-014  0.000000000000E+000  4.996340996765E-013  0.000000000000E+000  7.674791028301E-014  0.000000000000E+000  9.063335948579E-018  0.000000000000E+000  4.571542889675E-013  0.000000000000E+000
   1.027500000000E+002  8.963394754359E-018  0.000000000000E+000  0.000000000000E+000  2.236727990631E-014  0.000000000000E+000  4.945481730827E-013  0.000000000000E+000  7.596695056309E-014  0.000000000000E+000  8.963394754359E-018  0.000000000000E+000  4.524949025601E-013  0.000000000000E+000
   1.030000000000E+002  8.864590631437E-018  0.000000000000E+000  0.000000000000E+000  2.213981945625E-014  0.000000000000E+000  4.895266449310E-013  0.000000000000E+000  7.519586531131E-014  0.000000000000E+000  8.864590631437E-018  0.000000000000E+000  4.478944704906E-013  0.000000000000E+000
   1.032500000000E+002  8.767493697282E-018  0.000000000000E+000  0.000000000000E+000  2.191523482684E-014  0.000000000000E+000  4.845685211287E-013  0.000000000000E+000  7.443453521793E-014  0.000000000000E+000  8.767493697282E-018  0.000000000000E+000  4.433523117490E-013  0.000000000000E+000
   1.035000000000E+002  8.671508073629E-018  0.000000000000E+000  0.000000000000E+000  2.169349278213E-014  0.000000000000E+000  4.796728020640E-013  0.000000000000E+000  7.368275688265E-014  0.000000000000E+000  8.671508073629E-018  0.000000000000E+000  4.388672922771E-013  0.000000000000E+000
   1.037500000000E+002  8.576624213126E-018  0.000000000000E+000  0.000000000000E+000  2.147453395750E-014  0.000000000000E+000  4.748386788528E-013  0.000000000000E+000  7.294041050103E-014  0.000000000000E+000  8.576624213126E-018  0.000000000000E+000  4.344386460967E-013  0.000000000000E+000
   1.040000000000E+002  8.482832637724E-018  0.000000000000E+000  0.000000000000E+000  2.125832509806E-014  0.000000000000E+000  4.700649638055E-013  0.000000000000E+000  7.220740038151E-014  0.000000000000E+000  8.482832637724E-018  0.000000000000E+000  4.300657959859E-013  0.000000000000E+000
   1.042500000000E+002  8.390691119662E-018  0.000000000000E+000  0.000000000000E+000  2.104482381978E-014  0.000000000000E+000  4.653511330866E-013  0.000000000000E+000  7.148351062683E-014  0.000000000000E+000  8.390691119662E-018  0.000000000000E+000  4.257475033973E-013  0.000000000000E+000
   1.045000000000E+002  8.299052750479E-018  0.000000000000E+000  0.000000000000E+000  2.083398817656E-014  0.000000000000E+000  4.606959452914E-013  0.000000000000E+000  7.076864513978E-014  0.000000000000E+000  8.299052750479E-018  0.000000000000E+000  4.214830338590E-013  0.000000000000E+000
   1.047500000000E+002  8.209039597697E-018  0.000000000000E+000  0.000000000000E+000  2.062578552561E-014  0.000000000000E+000  4.560986651050E-013  0.000000000000E+000  7.006271025122E-014  0.000000000000E+000  8.209039597697E-018  0.000000000000E+000  4.172717343177E-013  0.000000000000E+000
   1.050000000000E+002  8.120633250203E-018  0.000000000000E+000  0.000000000000E+000  2.042016360226E-014  0.000000000000E+000  4.515584879752E-013  0.000000000000E+000  6.936548650106E-014  0.000000000000E+000  8.120633250203E-018  0.000000000000E+000  4.131129890597E-013  0.000000000000E+000
   1.052500000000E+002  8.032705517810E-018  0.000000000000E+000  0.000000000000E+000  2.021709356066E-014  0.000000000000E+000  4.470744631530E-013  0.000000000000E+000  6.867689209190E-014  0.000000000000E+000  8.032705517810E-018  0.000000000000E+000  4.090054422033E-013  0.000000000000E+000
   1.055000000000E+002  7.945808369427E-018  0.000000000000E+000  0.000000000000E+000  2.001653362254E-014  0.000000000000E+000  4.426458888851E-013  0.000000000000E+000  6.799679601410E-014  0.000000000000E+000  7.945808369427E-018  0.000000000000E+000  4.049487517875E-013  0.000000000000E+000
   1.057500000000E+002  7.860481772221E-018  0.000000000000E+000  0.000000000000E+000  1.981845092341E-014  0.000000000000E+000  4.382717863795E-013  0.000000000000E+000  6.732509650022E-014  0.000000000000E+000  7.860481772221E-018  0.000000000000E+000  4.009421757072E-013  0.000000000000E+000
   1.060000000000E+002  7.776161837852E-018  0.000000000000E+000  0.000000000000E+000  1.962280545627E-014  0.000000000000E+000  4.339515211990E-013  0.000000000000E+000  6.666163198138E-014  0.000000000000E+000  7.776161837852E-018  0.000000000000E+000  3.969848435369E-013  0.000000000000E+000
   1.062500000000E+002  7.692839703380E-018  0.000000000000E+000  0.000000000000E+000  1.942955914695E-014  0.000000000000E+000  4.296841327011E-013  0.000000000000E+000  6.600630568325E-014  0.000000000000E+000  7.692839703380E-018  0.000000000000E+000  3.930760367986E-013  0.000000000000E+000
   1.065000000000E+002  7.610506563610E-018  0.000000000000E+000  0.000000000000E+000  1.923868635944E-014  0.000000000000E+000  4.254690035565E-013  0.000000000000E+000  6.535896345864E-014  0.000000000000E+000  7.610506563610E-018  0.000000000000E+000  3.892150891302E-013  0.000000000000E+000
   1.067500000000E+002  7.529153681555E-018  0.000000000000E+000  0.000000000000E+000  1.905014093998E-014  0.000000000000E+000  4.213052030730E-013  0.000000000000E+000  6.471950565713E-014  0.000000000000E+000  7.529153681555E-018  0.000000000000E+000  3.854012867910E-013  0.000000000000E+000
   1.070000000000E+002  7.448772372336E-018  0.000000000000E+000  0.000000000000E+000  1.886389874988E-014  0.000000000000E+000  4.171920759346E-013  0.000000000000E+000  6.408784753596E-014  0.000000000000E+000  7.448772372336E-018  0.000000000000E+000  3.816339917700E-013  0.000000000000E+000
   1.072500000000E+002  7.369885607651E-018  0.000000000000E+000  0.000000000000E+000  1.867991854033E-014  0.000000000000E+000  4.131289831280E-013  0.000000000000E+000  6.346388737776E-014  0.000000000000E+000  7.369885607651E-018  0.000000000000E+000  3.779124951810E-013  0.000000000000E+000
   1.075000000000E+002  7.291418781910E-018  0.000000000000E+000  0.000000000000E+000  1.849816507392E-014  0.000000000000E+000  4.091151172127E-013  0.000000000000E+000  6.284745791015E-014  0.000000000000E+000  7.291418781910E-018  0.000000000000E+000  3.742361747724E-013  0.000000000000E+000
   1.077500000000E+002  7.213897843618E-018  0.000000000000E+000  0.000000000000E+000  1.831862283402E-014  0.000000000000E+000  4.051496291127E-013  0.000000000000E+000  6.223844187902E-014  0.000000000000E+000  7.213897843618E-018  0.000000000000E+000  3.706041225636E-013  0.000000000000E+000
   1.080000000000E+002  7.137837485890E-018  0.000000000000E+000  0.000000000000E+000  1.814124126298E-014  0.000000000000E+000  4.012320759137E-013  0.000000000000E+000  6.163676135261E-014  0.000000000000E+000  7.137837485890E-018  0.000000000000E+000  3.670159610974E-013  0.000000000000E+000
   1.082500000000E+002  7.062180225293E-018  0.000000000000E+000  0.000000000000E+000  1.796599433385E-014  0.000000000000E+000  3.973615294255E-013  0.000000000000E+000  6.104232608697E-014  0.000000000000E+000  7.062180225293E-018  0.000000000000E+000  3.634711791829E-013  0.000000000000E+000
   1.085000000000E+002  6.987961305726E-018  0.000000000000E+000  0.000000000000E+000  1.779285705125E-014  0.000000000000E+000  3.935374384988E-013  0.000000000000E+000  6.045504858393E-014  0.000000000000E+000  6.987961305726E-018  0.000000000000E+000  3.599686298195E-013  0.000000000000E+000
   1.087500000000E+002  6.914649349309E-018  0.000000000000E+000  0.000000000000E+000  1.762179218783E-014  0.000000000000E+000  3.897591168275E-013  0.000000000000E+000  5.987475807382E-014  0.000000000000E+000  6.914649349309E-018  0.000000000000E+000  3.565082673936E-013  0.000000000000E+000
   1.090000000000E+002  6.841723982984E-018  0.000000000000E+000  0.000000000000E+000  1.745278120784E-014  0.000000000000E+000  3.860259018064E-013  0.000000000000E+000  5.930142424171E-014  0.000000000000E+000  6.841723982984E-018  0.000000000000E+000  3.530893606082E-013  0.000000000000E+000
   1.092500000000E+002  6.770204197472E-018  0.000000000000E+000  0.000000000000E+000  1.728577636834E-014  0.000000000000E+000  3.823372595482E-013  0.000000000000E+000  5.873491080464E-014  0.000000000000E+000  6.770204197472E-018  0.000000000000E+000  3.497111450890E-013  0.000000000000E+000
   1.095000000000E+002  6.699060184328E-018  0.000000000000E+000  0.000000000000E+000  1.712076704926E-014  0.000000000000E+000  3.786923409297E-013  0.000000000000E+000  5.817513890116E-014  0.000000000000E+000  6.699060184328E-018  0.000000000000E+000  3.463729565848E-013  0.000000000000E+000
   1.097500000000E+002  6.629300279097E-018  0.000000000000E+000  0.000000000000E+000  1.695771601907E-014  0.000000000000E+000  3.750907461045E-013  0.000000000000E+000  5.762196965939E-014  0.000000000000E+000  6.629300279097E-018  0.000000000000E+000  3.430744406720E-013  0.000000000000E+000
   1.100000000000E+002  6.560407032808E-018  0.000000000000E+000  0.000000000000E+000  1.679659384314E-014  0.000000000000E+000  3.715316538807E-013  0.000000000000E+000  5.707532844757E-014  0.000000000000E+000  6.560407032808E-018  0.000000000000E+000  3.398151552138E-013  0.000000000000E+000
   1.102500000000E+002  6.491873631854E-018  0.000000000000E+000  0.000000000000E+000  1.663737810897E-014  0.000000000000E+000  3.680146381639E-013  0.000000000000E+000  5.653517430764E-014  0.000000000000E+000  6.491873631854E-018  0.000000000000E+000  3.365941105449E-013  0.000000000000E+000
   1.105000000000E+002  6.424692723832E-018  0.000000000000E+000  0.000000000000E+000  1.648003668943E-014  0.000000000000E+000  3.645389623216E-013  0.000000000000E+000  5.600136106287E-014  0.000000000000E+000  6.424692723832E-018  0.000000000000E+000  3.334112548997E-013  0.000000000000E+000
   1.107500000000E+002  6.357861231504E-018  0.000000000000E+000  0.000000000000E+000  1.632454813673E-014  0.000000000000E+000  3.611041437131E-013  0.000000000000E+000  5.547380057737E-014  0.000000000000E+000  6.357861231504E-018  0.000000000000E+000  3.302657212187E-013  0.000000000000E+000
   1.110000000000E+002  6.291870328746E-018  0.000000000000E+000  0.000000000000E+000  1.617088392714E-014  0.000000000000E+000  3.577096261803E-013  0.000000000000E+000  5.495247415906E-014  0.000000000000E+000  6.291870328746E-018  0.000000000000E+000  3.271571552376E-013  0.000000000000E+000
   1.112500000000E+002  6.227200951513E-018  0.000000000000E+000  0.000000000000E+000  1.601902641527E-014  0.000000000000E+000  3.543547938881E-013  0.000000000000E+000  5.443716785806E-014  0.000000000000E+000  6.227200951513E-018  0.000000000000E+000  3.240849548904E-013  0.000000000000E+000
   1.115000000000E+002  6.162865637457E-018  0.000000000000E+000  0.000000000000E+000  1.586893570029E-014  0.000000000000E+000  3.510389943230E-013  0.000000000000E+000  5.392792023313E-014  0.000000000000E+000  6.162865637457E-018  0.000000000000E+000  3.210485104573E-013  0.000000000000E+000
   1.117500000000E+002  6.099347974606E-018  0.000000000000E+000  0.000000000000E+000  1.572059619386E-014  0.000000000000E+000  3.477618793201E-013  0.000000000000E+000  5.342458081690E-014  0.000000000000E+000  6.099347974606E-018  0.000000000000E+000  3.180475661688E-013  0.000000000000E+000
   1.120000000000E+002  6.036640445388E-018  0.000000000000E+000  0.000000000000E+000  1.557398490784E-014  0.000000000000E+000  3.445228244891E-013  0.000000000000E+000  5.292707371693E-014  0.000000000000E+000  6.036640445388E-018  0.000000000000E+000  3.150815228099E-013  0.000000000000E+000
   1.122500000000E+002  5.974735559960E-018  0.000000000000E+000  0.000000000000E+000  1.542907434283E-014  0.000000000000E+000  3.413212441748E-013  0.000000000000E+000  5.243534998651E-014  0.000000000000E+000  5.974735559960E-018  0.000000000000E+000  3.121496591344E-013  0.000000000000E+000
   1.125000000000E+002  5.913625911188E-018  0.000000000000E+000  0.000000000000E+000  1.528583396969E-014  0.000000000000E+000  3.381567124243E-013  0.000000000000E+000  5.194931414510E-014  0.000000000000E+000  5.913625911188E-018  0.000000000000E+000  3.092519530876E-013  0.000000000000E+000
   1.127500000000E+002  5.852830374159E-018  0.000000000000E+000  0.000000000000E+000  1.514425711007E-014  0.000000000000E+000  3.350286795647E-013  0.000000000000E+000  5.146884571196E-014  0.000000000000E+000  5.852830374159E-018  0.000000000000E+000  3.063876492373E-013  0.000000000000E+000
   1.130000000000E+002  5.793291564918E-018  0.000000000000E+000  0.000000000000E+000  1.500430808263E-014  0.000000000000E+000  3.319365946442E-013  0.000000000000E+000  5.099393132884E-014  0.000000000000E+000  5.793291564918E-018  0.000000000000E+000  3.035561645398E-013  0.000000000000E+000
   1.132500000000E+002  5.734057132261E-018  0.000000000000E+000  0.000000000000E+000  1.486597065587E-014  0.000000000000E+000  3.288800330040E-013  0.000000000000E+000  5.052444894034E-014  0.000000000000E+000  5.734057132261E-018  0.000000000000E+000  3.007574862655E-013  0.000000000000E+000
   1.135000000000E+002  5.676060105723E-018  0.000000000000E+000  0.000000000000E+000  1.472921531342E-014  0.000000000000E+000  3.258585151652E-013  0.000000000000E+000  5.006035720213E-014  0.000000000000E+000  5.676060105723E-018  0.000000000000E+000  2.979906747201E-013  0.000000000000E+000
   1.137500000000E+002  5.618357869738E-018  0.000000000000E+000  0.000000000000E+000  1.459403184425E-014  0.000000000000E+000  3.228715382846E-013  0.000000000000E+000  4.960152955667E-014  0.000000000000E+000  5.618357869738E-018  0.000000000000E+000  2.952557240950E-013  0.000000000000E+000
   1.140000000000E+002  5.561412211140E-018  0.000000000000E+000  0.000000000000E+000  1.446038711099E-014  0.000000000000E+000  3.199185564404E-013  0.000000000000E+000  4.914796172841E-014  0.000000000000E+000  5.561412211140E-018  0.000000000000E+000  2.925519121828E-013  0.000000000000E+000
   1.142500000000E+002  5.505216055405E-018  0.000000000000E+000  0.000000000000E+000  1.432826580191E-014  0.000000000000E+000  3.169992479774E-013  0.000000000000E+000  4.869957477911E-014  0.000000000000E+000  5.505216055405E-018  0.000000000000E+000  2.898786847498E-013  0.000000000000E+000
   1.145000000000E+002  5.449305261598E-018  0.000000000000E+000  0.000000000000E+000  1.419764489338E-014  0.000000000000E+000  3.141129914781E-013  0.000000000000E+000  4.825625220962E-014  0.000000000000E+000  5.449305261598E-018  0.000000000000E+000  2.872360879558E-013  0.000000000000E+000
   1.147500000000E+002  5.394589422510E-018  0.000000000000E+000  0.000000000000E+000  1.406850901431E-014  0.000000000000E+000  3.112594929022E-013  0.000000000000E+000  4.781794243398E-014  0.000000000000E+000  5.394589422510E-018  0.000000000000E+000  2.846233744262E-013  0.000000000000E+000
   1.150000000000E+002  5.340149665977E-018  0.000000000000E+000  0.000000000000E+000  1.394083537751E-014  0.000000000000E+000  3.084381870429E-013  0.000000000000E+000  4.738457290993E-014  0.000000000000E+000  5.340149665977E-018  0.000000000000E+000  2.820401119470E-013  0.000000000000E+000
   1.152500000000E+002  5.286436210274E-018  0.000000000000E+000  0.000000000000E+000  1.381460008875E-014  0.000000000000E+000  3.056487481240E-013  0.000000000000E+000  4.695609674756E-014  0.000000000000E+000  5.286436210274E-018  0.000000000000E+000  2.794860822711E-013  0.000000000000E+000
   1.155000000000E+002  5.233442218324E-018  0.000000000000E+000  0.000000000000E+000  1.368979401954E-014  0.000000000000E+000  3.028907253135E-013  0.000000000000E+000  4.653248062332E-014  0.000000000000E+000  5.233442218324E-018  0.000000000000E+000  2.769607861119E-013  0.000000000000E+000
   1.157500000000E+002  5.180715183047E-018  0.000000000000E+000  0.000000000000E+000  1.356638278123E-014  0.000000000000E+000  3.001635512717E-013  0.000000000000E+000  4.611356814325E-014  0.000000000000E+000  5.180715183047E-018  0.000000000000E+000  2.744639695051E-013  0.000000000000E+000
   1.160000000000E+002  5.129142031822E-018  0.000000000000E+000  0.000000000000E+000  1.344435907361E-014  0.000000000000E+000  2.974670119352E-013  0.000000000000E+000  4.569936565252E-014  0.000000000000E+000  5.129142031822E-018  0.000000000000E+000  2.719950112741E-013  0.000000000000E+000
   1.162500000000E+002  5.077826864713E-018  0.000000000000E+000  0.000000000000E+000  1.332370182701E-014  0.000000000000E+000  2.948006167192E-013  0.000000000000E+000  4.528979095268E-014  0.000000000000E+000  5.077826864713E-018  0.000000000000E+000  2.695536965964E-013  0.000000000000E+000
   1.165000000000E+002  5.027208726210E-018  0.000000000000E+000  0.000000000000E+000  1.320439075014E-014  0.000000000000E+000  2.921639079058E-013  0.000000000000E+000  4.488476951172E-014  0.000000000000E+000  5.027208726210E-018  0.000000000000E+000  2.671397919146E-013  0.000000000000E+000
   1.167500000000E+002  4.977281005362E-018  0.000000000000E+000  0.000000000000E+000  1.308641171443E-014  0.000000000000E+000  2.895565065191E-013  0.000000000000E+000  4.448426131186E-014  0.000000000000E+000  4.977281005362E-018  0.000000000000E+000  2.647526084951E-013  0.000000000000E+000
   1.170000000000E+002  4.927602445985E-018  0.000000000000E+000  0.000000000000E+000  1.296974408200E-014  0.000000000000E+000  2.869781344622E-013  0.000000000000E+000  4.408820933657E-014  0.000000000000E+000  4.927602445985E-018  0.000000000000E+000  2.623919223326E-013  0.000000000000E+000
   1.172500000000E+002  4.878605558299E-018  0.000000000000E+000  0.000000000000E+000  1.285436895635E-014  0.000000000000E+000  2.844283154080E-013  0.000000000000E+000  4.369652813759E-014  0.000000000000E+000  4.878605558299E-018  0.000000000000E+000  2.600575717715E-013  0.000000000000E+000
   1.175000000000E+002  4.830283846279E-018  0.000000000000E+000  0.000000000000E+000  1.274027017811E-014  0.000000000000E+000  2.819066748426E-013  0.000000000000E+000  4.330918279391E-014  0.000000000000E+000  4.830283846279E-018  0.000000000000E+000  2.577489249571E-013  0.000000000000E+000
   1.177500000000E+002  4.782630864719E-018  0.000000000000E+000  0.000000000000E+000  1.262743378293E-014  0.000000000000E+000  2.794128254720E-013  0.000000000000E+000  4.292610225138E-014  0.000000000000E+000  4.782630864719E-018  0.000000000000E+000  2.554659464125E-013  0.000000000000E+000
   1.180000000000E+002  4.735214106703E-018  0.000000000000E+000  0.000000000000E+000  1.251584069932E-014  0.000000000000E+000  2.769464084090E-013  0.000000000000E+000  4.254721942754E-014  0.000000000000E+000  4.735214106703E-018  0.000000000000E+000  2.532078458262E-013  0.000000000000E+000
   1.182500000000E+002  4.688457563561E-018  0.000000000000E+000  0.000000000000E+000  1.240547815052E-014  0.000000000000E+000  2.745071253515E-013  0.000000000000E+000  4.217253714122E-014  0.000000000000E+000  4.688457563561E-018  0.000000000000E+000  2.509747411734E-013  0.000000000000E+000
   1.185000000000E+002  4.642354917777E-018  0.000000000000E+000  0.000000000000E+000  1.229632002021E-014  0.000000000000E+000  2.720945961610E-013  0.000000000000E+000  4.180192333036E-014  0.000000000000E+000  4.642354917777E-018  0.000000000000E+000  2.487660137574E-013  0.000000000000E+000
   1.187500000000E+002  4.596899890614E-018  0.000000000000E+000  0.000000000000E+000  1.218836135386E-014  0.000000000000E+000  2.697083728723E-013  0.000000000000E+000  4.143536620413E-014  0.000000000000E+000  4.596899890614E-018  0.000000000000E+000  2.465816138875E-013  0.000000000000E+000
   1.190000000000E+002  4.551668494237E-018  0.000000000000E+000  0.000000000000E+000  1.208158410030E-014  0.000000000000E+000  2.673482692627E-013  0.000000000000E+000  4.107283378406E-014  0.000000000000E+000  4.551668494237E-018  0.000000000000E+000  2.444210215209E-013  0.000000000000E+000
   1.192500000000E+002  4.507076433855E-018  0.000000000000E+000  0.000000000000E+000  1.197596973781E-014  0.000000000000E+000  2.650137611766E-013  0.000000000000E+000  4.071422932808E-014  0.000000000000E+000  4.507076433855E-018  0.000000000000E+000  2.422838231085E-013  0.000000000000E+000
   1.195000000000E+002  4.463117562018E-018  0.000000000000E+000  0.000000000000E+000  1.187150243872E-014  0.000000000000E+000  2.627047442184E-013  0.000000000000E+000  4.035952506743E-014  0.000000000000E+000  4.463117562018E-018  0.000000000000E+000  2.401701552913E-013  0.000000000000E+000
   1.197500000000E+002  4.419374111833E-018  0.000000000000E+000  0.000000000000E+000  1.176816894640E-014  0.000000000000E+000  2.604206321211E-013  0.000000000000E+000  4.000865223019E-014  0.000000000000E+000  4.419374111833E-018  0.000000000000E+000  2.380791486884E-013  0.000000000000E+000
   1.200000000000E+002  4.376255714648E-018  0.000000000000E+000  0.000000000000E+000  1.166595748844E-014  0.000000000000E+000  2.581612847326E-013  0.000000000000E+000  3.966158690793E-014  0.000000000000E+000  4.376255714648E-018  0.000000000000E+000  2.360108569474E-013  0.000000000000E+000
   1.202500000000E+002  4.333756340203E-018  0.000000000000E+000  0.000000000000E+000  1.156484815962E-014  0.000000000000E+000  2.559263517313E-013  0.000000000000E+000  3.931824611668E-014  0.000000000000E+000  4.333756340203E-018  0.000000000000E+000  2.339649213903E-013  0.000000000000E+000
   1.205000000000E+002  4.291464332319E-018  0.000000000000E+000  0.000000000000E+000  1.146483013006E-014  0.000000000000E+000  2.537154721640E-013  0.000000000000E+000  3.897862528059E-014  0.000000000000E+000  4.291464332319E-018  0.000000000000E+000  2.319411581807E-013  0.000000000000E+000
   1.207500000000E+002  4.249783365500E-018  0.000000000000E+000  0.000000000000E+000  1.136589110178E-014  0.000000000000E+000  2.515283804687E-013  0.000000000000E+000  3.864264254225E-014  0.000000000000E+000  4.249783365500E-018  0.000000000000E+000  2.299390452199E-013  0.000000000000E+000
   1.210000000000E+002  4.208707515506E-018  0.000000000000E+000  0.000000000000E+000  1.126801548286E-014  0.000000000000E+000  2.493647382142E-013  0.000000000000E+000  3.831027279070E-014  0.000000000000E+000  4.208707515506E-018  0.000000000000E+000  2.279584598033E-013  0.000000000000E+000
   1.212500000000E+002  4.167831139043E-018  0.000000000000E+000  0.000000000000E+000  1.117118763876E-014  0.000000000000E+000  2.472242317135E-013  0.000000000000E+000  3.798143127152E-014  0.000000000000E+000  4.167831139043E-018  0.000000000000E+000  2.259991900996E-013  0.000000000000E+000
   1.215000000000E+002  4.127552057069E-018  0.000000000000E+000  0.000000000000E+000  1.107539332526E-014  0.000000000000E+000  2.451066247721E-013  0.000000000000E+000  3.765614737874E-014  0.000000000000E+000  4.127552057069E-018  0.000000000000E+000  2.240606699730E-013  0.000000000000E+000
   1.217500000000E+002  4.087864457532E-018  0.000000000000E+000  0.000000000000E+000  1.098062438211E-014  0.000000000000E+000  2.430115332624E-013  0.000000000000E+000  3.733429134718E-014  0.000000000000E+000  4.087864457532E-018  0.000000000000E+000  2.221430074983E-013  0.000000000000E+000
   1.220000000000E+002  4.048368585874E-018  0.000000000000E+000  0.000000000000E+000  1.088686317885E-014  0.000000000000E+000  2.409387642743E-013  0.000000000000E+000  3.701587376036E-014  0.000000000000E+000  4.048368585874E-018  0.000000000000E+000  2.202455620867E-013  0.000000000000E+000
   1.222500000000E+002  4.009456530584E-018  0.000000000000E+000  0.000000000000E+000  1.079409606013E-014  0.000000000000E+000  2.388879593104E-013  0.000000000000E+000  3.670084034312E-014  0.000000000000E+000  4.009456530584E-018  0.000000000000E+000  2.183685191967E-013  0.000000000000E+000
   1.225000000000E+002  3.970732382271E-018  0.000000000000E+000  0.000000000000E+000  1.070231585654E-014  0.000000000000E+000  2.368589116226E-013  0.000000000000E+000  3.638911984319E-014  0.000000000000E+000  3.970732382271E-018  0.000000000000E+000  2.165112087423E-013  0.000000000000E+000
   1.227500000000E+002  3.932972799934E-018  0.000000000000E+000  0.000000000000E+000  1.061151000502E-014  0.000000000000E+000  2.348513242747E-013  0.000000000000E+000  3.608070164949E-014  0.000000000000E+000  3.932972799934E-018  0.000000000000E+000  2.146735702717E-013  0.000000000000E+000
   1.230000000000E+002  3.895007129741E-018  0.000000000000E+000  0.000000000000E+000  1.052166053369E-014  0.000000000000E+000  2.328649242706E-013  0.000000000000E+000  3.577554306843E-014  0.000000000000E+000  3.895007129741E-018  0.000000000000E+000  2.128553090563E-013  0.000000000000E+000
   1.232500000000E+002  3.857994806848E-018  0.000000000000E+000  0.000000000000E+000  1.043275488380E-014  0.000000000000E+000  2.308993853424E-013  0.000000000000E+000  3.547360050192E-014  0.000000000000E+000  3.857994806848E-018  0.000000000000E+000  2.110563321518E-013  0.000000000000E+000
   1.235000000000E+002  3.821159177882E-018  0.000000000000E+000  0.000000000000E+000  1.034478530155E-014  0.000000000000E+000  2.289544888656E-013  0.000000000000E+000  3.517481937733E-014  0.000000000000E+000  3.821159177882E-018  0.000000000000E+000  2.092762391147E-013  0.000000000000E+000
   1.237500000000E+002  3.784500240233E-018  0.000000000000E+000  0.000000000000E+000  1.025774332092E-014  0.000000000000E+000  2.270299919508E-013  0.000000000000E+000  3.487916429978E-014  0.000000000000E+000  3.784500240233E-018  0.000000000000E+000  2.075147077265E-013  0.000000000000E+000
   1.240000000000E+002  3.748397108228E-018  0.000000000000E+000  0.000000000000E+000  1.017161128971E-014  0.000000000000E+000  2.251255938958E-013  0.000000000000E+000  3.458661167056E-014  0.000000000000E+000  3.748397108228E-018  0.000000000000E+000  2.057715615036E-013  0.000000000000E+000
   1.242500000000E+002  3.712844322916E-018  0.000000000000E+000  0.000000000000E+000  1.008637473213E-014  0.000000000000E+000  2.232411588884E-013  0.000000000000E+000  3.429710827536E-014  0.000000000000E+000  3.712844322916E-018  0.000000000000E+000  2.040469117092E-013  0.000000000000E+000
   1.245000000000E+002  3.677460940888E-018  0.000000000000E+000  0.000000000000E+000  1.000203439973E-014  0.000000000000E+000  2.213763030878E-013  0.000000000000E+000  3.401060144965E-014  0.000000000000E+000  3.677460940888E-018  0.000000000000E+000  2.023400324138E-013  0.000000000000E+000
   1.247500000000E+002  3.642620696674E-018  0.000000000000E+000  0.000000000000E+000  9.918565757528E-015  0.000000000000E+000  2.195308602534E-013  0.000000000000E+000  3.372710105272E-014  0.000000000000E+000  3.642620696674E-018  0.000000000000E+000  2.006510028412E-013  0.000000000000E+000
   1.250000000000E+002  3.608318235998E-018  0.000000000000E+000  0.000000000000E+000  9.835966000951E-015  0.000000000000E+000  2.177045411730E-013  0.000000000000E+000  3.344651442757E-014  0.000000000000E+000  3.608318235998E-018  0.000000000000E+000  1.989794329436E-013  0.000000000000E+000
   1.252500000000E+002  3.574178046708E-018  0.000000000000E+000  0.000000000000E+000  9.754224079742E-015  0.000000000000E+000  2.158971156338E-013  0.000000000000E+000  3.316885750721E-014  0.000000000000E+000  3.574178046708E-018  0.000000000000E+000  1.973252363865E-013  0.000000000000E+000
   1.255000000000E+002  3.540200138810E-018  0.000000000000E+000  0.000000000000E+000  9.673329951419E-015  0.000000000000E+000  2.141083374300E-013  0.000000000000E+000  3.289405006307E-014  0.000000000000E+000  3.540200138810E-018  0.000000000000E+000  1.956881177516E-013  0.000000000000E+000
   1.257500000000E+002  3.507117902238E-018  0.000000000000E+000  0.000000000000E+000  9.593267482332E-015  0.000000000000E+000  2.123381162930E-013  0.000000000000E+000  3.262209152076E-014  0.000000000000E+000  3.507117902238E-018  0.000000000000E+000  1.940679057056E-013  0.000000000000E+000
   1.260000000000E+002  3.473825979359E-018  0.000000000000E+000  0.000000000000E+000  9.514030573509E-015  0.000000000000E+000  2.105860492949E-013  0.000000000000E+000  3.235293174747E-014  0.000000000000E+000  3.473825979359E-018  0.000000000000E+000  1.924643189048E-013  0.000000000000E+000
   1.262500000000E+002  3.441419322037E-018  0.000000000000E+000  0.000000000000E+000  9.435609999512E-015  0.000000000000E+000  2.088519716510E-013  0.000000000000E+000  3.208652115837E-014  0.000000000000E+000  3.441419322037E-018  0.000000000000E+000  1.908772689785E-013  0.000000000000E+000
   1.265000000000E+002  3.409164528107E-018  0.000000000000E+000  0.000000000000E+000  9.357992201027E-015  0.000000000000E+000  2.071356398083E-013  0.000000000000E+000  3.182283676535E-014  0.000000000000E+000  3.409164528107E-018  0.000000000000E+000  1.893065462884E-013  0.000000000000E+000
   1.267500000000E+002  3.377061600001E-018  0.000000000000E+000  0.000000000000E+000  9.281172352675E-015  0.000000000000E+000  2.054368564606E-013  0.000000000000E+000  3.156186374621E-014  0.000000000000E+000  3.377061600001E-018  0.000000000000E+000  1.877519193631E-013  0.000000000000E+000
   1.270000000000E+002  3.345468691549E-018  0.000000000000E+000  0.000000000000E+000  9.205131517726E-015  0.000000000000E+000  2.037554400867E-013  0.000000000000E+000  3.130354008630E-014  0.000000000000E+000  3.345468691549E-018  0.000000000000E+000  1.862130649676E-013  0.000000000000E+000
   1.272500000000E+002  3.314024260082E-018  0.000000000000E+000  0.000000000000E+000  9.129871612715E-015  0.000000000000E+000  2.020912086565E-013  0.000000000000E+000  3.104785714618E-014  0.000000000000E+000  3.314024260082E-018  0.000000000000E+000  1.846900278767E-013  0.000000000000E+000
   1.275000000000E+002  3.283083099595E-018  0.000000000000E+000  0.000000000000E+000  9.055379178908E-015  0.000000000000E+000  2.004438134391E-013  0.000000000000E+000  3.079476719560E-014  0.000000000000E+000  3.283083099595E-018  0.000000000000E+000  1.831823628970E-013  0.000000000000E+000
   1.277500000000E+002  3.252640212940E-018  0.000000000000E+000  0.000000000000E+000  8.981637660712E-015  0.000000000000E+000  1.988131318624E-013  0.000000000000E+000  3.054426066354E-014  0.000000000000E+000  3.252640212940E-018  0.000000000000E+000  1.816899660378E-013  0.000000000000E+000
   1.280000000000E+002  3.222339122080E-018  0.000000000000E+000  0.000000000000E+000  8.908646380807E-015  0.000000000000E+000  1.971990262171E-013  0.000000000000E+000  3.029625317942E-014  0.000000000000E+000  3.222339122080E-018  0.000000000000E+000  1.802128500011E-013  0.000000000000E+000
   1.282500000000E+002  3.192529707450E-018  0.000000000000E+000  0.000000000000E+000  8.836395689704E-015  0.000000000000E+000  1.956012174375E-013  0.000000000000E+000  3.005077445279E-014  0.000000000000E+000  3.192529707450E-018  0.000000000000E+000  1.787505781410E-013  0.000000000000E+000
   1.285000000000E+002  3.162858814672E-018  0.000000000000E+000  0.000000000000E+000  8.764869853208E-015  0.000000000000E+000  1.940194548602E-013  0.000000000000E+000  2.980777561323E-014  0.000000000000E+000  3.162858814672E-018  0.000000000000E+000  1.773031183026E-013  0.000000000000E+000
   1.287500000000E+002  3.133326441585E-018  0.000000000000E+000  0.000000000000E+000  8.694071313413E-015  0.000000000000E+000  1.924537039653E-013  0.000000000000E+000  2.956721347106E-014  0.000000000000E+000  3.133326441585E-018  0.000000000000E+000  1.758702195593E-013  0.000000000000E+000
   1.290000000000E+002  3.104622623586E-018  0.000000000000E+000  0.000000000000E+000  8.623981125498E-015  0.000000000000E+000  1.909035994761E-013  0.000000000000E+000  2.932907039064E-014  0.000000000000E+000  3.104622623586E-018  0.000000000000E+000  1.744517206320E-013  0.000000000000E+000
   1.292500000000E+002  3.075707447624E-018  0.000000000000E+000  0.000000000000E+000  8.554593313966E-015  0.000000000000E+000  1.893690601626E-013  0.000000000000E+000  2.909331581587E-014  0.000000000000E+000  3.075707447624E-018  0.000000000000E+000  1.730474501820E-013  0.000000000000E+000
   1.295000000000E+002  3.047269376638E-018  0.000000000000E+000  0.000000000000E+000  8.485902335810E-015  0.000000000000E+000  1.878499235449E-013  0.000000000000E+000  2.885992064580E-014  0.000000000000E+000  3.047269376638E-018  0.000000000000E+000  1.716573051956E-013  0.000000000000E+000
   1.297500000000E+002  3.019303638871E-018  0.000000000000E+000  0.000000000000E+000  8.417898014087E-015  0.000000000000E+000  1.863459112230E-013  0.000000000000E+000  2.862886024437E-014  0.000000000000E+000  3.019303638871E-018  0.000000000000E+000  1.702810622375E-013  0.000000000000E+000
   1.300000000000E+002  2.991466813386E-018  0.000000000000E+000  0.000000000000E+000  8.350569685766E-015  0.000000000000E+000  1.848568503033E-013  0.000000000000E+000  2.840008016009E-014  0.000000000000E+000  2.991466813386E-018  0.000000000000E+000  1.689184344147E-013  0.000000000000E+000
   1.302500000000E+002  2.964096032438E-018  0.000000000000E+000  0.000000000000E+000  8.283911441884E-015  0.000000000000E+000  1.833826826775E-013  0.000000000000E+000  2.817360403270E-014  0.000000000000E+000  2.964096032438E-018  0.000000000000E+000  1.675694363500E-013  0.000000000000E+000
   1.305000000000E+002  2.936851038866E-018  0.000000000000E+000  0.000000000000E+000  8.217919133120E-015  0.000000000000E+000  1.819230868127E-013  0.000000000000E+000  2.794935622861E-014  0.000000000000E+000  2.936851038866E-018  0.000000000000E+000  1.662338580526E-013  0.000000000000E+000
   1.307500000000E+002  2.910065875870E-018  0.000000000000E+000  0.000000000000E+000  8.152583156133E-015  0.000000000000E+000  1.804779920998E-013  0.000000000000E+000  2.772734513594E-014  0.000000000000E+000  2.910065875870E-018  0.000000000000E+000  1.649115627534E-013  0.000000000000E+000
   1.310000000000E+002  2.883403419519E-018  0.000000000000E+000  0.000000000000E+000  8.087889574252E-015  0.000000000000E+000  1.790471963029E-013  0.000000000000E+000  2.750750142553E-014  0.000000000000E+000  2.883403419519E-018  0.000000000000E+000  1.636023040925E-013  0.000000000000E+000
   1.312500000000E+002  2.856863665784E-018  0.000000000000E+000  0.000000000000E+000  8.023836212477E-015  0.000000000000E+000  1.776304694736E-013  0.000000000000E+000  2.728983625485E-014  0.000000000000E+000  2.856863665784E-018  0.000000000000E+000  1.623058787984E-013  0.000000000000E+000
   1.315000000000E+002  2.830776071682E-018  0.000000000000E+000  0.000000000000E+000  7.960414333693E-015  0.000000000000E+000  1.762276784813E-013  0.000000000000E+000  2.707432650938E-014  0.000000000000E+000  2.830776071682E-018  0.000000000000E+000  1.610223057162E-013  0.000000000000E+000
   1.317500000000E+002  2.805136095241E-018  0.000000000000E+000  0.000000000000E+000  7.897618861095E-015  0.000000000000E+000  1.748387243132E-013  0.000000000000E+000  2.686093801204E-014  0.000000000000E+000  2.805136095241E-018  0.000000000000E+000  1.597514929877E-013  0.000000000000E+000
   1.320000000000E+002  2.779612763036E-018  0.000000000000E+000  0.000000000000E+000  7.835439572695E-015  0.000000000000E+000  1.734634132634E-013  0.000000000000E+000  2.664963188266E-014  0.000000000000E+000  2.779612763036E-018  0.000000000000E+000  1.584930200592E-013  0.000000000000E+000
   1.322500000000E+002  2.754206078876E-018  0.000000000000E+000  0.000000000000E+000  7.773868858149E-015  0.000000000000E+000  1.721015214874E-013  0.000000000000E+000  2.644040965682E-014  0.000000000000E+000  2.754206078876E-018  0.000000000000E+000  1.572469481925E-013  0.000000000000E+000
   1.325000000000E+002  2.729239533190E-018  0.000000000000E+000  0.000000000000E+000  7.712901039102E-015  0.000000000000E+000  1.707530174019E-013  0.000000000000E+000  2.623320201635E-014  0.000000000000E+000  2.729239533190E-018  0.000000000000E+000  1.560130341438E-013  0.000000000000E+000
   1.327500000000E+002  2.704386661936E-018  0.000000000000E+000  0.000000000000E+000  7.652525148746E-015  0.000000000000E+000  1.694176299717E-013  0.000000000000E+000  2.602802568315E-014  0.000000000000E+000  2.704386661936E-018  0.000000000000E+000  1.547910843999E-013  0.000000000000E+000
   1.330000000000E+002  2.679968024012E-018  0.000000000000E+000  0.000000000000E+000  7.592745074265E-015  0.000000000000E+000  1.680952098761E-013  0.000000000000E+000  2.582486890492E-014  0.000000000000E+000  2.679968024012E-018  0.000000000000E+000  1.535811299584E-013  0.000000000000E+000
   1.332500000000E+002  2.655660127146E-018  0.000000000000E+000  0.000000000000E+000  7.533539536088E-015  0.000000000000E+000  1.667856432753E-013  0.000000000000E+000  2.562366329127E-014  0.000000000000E+000  2.655660127146E-018  0.000000000000E+000  1.523829401882E-013  0.000000000000E+000
   1.335000000000E+002  2.631780637014E-018  0.000000000000E+000  0.000000000000E+000  7.474910854484E-015  0.000000000000E+000  1.654887999919E-013  0.000000000000E+000  2.542440881116E-014  0.000000000000E+000  2.631780637014E-018  0.000000000000E+000  1.511963550986E-013  0.000000000000E+000
   1.337500000000E+002  2.608008991059E-018  0.000000000000E+000  0.000000000000E+000  7.416853132209E-015  0.000000000000E+000  1.642044927592E-013  0.000000000000E+000  2.522708328509E-014  0.000000000000E+000  2.608008991059E-018  0.000000000000E+000  1.500214016032E-013  0.000000000000E+000
   1.340000000000E+002  2.584660001882E-018  0.000000000000E+000  0.000000000000E+000  7.359352405703E-015  0.000000000000E+000  1.629326530844E-013  0.000000000000E+000  2.503168409147E-014  0.000000000000E+000  2.584660001882E-018  0.000000000000E+000  1.488576477199E-013  0.000000000000E+000
   1.342500000000E+002  2.561415998378E-018  0.000000000000E+000  0.000000000000E+000  7.302409749645E-015  0.000000000000E+000  1.616729725251E-013  0.000000000000E+000  2.483815425221E-014  0.000000000000E+000  2.561415998378E-018  0.000000000000E+000  1.477051445313E-013  0.000000000000E+000
   1.345000000000E+002  2.538276986003E-018  0.000000000000E+000  0.000000000000E+000  7.246017603099E-015  0.000000000000E+000  1.604255256539E-013  0.000000000000E+000  2.464647366565E-014  0.000000000000E+000  2.538276986003E-018  0.000000000000E+000  1.465637903516E-013  0.000000000000E+000
   1.347500000000E+002  2.515553532949E-018  0.000000000000E+000  0.000000000000E+000  7.190161483643E-015  0.000000000000E+000  1.591899814116E-013  0.000000000000E+000  2.445665948512E-014  0.000000000000E+000  2.515553532949E-018  0.000000000000E+000  1.454334335278E-013  0.000000000000E+000
   1.350000000000E+002  2.492932250864E-018  0.000000000000E+000  0.000000000000E+000  7.134848239967E-015  0.000000000000E+000  1.579663186188E-013  0.000000000000E+000  2.426864378831E-014  0.000000000000E+000  2.492932250864E-018  0.000000000000E+000  1.443139219491E-013  0.000000000000E+000
   1.352500000000E+002  2.470720929720E-018  0.000000000000E+000  0.000000000000E+000  7.080061355175E-015  0.000000000000E+000  1.567543298833E-013  0.000000000000E+000  2.408244624192E-014  0.000000000000E+000  2.470720929720E-018  0.000000000000E+000  1.432050767812E-013  0.000000000000E+000
   1.355000000000E+002  2.448609001280E-018  0.000000000000E+000  0.000000000000E+000  7.025800089190E-015  0.000000000000E+000  1.555539987090E-013  0.000000000000E+000  2.389802228146E-014  0.000000000000E+000  2.448609001280E-018  0.000000000000E+000  1.421067943782E-013  0.000000000000E+000
   1.357500000000E+002  2.426901512075E-018  0.000000000000E+000  0.000000000000E+000  6.972053193107E-015  0.000000000000E+000  1.543650174563E-013  0.000000000000E+000  2.371532552716E-014  0.000000000000E+000  2.426901512075E-018  0.000000000000E+000  1.410191722755E-013  0.000000000000E+000
   1.360000000000E+002  2.405290672148E-018  0.000000000000E+000  0.000000000000E+000  6.918824662095E-015  0.000000000000E+000  1.531873851837E-013  0.000000000000E+000  2.353441001599E-014  0.000000000000E+000  2.405290672148E-018  0.000000000000E+000  1.399418195711E-013  0.000000000000E+000
   1.362500000000E+002  2.383776479849E-018  0.000000000000E+000  0.000000000000E+000  6.866095319593E-015  0.000000000000E+000  1.520209890875E-013  0.000000000000E+000  2.335518025855E-014  0.000000000000E+000  2.383776479849E-018  0.000000000000E+000  1.388746062497E-013  0.000000000000E+000
   1.365000000000E+002  2.362659920603E-018  0.000000000000E+000  0.000000000000E+000  6.813870308244E-015  0.000000000000E+000  1.508655780856E-013  0.000000000000E+000  2.317767604307E-014  0.000000000000E+000  2.362659920603E-018  0.000000000000E+000  1.378175895095E-013  0.000000000000E+000
   1.367500000000E+002  2.341637310615E-018  0.000000000000E+000  0.000000000000E+000  6.762138302461E-015  0.000000000000E+000  1.497211499546E-013  0.000000000000E+000  2.300183448035E-014  0.000000000000E+000  2.341637310615E-018  0.000000000000E+000  1.367705733523E-013  0.000000000000E+000
   1.370000000000E+002  2.321006962092E-018  0.000000000000E+000  0.000000000000E+000  6.710899942953E-015  0.000000000000E+000  1.485874636595E-013  0.000000000000E+000  2.282763955775E-014  0.000000000000E+000  2.321006962092E-018  0.000000000000E+000  1.357334476114E-013  0.000000000000E+000
   1.372500000000E+002  2.300467897798E-018  0.000000000000E+000  0.000000000000E+000  6.660141059453E-015  0.000000000000E+000  1.474645398011E-013  0.000000000000E+000  2.265510901694E-014  0.000000000000E+000  2.300467897798E-018  0.000000000000E+000  1.347062159243E-013  0.000000000000E+000
   1.375000000000E+002  2.280020112899E-018  0.000000000000E+000  0.000000000000E+000  6.609859175079E-015  0.000000000000E+000  1.463521402663E-013  0.000000000000E+000  2.248420951643E-014  0.000000000000E+000  2.280020112899E-018  0.000000000000E+000  1.336885008773E-013  0.000000000000E+000
   1.377500000000E+002  2.259957979784E-018  0.000000000000E+000  0.000000000000E+000  6.560051108750E-015  0.000000000000E+000  1.452502086780E-013  0.000000000000E+000  2.231489685900E-014  0.000000000000E+000  2.259957979784E-018  0.000000000000E+000  1.326804470344E-013  0.000000000000E+000
   1.380000000000E+002  2.239984501021E-018  0.000000000000E+000  0.000000000000E+000  6.510712704430E-015  0.000000000000E+000  1.441585882962E-013  0.000000000000E+000  2.214718651867E-014  0.000000000000E+000  2.239984501021E-018  0.000000000000E+000  1.316819522844E-013  0.000000000000E+000
   1.382500000000E+002  2.220391455975E-018  0.000000000000E+000  0.000000000000E+000  6.461833388873E-015  0.000000000000E+000  1.430772219286E-013  0.000000000000E+000  2.198102448774E-014  0.000000000000E+000  2.220391455975E-018  0.000000000000E+000  1.306926453401E-013  0.000000000000E+000
   1.385000000000E+002  2.200884480088E-018  0.000000000000E+000  0.000000000000E+000  6.413412210008E-015  0.000000000000E+000  1.420059111552E-013  0.000000000000E+000  2.181641742367E-014  0.000000000000E+000  2.200884480088E-018  0.000000000000E+000  1.297126711391E-013  0.000000000000E+000
   1.387500000000E+002  2.181463567216E-018  0.000000000000E+000  0.000000000000E+000  6.365442905513E-015  0.000000000000E+000  1.409446013521E-013  0.000000000000E+000  2.165336372799E-014  0.000000000000E+000  2.181463567216E-018  0.000000000000E+000  1.287417607594E-013  0.000000000000E+000
   1.390000000000E+002  2.162416669849E-018  0.000000000000E+000  0.000000000000E+000  6.317917879417E-015  0.000000000000E+000  1.398931696047E-013  0.000000000000E+000  2.149181362433E-014  0.000000000000E+000  2.162416669849E-018  0.000000000000E+000  1.277800226430E-013  0.000000000000E+000
   1.392500000000E+002  2.143453285612E-018  0.000000000000E+000  0.000000000000E+000  6.270837575115E-015  0.000000000000E+000  1.388514925019E-013  0.000000000000E+000  2.133176381816E-014  0.000000000000E+000  2.143453285612E-018  0.000000000000E+000  1.268270644934E-013  0.000000000000E+000
   1.395000000000E+002  2.124858855278E-018  0.000000000000E+000  0.000000000000E+000  6.224195076989E-015  0.000000000000E+000  1.378194749328E-013  0.000000000000E+000  2.117320643380E-014  0.000000000000E+000  2.124858855278E-018  0.000000000000E+000  1.258830243556E-013  0.000000000000E+000
   1.397500000000E+002  2.106061239435E-018  0.000000000000E+000  0.000000000000E+000  6.177982926983E-015  0.000000000000E+000  1.367970220322E-013  0.000000000000E+000  2.101611045000E-014  0.000000000000E+000  2.106061239435E-018  0.000000000000E+000  1.249478070330E-013  0.000000000000E+000
   1.400000000000E+002  2.087913006715E-018  0.000000000000E+000  0.000000000000E+000  6.132203054682E-015  0.000000000000E+000  1.357840037758E-013  0.000000000000E+000  2.086045718556E-014  0.000000000000E+000  2.087913006715E-018  0.000000000000E+000  1.240212283824E-013  0.000000000000E+000
   1.402500000000E+002  2.069561587083E-018  0.000000000000E+000  0.000000000000E+000  6.086836545302E-015  0.000000000000E+000  1.347803663652E-013  0.000000000000E+000  2.070625798611E-014  0.000000000000E+000  2.069561587083E-018  0.000000000000E+000  1.231030648236E-013  0.000000000000E+000
   1.405000000000E+002  2.051571643970E-018  0.000000000000E+000  0.000000000000E+000  6.041896392441E-015  0.000000000000E+000  1.337859257383E-013  0.000000000000E+000  2.055347241718E-014  0.000000000000E+000  2.051571643970E-018  0.000000000000E+000  1.221934195056E-013  0.000000000000E+000
   1.407500000000E+002  2.033939496169E-018  0.000000000000E+000  0.000000000000E+000  5.997366012431E-015  0.000000000000E+000  1.328006330166E-013  0.000000000000E+000  2.040207365495E-014  0.000000000000E+000  2.033939496169E-018  0.000000000000E+000  1.212922355072E-013  0.000000000000E+000
   1.410000000000E+002  2.016105387142E-018  0.000000000000E+000  0.000000000000E+000  5.953242752514E-015  0.000000000000E+000  1.318243296967E-013  0.000000000000E+000  2.025207754499E-014  0.000000000000E+000  2.016105387142E-018  0.000000000000E+000  1.203992037455E-013  0.000000000000E+000
   1.412500000000E+002  1.998626637106E-018  0.000000000000E+000  0.000000000000E+000  5.909527451973E-015  0.000000000000E+000  1.308570389302E-013  0.000000000000E+000  2.010343785708E-014  0.000000000000E+000  1.998626637106E-018  0.000000000000E+000  1.195144601258E-013  0.000000000000E+000
   1.415000000000E+002  1.981499621033E-018  0.000000000000E+000  0.000000000000E+000  5.866208345368E-015  0.000000000000E+000  1.298985224360E-013  0.000000000000E+000  1.995618246743E-014  0.000000000000E+000  1.981499621033E-018  0.000000000000E+000  1.186377606544E-013  0.000000000000E+000
   1.417500000000E+002  1.964446306131E-018  0.000000000000E+000  0.000000000000E+000  5.823288005025E-015  0.000000000000E+000  1.289487755312E-013  0.000000000000E+000  1.981023865557E-014  0.000000000000E+000  1.964446306131E-018  0.000000000000E+000  1.177689841245E-013  0.000000000000E+000
   1.420000000000E+002  1.947466689661E-018  0.000000000000E+000  0.000000000000E+000  5.780754654094E-015  0.000000000000E+000  1.280076756981E-013  0.000000000000E+000  1.966566329011E-014  0.000000000000E+000  1.947466689661E-018  0.000000000000E+000  1.169082677626E-013  0.000000000000E+000
   1.422500000000E+002  1.930560773008E-018  0.000000000000E+000  0.000000000000E+000  5.738610898526E-015  0.000000000000E+000  1.270751754324E-013  0.000000000000E+000  1.952237560720E-014  0.000000000000E+000  1.930560773008E-018  0.000000000000E+000  1.160552488789E-013  0.000000000000E+000
   1.425000000000E+002  1.913999460793E-018  0.000000000000E+000  0.000000000000E+000  5.696851555968E-015  0.000000000000E+000  1.261510853502E-013  0.000000000000E+000  1.938039388069E-014  0.000000000000E+000  1.913999460793E-018  0.000000000000E+000  1.152100587019E-013  0.000000000000E+000
   1.427500000000E+002  1.897509487488E-018  0.000000000000E+000  0.000000000000E+000  5.655467379227E-015  0.000000000000E+000  1.252353503436E-013  0.000000000000E+000  1.923968512203E-014  0.000000000000E+000  1.897509487488E-018  0.000000000000E+000  1.143725847256E-013  0.000000000000E+000
   1.430000000000E+002  1.881359440473E-018  0.000000000000E+000  0.000000000000E+000  5.614460190556E-015  0.000000000000E+000  1.243279394151E-013  0.000000000000E+000  1.910026120434E-014  0.000000000000E+000  1.881359440473E-018  0.000000000000E+000  1.135426568965E-013  0.000000000000E+000
   1.432500000000E+002  1.865278413833E-018  0.000000000000E+000  0.000000000000E+000  5.573823318369E-015  0.000000000000E+000  1.234286405757E-013  0.000000000000E+000  1.896209568845E-014  0.000000000000E+000  1.865278413833E-018  0.000000000000E+000  1.127200941714E-013  0.000000000000E+000
   1.435000000000E+002  1.849266407609E-018  0.000000000000E+000  0.000000000000E+000  5.533548927222E-015  0.000000000000E+000  1.225374925541E-013  0.000000000000E+000  1.882515422689E-014  0.000000000000E+000  1.849266407609E-018  0.000000000000E+000  1.119050073619E-013  0.000000000000E+000
   1.437500000000E+002  1.833323425663E-018  0.000000000000E+000  0.000000000000E+000  5.493639081410E-015  0.000000000000E+000  1.216543631322E-013  0.000000000000E+000  1.868947494360E-014  0.000000000000E+000  1.833323425663E-018  0.000000000000E+000  1.110973143781E-013  0.000000000000E+000
   1.440000000000E+002  1.817713463961E-018  0.000000000000E+000  0.000000000000E+000  5.454090357767E-015  0.000000000000E+000  1.207791461627E-013  0.000000000000E+000  1.855500569339E-014  0.000000000000E+000  1.817713463961E-018  0.000000000000E+000  1.102968758897E-013  0.000000000000E+000
   1.442500000000E+002  1.802170242432E-018  0.000000000000E+000  0.000000000000E+000  5.414895249309E-015  0.000000000000E+000  1.199117908138E-013  0.000000000000E+000  1.842173247493E-014  0.000000000000E+000  1.802170242432E-018  0.000000000000E+000  1.095035524862E-013  0.000000000000E+000
   1.445000000000E+002  1.786955520191E-018  0.000000000000E+000  0.000000000000E+000  5.376048085079E-015  0.000000000000E+000  1.190521929526E-013  0.000000000000E+000  1.828964755637E-014  0.000000000000E+000  1.786955520191E-018  0.000000000000E+000  1.087173904536E-013  0.000000000000E+000
   1.447500000000E+002  1.771805292430E-018  0.000000000000E+000  0.000000000000E+000  5.337551814397E-015  0.000000000000E+000  1.182002241399E-013  0.000000000000E+000  1.815875365079E-014  0.000000000000E+000  1.771805292430E-018  0.000000000000E+000  1.079383169024E-013  0.000000000000E+000
   1.450000000000E+002  1.756719562880E-018  0.000000000000E+000  0.000000000000E+000  5.299396718957E-015  0.000000000000E+000  1.173558609049E-013  0.000000000000E+000  1.802900497438E-014  0.000000000000E+000  1.756719562880E-018  0.000000000000E+000  1.071661509131E-013  0.000000000000E+000
   1.452500000000E+002  1.741956771276E-018  0.000000000000E+000  0.000000000000E+000  5.261579546327E-015  0.000000000000E+000  1.165190428723E-013  0.000000000000E+000  1.790042805566E-014  0.000000000000E+000  1.741956771276E-018  0.000000000000E+000  1.064008021915E-013  0.000000000000E+000
   1.455000000000E+002  1.726998921252E-018  0.000000000000E+000  0.000000000000E+000  5.224102422297E-015  0.000000000000E+000  1.156896664048E-013  0.000000000000E+000  1.777299383568E-014  0.000000000000E+000  1.726998921252E-018  0.000000000000E+000  1.056423116016E-013  0.000000000000E+000
   1.457500000000E+002  1.712618062007E-018  0.000000000000E+000  0.000000000000E+000  5.186957070079E-015  0.000000000000E+000  1.148675543665E-013  0.000000000000E+000  1.764668691153E-014  0.000000000000E+000  1.712618062007E-018  0.000000000000E+000  1.048905444777E-013  0.000000000000E+000
   1.460000000000E+002  1.698042144391E-018  0.000000000000E+000  0.000000000000E+000  5.150140418603E-015  0.000000000000E+000  1.140527922852E-013  0.000000000000E+000  1.752150204941E-014  0.000000000000E+000  1.698042144391E-018  0.000000000000E+000  1.041453952773E-013  0.000000000000E+000
   1.462500000000E+002  1.683782608849E-018  0.000000000000E+000  0.000000000000E+000  5.113649035686E-015  0.000000000000E+000  1.132452046470E-013  0.000000000000E+000  1.739741086557E-014  0.000000000000E+000  1.683782608849E-018  0.000000000000E+000  1.034067960652E-013  0.000000000000E+000
   1.465000000000E+002  1.669583198947E-018  0.000000000000E+000  0.000000000000E+000  5.077475701649E-015  0.000000000000E+000  1.124447538693E-013  0.000000000000E+000  1.727442562282E-014  0.000000000000E+000  1.669583198947E-018  0.000000000000E+000  1.026748248340E-013  0.000000000000E+000
   1.467500000000E+002  1.655443913462E-018  0.000000000000E+000  0.000000000000E+000  5.041628530285E-015  0.000000000000E+000  1.116513457225E-013  0.000000000000E+000  1.715252611236E-014  0.000000000000E+000  1.655443913462E-018  0.000000000000E+000  1.019492878824E-013  0.000000000000E+000
   1.470000000000E+002  1.641615640533E-018  0.000000000000E+000  0.000000000000E+000  5.006091712520E-015  0.000000000000E+000  1.108649111502E-013  0.000000000000E+000  1.703169348772E-014  0.000000000000E+000  1.641615640533E-018  0.000000000000E+000  1.012300827255E-013  0.000000000000E+000
   1.472500000000E+002  1.627845363935E-018  0.000000000000E+000  0.000000000000E+000  4.970866450515E-015  0.000000000000E+000  1.100853681467E-013  0.000000000000E+000  1.691191004203E-014  0.000000000000E+000  1.627845363935E-018  0.000000000000E+000  1.005172368831E-013  0.000000000000E+000
   1.475000000000E+002  1.614133087068E-018  0.000000000000E+000  0.000000000000E+000  4.935951265743E-015  0.000000000000E+000  1.093126571281E-013  0.000000000000E+000  1.679318008137E-014  0.000000000000E+000  1.614133087068E-018  0.000000000000E+000  9.981061114405E-014  0.000000000000E+000
   1.477500000000E+002  1.600726547975E-018  0.000000000000E+000  0.000000000000E+000  4.901341917254E-015  0.000000000000E+000  1.085467002374E-013  0.000000000000E+000  1.667550090360E-014  0.000000000000E+000  1.600726547975E-018  0.000000000000E+000  9.911017233233E-014  0.000000000000E+000
   1.480000000000E+002  1.587375916538E-018  0.000000000000E+000  0.000000000000E+000  4.867034639587E-015  0.000000000000E+000  1.077874387739E-013  0.000000000000E+000  1.655882639258E-014  0.000000000000E+000  1.587375916538E-018  0.000000000000E+000  9.841585009744E-014  0.000000000000E+000
   1.482500000000E+002  1.574081192761E-018  0.000000000000E+000  0.000000000000E+000  4.833027975713E-015  0.000000000000E+000  1.070347854081E-013  0.000000000000E+000  1.644319153162E-014  0.000000000000E+000  1.574081192761E-018  0.000000000000E+000  9.772763705790E-014  0.000000000000E+000
   1.485000000000E+002  1.561087032374E-018  0.000000000000E+000  0.000000000000E+000  4.799316485363E-015  0.000000000000E+000  1.062886299847E-013  0.000000000000E+000  1.632854084381E-014  0.000000000000E+000  1.561087032374E-018  0.000000000000E+000  9.704529112300E-014  0.000000000000E+000
   1.487500000000E+002  1.547903088594E-018  0.000000000000E+000  0.000000000000E+000  4.765896463533E-015  0.000000000000E+000  1.055490002058E-013  0.000000000000E+000  1.621489450719E-014  0.000000000000E+000  1.547903088594E-018  0.000000000000E+000  9.636900951894E-014  0.000000000000E+000
   1.490000000000E+002  1.535260280128E-018  0.000000000000E+000  0.000000000000E+000  4.732767936045E-015  0.000000000000E+000  1.048157763399E-013  0.000000000000E+000  1.610224232911E-014  0.000000000000E+000  1.535260280128E-018  0.000000000000E+000  9.569857052387E-014  0.000000000000E+000
   1.492500000000E+002  1.522427687216E-018  0.000000000000E+000  0.000000000000E+000  4.699925085338E-015  0.000000000000E+000  1.040888948541E-013  0.000000000000E+000  1.599056741395E-014  0.000000000000E+000  1.522427687216E-018  0.000000000000E+000  9.503394957463E-014  0.000000000000E+000
   1.495000000000E+002  1.509889559721E-018  0.000000000000E+000  0.000000000000E+000  4.667368666465E-015  0.000000000000E+000  1.033682924411E-013  0.000000000000E+000  1.587982788268E-014  0.000000000000E+000  1.509889559721E-018  0.000000000000E+000  9.437495897995E-014  0.000000000000E+000
   1.497500000000E+002  1.497403277384E-018  0.000000000000E+000  0.000000000000E+000  4.635089522273E-015  0.000000000000E+000  1.026538912491E-013  0.000000000000E+000  1.577006812899E-014  0.000000000000E+000  1.497403277384E-018  0.000000000000E+000  9.372173940378E-014  0.000000000000E+000
   1.500000000000E+002  1.484968837061E-018  0.000000000000E+000  0.000000000000E+000  4.603089766151E-015  0.000000000000E+000  1.019456915185E-013  0.000000000000E+000  1.566123778257E-014  0.000000000000E+000  1.484968837061E-018  0.000000000000E+000  9.307419969494E-014  0.000000000000E+000
   1.502500000000E+002  1.472823877256E-018  0.000000000000E+000  0.000000000000E+000  4.571363804315E-015  0.000000000000E+000  1.012435046919E-013  0.000000000000E+000  1.555335506183E-014  0.000000000000E+000  1.472823877256E-018  0.000000000000E+000  9.243221512303E-014  0.000000000000E+000
   1.505000000000E+002  1.460492126087E-018  0.000000000000E+000  0.000000000000E+000  4.539914804811E-015  0.000000000000E+000  1.005473942932E-013  0.000000000000E+000  1.544640833126E-014  0.000000000000E+000  1.460492126087E-018  0.000000000000E+000  9.179561384927E-014  0.000000000000E+000
   1.507500000000E+002  1.448447880660E-018  0.000000000000E+000  0.000000000000E+000  4.508731733352E-015  0.000000000000E+000  9.985721439938E-014  0.000000000000E+000  1.534035378421E-014  0.000000000000E+000  1.448447880660E-018  0.000000000000E+000  9.116461272770E-014  0.000000000000E+000
   1.510000000000E+002  1.436688209558E-018  0.000000000000E+000  0.000000000000E+000  4.477816109890E-015  0.000000000000E+000  9.917293677927E-014  0.000000000000E+000  1.523522384167E-014  0.000000000000E+000  1.436688209558E-018  0.000000000000E+000  9.053892186098E-014  0.000000000000E+000
   1.512500000000E+002  1.424742721901E-018  0.000000000000E+000  0.000000000000E+000  4.447165399689E-015  0.000000000000E+000  9.849451443718E-014  0.000000000000E+000  1.513097881975E-014  0.000000000000E+000  1.424742721901E-018  0.000000000000E+000  8.991862658376E-014  0.000000000000E+000
   1.515000000000E+002  1.413079872120E-018  0.000000000000E+000  0.000000000000E+000  4.416775792236E-015  0.000000000000E+000  9.782190081138E-014  0.000000000000E+000  1.502762360089E-014  0.000000000000E+000  1.413079872120E-018  0.000000000000E+000  8.930372318837E-014  0.000000000000E+000
   1.517500000000E+002  1.401696782322E-018  0.000000000000E+000  0.000000000000E+000  4.386644835173E-015  0.000000000000E+000  9.715492669445E-014  0.000000000000E+000  1.492516210787E-014  0.000000000000E+000  1.401696782322E-018  0.000000000000E+000  8.869389050529E-014  0.000000000000E+000
   1.520000000000E+002  1.390128837597E-018  0.000000000000E+000  0.000000000000E+000  4.356768331174E-015  0.000000000000E+000  9.649371382846E-014  0.000000000000E+000  1.482355803106E-014  0.000000000000E+000  1.390128837597E-018  0.000000000000E+000  8.808927377909E-014  0.000000000000E+000
   1.522500000000E+002  1.378838754766E-018  0.000000000000E+000  0.000000000000E+000  4.327145648096E-015  0.000000000000E+000  9.583804798317E-014  0.000000000000E+000  1.472281914517E-014  0.000000000000E+000  1.378838754766E-018  0.000000000000E+000  8.748991616264E-014  0.000000000000E+000
   1.525000000000E+002  1.367594705692E-018  0.000000000000E+000  0.000000000000E+000  4.297777740251E-015  0.000000000000E+000  9.518795322075E-014  0.000000000000E+000  1.462292719329E-014  0.000000000000E+000  1.367594705692E-018  0.000000000000E+000  8.689546033255E-014  0.000000000000E+000
   1.527500000000E+002  1.356396690378E-018  0.000000000000E+000  0.000000000000E+000  4.268654144123E-015  0.000000000000E+000  9.454330316709E-014  0.000000000000E+000  1.452388258695E-014  0.000000000000E+000  1.356396690378E-018  0.000000000000E+000  8.630617693679E-014  0.000000000000E+000
   1.530000000000E+002  1.345471840598E-018  0.000000000000E+000  0.000000000000E+000  4.239776420185E-015  0.000000000000E+000  9.390415911367E-014  0.000000000000E+000  1.442566084214E-014  0.000000000000E+000  1.345471840598E-018  0.000000000000E+000  8.572173493712E-014  0.000000000000E+000
   1.532500000000E+002  1.334591163890E-018  0.000000000000E+000  0.000000000000E+000  4.211144159066E-015  0.000000000000E+000  9.327038066546E-014  0.000000000000E+000  1.432829543559E-014  0.000000000000E+000  1.334591163890E-018  0.000000000000E+000  8.514231764828E-014  0.000000000000E+000
   1.535000000000E+002  1.323754662120E-018  0.000000000000E+000  0.000000000000E+000  4.182753115037E-015  0.000000000000E+000  9.264189879228E-014  0.000000000000E+000  1.423171987731E-014  0.000000000000E+000  1.323754662120E-018  0.000000000000E+000  8.456776220835E-014  0.000000000000E+000
   1.537500000000E+002  1.312962333441E-018  0.000000000000E+000  0.000000000000E+000  4.154599166294E-015  0.000000000000E+000  9.201870783104E-014  0.000000000000E+000  1.413597137080E-014  0.000000000000E+000  1.312962333441E-018  0.000000000000E+000  8.399806795955E-014  0.000000000000E+000
   1.540000000000E+002  1.302437649453E-018  0.000000000000E+000  0.000000000000E+000  4.126682254135E-015  0.000000000000E+000  9.140076172513E-014  0.000000000000E+000  1.404102403129E-014  0.000000000000E+000  1.302437649453E-018  0.000000000000E+000  8.343307428256E-014  0.000000000000E+000
   1.542500000000E+002  1.291732747619E-018  0.000000000000E+000  0.000000000000E+000  4.098998267732E-015  0.000000000000E+000  9.078793748616E-014  0.000000000000E+000  1.394687287005E-014  0.000000000000E+000  1.291732747619E-018  0.000000000000E+000  8.287287243559E-014  0.000000000000E+000
   1.545000000000E+002  1.281515336578E-018  0.000000000000E+000  0.000000000000E+000  4.071543129080E-015  0.000000000000E+000  9.018027301574E-014  0.000000000000E+000  1.385349429102E-014  0.000000000000E+000  1.281515336578E-018  0.000000000000E+000  8.231729118425E-014  0.000000000000E+000
   1.547500000000E+002  1.271117710389E-018  0.000000000000E+000  0.000000000000E+000  4.044319932017E-015  0.000000000000E+000  8.957766882942E-014  0.000000000000E+000  1.376089893156E-014  0.000000000000E+000  1.271117710389E-018  0.000000000000E+000  8.176645004524E-014  0.000000000000E+000
   1.550000000000E+002  1.260982318612E-018  0.000000000000E+000  0.000000000000E+000  4.017323049533E-015  0.000000000000E+000  8.898008267454E-014  0.000000000000E+000  1.366908740313E-014  0.000000000000E+000  1.260982318612E-018  0.000000000000E+000  8.122019071089E-014  0.000000000000E+000
   1.552500000000E+002  1.250668496519E-018  0.000000000000E+000  0.000000000000E+000  3.990550043149E-015  0.000000000000E+000  8.838744816628E-014  0.000000000000E+000  1.357803262674E-014  0.000000000000E+000  1.250668496519E-018  0.000000000000E+000  8.067837960580E-014  0.000000000000E+000
   1.555000000000E+002  1.240833246353E-018  0.000000000000E+000  0.000000000000E+000  3.964002726563E-015  0.000000000000E+000  8.779970669797E-014  0.000000000000E+000  1.348772659172E-014  0.000000000000E+000  1.240833246353E-018  0.000000000000E+000  8.014109610732E-014  0.000000000000E+000
   1.557500000000E+002  1.230819564978E-018  0.000000000000E+000  0.000000000000E+000  3.937671665388E-015  0.000000000000E+000  8.721686761205E-014  0.000000000000E+000  1.339817364296E-014  0.000000000000E+000  1.230819564978E-018  0.000000000000E+000  7.960834108648E-014  0.000000000000E+000
   1.560000000000E+002  1.221062828116E-018  0.000000000000E+000  0.000000000000E+000  3.911557583225E-015  0.000000000000E+000  8.663883899012E-014  0.000000000000E+000  1.330936222965E-014  0.000000000000E+000  1.221062828116E-018  0.000000000000E+000  7.907990356430E-014  0.000000000000E+000
   1.562500000000E+002  1.211129402206E-018  0.000000000000E+000  0.000000000000E+000  3.885661586252E-015  0.000000000000E+000  8.606561380694E-014  0.000000000000E+000  1.322128617254E-014  0.000000000000E+000  1.211129402206E-018  0.000000000000E+000  7.855591315543E-014  0.000000000000E+000
   1.565000000000E+002  1.201665828060E-018  0.000000000000E+000  0.000000000000E+000  3.859981267066E-015  0.000000000000E+000  8.549707127117E-014  0.000000000000E+000  1.313393141455E-014  0.000000000000E+000  1.201665828060E-018  0.000000000000E+000  7.803623872604E-014  0.000000000000E+000
   1.567500000000E+002  1.192025564883E-018  0.000000000000E+000  0.000000000000E+000  3.834507570966E-015  0.000000000000E+000  8.493325153042E-014  0.000000000000E+000  1.304729977422E-014  0.000000000000E+000  1.192025564883E-018  0.000000000000E+000  7.752075057974E-014  0.000000000000E+000
   1.570000000000E+002  1.182424127381E-018  0.000000000000E+000  0.000000000000E+000  3.809246960376E-015  0.000000000000E+000  8.437399469532E-014  0.000000000000E+000  1.296137744180E-014  0.000000000000E+000  1.182424127381E-018  0.000000000000E+000  7.700960925284E-014  0.000000000000E+000
   1.572500000000E+002  1.173073595007E-018  0.000000000000E+000  0.000000000000E+000  3.784192149333E-015  0.000000000000E+000  8.381937264379E-014  0.000000000000E+000  1.287615315394E-014  0.000000000000E+000  1.173073595007E-018  0.000000000000E+000  7.650262626500E-014  0.000000000000E+000
   1.575000000000E+002  1.163760181106E-018  0.000000000000E+000  0.000000000000E+000  3.759342782301E-015  0.000000000000E+000  8.326931344119E-014  0.000000000000E+000  1.279163154600E-014  0.000000000000E+000  1.163760181106E-018  0.000000000000E+000  7.599978632305E-014  0.000000000000E+000
   1.577500000000E+002  1.154694298745E-018  0.000000000000E+000  0.000000000000E+000  3.734699983538E-015  0.000000000000E+000  8.272373390534E-014  0.000000000000E+000  1.270780156594E-014  0.000000000000E+000  1.154694298745E-018  0.000000000000E+000  7.550115844795E-014  0.000000000000E+000
   1.580000000000E+002  1.145454278192E-018  0.000000000000E+000  0.000000000000E+000  3.710254946460E-015  0.000000000000E+000  8.218256356982E-014  0.000000000000E+000  1.262465731715E-014  0.000000000000E+000  1.145454278192E-018  0.000000000000E+000  7.500644689329E-014  0.000000000000E+000
   1.582500000000E+002  1.136460121146E-018  0.000000000000E+000  0.000000000000E+000  3.686007400077E-015  0.000000000000E+000  8.164585740125E-014  0.000000000000E+000  1.254218370669E-014  0.000000000000E+000  1.136460121146E-018  0.000000000000E+000  7.451587159184E-014  0.000000000000E+000
   1.585000000000E+002  1.127501414542E-018  0.000000000000E+000  0.000000000000E+000  3.661960550760E-015  0.000000000000E+000  8.111351792888E-014  0.000000000000E+000  1.246038782951E-014  0.000000000000E+000  1.127501414542E-018  0.000000000000E+000  7.402928963584E-014  0.000000000000E+000
   1.587500000000E+002  1.118578157606E-018  0.000000000000E+000  0.000000000000E+000  3.638108305284E-015  0.000000000000E+000  8.058544753410E-014  0.000000000000E+000  1.237927258579E-014  0.000000000000E+000  1.118578157606E-018  0.000000000000E+000  7.354667753593E-014  0.000000000000E+000
   1.590000000000E+002  1.109896642033E-018  0.000000000000E+000  0.000000000000E+000  3.614448598853E-015  0.000000000000E+000  8.006172725948E-014  0.000000000000E+000  1.229878974021E-014  0.000000000000E+000  1.109896642033E-018  0.000000000000E+000  7.306790578060E-014  0.000000000000E+000
   1.592500000000E+002  1.101043462350E-018  0.000000000000E+000  0.000000000000E+000  3.590983287284E-015  0.000000000000E+000  7.954219196633E-014  0.000000000000E+000  1.221897629916E-014  0.000000000000E+000  1.101043462350E-018  0.000000000000E+000  7.259305800262E-014  0.000000000000E+000
   1.595000000000E+002  1.092430392810E-018  0.000000000000E+000  0.000000000000E+000  3.567704614918E-015  0.000000000000E+000  7.902691313284E-014  0.000000000000E+000  1.213978779415E-014  0.000000000000E+000  1.092430392810E-018  0.000000000000E+000  7.212210587846E-014  0.000000000000E+000
   1.597500000000E+002  1.083851144807E-018  0.000000000000E+000  0.000000000000E+000  3.544616596411E-015  0.000000000000E+000  7.851576096705E-014  0.000000000000E+000  1.206126102654E-014  0.000000000000E+000  1.083851144807E-018  0.000000000000E+000  7.165490502988E-014  0.000000000000E+000
   1.600000000000E+002  1.075508787445E-018  0.000000000000E+000  0.000000000000E+000  3.521715069672E-015  0.000000000000E+000  7.800871856098E-014  0.000000000000E+000  1.198335521386E-014  0.000000000000E+000  1.075508787445E-018  0.000000000000E+000  7.119146032457E-014  0.000000000000E+000
   1.602500000000E+002  1.066996375731E-018  0.000000000000E+000  0.000000000000E+000  3.498993799388E-015  0.000000000000E+000  7.750575507590E-014  0.000000000000E+000  1.190607005345E-014  0.000000000000E+000  1.066996375731E-018  0.000000000000E+000  7.073174480726E-014  0.000000000000E+000
   1.605000000000E+002  1.058719262578E-018  0.000000000000E+000  0.000000000000E+000  3.476459937749E-015  0.000000000000E+000  7.700684461870E-014  0.000000000000E+000  1.182942867850E-014  0.000000000000E+000  1.058719262578E-018  0.000000000000E+000  7.027584095445E-014  0.000000000000E+000
   1.607500000000E+002  1.050474378867E-018  0.000000000000E+000  0.000000000000E+000  3.454102061776E-015  0.000000000000E+000  7.651193243792E-014  0.000000000000E+000  1.175337662315E-014  0.000000000000E+000  1.050474378867E-018  0.000000000000E+000  6.982352372241E-014  0.000000000000E+000
   1.610000000000E+002  1.042261724601E-018  0.000000000000E+000  0.000000000000E+000  3.431928607433E-015  0.000000000000E+000  7.602098417190E-014  0.000000000000E+000  1.167793290601E-014  0.000000000000E+000  1.042261724601E-018  0.000000000000E+000  6.937482871943E-014  0.000000000000E+000
   1.612500000000E+002  1.034280439931E-018  0.000000000000E+000  0.000000000000E+000  3.409929111343E-015  0.000000000000E+000  7.553396775530E-014  0.000000000000E+000  1.160310971056E-014  0.000000000000E+000  1.034280439931E-018  0.000000000000E+000  6.892967907028E-014  0.000000000000E+000
   1.615000000000E+002  1.026131457754E-018  0.000000000000E+000  0.000000000000E+000  3.388104354801E-015  0.000000000000E+000  7.505083854743E-014  0.000000000000E+000  1.152888440097E-014  0.000000000000E+000  1.026131457754E-018  0.000000000000E+000  6.848815729212E-014  0.000000000000E+000
   1.617500000000E+002  1.018212292883E-018  0.000000000000E+000  0.000000000000E+000  3.366456086343E-015  0.000000000000E+000  7.457155197977E-014  0.000000000000E+000  1.145523316227E-014  0.000000000000E+000  1.018212292883E-018  0.000000000000E+000  6.805011877896E-014  0.000000000000E+000
   1.620000000000E+002  1.010323803700E-018  0.000000000000E+000  0.000000000000E+000  3.344980567135E-015  0.000000000000E+000  7.409609910014E-014  0.000000000000E+000  1.138217636397E-014  0.000000000000E+000  1.010323803700E-018  0.000000000000E+000  6.761561484960E-014  0.000000000000E+000
   1.622500000000E+002  1.002662062840E-018  0.000000000000E+000  0.000000000000E+000  3.323674989802E-015  0.000000000000E+000  7.362439388465E-014  0.000000000000E+000  1.130970410219E-014  0.000000000000E+000  1.002662062840E-018  0.000000000000E+000  6.718448303402E-014  0.000000000000E+000
   1.625000000000E+002  9.948341589995E-019  0.000000000000E+000  0.000000000000E+000  3.302537245109E-015  0.000000000000E+000  7.315644616918E-014  0.000000000000E+000  1.123781619032E-014  0.000000000000E+000  9.948341589995E-019  0.000000000000E+000  6.675679578050E-014  0.000000000000E+000
   1.627500000000E+002  9.872314887460E-019  0.000000000000E+000  0.000000000000E+000  3.281567510463E-015  0.000000000000E+000  7.269220320781E-014  0.000000000000E+000  1.116647694360E-014  0.000000000000E+000  9.872314887460E-019  0.000000000000E+000  6.633258812946E-014  0.000000000000E+000
   1.630000000000E+002  9.796579809829E-019  0.000000000000E+000  0.000000000000E+000  3.260764026471E-015  0.000000000000E+000  7.223160263104E-014  0.000000000000E+000  1.109571393726E-014  0.000000000000E+000  9.796579809829E-019  0.000000000000E+000  6.591168927702E-014  0.000000000000E+000
   1.632500000000E+002  9.721136343435E-019  0.000000000000E+000  0.000000000000E+000  3.240126304678E-015  0.000000000000E+000  7.177467583200E-014  0.000000000000E+000  1.102550535491E-014  0.000000000000E+000  9.721136343435E-019  0.000000000000E+000  6.549413502243E-014  0.000000000000E+000
   1.635000000000E+002  9.645984495154E-019  0.000000000000E+000  0.000000000000E+000  3.219648875199E-015  0.000000000000E+000  7.132132853252E-014  0.000000000000E+000  1.095584965554E-014  0.000000000000E+000  9.645984495154E-019  0.000000000000E+000  6.507983141974E-014  0.000000000000E+000
   1.637500000000E+002  0.000000000000E+000  0.000000000000E+000  0.000000000000E+000  3.199335670767E-015  0.000000000000E+000  7.087155282951E-014  0.000000000000E+000  1.088674846846E-014  0.000000000000E+000  0.000000000000E+000  0.000000000000E+000  6.466878051385E-014  0.000000000000E+000
   1.640000000000E+002  0.000000000000E+000  0.000000000000E+000  0.000000000000E+000  3.179178795326E-015  0.000000000000E+000  7.042530732554E-014  0.000000000000E+000  1.081818750517E-014  0.000000000000E+000  0.000000000000E+000  0.000000000000E+000  6.426101786266E-014  0.000000000000E+000
   1.642500000000E+002  0.000000000000E+000  0.000000000000E+000  0.000000000000E+000  3.159184331563E-015  0.000000000000E+000  6.998260172755E-014  0.000000000000E+000  1.075015968533E-014  0.000000000000E+000  0.000000000000E+000  0.000000000000E+000  6.385642533461E-014  0.000000000000E+000
   1.645000000000E+002  0.000000000000E+000  0.000000000000E+000  0.000000000000E+000  3.139343273180E-015  0.000000000000E+000  6.954333477359E-014  0.000000000000E+000  1.068266447335E-014  0.000000000000E+000  0.000000000000E+000  0.000000000000E+000  6.345503522962E-014  0.000000000000E+000
   1.647500000000E+002  7.775910024989E-041  0.000000000000E+000  0.000000000000E+000  3.119658761000E-015  0.000000000000E+000  6.910748713914E-014  0.000000000000E+000  1.061571297201E-014  0.000000000000E+000  7.775910024989E-041  0.000000000000E+000  6.305677932729E-014  0.000000000000E+000
   1.650000000000E+002  0.000000000000E+000  0.000000000000E+000  0.000000000000E+000  3.100125976837E-015  0.000000000000E+000  6.867507990944E-014  0.000000000000E+000  1.054927300865E-014  0.000000000000E+000  0.000000000000E+000  0.000000000000E+000  6.266166485595E-014  0.000000000000E+000
   1.652500000000E+002  0.000000000000E+000  0.000000000000E+000  0.000000000000E+000  3.080811183386E-015  0.000000000000E+000  6.824640532991E-014  0.000000000000E+000  1.048349287530E-014  0.000000000000E+000  0.000000000000E+000  0.000000000000E+000  6.226184251341E-014  0.000000000000E+000
   1.655000000000E+002  0.000000000000E+000  0.000000000000E+000  0.000000000000E+000  3.061519394094E-015  0.000000000000E+000  6.782028285047E-014  0.000000000000E+000  1.041793826486E-014  0.000000000000E+000  0.000000000000E+000  0.000000000000E+000  6.188023511015E-014  0.000000000000E+000
   1.657500000000E+002  3.903760899866E-043  0.000000000000E+000  0.000000000000E+000  3.042504083333E-015  0.000000000000E+000  6.739826205365E-014  0.000000000000E+000  1.035317692280E-014  0.000000000000E+000  3.903760899866E-043  0.000000000000E+000  6.148695998675E-014  0.000000000000E+000
   1.660000000000E+002  1.197000409186E-045  0.000000000000E+000  0.000000000000E+000  3.023512297066E-015  0.000000000000E+000  6.697875887279E-014  0.000000000000E+000  1.028863251039E-014  0.000000000000E+000  1.197000409186E-045  0.000000000000E+000  6.111132522488E-014  0.000000000000E+000
   1.662500000000E+002  0.000000000000E+000  0.000000000000E+000  0.000000000000E+000  3.004790968020E-015  0.000000000000E+000  6.656327780343E-014  0.000000000000E+000  1.022487860611E-014  0.000000000000E+000  0.000000000000E+000  0.000000000000E+000  6.072412963234E-014  0.000000000000E+000
   1.665000000000E+002  0.000000000000E+000  0.000000000000E+000  0.000000000000E+000  2.986088059707E-015  0.000000000000E+000  6.615023223511E-014  0.000000000000E+000  1.016133775352E-014  0.000000000000E+000  0.000000000000E+000  0.000000000000E+000  6.035422173648E-014  0.000000000000E+000
   1.667500000000E+002  0.000000000000E+000  0.000000000000E+000  0.000000000000E+000  2.967656782384E-015  0.000000000000E+000  6.574111995637E-014  0.000000000000E+000  1.009856071685E-014  0.000000000000E+000  0.000000000000E+000  0.000000000000E+000  5.997299398664E-014  0.000000000000E+000
   1.670000000000E+002  0.000000000000E+000  0.000000000000E+000  0.000000000000E+000  2.949243380601E-015  0.000000000000E+000  6.533441247165E-014  0.000000000000E+000  1.003599612863E-014  0.000000000000E+000  0.000000000000E+000  0.000000000000E+000  5.960886017976E-014  0.000000000000E+000
   1.672500000000E+002  0.000000000000E+000  0.000000000000E+000  0.000000000000E+000  2.931095018369E-015  0.000000000000E+000  6.493160676796E-014  0.000000000000E+000  9.974182126146E-015  0.000000000000E+000  0.000000000000E+000  0.000000000000E+000  5.923344270067E-014  0.000000000000E+000
   1.675000000000E+002  0.000000000000E+000  0.000000000000E+000  0.000000000000E+000  2.912965132642E-015  0.000000000000E+000  6.453112783908E-014  0.000000000000E+000  9.912579880555E-015  0.000000000000E+000  0.000000000000E+000  0.000000000000E+000  5.887488909171E-014  0.000000000000E+000
   1.677500000000E+002  0.000000000000E+000  0.000000000000E+000  0.000000000000E+000  2.895095189074E-015  0.000000000000E+000  6.413450106187E-014  0.000000000000E+000  9.851724288998E-015  0.000000000000E+000  0.000000000000E+000  0.000000000000E+000  5.850523705862E-014  0.000000000000E+000
   1.680000000000E+002  0.000000000000E+000  0.000000000000E+000  0.000000000000E+000  2.877241523455E-015  0.000000000000E+000  6.374014101474E-014  0.000000000000E+000  9.791040402576E-015  0.000000000000E+000  0.000000000000E+000  0.000000000000E+000  5.815222114745E-014  0.000000000000E+000
   1.682500000000E+002  0.000000000000E+000  0.000000000000E+000  0.000000000000E+000  2.859642014187E-015  0.000000000000E+000  6.334955758323E-014  0.000000000000E+000  9.731112253985E-015  0.000000000000E+000  0.000000000000E+000  0.000000000000E+000  5.778816148302E-014  0.000000000000E+000
   1.685000000000E+002  0.000000000000E+000  0.000000000000E+000  0.000000000000E+000  2.842061842778E-015  0.000000000000E+000  6.296123242307E-014  0.000000000000E+000  9.671372844151E-015  0.000000000000E+000  0.000000000000E+000  0.000000000000E+000  5.744052791365E-014  0.000000000000E+000
   1.687500000000E+002  0.000000000000E+000  0.000000000000E+000  0.000000000000E+000  2.824730533427E-015  0.000000000000E+000  6.257657703485E-014  0.000000000000E+000  9.612361865101E-015  0.000000000000E+000  0.000000000000E+000  0.000000000000E+000  5.708206924778E-014  0.000000000000E+000
   1.690000000000E+002  0.000000000000E+000  0.000000000000E+000  0.000000000000E+000  2.807479783985E-015  0.000000000000E+000  6.219453614187E-014  0.000000000000E+000  9.553654300619E-015  0.000000000000E+000  0.000000000000E+000  0.000000000000E+000  5.673279882908E-014  0.000000000000E+000
   1.692500000000E+002  0.000000000000E+000  0.000000000000E+000  0.000000000000E+000  2.790354771554E-015  0.000000000000E+000  6.181537931698E-014  0.000000000000E+000  9.495396534559E-015  0.000000000000E+000  0.000000000000E+000  0.000000000000E+000  5.638648423303E-014  0.000000000000E+000
   1.695000000000E+002  0.000000000000E+000  0.000000000000E+000  0.000000000000E+000  2.773357883473E-015  0.000000000000E+000  6.143909476871E-014  0.000000000000E+000  9.437592033361E-015  0.000000000000E+000  0.000000000000E+000  0.000000000000E+000  5.604270277380E-014  0.000000000000E+000
   1.697500000000E+002  0.000000000000E+000  0.000000000000E+000  0.000000000000E+000  2.756493169747E-015  0.000000000000E+000  6.106564644547E-014  0.000000000000E+000  9.380205662512E-015  0.000000000000E+000  0.000000000000E+000  0.000000000000E+000  5.570164523971E-014  0.000000000000E+000
   1.700000000000E+002  0.000000000000E+000  0.000000000000E+000  0.000000000000E+000  2.739757543804E-015  0.000000000000E+000  6.069504534287E-014  0.000000000000E+000  9.323272891072E-015  0.000000000000E+000  0.000000000000E+000  0.000000000000E+000  5.536311601164E-014  0.000000000000E+000
   1.702500000000E+002  1.110478050168E-040  0.000000000000E+000  0.000000000000E+000  2.723145174837E-015  0.000000000000E+000  6.032724134678E-014  0.000000000000E+000  9.266759486460E-015  0.000000000000E+000  1.110478050168E-040  0.000000000000E+000  5.502706381712E-014  0.000000000000E+000
   1.705000000000E+002  0.000000000000E+000  0.000000000000E+000  0.000000000000E+000  2.706658865730E-015  0.000000000000E+000  5.996221604449E-014  0.000000000000E+000  9.210679374040E-015  0.000000000000E+000  0.000000000000E+000  0.000000000000E+000  5.469372970655E-014  0.000000000000E+000
   1.707500000000E+002  1.363214908146E-039  0.000000000000E+000  0.000000000000E+000  2.690297182273E-015  0.000000000000E+000  5.959992990915E-014  0.000000000000E+000  9.155009649426E-015  0.000000000000E+000  1.363214908146E-039  0.000000000000E+000  5.436273442238E-014  0.000000000000E+000
   1.710000000000E+002  0.000000000000E+000  0.000000000000E+000  0.000000000000E+000  2.674060467015E-015  0.000000000000E+000  5.924041163618E-014  0.000000000000E+000  9.099772965468E-015  0.000000000000E+000  0.000000000000E+000  0.000000000000E+000  5.403440989991E-014  0.000000000000E+000
   1.712500000000E+002  1.018148804279E-041  0.000000000000E+000  0.000000000000E+000  2.657944045812E-015  0.000000000000E+000  5.888357155401E-014  0.000000000000E+000  9.044951642898E-015  0.000000000000E+000  1.018148804279E-041  0.000000000000E+000  5.370841658415E-014  0.000000000000E+000
   1.715000000000E+002  0.000000000000E+000  0.000000000000E+000  0.000000000000E+000  2.641950233633E-015  0.000000000000E+000  5.852937911755E-014  0.000000000000E+000  8.990533959456E-015  0.000000000000E+000  0.000000000000E+000  0.000000000000E+000  5.338489315194E-014  0.000000000000E+000
   1.717500000000E+002  0.000000000000E+000  0.000000000000E+000  0.000000000000E+000  2.626075385676E-015  0.000000000000E+000  5.817788292993E-014  0.000000000000E+000  8.936527189434E-015  0.000000000000E+000  0.000000000000E+000  0.000000000000E+000  5.306385225967E-014  0.000000000000E+000
   1.720000000000E+002  0.000000000000E+000  0.000000000000E+000  0.000000000000E+000  2.610319228089E-015  0.000000000000E+000  5.782900381772E-014  0.000000000000E+000  8.882930521826E-015  0.000000000000E+000  0.000000000000E+000  0.000000000000E+000  5.274520851519E-014  0.000000000000E+000
   1.722500000000E+002  0.000000000000E+000  0.000000000000E+000  0.000000000000E+000  2.594679400267E-015  0.000000000000E+000  5.748274719703E-014  0.000000000000E+000  8.829725192478E-015  0.000000000000E+000  0.000000000000E+000  0.000000000000E+000  5.242890902776E-014  0.000000000000E+000
   1.725000000000E+002  0.000000000000E+000  0.000000000000E+000  0.000000000000E+000  2.579158300974E-015  0.000000000000E+000  5.713906030387E-014  0.000000000000E+000  8.776924197935E-015  0.000000000000E+000  0.000000000000E+000  0.000000000000E+000  5.211505247747E-014  0.000000000000E+000
   1.727500000000E+002  0.000000000000E+000  0.000000000000E+000  0.000000000000E+000  2.563754618776E-015  0.000000000000E+000  5.679795015641E-014  0.000000000000E+000  8.724516015700E-015  0.000000000000E+000  0.000000000000E+000  0.000000000000E+000  5.180345099384E-014  0.000000000000E+000
   1.730000000000E+002  0.000000000000E+000  0.000000000000E+000  0.000000000000E+000  2.548463469756E-015  0.000000000000E+000  5.645933775289E-014  0.000000000000E+000  8.672488573792E-015  0.000000000000E+000  0.000000000000E+000  0.000000000000E+000  5.149424088359E-014  0.000000000000E+000
   1.732500000000E+002  0.000000000000E+000  0.000000000000E+000  0.000000000000E+000  2.533284891229E-015  0.000000000000E+000  5.612327283850E-014  0.000000000000E+000  8.620848393034E-015  0.000000000000E+000  0.000000000000E+000  0.000000000000E+000  5.118724319395E-014  0.000000000000E+000
   1.735000000000E+002  2.407405557138E-041  0.000000000000E+000  0.000000000000E+000  2.518221174762E-015  0.000000000000E+000  5.578967865465E-014  0.000000000000E+000  8.569601146942E-015  0.000000000000E+000  2.407405557138E-041  0.000000000000E+000  5.088258924994E-014  0.000000000000E+000
   1.737500000000E+002  0.000000000000E+000  0.000000000000E+000  0.000000000000E+000  2.503265279994E-015  0.000000000000E+000  5.545858806487E-014  0.000000000000E+000  8.518736976408E-015  0.000000000000E+000  0.000000000000E+000  0.000000000000E+000  5.058016424766E-014  0.000000000000E+000
   1.740000000000E+002  0.000000000000E+000  0.000000000000E+000  0.000000000000E+000  2.488424049032E-015  0.000000000000E+000  5.512992254909E-014  0.000000000000E+000  8.468234812115E-015  0.000000000000E+000  0.000000000000E+000  0.000000000000E+000  5.028004011428E-014  0.000000000000E+000
   1.742500000000E+002  0.000000000000E+000  0.000000000000E+000  0.000000000000E+000  2.473691022116E-015  0.000000000000E+000  5.480369016315E-014  0.000000000000E+000  8.418118008991E-015  0.000000000000E+000  0.000000000000E+000  0.000000000000E+000  4.998212081601E-014  0.000000000000E+000
   1.745000000000E+002  0.000000000000E+000  0.000000000000E+000  0.000000000000E+000  2.459068628883E-015  0.000000000000E+000  5.447986670395E-014  0.000000000000E+000  8.368364891244E-015  0.000000000000E+000  0.000000000000E+000  0.000000000000E+000  4.968628924026E-014  0.000000000000E+000
   1.747500000000E+002  0.000000000000E+000  0.000000000000E+000  0.000000000000E+000  2.444551966421E-015  0.000000000000E+000  5.415843917949E-014  0.000000000000E+000  8.318978414501E-015  0.000000000000E+000  0.000000000000E+000  0.000000000000E+000  4.939280575879E-014  0.000000000000E+000
   1.750000000000E+002  0.000000000000E+000  0.000000000000E+000  0.000000000000E+000  2.430140233529E-015  0.000000000000E+000  5.383936102795E-014  0.000000000000E+000  8.269950394619E-015  0.000000000000E+000  0.000000000000E+000  0.000000000000E+000  4.910132628353E-014  0.000000000000E+000
   1.752500000000E+002  0.000000000000E+000  0.000000000000E+000  0.000000000000E+000  2.415836703095E-015  0.000000000000E+000  5.352261804392E-014  0.000000000000E+000  8.221286539111E-015  0.000000000000E+000  0.000000000000E+000  0.000000000000E+000  4.881208825740E-014  0.000000000000E+000
   1.755000000000E+002  9.261156195144E-041  0.000000000000E+000  0.000000000000E+000  2.401639518234E-015  0.000000000000E+000  5.320824278452E-014  0.000000000000E+000  8.172987693945E-015  0.000000000000E+000  9.261156195144E-041  0.000000000000E+000  4.852497523792E-014  0.000000000000E+000
   1.757500000000E+002  0.000000000000E+000  0.000000000000E+000  0.000000000000E+000  2.387544037364E-015  0.000000000000E+000  5.289613475814E-014  0.000000000000E+000  8.125037435596E-015  0.000000000000E+000  0.000000000000E+000  0.000000000000E+000  4.823991582272E-014  0.000000000000E+000
   1.760000000000E+002  0.000000000000E+000  0.000000000000E+000  0.000000000000E+000  2.373553751996E-015  0.000000000000E+000  5.258628211136E-014  0.000000000000E+000  8.077433917478E-015  0.000000000000E+000  0.000000000000E+000  0.000000000000E+000  4.795698108595E-014  0.000000000000E+000
   1.762500000000E+002  0.000000000000E+000  0.000000000000E+000  0.000000000000E+000  2.359663395582E-015  0.000000000000E+000  5.227871572351E-014  0.000000000000E+000  8.030172543362E-015  0.000000000000E+000  0.000000000000E+000  0.000000000000E+000  4.767613794798E-014  0.000000000000E+000
   1.765000000000E+002  0.000000000000E+000  0.000000000000E+000  0.000000000000E+000  2.345874713636E-015  0.000000000000E+000  5.197341609282E-014  0.000000000000E+000  7.983268685436E-015  0.000000000000E+000  0.000000000000E+000  0.000000000000E+000  4.739731567399E-014  0.000000000000E+000
   1.767500000000E+002  0.000000000000E+000  0.000000000000E+000  0.000000000000E+000  2.332187392161E-015  0.000000000000E+000  5.167031043409E-014  0.000000000000E+000  7.936695867606E-015  0.000000000000E+000  0.000000000000E+000  0.000000000000E+000  4.712048211023E-014  0.000000000000E+000
   1.770000000000E+002  0.000000000000E+000  0.000000000000E+000  0.000000000000E+000  2.318598789336E-015  0.000000000000E+000  5.136941114180E-014  0.000000000000E+000  7.890468665807E-015  0.000000000000E+000  0.000000000000E+000  0.000000000000E+000  4.684571196084E-014  0.000000000000E+000
   1.772500000000E+002  0.000000000000E+000  0.000000000000E+000  0.000000000000E+000  2.305109562486E-015  0.000000000000E+000  5.107071019141E-014  0.000000000000E+000  7.844583246847E-015  0.000000000000E+000  0.000000000000E+000  0.000000000000E+000  4.657290945254E-014  0.000000000000E+000
   1.775000000000E+002  0.000000000000E+000  0.000000000000E+000  0.000000000000E+000  2.291718339364E-015  0.000000000000E+000  5.077415791037E-014  0.000000000000E+000  7.799016807565E-015  0.000000000000E+000  0.000000000000E+000  0.000000000000E+000  4.630218342142E-014  0.000000000000E+000
   1.777500000000E+002  0.000000000000E+000  0.000000000000E+000  0.000000000000E+000  2.278422702771E-015  0.000000000000E+000  5.047975218532E-014  0.000000000000E+000  7.753784604682E-015  0.000000000000E+000  0.000000000000E+000  0.000000000000E+000  4.603332798629E-014  0.000000000000E+000
   1.780000000000E+002  0.000000000000E+000  0.000000000000E+000  0.000000000000E+000  2.265224315404E-015  0.000000000000E+000  5.018746710367E-014  0.000000000000E+000  7.708880843094E-015  0.000000000000E+000  0.000000000000E+000  0.000000000000E+000  4.576639227485E-014  0.000000000000E+000
   1.782500000000E+002  0.000000000000E+000  0.000000000000E+000  0.000000000000E+000  2.252120237282E-015  0.000000000000E+000  4.989729891435E-014  0.000000000000E+000  7.664293750183E-015  0.000000000000E+000  0.000000000000E+000  0.000000000000E+000  4.550148024915E-014  0.000000000000E+000
   1.785000000000E+002  0.000000000000E+000  0.000000000000E+000  0.000000000000E+000  2.239111449344E-015  0.000000000000E+000  4.960922753291E-014  0.000000000000E+000  7.620051085691E-015  0.000000000000E+000  0.000000000000E+000  0.000000000000E+000  4.523840920099E-014  0.000000000000E+000
   1.787500000000E+002  0.000000000000E+000  0.000000000000E+000  0.000000000000E+000  2.226196284278E-015  0.000000000000E+000  4.932322426954E-014  0.000000000000E+000  7.576102386737E-015  0.000000000000E+000  0.000000000000E+000  0.000000000000E+000  4.497724490029E-014  0.000000000000E+000
   1.790000000000E+002  0.000000000000E+000  0.000000000000E+000  0.000000000000E+000  2.213373638665E-015  0.000000000000E+000  4.903929779156E-014  0.000000000000E+000  7.532480700792E-015  0.000000000000E+000  0.000000000000E+000  0.000000000000E+000  4.471799845304E-014  0.000000000000E+000
   1.792500000000E+002  0.000000000000E+000  0.000000000000E+000  0.000000000000E+000  2.200643923960E-015  0.000000000000E+000  4.875736764851E-014  0.000000000000E+000  7.489165117808E-015  0.000000000000E+000  0.000000000000E+000  0.000000000000E+000  4.446056003299E-014  0.000000000000E+000
   1.795000000000E+002  0.000000000000E+000  0.000000000000E+000  0.000000000000E+000  2.188004590180E-015  0.000000000000E+000  4.847750038357E-014  0.000000000000E+000  7.446171910579E-015  0.000000000000E+000  0.000000000000E+000  0.000000000000E+000  4.420496524404E-014  0.000000000000E+000
   1.797500000000E+002  0.000000000000E+000  0.000000000000E+000  0.000000000000E+000  2.175457213862E-015  0.000000000000E+000  4.819960862235E-014  0.000000000000E+000  7.403471720925E-015  0.000000000000E+000  0.000000000000E+000  0.000000000000E+000  4.395129269489E-014  0.000000000000E+000
   1.800000000000E+002  0.000000000000E+000  0.000000000000E+000  0.000000000000E+000  2.162996853491E-015  0.000000000000E+000  4.792371764181E-014  0.000000000000E+000  7.361082744879E-015  0.000000000000E+000  0.000000000000E+000  0.000000000000E+000  4.369936617059E-014  0.000000000000E+000
   1.802500000000E+002  0.000000000000E+000  0.000000000000E+000  0.000000000000E+000  2.150627536965E-015  0.000000000000E+000  4.764978189414E-014  0.000000000000E+000  7.319001449752E-015  0.000000000000E+000  0.000000000000E+000  0.000000000000E+000  4.344921035918E-014  0.000000000000E+000
   1.805000000000E+002  0.000000000000E+000  0.000000000000E+000  0.000000000000E+000  2.138347016966E-015  0.000000000000E+000  4.737779121723E-014  0.000000000000E+000  7.277215719012E-015  0.000000000000E+000  0.000000000000E+000  0.000000000000E+000  4.320091454187E-014  0.000000000000E+000
   1.807500000000E+002  0.000000000000E+000  0.000000000000E+000  0.000000000000E+000  2.126151519644E-015  0.000000000000E+000  4.710777803067E-014  0.000000000000E+000  7.235730603401E-015  0.000000000000E+000  0.000000000000E+000  0.000000000000E+000  4.295429343515E-014  0.000000000000E+000
   1.810000000000E+002  0.000000000000E+000  0.000000000000E+000  0.000000000000E+000  2.114043015401E-015  0.000000000000E+000  4.683964927026E-014  0.000000000000E+000  7.194529637312E-015  0.000000000000E+000  0.000000000000E+000  0.000000000000E+000  4.270955373572E-014  0.000000000000E+000
   1.812500000000E+002  0.000000000000E+000  0.000000000000E+000  0.000000000000E+000  2.102021997511E-015  0.000000000000E+000  4.657340276147E-014  0.000000000000E+000  7.153637251617E-015  0.000000000000E+000  0.000000000000E+000  0.000000000000E+000  4.246645447847E-014  0.000000000000E+000
   1.815000000000E+002  2.547268678227E-042  0.000000000000E+000  0.000000000000E+000  2.090084421994E-015  0.000000000000E+000  4.630909492360E-014  0.000000000000E+000  7.113023416568E-015  0.000000000000E+000  2.547268678227E-042  0.000000000000E+000  4.222511774129E-014  0.000000000000E+000
   1.817500000000E+002  0.000000000000E+000  0.000000000000E+000  0.000000000000E+000  2.078233929062E-015  0.000000000000E+000  4.604660253557E-014  0.000000000000E+000  7.072704140822E-015  0.000000000000E+000  0.000000000000E+000  0.000000000000E+000  4.198548110809E-014  0.000000000000E+000
   1.820000000000E+002  5.825857971590E-042  0.000000000000E+000  0.000000000000E+000  2.066465137480E-015  0.000000000000E+000  4.578600362049E-014  0.000000000000E+000  7.032660558198E-015  0.000000000000E+000  5.825857971590E-042  0.000000000000E+000  4.174753592361E-014  0.000000000000E+000
   1.822500000000E+002  2.917472795524E-042  0.000000000000E+000  0.000000000000E+000  2.054779708823E-015  0.000000000000E+000  4.552721734447E-014  0.000000000000E+000  6.992904734487E-015  0.000000000000E+000  2.917472795524E-042  0.000000000000E+000  4.151128991194E-014  0.000000000000E+000
   1.825000000000E+002  0.000000000000E+000  0.000000000000E+000  0.000000000000E+000  2.043176308498E-015  0.000000000000E+000  4.527028253842E-014  0.000000000000E+000  6.953421792085E-015  0.000000000000E+000  0.000000000000E+000  0.000000000000E+000  4.127665848181E-014  0.000000000000E+000
   1.827500000000E+002  0.000000000000E+000  0.000000000000E+000  0.000000000000E+000  2.031655948062E-015  0.000000000000E+000  4.501513320594E-014  0.000000000000E+000  6.914228800745E-015  0.000000000000E+000  0.000000000000E+000  0.000000000000E+000  4.104367674887E-014  0.000000000000E+000
   1.830000000000E+002  0.000000000000E+000  0.000000000000E+000  0.000000000000E+000  2.020215354406E-015  0.000000000000E+000  4.476176730683E-014  0.000000000000E+000  6.875304617000E-015  0.000000000000E+000  0.000000000000E+000  0.000000000000E+000  4.081240506954E-014  0.000000000000E+000
   1.832500000000E+002  0.000000000000E+000  0.000000000000E+000  0.000000000000E+000  2.008855529281E-015  0.000000000000E+000  4.451020132193E-014  0.000000000000E+000  6.836650374677E-015  0.000000000000E+000  0.000000000000E+000  0.000000000000E+000  4.058276208290E-014  0.000000000000E+000
   1.835000000000E+002  0.000000000000E+000  0.000000000000E+000  0.000000000000E+000  1.997573782531E-015  0.000000000000E+000  4.426039201888E-014  0.000000000000E+000  6.798279310766E-015  0.000000000000E+000  0.000000000000E+000  0.000000000000E+000  4.035472062955E-014  0.000000000000E+000
   1.837500000000E+002  0.000000000000E+000  0.000000000000E+000  0.000000000000E+000  1.986374322550E-015  0.000000000000E+000  4.401232528135E-014  0.000000000000E+000  6.760170382663E-015  0.000000000000E+000  0.000000000000E+000  0.000000000000E+000  4.012820060844E-014  0.000000000000E+000
   1.840000000000E+002  0.000000000000E+000  0.000000000000E+000  0.000000000000E+000  1.975250983703E-015  0.000000000000E+000  4.376600615894E-014  0.000000000000E+000  6.722317902388E-015  0.000000000000E+000  0.000000000000E+000  0.000000000000E+000  3.990335702848E-014  0.000000000000E+000
   1.842500000000E+002  0.000000000000E+000  0.000000000000E+000  0.000000000000E+000  1.964205639620E-015  0.000000000000E+000  4.352138684831E-014  0.000000000000E+000  6.684741888288E-015  0.000000000000E+000  0.000000000000E+000  0.000000000000E+000  3.968001913537E-014  0.000000000000E+000
   1.845000000000E+002  0.000000000000E+000  0.000000000000E+000  0.000000000000E+000  1.953235928493E-015  0.000000000000E+000  4.327848224281E-014  0.000000000000E+000  6.647426593413E-015  0.000000000000E+000  0.000000000000E+000  0.000000000000E+000  3.945826690533E-014  0.000000000000E+000
   1.847500000000E+002  0.000000000000E+000  0.000000000000E+000  0.000000000000E+000  1.942344333383E-015  0.000000000000E+000  4.303726718201E-014  0.000000000000E+000  6.610360070589E-015  0.000000000000E+000  0.000000000000E+000  0.000000000000E+000  3.923802488922E-014  0.000000000000E+000
   1.850000000000E+002  0.000000000000E+000  0.000000000000E+000  0.000000000000E+000  1.931528471565E-015  0.000000000000E+000  4.279774290072E-014  0.000000000000E+000  6.573568480983E-015  0.000000000000E+000  0.000000000000E+000  0.000000000000E+000  3.901937140102E-014  0.000000000000E+000
   1.852500000000E+002  2.439472307166E-042  0.000000000000E+000  0.000000000000E+000  1.920787339715E-015  0.000000000000E+000  4.255985263191E-014  0.000000000000E+000  6.537019375616E-015  0.000000000000E+000  2.439472307166E-042  0.000000000000E+000  3.880217457202E-014  0.000000000000E+000
   1.855000000000E+002  0.000000000000E+000  0.000000000000E+000  0.000000000000E+000  1.910118634334E-015  0.000000000000E+000  4.232361146038E-014  0.000000000000E+000  6.500730755137E-015  0.000000000000E+000  0.000000000000E+000  0.000000000000E+000  3.858655067523E-014  0.000000000000E+000
   1.857500000000E+002  0.000000000000E+000  0.000000000000E+000  0.000000000000E+000  1.899526801675E-015  0.000000000000E+000  4.208901800593E-014  0.000000000000E+000  6.464679769087E-015  0.000000000000E+000  0.000000000000E+000  0.000000000000E+000  3.837236860359E-014  0.000000000000E+000
   1.860000000000E+002  0.000000000000E+000  0.000000000000E+000  0.000000000000E+000  1.889005802884E-015  0.000000000000E+000  4.185605878860E-014  0.000000000000E+000  6.428900817631E-015  0.000000000000E+000  0.000000000000E+000  0.000000000000E+000  3.815972831656E-014  0.000000000000E+000
   1.862500000000E+002  0.000000000000E+000  0.000000000000E+000  0.000000000000E+000  1.878558931854E-015  0.000000000000E+000  4.162469268484E-014  0.000000000000E+000  6.393344180767E-015  0.000000000000E+000  0.000000000000E+000  0.000000000000E+000  3.794851146043E-014  0.000000000000E+000
   1.865000000000E+002  0.000000000000E+000  0.000000000000E+000  0.000000000000E+000  1.868184676983E-015  0.000000000000E+000  4.139492007640E-014  0.000000000000E+000  6.358044178678E-015  0.000000000000E+000  0.000000000000E+000  0.000000000000E+000  3.773876804451E-014  0.000000000000E+000
   1.867500000000E+002  0.000000000000E+000  0.000000000000E+000  0.000000000000E+000  1.857881087937E-015  0.000000000000E+000  4.116671814147E-014  0.000000000000E+000  6.322989808976E-015  0.000000000000E+000  0.000000000000E+000  0.000000000000E+000  3.753049070150E-014  0.000000000000E+000
   1.870000000000E+002  0.000000000000E+000  0.000000000000E+000  0.000000000000E+000  1.847647157585E-015  0.000000000000E+000  4.094011515489E-014  0.000000000000E+000  6.288176754171E-015  0.000000000000E+000  0.000000000000E+000  0.000000000000E+000  3.732361539379E-014  0.000000000000E+000
   1.872500000000E+002  0.000000000000E+000  0.000000000000E+000  0.000000000000E+000  1.837485640447E-015  0.000000000000E+000  4.071504434353E-014  0.000000000000E+000  6.253594181834E-015  0.000000000000E+000  0.000000000000E+000  0.000000000000E+000  3.711817260156E-014  0.000000000000E+000
   1.875000000000E+002  0.000000000000E+000  0.000000000000E+000  0.000000000000E+000  1.827392879915E-015  0.000000000000E+000  4.049150484792E-014  0.000000000000E+000  6.219263273510E-015  0.000000000000E+000  0.000000000000E+000  0.000000000000E+000  3.691410256318E-014  0.000000000000E+000
   1.877500000000E+002  0.000000000000E+000  0.000000000000E+000  0.000000000000E+000  1.817366815959E-015  0.000000000000E+000  4.026953433739E-014  0.000000000000E+000  6.185160497270E-015  0.000000000000E+000  0.000000000000E+000  0.000000000000E+000  3.671148923029E-014  0.000000000000E+000
   1.880000000000E+002  0.000000000000E+000  0.000000000000E+000  0.000000000000E+000  1.807411853121E-015  0.000000000000E+000  4.004903416444E-014  0.000000000000E+000  6.151276930970E-015  0.000000000000E+000  0.000000000000E+000  0.000000000000E+000  3.651021210334E-014  0.000000000000E+000
   1.882500000000E+002  0.000000000000E+000  0.000000000000E+000  0.000000000000E+000  1.797524046139E-015  0.000000000000E+000  3.983006536210E-014  0.000000000000E+000  6.117637859564E-015  0.000000000000E+000  0.000000000000E+000  0.000000000000E+000  3.631037756184E-014  0.000000000000E+000
   1.885000000000E+002  2.522157721763E-040  0.000000000000E+000  0.000000000000E+000  1.787704717429E-015  0.000000000000E+000  3.961258302482E-014  0.000000000000E+000  6.084227147994E-015  0.000000000000E+000  2.522157721763E-040  0.000000000000E+000  3.611179848079E-014  0.000000000000E+000
   1.887500000000E+002  0.000000000000E+000  0.000000000000E+000  0.000000000000E+000  1.777952433324E-015  0.000000000000E+000  3.939659294256E-014  0.000000000000E+000  6.051044854797E-015  0.000000000000E+000  0.000000000000E+000  0.000000000000E+000  3.591464832520E-014  0.000000000000E+000
   1.890000000000E+002  0.000000000000E+000  0.000000000000E+000  0.000000000000E+000  1.768265792022E-015  0.000000000000E+000  3.918203771092E-014  0.000000000000E+000  6.018089849395E-015  0.000000000000E+000  0.000000000000E+000  0.000000000000E+000  3.571887853875E-014  0.000000000000E+000
   1.892500000000E+002  0.000000000000E+000  0.000000000000E+000  0.000000000000E+000  1.758644962767E-015  0.000000000000E+000  3.896898419492E-014  0.000000000000E+000  5.985361005983E-015  0.000000000000E+000  0.000000000000E+000  0.000000000000E+000  3.552436748739E-014  0.000000000000E+000
   1.895000000000E+002  0.000000000000E+000  0.000000000000E+000  0.000000000000E+000  1.749089135235E-015  0.000000000000E+000  3.875733406357E-014  0.000000000000E+000  5.952841268782E-015  0.000000000000E+000  0.000000000000E+000  0.000000000000E+000  3.533117217598E-014  0.000000000000E+000
   1.897500000000E+002  0.000000000000E+000  0.000000000000E+000  0.000000000000E+000  1.739598234148E-015  0.000000000000E+000  3.854715662842E-014  0.000000000000E+000  5.920557925968E-015  0.000000000000E+000  0.000000000000E+000  0.000000000000E+000  3.513935979783E-014  0.000000000000E+000
   1.900000000000E+002  4.354743788007E-042  0.000000000000E+000  0.000000000000E+000  1.730171700218E-015  0.000000000000E+000  3.833836865632E-014  0.000000000000E+000  5.888471620495E-015  0.000000000000E+000  4.354743788007E-042  0.000000000000E+000  3.494878371888E-014  0.000000000000E+000
   1.902500000000E+002  3.387720941365E-040  0.000000000000E+000  0.000000000000E+000  1.720807311624E-015  0.000000000000E+000  3.813101714783E-014  0.000000000000E+000  5.856620649157E-015  0.000000000000E+000  3.387720941365E-040  0.000000000000E+000  3.475955880162E-014  0.000000000000E+000
   1.905000000000E+002  3.330723675540E-042  0.000000000000E+000  0.000000000000E+000  1.711506915225E-015  0.000000000000E+000  3.792503517129E-014  0.000000000000E+000  5.824973486387E-015  0.000000000000E+000  3.330723675540E-042  0.000000000000E+000  3.457155788956E-014  0.000000000000E+000
   1.907500000000E+002  0.000000000000E+000  0.000000000000E+000  0.000000000000E+000  1.702270194695E-015  0.000000000000E+000  3.772044433758E-014  0.000000000000E+000  5.793547180039E-015  0.000000000000E+000  0.000000000000E+000  0.000000000000E+000  3.438484084838E-014  0.000000000000E+000
   1.910000000000E+002  0.000000000000E+000  0.000000000000E+000  0.000000000000E+000  1.693095546105E-015  0.000000000000E+000  3.751725499034E-014  0.000000000000E+000  5.762326165832E-015  0.000000000000E+000  0.000000000000E+000  0.000000000000E+000  3.419932107283E-014  0.000000000000E+000
   1.912500000000E+002  0.000000000000E+000  0.000000000000E+000  0.000000000000E+000  1.683981804170E-015  0.000000000000E+000  3.731540604860E-014  0.000000000000E+000  5.731322759319E-015  0.000000000000E+000  0.000000000000E+000  0.000000000000E+000  3.401516028497E-014  0.000000000000E+000
   1.915000000000E+002  0.000000000000E+000  0.000000000000E+000  0.000000000000E+000  1.674928731997E-015  0.000000000000E+000  3.711490756898E-014  0.000000000000E+000  5.700520287000E-015  0.000000000000E+000  0.000000000000E+000  0.000000000000E+000  3.383216632003E-014  0.000000000000E+000
   1.917500000000E+002  0.000000000000E+000  0.000000000000E+000  0.000000000000E+000  1.665938122455E-015  0.000000000000E+000  3.691578937531E-014  0.000000000000E+000  5.669933345776E-015  0.000000000000E+000  0.000000000000E+000  0.000000000000E+000  3.365036318058E-014  0.000000000000E+000
   1.920000000000E+002  0.000000000000E+000  0.000000000000E+000  0.000000000000E+000  1.657005214495E-015  0.000000000000E+000  3.671795583518E-014  0.000000000000E+000  5.639548811313E-015  0.000000000000E+000  0.000000000000E+000  0.000000000000E+000  3.346983531379E-014  0.000000000000E+000
   1.922500000000E+002  0.000000000000E+000  0.000000000000E+000  0.000000000000E+000  1.648134431512E-015  0.000000000000E+000  3.652148315607E-014  0.000000000000E+000  5.609362261208E-015  0.000000000000E+000  0.000000000000E+000  0.000000000000E+000  3.329052185902E-014  0.000000000000E+000
   1.925000000000E+002  0.000000000000E+000  0.000000000000E+000  0.000000000000E+000  1.639321818209E-015  0.000000000000E+000  3.632628258434E-014  0.000000000000E+000  5.579375075413E-015  0.000000000000E+000  0.000000000000E+000  0.000000000000E+000  3.311238874110E-014  0.000000000000E+000
   1.927500000000E+002  0.000000000000E+000  0.000000000000E+000  0.000000000000E+000  1.630567363039E-015  0.000000000000E+000  3.613242221183E-014  0.000000000000E+000  5.549583989285E-015  0.000000000000E+000  0.000000000000E+000  0.000000000000E+000  3.293549108685E-014  0.000000000000E+000
   1.930000000000E+002  0.000000000000E+000  0.000000000000E+000  0.000000000000E+000  1.621872052967E-015  0.000000000000E+000  3.593983562191E-014  0.000000000000E+000  5.520007967258E-015  0.000000000000E+000  0.000000000000E+000  0.000000000000E+000  3.275967307603E-014  0.000000000000E+000
   1.932500000000E+002  0.000000000000E+000  0.000000000000E+000  0.000000000000E+000  1.613234090087E-015  0.000000000000E+000  3.574850425719E-014  0.000000000000E+000  5.490609649908E-015  0.000000000000E+000  0.000000000000E+000  0.000000000000E+000  3.258508265175E-014  0.000000000000E+000
   1.935000000000E+002  0.000000000000E+000  0.000000000000E+000  0.000000000000E+000  1.604652661295E-015  0.000000000000E+000  3.555846519616E-014  0.000000000000E+000  5.461422210631E-015  0.000000000000E+000  0.000000000000E+000  0.000000000000E+000  3.241168137632E-014  0.000000000000E+000
   1.937500000000E+002  0.000000000000E+000  0.000000000000E+000  0.000000000000E+000  1.596130091722E-015  0.000000000000E+000  3.536971060825E-014  0.000000000000E+000  5.432416313487E-015  0.000000000000E+000  0.000000000000E+000  0.000000000000E+000  3.223937601823E-014  0.000000000000E+000
   1.940000000000E+002  0.000000000000E+000  0.000000000000E+000  0.000000000000E+000  1.587661443723E-015  0.000000000000E+000  3.518216423075E-014  0.000000000000E+000  5.403613664706E-015  0.000000000000E+000  0.000000000000E+000  0.000000000000E+000  3.206826307291E-014  0.000000000000E+000
   1.942500000000E+002  0.000000000000E+000  0.000000000000E+000  0.000000000000E+000  1.579251105353E-015  0.000000000000E+000  3.499589028429E-014  0.000000000000E+000  5.374991957080E-015  0.000000000000E+000  0.000000000000E+000  0.000000000000E+000  3.189826997684E-014  0.000000000000E+000
   1.945000000000E+002  0.000000000000E+000  0.000000000000E+000  0.000000000000E+000  1.570896998412E-015  0.000000000000E+000  3.481082054495E-014  0.000000000000E+000  5.346559850782E-015  0.000000000000E+000  0.000000000000E+000  0.000000000000E+000  3.172932834715E-014  0.000000000000E+000
   1.947500000000E+002  0.000000000000E+000  0.000000000000E+000  0.000000000000E+000  1.562596014143E-015  0.000000000000E+000  3.462696890554E-014  0.000000000000E+000  5.318319797697E-015  0.000000000000E+000  0.000000000000E+000  0.000000000000E+000  3.156159460597E-014  0.000000000000E+000
   1.950000000000E+002  8.071472948048E-042  0.000000000000E+000  0.000000000000E+000  1.554349702945E-015  0.000000000000E+000  3.444433715935E-014  0.000000000000E+000  5.290259165160E-015  0.000000000000E+000  8.071472948048E-042  0.000000000000E+000  3.139493281238E-014  0.000000000000E+000
   1.952500000000E+002  6.125846113112E-041  0.000000000000E+000  0.000000000000E+000  1.546157818479E-015  0.000000000000E+000  3.426292707754E-014  0.000000000000E+000  5.262397115209E-015  0.000000000000E+000  6.125846113112E-041  0.000000000000E+000  3.122935312064E-014  0.000000000000E+000
   1.955000000000E+002  0.000000000000E+000  0.000000000000E+000  0.000000000000E+000  1.538019086271E-015  0.000000000000E+000  3.408268924791E-014  0.000000000000E+000  5.234708319961E-015  0.000000000000E+000  0.000000000000E+000  0.000000000000E+000  3.106490117299E-014  0.000000000000E+000
   1.957500000000E+002  0.000000000000E+000  0.000000000000E+000  0.000000000000E+000  1.529935268921E-015  0.000000000000E+000  3.390363325264E-014  0.000000000000E+000  5.207196383558E-015  0.000000000000E+000  0.000000000000E+000  0.000000000000E+000  3.090148929495E-014  0.000000000000E+000
   1.960000000000E+002  0.000000000000E+000  0.000000000000E+000  0.000000000000E+000  1.521904094960E-015  0.000000000000E+000  3.372576068819E-014  0.000000000000E+000  5.179872056270E-015  0.000000000000E+000  0.000000000000E+000  0.000000000000E+000  3.073916070877E-014  0.000000000000E+000
   1.962500000000E+002  0.000000000000E+000  0.000000000000E+000  0.000000000000E+000  1.513925544731E-015  0.000000000000E+000  3.354902310137E-014  0.000000000000E+000  5.152719592328E-015  0.000000000000E+000  0.000000000000E+000  0.000000000000E+000  3.057791025376E-014  0.000000000000E+000
   1.965000000000E+002  0.000000000000E+000  0.000000000000E+000  0.000000000000E+000  1.505998124026E-015  0.000000000000E+000  3.337347144173E-014  0.000000000000E+000  5.125749699193E-015  0.000000000000E+000  0.000000000000E+000  0.000000000000E+000  3.041768501413E-014  0.000000000000E+000
   1.967500000000E+002  0.000000000000E+000  0.000000000000E+000  0.000000000000E+000  1.498123625397E-015  0.000000000000E+000  3.319903793434E-014  0.000000000000E+000  5.098960438883E-015  0.000000000000E+000  0.000000000000E+000  0.000000000000E+000  3.025859287313E-014  0.000000000000E+000
   1.970000000000E+002  0.000000000000E+000  0.000000000000E+000  0.000000000000E+000  1.490299984999E-015  0.000000000000E+000  3.302575737401E-014  0.000000000000E+000  5.072336737410E-015  0.000000000000E+000  0.000000000000E+000  0.000000000000E+000  3.010043717101E-014  0.000000000000E+000
   1.972500000000E+002  6.790168481766E-043  0.000000000000E+000  0.000000000000E+000  1.482527547630E-015  0.000000000000E+000  3.285360632205E-014  0.000000000000E+000  5.045888747271E-015  0.000000000000E+000  6.790168481766E-043  0.000000000000E+000  2.994333639408E-014  0.000000000000E+000
   1.975000000000E+002  8.714836922603E-043  0.000000000000E+000  0.000000000000E+000  1.474805516529E-015  0.000000000000E+000  3.268258997639E-014  0.000000000000E+000  5.019622153662E-015  0.000000000000E+000  8.714836922603E-043  0.000000000000E+000  2.978729217518E-014  0.000000000000E+000
   1.977500000000E+002  6.728728826924E-040  0.000000000000E+000  0.000000000000E+000  1.467132664509E-015  0.000000000000E+000  3.251264299717E-014  0.000000000000E+000  4.993512229412E-015  0.000000000000E+000  6.728728826924E-040  0.000000000000E+000  2.963224897635E-014  0.000000000000E+000
   1.980000000000E+002  0.000000000000E+000  0.000000000000E+000  0.000000000000E+000  1.459510517079E-015  0.000000000000E+000  3.234383607224E-014  0.000000000000E+000  4.967578820334E-015  0.000000000000E+000  0.000000000000E+000  0.000000000000E+000  2.947816794536E-014  0.000000000000E+000
   1.982500000000E+002  0.000000000000E+000  0.000000000000E+000  0.000000000000E+000  1.451937835503E-015  0.000000000000E+000  3.217610163497E-014  0.000000000000E+000  4.941814079924E-015  0.000000000000E+000  0.000000000000E+000  0.000000000000E+000  2.932512904335E-014  0.000000000000E+000
   1.985000000000E+002  0.000000000000E+000  0.000000000000E+000  0.000000000000E+000  1.444414400888E-015  0.000000000000E+000  3.200944758768E-014  0.000000000000E+000  4.916213986001E-015  0.000000000000E+000  0.000000000000E+000  0.000000000000E+000  2.917304316451E-014  0.000000000000E+000
   1.987500000000E+002  0.000000000000E+000  0.000000000000E+000  0.000000000000E+000  1.436938266864E-015  0.000000000000E+000  3.184389049581E-014  0.000000000000E+000  4.890779951546E-015  0.000000000000E+000  0.000000000000E+000  0.000000000000E+000  2.902203414934E-014  0.000000000000E+000
   1.990000000000E+002  0.000000000000E+000  0.000000000000E+000  0.000000000000E+000  1.429512861911E-015  0.000000000000E+000  3.167938353632E-014  0.000000000000E+000  4.865510073212E-015  0.000000000000E+000  0.000000000000E+000  0.000000000000E+000  2.887194158084E-014  0.000000000000E+000
   1.992500000000E+002  0.000000000000E+000  0.000000000000E+000  0.000000000000E+000  1.422131587375E-015  0.000000000000E+000  3.151594339047E-014  0.000000000000E+000  4.840401509160E-015  0.000000000000E+000  0.000000000000E+000  0.000000000000E+000  2.872275573544E-014  0.000000000000E+000
   1.995000000000E+002  7.754632340345E-042  0.000000000000E+000  0.000000000000E+000  1.414801352510E-015  0.000000000000E+000  3.135356360332E-014  0.000000000000E+000  4.815453505306E-015  0.000000000000E+000  7.754632340345E-042  0.000000000000E+000  2.857460212270E-014  0.000000000000E+000
   1.997500000000E+002  0.000000000000E+000  0.000000000000E+000  0.000000000000E+000  1.407517517975E-015  0.000000000000E+000  3.119221352710E-014  0.000000000000E+000  4.790670590992E-015  0.000000000000E+000  0.000000000000E+000  0.000000000000E+000  2.842744541427E-014  0.000000000000E+000
   2.000000000000E+002  0.000000000000E+000  0.000000000000E+000  0.000000000000E+000  1.400278682865E-015  0.000000000000E+000  3.103188117363E-014  0.000000000000E+000  4.766043555306E-015  0.000000000000E+000  0.000000000000E+000  0.000000000000E+000  2.828115524015E-014  0.000000000000E+000
