#                    1                    2                    3                    4                    5                    6                    7                    8                    9                   10                   11                   12                   13                   14
#               Time |      Random Number |   === cumu Prob ===>
#               [fs] |                 [] |                 [] |
   0.000000000000E+000  0.000000000000E+000  0.000000000000E+000  0.000000000000E+000  0.000000000000E+000  0.000000000000E+000  0.000000000000E+000  0.000000000000E+000  0.000000000000E+000  0.000000000000E+000  0.000000000000E+000  0.000000000000E+000  0.000000000000E+000  0.000000000000E+000
   2.500000000000E-001  6.221268111285E-001  0.000000000000E+000  0.000000000000E+000  3.329130542181E-008  3.329130542181E-008  3.331972704994E-008  3.331972704994E-008  2.455966816073E-005  2.455966816073E-005  2.455967105197E-005  2.455967105197E-005  2.487630658008E-005  2.487630658008E-005
   5.000000000000E-001  4.157143753654E-001  0.000000000000E+000  0.000000000000E+000  6.256386211640E-008  6.256386211640E-008  6.256493003766E-008  6.256493003766E-008  3.675835086435E-005  3.675835086435E-005  3.675835335141E-005  3.675835335141E-005  3.685415261248E-005  3.685415261248E-005
   7.500000000000E-001  8.138460219730E-001  0.000000000000E+000  0.000000000000E+000  0.000000000000E+000  0.000000000000E+000  0.000000000000E+000  0.000000000000E+000  0.000000000000E+000  0.000000000000E+000  0.000000000000E+000  0.000000000000E+000  0.000000000000E+000  0.000000000000E+000
   1.000000000000E+000  6.351838437797E-001  0.000000000000E+000  0.000000000000E+000  0.000000000000E+000  0.000000000000E+000  0.000000000000E+000  0.000000000000E+000  0.000000000000E+000  0.000000000000E+000  0.000000000000E+000  0.000000000000E+000  0.000000000000E+000  0.000000000000E+000
   1.250000000000E+000  9.966018873784E-001  0.000000000000E+000  0.000000000000E+000  3.709942451888E-008  3.709942451888E-008  3.714517978010E-008  3.714517978010E-008  3.617409190680E-005  3.617409190680E-005  3.617409255892E-005  3.617409255892E-005  3.677017449341E-005  3.677017449341E-005
   1.500000000000E+000  7.851319484116E-001  0.000000000000E+000  0.000000000000E+000  3.576559967354E-008  3.576559967354E-008  3.581604217388E-008  3.581604217388E-008  7.077291990503E-005  7.077291990503E-005  7.077292358354E-005  7.077292358354E-005  7.205663643446E-005  7.205663643446E-005
   1.750000000000E+000  4.697485901083E-001  0.000000000000E+000  0.000000000000E+000  2.338475830677E-008  2.338475830677E-008  2.349233646394E-008  2.349233646394E-008  7.728643241444E-005  7.728643241444E-005  7.728644475902E-005  7.728644475902E-005  7.905653994790E-005  7.905653994790E-005
   2.000000000000E+000  1.991253872056E-001  0.000000000000E+000  0.000000000000E+000  1.508398423856E-008  1.508398423856E-008  1.528934073031E-008  1.528934073031E-008  7.755035893860E-005  7.755035893860E-005  7.755038099265E-005  7.755038099265E-005  8.003444643187E-005  8.003444643187E-005
   2.250000000000E+000  6.261098376565E-001  0.000000000000E+000  0.000000000000E+000  1.169275456193E-008  1.169275456193E-008  1.195659652498E-008  1.195659652498E-008  8.640390937513E-005  8.640390937513E-005  8.640393514004E-005  8.640393514004E-005  8.994582316428E-005  8.994582316428E-005
   2.500000000000E+000  5.814374310068E-001  0.000000000000E+000  0.000000000000E+000  1.143654479351E-008  1.143654479351E-008  1.186775031046E-008  1.186775031046E-008  1.028917992994E-004  1.028917992994E-004  1.028918407262E-004  1.028918407262E-004  1.079506441494E-004  1.079506441494E-004
   2.750000000000E+000  9.381294714944E-001  0.000000000000E+000  0.000000000000E+000  1.271897491845E-008  1.271897491845E-008  1.322672365701E-008  1.322672365701E-008  1.206914998998E-004  1.206914998998E-004  1.206915465377E-004  1.206915465377E-004  1.275647265244E-004  1.275647265244E-004
   3.000000000000E+000  2.130041225373E-001  0.000000000000E+000  0.000000000000E+000  1.539643190588E-008  1.539643190588E-008  1.609510466647E-008  1.609510466647E-008  1.351018810924E-004  1.351018810924E-004  1.351019458863E-004  1.351019458863E-004  1.436936663832E-004  1.436936663832E-004
   3.250000000000E+000  3.633838593437E-001  0.000000000000E+000  0.000000000000E+000  1.872077258402E-008  1.872077258402E-008  1.962044796709E-008  1.962044796709E-008  1.438664232983E-004  1.438664232983E-004  1.438665059919E-004  1.438665059919E-004  1.536354681670E-004  1.536354681670E-004
   3.500000000000E+000  5.570494347947E-001  0.000000000000E+000  0.000000000000E+000  2.310151335727E-008  2.310151335727E-008  2.420632044486E-008  2.420632044486E-008  1.455006456194E-004  1.455006456194E-004  1.455007457344E-004  1.455007457344E-004  1.555085828880E-004  1.555085828880E-004
   3.750000000000E+000  9.994322214982E-001  0.000000000000E+000  0.000000000000E+000  2.738964119002E-008  2.738964119002E-008  2.877643397712E-008  2.877643397712E-008  1.385655063243E-004  1.385655063243E-004  1.385656293568E-004  1.385656293568E-004  1.476570871063E-004  1.476570871063E-004
   4.000000000000E+000  6.412481584149E-001  0.000000000000E+000  0.000000000000E+000  3.253396975534E-008  3.253396975534E-008  3.427927762079E-008  3.427927762079E-008  1.221646800572E-004  1.221646800572E-004  1.221648342999E-004  1.221648342999E-004  1.292874327076E-004  1.292874327076E-004
   4.250000000000E+000  2.451725987902E-001  0.000000000000E+000  0.000000000000E+000  9.999354832139E-001  9.999354832139E-001  9.999354844450E-001  9.999354844450E-001  9.999968235534E-001  9.999968235534E-001  9.999968236594E-001  9.999968236594E-001  9.999997192921E-001  9.999997192921E-001
   4.500000000000E+000  5.640623690306E-001  4.501738427605E-008  4.501738427605E-008  4.501738427605E-008  4.501738427605E-008  4.720776573265E-008  4.720776573265E-008  6.676155822853E-005  6.676155822853E-005  6.676175752960E-005  6.676175752960E-005  6.893637038166E-005  6.893637038166E-005
   4.750000000000E+000  4.458922757305E-001  4.944313291286E-008  4.944313291286E-008  4.944313291286E-008  4.944313291286E-008  4.944313291286E-008  4.944313291286E-008  3.544336648224E-005  3.544336648224E-005  3.544361283101E-005  3.544361283101E-005  3.596625153338E-005  3.596625153338E-005
   5.000000000000E+000  8.505806235128E-001  3.040515263454E-008  3.040515263454E-008  3.040515263454E-008  3.040515263454E-008  9.999953942864E-001  9.999953942864E-001  9.999999998354E-001  9.999999998354E-001  1.000000000000E+000  1.000000000000E+000  1.000000000000E+000  1.000000000000E+000
   5.250000000000E+000  6.617279445039E-001  0.000000000000E+000  0.000000000000E+000  0.000000000000E+000  0.000000000000E+000  0.000000000000E+000  0.000000000000E+000  0.000000000000E+000  0.000000000000E+000  0.000000000000E+000  0.000000000000E+000  0.000000000000E+000  0.000000000000E+000
   5.500000000000E+000  1.006392052184E-001  0.000000000000E+000  0.000000000000E+000  0.000000000000E+000  0.000000000000E+000  0.000000000000E+000  0.000000000000E+000  0.000000000000E+000  0.000000000000E+000  0.000000000000E+000  0.000000000000E+000  0.000000000000E+000  0.000000000000E+000
   5.750000000000E+000  1.743966852425E-001  5.590802747579E-009  5.590802747579E-009  6.808703894913E-009  6.808703894913E-009  6.808703894913E-009  6.808703894913E-009  7.316475383314E-006  7.316475383314E-006  7.316628675098E-006  7.316628675098E-006  7.316628675098E-006  7.316628675098E-006
   6.000000000000E+000  6.388644582142E-001  6.843138049118E-008  6.843138049118E-008  7.517460663625E-008  7.517460663625E-008  7.517460663625E-008  7.517460663625E-008  8.769730698480E-005  8.769730698480E-005  8.769730698480E-005  8.769730698480E-005  8.769730698480E-005  8.769730698480E-005
   6.250000000000E+000  3.453992420616E-001  4.380104979644E-008  4.380104979644E-008  4.654418860468E-008  4.654418860468E-008  4.654418860468E-008  4.654418860468E-008  5.150850548041E-004  5.150850548041E-004  5.150852855420E-004  5.150852855420E-004  5.150852855420E-004  5.150852855420E-004
   6.500000000000E+000  6.734795687933E-001  4.279500204798E-009  4.279500204798E-009  3.722477438363E-008  3.722477438363E-008  3.722477438363E-008  3.722477438363E-008  8.224281983478E-003  8.224281983478E-003  8.224282030233E-003  8.224282030233E-003  8.224282030233E-003  8.224282030233E-003
   6.750000000000E+000  2.083975857654E-001  2.447921825021E-009  2.447921825021E-009  2.838842551573E-008  2.838842551573E-008  2.838842551573E-008  2.838842551573E-008  9.859057473705E-001  9.859057473705E-001  9.859057473705E-001  9.859057473705E-001  9.859057473705E-001  9.859057473705E-001
   7.000000000000E+000  7.336398364787E-001  0.000000000000E+000  0.000000000000E+000  0.000000000000E+000  0.000000000000E+000  0.000000000000E+000  0.000000000000E+000  0.000000000000E+000  0.000000000000E+000  0.000000000000E+000  0.000000000000E+000  0.000000000000E+000  0.000000000000E+000
   7.250000000000E+000  9.579378661815E-001  0.000000000000E+000  0.000000000000E+000  0.000000000000E+000  0.000000000000E+000  0.000000000000E+000  0.000000000000E+000  0.000000000000E+000  0.000000000000E+000  0.000000000000E+000  0.000000000000E+000  0.000000000000E+000  0.000000000000E+000
   7.500000000000E+000  4.814875442192E-001  1.009714068059E-009  1.009714068059E-009  8.681399088787E-009  8.681399088787E-009  8.681399088787E-009  8.681399088787E-009  8.681399088787E-009  8.681399088787E-009  1.000000000000E+000  1.000000000000E+000  1.000000000000E+000  1.000000000000E+000
   7.750000000000E+000  9.624338302793E-001  0.000000000000E+000  0.000000000000E+000  0.000000000000E+000  0.000000000000E+000  0.000000000000E+000  0.000000000000E+000  0.000000000000E+000  0.000000000000E+000  0.000000000000E+000  0.000000000000E+000  0.000000000000E+000  0.000000000000E+000
   8.000000000000E+000  4.946357025970E-001  0.000000000000E+000  0.000000000000E+000  0.000000000000E+000  0.000000000000E+000  0.000000000000E+000  0.000000000000E+000  0.000000000000E+000  0.000000000000E+000  0.000000000000E+000  0.000000000000E+000  0.000000000000E+000  0.000000000000E+000
   8.250000000000E+000  7.129972812742E-001  0.000000000000E+000  0.000000000000E+000  0.000000000000E+000  0.000000000000E+000  0.000000000000E+000  0.000000000000E+000  0.000000000000E+000  0.000000000000E+000  0.000000000000E+000  0.000000000000E+000  0.000000000000E+000  0.000000000000E+000
   8.500000000000E+000  8.351161382091E-001  0.000000000000E+000  0.000000000000E+000  0.000000000000E+000  0.000000000000E+000  0.000000000000E+000  0.000000000000E+000  0.000000000000E+000  0.000000000000E+000  0.000000000000E+000  0.000000000000E+000  0.000000000000E+000  0.000000000000E+000
   8.750000000000E+000  4.350624638518E-002  0.000000000000E+000  0.000000000000E+000  0.000000000000E+000  0.000000000000E+000  0.000000000000E+000  0.000000000000E+000  0.000000000000E+000  0.000000000000E+000  0.000000000000E+000  0.000000000000E+000  0.000000000000E+000  0.000000000000E+000
   9.000000000000E+000  7.048422181567E-001  0.000000000000E+000  0.000000000000E+000  0.000000000000E+000  0.000000000000E+000  0.000000000000E+000  0.000000000000E+000  0.000000000000E+000  0.000000000000E+000  0.000000000000E+000  0.000000000000E+000  0.000000000000E+000  0.000000000000E+000
   9.250000000000E+000  7.474860751705E-001  0.000000000000E+000  0.000000000000E+000  0.000000000000E+000  0.000000000000E+000  0.000000000000E+000  0.000000000000E+000  0.000000000000E+000  0.000000000000E+000  0.000000000000E+000  0.000000000000E+000  0.000000000000E+000  0.000000000000E+000
   9.500000000000E+000  6.622993872945E-001  0.000000000000E+000  0.000000000000E+000  0.000000000000E+000  0.000000000000E+000  0.000000000000E+000  0.000000000000E+000  0.000000000000E+000  0.000000000000E+000  0.000000000000E+000  0.000000000000E+000  0.000000000000E+000  0.000000000000E+000
   9.750000000000E+000  5.222543866335E-001  0.000000000000E+000  0.000000000000E+000  0.000000000000E+000  0.000000000000E+000  0.000000000000E+000  0.000000000000E+000  0.000000000000E+000  0.000000000000E+000  0.000000000000E+000  0.000000000000E+000  0.000000000000E+000  0.000000000000E+000
   1.000000000000E+001  6.278421568529E-001  0.000000000000E+000  0.000000000000E+000  0.000000000000E+000  0.000000000000E+000  0.000000000000E+000  0.000000000000E+000  0.000000000000E+000  0.000000000000E+000  0.000000000000E+000  0.000000000000E+000  0.000000000000E+000  0.000000000000E+000
   1.025000000000E+001  3.162758037836E-001  0.000000000000E+000  0.000000000000E+000  0.000000000000E+000  0.000000000000E+000  0.000000000000E+000  0.000000000000E+000  0.000000000000E+000  0.000000000000E+000  0.000000000000E+000  0.000000000000E+000  0.000000000000E+000  0.000000000000E+000
   1.050000000000E+001  1.960193857838E-001  0.000000000000E+000  0.000000000000E+000  0.000000000000E+000  0.000000000000E+000  0.000000000000E+000  0.000000000000E+000  0.000000000000E+000  0.000000000000E+000  0.000000000000E+000  0.000000000000E+000  0.000000000000E+000  0.000000000000E+000
   1.075000000000E+001  5.923353230341E-002  0.000000000000E+000  0.000000000000E+000  0.000000000000E+000  0.000000000000E+000  0.000000000000E+000  0.000000000000E+000  0.000000000000E+000  0.000000000000E+000  0.000000000000E+000  0.000000000000E+000  0.000000000000E+000  0.000000000000E+000
   1.100000000000E+001  7.199354512591E-001  0.000000000000E+000  0.000000000000E+000  0.000000000000E+000  0.000000000000E+000  0.000000000000E+000  0.000000000000E+000  0.000000000000E+000  0.000000000000E+000  0.000000000000E+000  0.000000000000E+000  0.000000000000E+000  0.000000000000E+000
   1.125000000000E+001  8.596346993320E-001  0.000000000000E+000  0.000000000000E+000  0.000000000000E+000  0.000000000000E+000  0.000000000000E+000  0.000000000000E+000  0.000000000000E+000  0.000000000000E+000  0.000000000000E+000  0.000000000000E+000  0.000000000000E+000  0.000000000000E+000
   1.150000000000E+001  3.764221393484E-001  0.000000000000E+000  0.000000000000E+000  0.000000000000E+000  0.000000000000E+000  0.000000000000E+000  0.000000000000E+000  0.000000000000E+000  0.000000000000E+000  0.000000000000E+000  0.000000000000E+000  0.000000000000E+000  0.000000000000E+000
   1.175000000000E+001  7.704292370409E-001  0.000000000000E+000  0.000000000000E+000  0.000000000000E+000  0.000000000000E+000  0.000000000000E+000  0.000000000000E+000  0.000000000000E+000  0.000000000000E+000  0.000000000000E+000  0.000000000000E+000  0.000000000000E+000  0.000000000000E+000
   1.200000000000E+001  7.629356406860E-001  0.000000000000E+000  0.000000000000E+000  0.000000000000E+000  0.000000000000E+000  5.655067429050E-008  5.655067429050E-008  5.656032272070E-008  5.656032272070E-008  5.656032272070E-008  5.656032272070E-008  5.674564846254E-008  5.674564846254E-008
   1.225000000000E+001  7.031029880809E-002  0.000000000000E+000  0.000000000000E+000  0.000000000000E+000  0.000000000000E+000  1.335338223997E-006  1.335338223997E-006  1.335465919885E-006  1.335465919885E-006  1.335465919885E-006  1.335465919885E-006  1.337472018899E-006  1.337472018899E-006
   1.250000000000E+001  4.006591807380E-001  0.000000000000E+000  0.000000000000E+000  0.000000000000E+000  0.000000000000E+000  2.471991913771E-006  2.471991913771E-006  2.472125418861E-006  2.472125418861E-006  2.472125418861E-006  2.472125418861E-006  2.474561440103E-006  2.474561440103E-006
   1.275000000000E+001  4.548754923346E-001  0.000000000000E+000  0.000000000000E+000  0.000000000000E+000  0.000000000000E+000  3.483449529251E-006  3.483449529251E-006  3.483561339078E-006  3.483561339078E-006  3.483561339078E-006  3.483561339078E-006  3.486114052539E-006  3.486114052539E-006
   1.300000000000E+001  9.274447163720E-001  0.000000000000E+000  0.000000000000E+000  0.000000000000E+000  0.000000000000E+000  4.370099329867E-006  4.370099329867E-006  4.370270281056E-006  4.370270281056E-006  4.370270281056E-006  4.370270281056E-006  4.372810877673E-006  4.372810877673E-006
   1.325000000000E+001  2.705320557557E-001  0.000000000000E+000  0.000000000000E+000  0.000000000000E+000  0.000000000000E+000  5.158419247660E-006  5.158419247660E-006  5.158507373038E-006  5.158507373038E-006  5.158507373038E-006  5.158507373038E-006  5.160993086314E-006  5.160993086314E-006
   1.350000000000E+001  5.459866595496E-001  0.000000000000E+000  0.000000000000E+000  0.000000000000E+000  0.000000000000E+000  5.833846597215E-006  5.833846597215E-006  5.833978366690E-006  5.833978366690E-006  5.833978366690E-006  5.833978366690E-006  5.836371882105E-006  5.836371882105E-006
   1.375000000000E+001  6.450610113471E-001  0.000000000000E+000  0.000000000000E+000  0.000000000000E+000  0.000000000000E+000  6.431851402624E-006  6.431851402624E-006  6.432022822099E-006  6.432022822099E-006  6.432022822099E-006  6.432022822099E-006  6.434327685749E-006  6.434327685749E-006
   1.400000000000E+001  1.865786206253E-001  0.000000000000E+000  0.000000000000E+000  0.000000000000E+000  0.000000000000E+000  6.943588065704E-006  6.943588065704E-006  6.943692445230E-006  6.943692445230E-006  6.943692445230E-006  6.943692445230E-006  6.945916786068E-006  6.945916786068E-006
   1.425000000000E+001  2.249008166215E-001  0.000000000000E+000  0.000000000000E+000  0.000000000000E+000  0.000000000000E+000  7.378767462162E-006  7.378767462162E-006  7.378854619375E-006  7.378854619375E-006  7.378854619375E-006  7.378854619375E-006  7.380995991127E-006  7.380995991127E-006
   1.450000000000E+001  7.387479105003E-001  0.000000000000E+000  0.000000000000E+000  0.000000000000E+000  0.000000000000E+000  7.740254843889E-006  7.740254843889E-006  7.740336838906E-006  7.740336838906E-006  7.740336838906E-006  7.740336838906E-006  7.742409747980E-006  7.742409747980E-006
   1.475000000000E+001  3.712704729093E-001  0.000000000000E+000  0.000000000000E+000  0.000000000000E+000  0.000000000000E+000  8.033841032778E-006  8.033841032778E-006  8.033944440825E-006  8.033944440825E-006  8.033944440825E-006  8.033944440825E-006  8.035937029597E-006  8.035937029597E-006
   1.500000000000E+001  8.643575857721E-001  0.000000000000E+000  0.000000000000E+000  0.000000000000E+000  0.000000000000E+000  8.266109213719E-006  8.266109213719E-006  8.266179837113E-006  8.266179837113E-006  8.266179837113E-006  8.266179837113E-006  8.268109403180E-006  8.268109403180E-006
   1.525000000000E+001  9.935507674011E-001  1.400415614326E-011  1.400415614326E-011  1.400415614326E-011  1.400415614326E-011  8.441291289732E-006  8.441291289732E-006  8.441425434045E-006  8.441425434045E-006  8.441425434045E-006  8.441425434045E-006  8.443265223693E-006  8.443265223693E-006
   1.550000000000E+001  6.158053089601E-001  1.660061080050E-011  1.660061080050E-011  1.660061080050E-011  1.660061080050E-011  8.570688656824E-006  8.570688656824E-006  8.570748223537E-006  8.570748223537E-006  8.570748223537E-006  8.570748223537E-006  8.572516751707E-006  8.572516751707E-006
   1.575000000000E+001  4.766323592112E-001  1.537112523683E-011  1.537112523683E-011  1.529311057784E-010  1.529311057784E-010  8.638413110074E-006  8.638413110074E-006  8.638449467483E-006  8.638449467483E-006  8.638449467483E-006  8.638449467483E-006  8.640138559238E-006  8.640138559238E-006
   1.600000000000E+001  7.399258273159E-001  6.041834147236E-011  6.041834147236E-011  3.565532312109E-010  3.565532312109E-010  8.677634208641E-006  8.677634208641E-006  8.677724011967E-006  8.677724011967E-006  8.677724011967E-006  8.677724011967E-006  8.679327827969E-006  8.679327827969E-006
   1.625000000000E+001  4.852386593098E-001  1.201830764451E-011  1.201830764451E-011  4.942593194156E-010  4.942593194156E-010  8.673180231413E-006  8.673180231413E-006  8.673197557627E-006  8.673197557627E-006  8.673197557627E-006  8.673197557627E-006  8.674737767440E-006  8.674737767440E-006
   1.650000000000E+001  8.038721696144E-001  7.959210472688E-011  7.959210472688E-011  6.429142215790E-010  6.429142215790E-010  8.626734006025E-006  8.626734006025E-006  8.626815566507E-006  8.626815566507E-006  8.626815566507E-006  8.626815566507E-006  8.628271491598E-006  8.628271491598E-006
   1.675000000000E+001  9.359234513498E-001  5.004772559876E-011  5.004772559876E-011  6.404743620561E-010  6.404743620561E-010  8.549885985853E-006  8.549885985853E-006  8.549933194346E-006  8.549933194346E-006  8.549933194346E-006  8.549933194346E-006  8.551323294305E-006  8.551323294305E-006
   1.700000000000E+001  7.625096974956E-001  5.718087162990E-011  5.718087162990E-011  7.653446962247E-010  7.653446962247E-010  8.458209682611E-006  8.458209682611E-006  8.458255181793E-006  8.458255181793E-006  8.458255181793E-006  8.458255181793E-006  8.459580917738E-006  8.459580917738E-006
   1.725000000000E+001  7.488716680808E-001  7.789683466176E-011  7.789683466176E-011  7.922418820110E-010  7.922418820110E-010  8.315916888342E-006  8.315916888342E-006  8.315972186564E-006  8.315972186564E-006  8.315972186564E-006  8.315972186564E-006  8.317231384707E-006  8.317231384707E-006
   1.750000000000E+001  2.227440373661E-001  1.000198731567E-011  1.000198731567E-011  7.591908963391E-010  7.591908963391E-010  8.174345251976E-006  8.174345251976E-006  8.174352231068E-006  8.174352231068E-006  8.174352231068E-006  8.174352231068E-006  8.175553665248E-006  8.175553665248E-006
   1.775000000000E+001  7.094099862966E-001  4.982924886827E-011  4.982924886827E-011  7.591592188690E-010  7.591592188690E-010  8.001267000921E-006  8.001267000921E-006  8.001302576239E-006  8.001302576239E-006  8.001302576239E-006  8.001302576239E-006  8.002448847279E-006  8.002448847279E-006
   1.800000000000E+001  6.233930122053E-001  3.249562327778E-011  3.249562327778E-011  7.990154982373E-010  7.990154982373E-010  7.812599816557E-006  7.812599816557E-006  7.812621708764E-006  7.812621708764E-006  7.812621708764E-006  7.812621708764E-006  7.813712338045E-006  7.813712338045E-006
   1.825000000000E+001  4.423071940411E-001  3.136067494309E-011  3.136067494309E-011  6.994535376654E-010  6.994535376654E-010  7.609120685009E-006  7.609120685009E-006  7.609141437367E-006  7.609141437367E-006  7.609141437367E-006  7.609141437367E-006  7.610182159500E-006  7.610182159500E-006
   1.850000000000E+001  2.351409620545E-001  3.949086177474E-011  3.949086177474E-011  6.996075879041E-010  6.996075879041E-010  7.393754154895E-006  7.393754154895E-006  7.393781879057E-006  7.393781879057E-006  7.393781879057E-006  7.393781879057E-006  7.394772772328E-006  7.394772772328E-006
   1.875000000000E+001  1.063748835781E-001  2.366582919602E-011  2.366582919602E-011  6.420712086309E-010  6.420712086309E-010  7.176892464333E-006  7.176892464333E-006  7.176907651964E-006  7.176907651964E-006  7.176907651964E-006  7.176907651964E-006  7.177855906045E-006  7.177855906045E-006
   1.900000000000E+001  1.714737306234E-001  2.569644385264E-001  2.569644385264E-001  2.742803550054E-001  2.742803550054E-001  2.803700702996E-001  2.803700702996E-001  3.062849663882E-001  3.062849663882E-001  3.062849663882E-001  3.062849663882E-001  3.063071682513E-001  3.063071682513E-001
   1.925000000000E+001  1.430998869070E-001  0.000000000000E+000  0.000000000000E+000  2.264480944340E-002  2.264480944340E-002  2.881025138419E-002  2.881025138419E-002  2.881025138419E-002  2.881025138419E-002  3.631312568397E-002  3.631312568397E-002  3.634558132597E-002  3.634558132597E-002
   1.950000000000E+001  5.811418920742E-001  0.000000000000E+000  0.000000000000E+000  0.000000000000E+000  0.000000000000E+000  0.000000000000E+000  0.000000000000E+000  0.000000000000E+000  0.000000000000E+000  0.000000000000E+000  0.000000000000E+000  0.000000000000E+000  0.000000000000E+000
   1.975000000000E+001  8.628233104665E-001  0.000000000000E+000  0.000000000000E+000  0.000000000000E+000  0.000000000000E+000  0.000000000000E+000  0.000000000000E+000  0.000000000000E+000  0.000000000000E+000  0.000000000000E+000  0.000000000000E+000  0.000000000000E+000  0.000000000000E+000
   2.000000000000E+001  5.001320347708E-001  0.000000000000E+000  0.000000000000E+000  0.000000000000E+000  0.000000000000E+000  2.671601554058E-003  2.671601554058E-003  3.656435988451E-003  3.656435988451E-003  7.121138669978E-001  7.121138669978E-001  7.122079159203E-001  7.122079159203E-001
   2.025000000000E+001  4.503516490943E-001  0.000000000000E+000  0.000000000000E+000  0.000000000000E+000  0.000000000000E+000  0.000000000000E+000  0.000000000000E+000  0.000000000000E+000  0.000000000000E+000  0.000000000000E+000  0.000000000000E+000  0.000000000000E+000  0.000000000000E+000
   2.050000000000E+001  3.639699257619E-001  0.000000000000E+000  0.000000000000E+000  0.000000000000E+000  0.000000000000E+000  0.000000000000E+000  0.000000000000E+000  0.000000000000E+000  0.000000000000E+000  0.000000000000E+000  0.000000000000E+000  0.000000000000E+000  0.000000000000E+000
   2.075000000000E+001  1.060391068521E-001  0.000000000000E+000  0.000000000000E+000  0.000000000000E+000  0.000000000000E+000  0.000000000000E+000  0.000000000000E+000  0.000000000000E+000  0.000000000000E+000  0.000000000000E+000  0.000000000000E+000  0.000000000000E+000  0.000000000000E+000
   2.100000000000E+001  1.320393119116E-001  0.000000000000E+000  0.000000000000E+000  0.000000000000E+000  0.000000000000E+000  0.000000000000E+000  0.000000000000E+000  0.000000000000E+000  0.000000000000E+000  0.000000000000E+000  0.000000000000E+000  0.000000000000E+000  0.000000000000E+000
   2.125000000000E+001  2.348359045391E-001  0.000000000000E+000  0.000000000000E+000  0.000000000000E+000  0.000000000000E+000  0.000000000000E+000  0.000000000000E+000  0.000000000000E+000  0.000000000000E+000  0.000000000000E+000  0.000000000000E+000  0.000000000000E+000  0.000000000000E+000
   2.150000000000E+001  4.187691782580E-001  0.000000000000E+000  0.000000000000E+000  0.000000000000E+000  0.000000000000E+000  0.000000000000E+000  0.000000000000E+000  0.000000000000E+000  0.000000000000E+000  0.000000000000E+000  0.000000000000E+000  0.000000000000E+000  0.000000000000E+000
   2.175000000000E+001  4.823010829257E-001  2.240507797293E-007  2.240507797293E-007  2.948630463645E-006  2.948630463645E-006  2.948630463645E-006  2.948630463645E-006  2.954693566463E-006  2.954693566463E-006  2.954693566463E-006  2.954693566463E-006  2.954693566463E-006  2.954693566463E-006
   2.200000000000E+001  1.105839071794E-001  0.000000000000E+000  0.000000000000E+000  0.000000000000E+000  0.000000000000E+000  0.000000000000E+000  0.000000000000E+000  0.000000000000E+000  0.000000000000E+000  0.000000000000E+000  0.000000000000E+000  0.000000000000E+000  0.000000000000E+000
   2.225000000000E+001  4.709113831760E-001  4.265731182040E-007  4.265731182040E-007  3.066460478121E-006  3.066460478121E-006  3.066460478121E-006  3.066460478121E-006  3.071555415330E-006  3.071555415330E-006  3.071555415330E-006  3.071555415330E-006  3.071555415330E-006  3.071555415330E-006
   2.250000000000E+001  2.564450152208E-001  3.805289645450E-008  3.805289645450E-008  7.947497360757E-008  7.947497360757E-008  9.143564045927E-008  9.143564045927E-008  9.204289037733E-008  9.204289037733E-008  9.204289037733E-008  9.204289037733E-008  9.204289037733E-008  9.204289037733E-008
   2.275000000000E+001  5.819794593697E-001  2.726297393403E-007  2.726297393403E-007  2.761933156449E-006  2.761933156449E-006  6.937048144332E-006  6.937048144332E-006  6.938946984264E-006  6.938946984264E-006  6.938946984264E-006  6.938946984264E-006  6.938946984264E-006  6.938946984264E-006
   2.300000000000E+001  2.203468390412E-001  6.085663264710E-009  6.085663264710E-009  7.474794801386E-008  7.474794801386E-008  1.124272390126E-007  1.124272390126E-007  1.128560868410E-007  1.128560868410E-007  1.128560868410E-007  1.128560868410E-007  1.132893424068E-007  1.132893424068E-007
   2.325000000000E+001  4.572872537511E-001  3.554821235990E-007  3.554821235990E-007  2.397197628377E-006  2.397197628377E-006  1.059260632729E-005  1.059260632729E-005  1.059473594577E-005  1.059473594577E-005  1.059473594577E-005  1.059473594577E-005  1.061773772719E-005  1.061773772719E-005
   2.350000000000E+001  8.836255595592E-001  3.806675330156E-007  3.806675330156E-007  4.236635337512E-007  4.236635337512E-007  4.662241039121E-007  4.662241039121E-007  4.690776394243E-007  4.690776394243E-007  4.690776394243E-007  4.690776394243E-007  4.702536451994E-007  4.702536451994E-007
   2.375000000000E+001  1.341065724376E-002  0.000000000000E+000  0.000000000000E+000  1.491804282826E-006  1.491804282826E-006  1.302282660802E-005  1.302282660802E-005  1.302282660802E-005  1.302282660802E-005  1.302282660802E-005  1.302282660802E-005  1.304702218056E-005  1.304702218056E-005
   2.400000000000E+001  9.267474141780E-001  3.695610728566E-007  3.695610728566E-007  3.954723898108E-007  3.954723898108E-007  4.653353975416E-007  4.653353975416E-007  4.678538306107E-007  4.678538306107E-007  4.678538306107E-007  4.678538306107E-007  4.685953285137E-007  4.685953285137E-007
   2.425000000000E+001  9.964607389174E-001  1.279311981836E-007  1.279311981836E-007  1.175122561689E-006  1.175122561689E-006  1.541157299746E-005  1.541157299746E-005  1.541191941868E-005  1.541191941868E-005  1.541191941868E-005  1.541191941868E-005  1.542199608449E-005  1.542199608449E-005
   2.450000000000E+001  6.061226169208E-001  2.065522764195E-007  2.065522764195E-007  2.065522764195E-007  2.065522764195E-007  2.712704243057E-007  2.712704243057E-007  2.722948757249E-007  2.722948757249E-007  2.722948757249E-007  2.722948757249E-007  2.724109376426E-007  2.724109376426E-007
   2.475000000000E+001  5.390226178881E-001  1.938870705573E-008  1.938870705573E-008  4.229170111315E-008  4.229170111315E-008  2.274562585401E-007  2.274562585401E-007  2.276662826875E-007  2.276662826875E-007  2.276662826875E-007  2.276662826875E-007  2.276662826875E-007  2.276662826875E-007
   2.500000000000E+001  5.912493407988E-001  3.167984910878E-007  3.167984910878E-007  8.110317584516E-007  8.110317584516E-007  2.651447745303E-005  2.651447745303E-005  2.651559077017E-005  2.651559077017E-005  2.651559077017E-005  2.651559077017E-005  2.651559077017E-005  2.651559077017E-005
   2.525000000000E+001  9.149130754022E-001  0.000000000000E+000  0.000000000000E+000  4.967691209960E-009  4.967691209960E-009  6.639258774493E-008  6.639258774493E-008  6.639258774493E-008  6.639258774493E-008  6.639258774493E-008  6.639258774493E-008  6.639258774493E-008  6.639258774493E-008
   2.550000000000E+001  2.371043521696E-001  0.000000000000E+000  0.000000000000E+000  0.000000000000E+000  0.000000000000E+000  1.792998633562E-007  1.792998633562E-007  1.792998633562E-007  1.792998633562E-007  1.792998633562E-007  1.792998633562E-007  1.792998633562E-007  1.792998633562E-007
   2.575000000000E+001  6.846123450399E-001  2.278728609770E-007  2.278728609770E-007  3.602208385890E-007  3.602208385890E-007  2.904173249129E-005  2.904173249129E-005  2.904199118892E-005  2.904199118892E-005  2.904199118892E-005  2.904199118892E-005  2.904199118892E-005  2.904199118892E-005
   2.600000000000E+001  8.641940571631E-001  0.000000000000E+000  0.000000000000E+000  1.678153052907E-009  1.678153052907E-009  7.583500411961E-008  7.583500411961E-008  7.591113562673E-008  7.591113562673E-008  7.591113562673E-008  7.591113562673E-008  7.591113562673E-008  7.591113562673E-008
   2.625000000000E+001  7.754509737312E-001  1.659626501135E-008  1.659626501135E-008  1.659626501135E-008  1.659626501135E-008  1.807030277547E-007  1.807030277547E-007  1.807030277547E-007  1.807030277547E-007  1.807030277547E-007  1.807030277547E-007  1.807030277547E-007  1.807030277547E-007
   2.650000000000E+001  6.998244861537E-001  7.103922912059E-009  7.103922912059E-009  7.103922912059E-009  7.103922912059E-009  3.026573251633E-005  3.026573251633E-005  3.026573251633E-005  3.026573251633E-005  3.026573251633E-005  3.026573251633E-005  3.026795500695E-005  3.026795500695E-005
   2.675000000000E+001  3.440225153425E-001  0.000000000000E+000  0.000000000000E+000  2.148349461856E-009  2.148349461856E-009  5.089667849049E-008  5.089667849049E-008  5.089667849049E-008  5.089667849049E-008  5.089667849049E-008  5.089667849049E-008  5.095235473897E-008  5.095235473897E-008
   2.700000000000E+001  3.907761276774E-001  8.239520111969E-009  8.239520111969E-009  8.347171827369E-009  8.347171827369E-009  1.722016871469E-007  1.722016871469E-007  1.724075331186E-007  1.724075331186E-007  1.724075331186E-007  1.724075331186E-007  1.724569700759E-007  1.724569700759E-007
   2.725000000000E+001  3.927585605460E-001  0.000000000000E+000  0.000000000000E+000  0.000000000000E+000  0.000000000000E+000  3.070801461176E-005  3.070801461176E-005  3.070801461176E-005  3.070801461176E-005  3.070801461176E-005  3.070801461176E-005  3.071069077463E-005  3.071069077463E-005
   2.750000000000E+001  7.199193542791E-002  5.693172259702E-008  5.693172259702E-008  5.693172259702E-008  5.693172259702E-008  1.238699644056E-007  1.238699644056E-007  1.248990134227E-007  1.248990134227E-007  1.248990134227E-007  1.248990134227E-007  1.249366941490E-007  1.249366941490E-007
   2.775000000000E+001  4.110246901107E-001  0.000000000000E+000  0.000000000000E+000  0.000000000000E+000  0.000000000000E+000  1.414465976333E-007  1.414465976333E-007  1.414465976333E-007  1.414465976333E-007  1.414465976333E-007  1.414465976333E-007  1.414627634503E-007  1.414627634503E-007
   2.800000000000E+001  9.026639008552E-001  0.000000000000E+000  0.000000000000E+000  0.000000000000E+000  0.000000000000E+000  3.024531037781E-005  3.024531037781E-005  3.024531037781E-005  3.024531037781E-005  3.024531037781E-005  3.024531037781E-005  3.024647526981E-005  3.024647526981E-005
   2.825000000000E+001  1.951701168853E-001  7.810260433884E-009  7.810260433884E-009  7.810260433884E-009  7.810260433884E-009  4.603634573600E-008  4.603634573600E-008  4.618894306635E-008  4.618894306635E-008  4.618894306635E-008  4.618894306635E-008  4.619690754169E-008  4.619690754169E-008
   2.850000000000E+001  1.655432619486E-001  5.215733719419E-009  5.215733719419E-009  5.215733719419E-009  5.215733719419E-009  1.043933050791E-007  1.043933050791E-007  1.044415528536E-007  1.044415528536E-007  1.044415528536E-007  1.044415528536E-007  1.044415528536E-007  1.044415528536E-007
   2.875000000000E+001  7.561078049565E-001  0.000000000000E+000  0.000000000000E+000  0.000000000000E+000  0.000000000000E+000  2.861339458848E-005  2.861339458848E-005  2.861339458848E-005  2.861339458848E-005  2.861339458848E-005  2.861339458848E-005  2.861399059591E-005  2.861399059591E-005
   2.900000000000E+001  3.062300696175E-001  5.522542377870E-008  5.522542377870E-008  6.085989295266E-008  6.085989295266E-008  1.306760554744E-007  1.306760554744E-007  1.321792503961E-007  1.321792503961E-007  1.321792503961E-007  1.321792503961E-007  1.321837430983E-007  1.321837430983E-007
   2.925000000000E+001  6.550238433653E-001  0.000000000000E+000  0.000000000000E+000  0.000000000000E+000  0.000000000000E+000  0.000000000000E+000  0.000000000000E+000  0.000000000000E+000  0.000000000000E+000  0.000000000000E+000  0.000000000000E+000  0.000000000000E+000  0.000000000000E+000
   2.950000000000E+001  5.150133947731E-002  0.000000000000E+000  0.000000000000E+000  0.000000000000E+000  0.000000000000E+000  1.499922223151E-007  1.499922223151E-007  1.499922223151E-007  1.499922223151E-007  1.499922223151E-007  1.499922223151E-007  1.499922223151E-007  1.499922223151E-007
   2.975000000000E+001  4.910968671288E-001  0.000000000000E+000  0.000000000000E+000  0.000000000000E+000  0.000000000000E+000  3.546131136994E-005  3.546131136994E-005  3.546131136994E-005  3.546131136994E-005  3.546131136994E-005  3.546131136994E-005  3.546274748401E-005  3.546274748401E-005
   3.000000000000E+001  6.517019194526E-002  3.049956833009E-009  3.049956833009E-009  3.762046695582E-009  3.762046695582E-009  7.531998058669E-008  7.531998058669E-008  7.545009297665E-008  7.545009297665E-008  7.545009297665E-008  7.545009297665E-008  7.546529010976E-008  7.546529010976E-008
   3.025000000000E+001  1.122234736285E-001  0.000000000000E+000  0.000000000000E+000  0.000000000000E+000  0.000000000000E+000  5.060643772388E-008  5.060643772388E-008  5.060643772388E-008  5.060643772388E-008  5.060643772388E-008  5.060643772388E-008  5.061380221570E-008  5.061380221570E-008
   3.050000000000E+001  8.685774597475E-001  5.149350425473E-009  5.149350425473E-009  5.149350425473E-009  5.149350425473E-009  1.528168402179E-007  1.528168402179E-007  1.531481857950E-007  1.531481857950E-007  1.531481857950E-007  1.531481857950E-007  1.531498215980E-007  1.531498215980E-007
   3.075000000000E+001  4.180749764370E-001  0.000000000000E+000  0.000000000000E+000  0.000000000000E+000  0.000000000000E+000  3.154076469427E-005  3.154076469427E-005  3.154076469427E-005  3.154076469427E-005  3.154076469427E-005  3.154076469427E-005  3.154221902727E-005  3.154221902727E-005
   3.100000000000E+001  2.196282607822E-002  2.034263129990E-009  2.034263129990E-009  3.164703861846E-009  3.164703861846E-009  2.723790874737E-008  2.723790874737E-008  2.746796790819E-008  2.746796790819E-008  2.746796790819E-008  2.746796790819E-008  2.747921225681E-008  2.747921225681E-008
   3.125000000000E+001  7.993550472638E-001  0.000000000000E+000  0.000000000000E+000  0.000000000000E+000  0.000000000000E+000  7.581541244656E-008  7.581541244656E-008  7.581541244656E-008  7.581541244656E-008  7.581541244656E-008  7.581541244656E-008  7.582103203810E-008  7.582103203810E-008
   3.150000000000E+001  6.667311963030E-001  0.000000000000E+000  0.000000000000E+000  3.006719213813E-010  3.006719213813E-010  9.020233888741E-008  9.020233888741E-008  9.020233888741E-008  9.020233888741E-008  9.020233888741E-008  9.020233888741E-008  9.020233888741E-008  9.020233888741E-008
   3.175000000000E+001  5.460718792938E-001  0.000000000000E+000  0.000000000000E+000  0.000000000000E+000  0.000000000000E+000  2.720589001465E-005  2.720589001465E-005  2.720589001465E-005  2.720589001465E-005  2.720589001465E-005  2.720589001465E-005  2.720701755611E-005  2.720701755611E-005
   3.200000000000E+001  3.033912916613E-001  0.000000000000E+000  0.000000000000E+000  0.000000000000E+000  0.000000000000E+000  0.000000000000E+000  0.000000000000E+000  0.000000000000E+000  0.000000000000E+000  0.000000000000E+000  0.000000000000E+000  0.000000000000E+000  0.000000000000E+000
   3.225000000000E+001  5.008893597757E-001  0.000000000000E+000  0.000000000000E+000  3.230787248900E-010  3.230787248900E-010  5.849937939464E-008  5.849937939464E-008  6.150578097830E-008  6.150578097830E-008  6.150578097830E-008  6.150578097830E-008  6.150870328539E-008  6.150870328539E-008
   3.250000000000E+001  5.740216322205E-001  0.000000000000E+000  0.000000000000E+000  0.000000000000E+000  0.000000000000E+000  9.632905952535E-008  9.632905952535E-008  9.823030552943E-008  9.823030552943E-008  9.823030552943E-008  9.823030552943E-008  9.823030552943E-008  9.823030552943E-008
   3.275000000000E+001  6.275384120367E-001  4.179351808892E-008  4.179351808892E-008  4.204448614965E-008  4.204448614965E-008  1.275359590066E-007  1.275359590066E-007  1.275359590066E-007  1.275359590066E-007  1.275359590066E-007  1.275359590066E-007  1.275359590066E-007  1.275359590066E-007
   3.300000000000E+001  8.360377424691E-002  1.284382571817E-010  1.284382571817E-010  8.765872919282E-009  8.765872919282E-009  2.695017910275E-005  2.695017910275E-005  2.695020644416E-005  2.695020644416E-005  2.695020644416E-005  2.695020644416E-005  2.695175187555E-005  2.695175187555E-005
   3.325000000000E+001  8.179278404097E-001  0.000000000000E+000  0.000000000000E+000  0.000000000000E+000  0.000000000000E+000  0.000000000000E+000  0.000000000000E+000  0.000000000000E+000  0.000000000000E+000  0.000000000000E+000  0.000000000000E+000  0.000000000000E+000  0.000000000000E+000
   3.350000000000E+001  1.121297420613E-001  1.757977991316E-008  1.757977991316E-008  1.757977991316E-008  1.757977991316E-008  5.131464279883E-008  5.131464279883E-008  5.131464279883E-008  5.131464279883E-008  5.131464279883E-008  5.131464279883E-008  5.132082916189E-008  5.132082916189E-008
   3.375000000000E+001  2.900737568998E-001  0.000000000000E+000  0.000000000000E+000  1.960462603428E-009  1.960462603428E-009  4.634909473461E-008  4.634909473461E-008  4.938365830637E-008  4.938365830637E-008  4.938365830637E-008  4.938365830637E-008  4.938454534215E-008  4.938454534215E-008
   3.400000000000E+001  5.788974972471E-001  1.180664833218E-008  1.180664833218E-008  1.250647804440E-008  1.250647804440E-008  7.874945903176E-008  7.874945903176E-008  7.874945903176E-008  7.874945903176E-008  7.874945903176E-008  7.874945903176E-008  7.874945903176E-008  7.874945903176E-008
   3.425000000000E+001  3.002164259173E-001  3.065512157396E-008  3.065512157396E-008  3.911164647579E-008  3.911164647579E-008  2.028642792687E-005  2.028642792687E-005  2.028642792687E-005  2.028642792687E-005  2.028642792687E-005  2.028642792687E-005  2.028778051908E-005  2.028778051908E-005
   3.450000000000E+001  4.168499910423E-001  0.000000000000E+000  0.000000000000E+000  0.000000000000E+000  0.000000000000E+000  0.000000000000E+000  0.000000000000E+000  0.000000000000E+000  0.000000000000E+000  0.000000000000E+000  0.000000000000E+000  0.000000000000E+000  0.000000000000E+000
   3.475000000000E+001  7.242488314217E-001  0.000000000000E+000  0.000000000000E+000  0.000000000000E+000  0.000000000000E+000  3.360829148462E-008  3.360829148462E-008  3.579090137432E-008  3.579090137432E-008  3.579090137432E-008  3.579090137432E-008  3.579511442068E-008  3.579511442068E-008
   3.500000000000E+001  1.413875664668E-001  6.684224001842E-009  6.684224001842E-009  7.255212156726E-009  7.255212156726E-009  3.031615934951E-008  3.031615934951E-008  3.031615934951E-008  3.031615934951E-008  3.031615934951E-008  3.031615934951E-008  3.031615934951E-008  3.031615934951E-008
   3.525000000000E+001  8.261464430124E-001  0.000000000000E+000  0.000000000000E+000  0.000000000000E+000  0.000000000000E+000  4.400997725409E-008  4.400997725409E-008  4.525266034274E-008  4.525266034274E-008  4.525266034274E-008  4.525266034274E-008  4.525266034274E-008  4.525266034274E-008
   3.550000000000E+001  7.333016974529E-001  1.996080421556E-008  1.996080421556E-008  2.405625145582E-008  2.405625145582E-008  1.418752957423E-005  1.418752957423E-005  1.418752957423E-005  1.418752957423E-005  1.418752957423E-005  1.418752957423E-005  1.418866000489E-005  1.418866000489E-005
   3.575000000000E+001  2.190784121033E-001  5.501845270033E-009  5.501845270033E-009  5.702531715644E-009  5.702531715644E-009  1.315202781390E-008  1.315202781390E-008  1.315202781390E-008  1.315202781390E-008  1.315202781390E-008  1.315202781390E-008  1.315891801083E-008  1.315891801083E-008
   3.600000000000E+001  5.621038776724E-001  0.000000000000E+000  0.000000000000E+000  3.091612440165E-010  3.091612440165E-010  1.755715779147E-009  1.755715779147E-009  2.370177483737E-009  2.370177483737E-009  2.370177483737E-009  2.370177483737E-009  2.373101254805E-009  2.373101254805E-009
   3.625000000000E+001  2.984991424589E-001  0.000000000000E+000  0.000000000000E+000  0.000000000000E+000  0.000000000000E+000  2.662680163242E-008  2.662680163242E-008  2.878594398447E-008  2.878594398447E-008  2.878594398447E-008  2.878594398447E-008  2.878604746718E-008  2.878604746718E-008
   3.650000000000E+001  7.774996320193E-001  2.845050006879E-009  2.845050006879E-009  2.845050006879E-009  2.845050006879E-009  2.147014990820E-008  2.147014990820E-008  2.147014990820E-008  2.147014990820E-008  2.147014990820E-008  2.147014990820E-008  2.147014990820E-008  2.147014990820E-008
   3.675000000000E+001  9.990563136152E-001  0.000000000000E+000  0.000000000000E+000  7.010106443287E-010  7.010106443287E-010  2.823374618445E-008  2.823374618445E-008  2.875602715337E-008  2.875602715337E-008  2.875602715337E-008  2.875602715337E-008  2.875602715337E-008  2.875602715337E-008
   3.700000000000E+001  9.614555149915E-001  1.319338426507E-009  1.319338426507E-009  1.775646961053E-009  1.775646961053E-009  9.518151509541E-006  9.518151509541E-006  9.518151509541E-006  9.518151509541E-006  9.518151509541E-006  9.518151509541E-006  9.519585594526E-006  9.519585594526E-006
   3.725000000000E+001  2.150574607215E-001  1.533689164680E-010  1.533689164680E-010  1.533689164680E-010  1.533689164680E-010  1.254105873502E-008  1.254105873502E-008  1.328791169324E-008  1.328791169324E-008  1.328791169324E-008  1.328791169324E-008  1.329715608210E-008  1.329715608210E-008
   3.750000000000E+001  4.799823233851E-001  0.000000000000E+000  0.000000000000E+000  0.000000000000E+000  0.000000000000E+000  3.789923378374E-009  3.789923378374E-009  3.789923378374E-009  3.789923378374E-009  3.789923378374E-009  3.789923378374E-009  3.794168053758E-009  3.794168053758E-009
   3.775000000000E+001  3.628203462994E-002  1.237993593286E-010  1.237993593286E-010  1.237993593286E-010  1.237993593286E-010  2.241765692097E-009  2.241765692097E-009  2.345129562059E-009  2.345129562059E-009  2.345129562059E-009  2.345129562059E-009  2.346178296057E-009  2.346178296057E-009
   3.800000000000E+001  8.799994386732E-001  0.000000000000E+000  0.000000000000E+000  4.069533975078E-011  4.069533975078E-011  9.434824033519E-009  9.434824033519E-009  9.434824033519E-009  9.434824033519E-009  9.434824033519E-009  9.434824033519E-009  9.434824033519E-009  9.434824033519E-009
   3.825000000000E+001  1.157428714624E-001  4.061854466487E-009  4.061854466487E-009  4.061854466487E-009  4.061854466487E-009  1.595915329967E-008  1.595915329967E-008  1.804365104322E-008  1.804365104322E-008  1.804365104322E-008  1.804365104322E-008  1.804365104322E-008  1.804365104322E-008
   3.850000000000E+001  4.279498301333E-001  7.028473304002E-010  7.028473304002E-010  7.028473304002E-010  7.028473304002E-010  8.836873760943E-009  8.836873760943E-009  9.151827055712E-009  9.151827055712E-009  9.151827055712E-009  9.151827055712E-009  9.151827055712E-009  9.151827055712E-009
   3.875000000000E+001  5.736029826832E-001  0.000000000000E+000  0.000000000000E+000  6.617284623029E-011  6.617284623029E-011  3.366799541375E-006  3.366799541375E-006  3.366799541375E-006  3.366799541375E-006  3.366799541375E-006  3.366799541375E-006  3.368235783756E-006  3.368235783756E-006
   3.900000000000E+001  1.693910473949E-001  0.000000000000E+000  0.000000000000E+000  0.000000000000E+000  0.000000000000E+000  0.000000000000E+000  0.000000000000E+000  0.000000000000E+000  0.000000000000E+000  0.000000000000E+000  0.000000000000E+000  0.000000000000E+000  0.000000000000E+000
   3.925000000000E+001  5.404770495093E-002  9.582636791207E-010  9.582636791207E-010  1.023217126701E-009  1.023217126701E-009  2.650367993510E-009  2.650367993510E-009  3.005784231716E-009  3.005784231716E-009  3.005784231716E-009  3.005784231716E-009  3.009925865517E-009  3.009925865517E-009
   3.950000000000E+001  1.883734879139E-001  3.831039094411E-010  3.831039094411E-010  3.883750192549E-010  3.883750192549E-010  5.391325438124E-010  5.391325438124E-010  6.794044209719E-010  6.794044209719E-010  6.794044209719E-010  6.794044209719E-010  6.807172325460E-010  6.807172325460E-010
   3.975000000000E+001  7.758370586420E-001  1.258184646001E-009  1.258184646001E-009  1.382058635343E-009  1.382058635343E-009  1.405871237680E-009  1.405871237680E-009  1.870729279365E-009  1.870729279365E-009  1.870729279365E-009  1.870729279365E-009  1.870729279365E-009  1.870729279365E-009
   4.000000000000E+001  3.402964579524E-002  0.000000000000E+000  0.000000000000E+000  0.000000000000E+000  0.000000000000E+000  0.000000000000E+000  0.000000000000E+000  0.000000000000E+000  0.000000000000E+000  0.000000000000E+000  0.000000000000E+000  0.000000000000E+000  0.000000000000E+000
   4.025000000000E+001  1.357444331694E-001  0.000000000000E+000  0.000000000000E+000  0.000000000000E+000  0.000000000000E+000  0.000000000000E+000  0.000000000000E+000  0.000000000000E+000  0.000000000000E+000  0.000000000000E+000  0.000000000000E+000  0.000000000000E+000  0.000000000000E+000
   4.050000000000E+001  1.223179280744E-001  0.000000000000E+000  0.000000000000E+000  0.000000000000E+000  0.000000000000E+000  0.000000000000E+000  0.000000000000E+000  0.000000000000E+000  0.000000000000E+000  0.000000000000E+000  0.000000000000E+000  0.000000000000E+000  0.000000000000E+000
   4.075000000000E+001  9.701952196036E-001  0.000000000000E+000  0.000000000000E+000  0.000000000000E+000  0.000000000000E+000  0.000000000000E+000  0.000000000000E+000  0.000000000000E+000  0.000000000000E+000  0.000000000000E+000  0.000000000000E+000  0.000000000000E+000  0.000000000000E+000
   4.100000000000E+001  9.776900602056E-001  0.000000000000E+000  0.000000000000E+000  0.000000000000E+000  0.000000000000E+000  0.000000000000E+000  0.000000000000E+000  0.000000000000E+000  0.000000000000E+000  0.000000000000E+000  0.000000000000E+000  0.000000000000E+000  0.000000000000E+000
   4.125000000000E+001  9.002580379704E-001  0.000000000000E+000  0.000000000000E+000  0.000000000000E+000  0.000000000000E+000  0.000000000000E+000  0.000000000000E+000  0.000000000000E+000  0.000000000000E+000  0.000000000000E+000  0.000000000000E+000  0.000000000000E+000  0.000000000000E+000
   4.150000000000E+001  5.627058277978E-001  0.000000000000E+000  0.000000000000E+000  0.000000000000E+000  0.000000000000E+000  0.000000000000E+000  0.000000000000E+000  0.000000000000E+000  0.000000000000E+000  0.000000000000E+000  0.000000000000E+000  0.000000000000E+000  0.000000000000E+000
   4.175000000000E+001  9.086094779111E-001  9.160887924507E-010  9.160887924507E-010  9.160887924507E-010  9.160887924507E-010  9.160887924507E-010  9.160887924507E-010  1.845306954972E-009  1.845306954972E-009  1.845306954972E-009  1.845306954972E-009  1.850130515868E-009  1.850130515868E-009
   4.200000000000E+001  2.171373388063E-001  0.000000000000E+000  0.000000000000E+000  0.000000000000E+000  0.000000000000E+000  0.000000000000E+000  0.000000000000E+000  0.000000000000E+000  0.000000000000E+000  0.000000000000E+000  0.000000000000E+000  0.000000000000E+000  0.000000000000E+000
   4.225000000000E+001  7.092665044068E-001  0.000000000000E+000  0.000000000000E+000  0.000000000000E+000  0.000000000000E+000  0.000000000000E+000  0.000000000000E+000  0.000000000000E+000  0.000000000000E+000  0.000000000000E+000  0.000000000000E+000  0.000000000000E+000  0.000000000000E+000
   4.250000000000E+001  1.440054533260E-001  0.000000000000E+000  0.000000000000E+000  0.000000000000E+000  0.000000000000E+000  0.000000000000E+000  0.000000000000E+000  0.000000000000E+000  0.000000000000E+000  0.000000000000E+000  0.000000000000E+000  0.000000000000E+000  0.000000000000E+000
   4.275000000000E+001  9.137072733907E-001  0.000000000000E+000  0.000000000000E+000  0.000000000000E+000  0.000000000000E+000  0.000000000000E+000  0.000000000000E+000  0.000000000000E+000  0.000000000000E+000  0.000000000000E+000  0.000000000000E+000  0.000000000000E+000  0.000000000000E+000
   4.300000000000E+001  5.289761777795E-001  0.000000000000E+000  0.000000000000E+000  0.000000000000E+000  0.000000000000E+000  0.000000000000E+000  0.000000000000E+000  0.000000000000E+000  0.000000000000E+000  0.000000000000E+000  0.000000000000E+000  0.000000000000E+000  0.000000000000E+000
   4.325000000000E+001  6.494846810616E-001  0.000000000000E+000  0.000000000000E+000  0.000000000000E+000  0.000000000000E+000  0.000000000000E+000  0.000000000000E+000  0.000000000000E+000  0.000000000000E+000  0.000000000000E+000  0.000000000000E+000  0.000000000000E+000  0.000000000000E+000
   4.350000000000E+001  5.133309958657E-001  0.000000000000E+000  0.000000000000E+000  0.000000000000E+000  0.000000000000E+000  0.000000000000E+000  0.000000000000E+000  0.000000000000E+000  0.000000000000E+000  0.000000000000E+000  0.000000000000E+000  0.000000000000E+000  0.000000000000E+000
   4.375000000000E+001  6.870197958297E-001  0.000000000000E+000  0.000000000000E+000  0.000000000000E+000  0.000000000000E+000  0.000000000000E+000  0.000000000000E+000  0.000000000000E+000  0.000000000000E+000  0.000000000000E+000  0.000000000000E+000  0.000000000000E+000  0.000000000000E+000
   4.400000000000E+001  9.298034832037E-001  0.000000000000E+000  0.000000000000E+000  0.000000000000E+000  0.000000000000E+000  0.000000000000E+000  0.000000000000E+000  0.000000000000E+000  0.000000000000E+000  0.000000000000E+000  0.000000000000E+000  0.000000000000E+000  0.000000000000E+000
   4.425000000000E+001  1.474824000783E-001  0.000000000000E+000  0.000000000000E+000  0.000000000000E+000  0.000000000000E+000  0.000000000000E+000  0.000000000000E+000  0.000000000000E+000  0.000000000000E+000  0.000000000000E+000  0.000000000000E+000  0.000000000000E+000  0.000000000000E+000
   4.450000000000E+001  5.440669535872E-001  0.000000000000E+000  0.000000000000E+000  0.000000000000E+000  0.000000000000E+000  0.000000000000E+000  0.000000000000E+000  0.000000000000E+000  0.000000000000E+000  0.000000000000E+000  0.000000000000E+000  0.000000000000E+000  0.000000000000E+000
   4.475000000000E+001  9.609318062101E-001  0.000000000000E+000  0.000000000000E+000  0.000000000000E+000  0.000000000000E+000  0.000000000000E+000  0.000000000000E+000  0.000000000000E+000  0.000000000000E+000  0.000000000000E+000  0.000000000000E+000  0.000000000000E+000  0.000000000000E+000
   4.500000000000E+001  9.804173807313E-002  0.000000000000E+000  0.000000000000E+000  0.000000000000E+000  0.000000000000E+000  0.000000000000E+000  0.000000000000E+000  0.000000000000E+000  0.000000000000E+000  0.000000000000E+000  0.000000000000E+000  0.000000000000E+000  0.000000000000E+000
   4.525000000000E+001  3.608441416508E-001  0.000000000000E+000  0.000000000000E+000  0.000000000000E+000  0.000000000000E+000  3.660672824385E-010  3.660672824385E-010  3.677107805134E-010  3.677107805134E-010  3.677107805134E-010  3.677107805134E-010  3.731741095384E-010  3.731741095384E-010
   4.550000000000E+001  4.646478828485E-001  0.000000000000E+000  0.000000000000E+000  0.000000000000E+000  0.000000000000E+000  0.000000000000E+000  0.000000000000E+000  0.000000000000E+000  0.000000000000E+000  0.000000000000E+000  0.000000000000E+000  0.000000000000E+000  0.000000000000E+000
   4.575000000000E+001  6.764425293066E-001  4.599760260900E-010  4.599760260900E-010  4.612561460164E-010  4.612561460164E-010  2.665314352532E-009  2.665314352532E-009  2.665314352532E-009  2.665314352532E-009  2.665314352532E-009  2.665314352532E-009  2.666418476112E-009  2.666418476112E-009
   4.600000000000E+001  9.117832116324E-001  0.000000000000E+000  0.000000000000E+000  0.000000000000E+000  0.000000000000E+000  0.000000000000E+000  0.000000000000E+000  0.000000000000E+000  0.000000000000E+000  0.000000000000E+000  0.000000000000E+000  0.000000000000E+000  0.000000000000E+000
   4.625000000000E+001  7.754950751164E-001  0.000000000000E+000  0.000000000000E+000  0.000000000000E+000  0.000000000000E+000  0.000000000000E+000  0.000000000000E+000  0.000000000000E+000  0.000000000000E+000  0.000000000000E+000  0.000000000000E+000  0.000000000000E+000  0.000000000000E+000
   4.650000000000E+001  1.001721888383E-001  0.000000000000E+000  0.000000000000E+000  0.000000000000E+000  0.000000000000E+000  0.000000000000E+000  0.000000000000E+000  0.000000000000E+000  0.000000000000E+000  0.000000000000E+000  0.000000000000E+000  0.000000000000E+000  0.000000000000E+000
   4.675000000000E+001  8.680872953438E-001  0.000000000000E+000  0.000000000000E+000  0.000000000000E+000  0.000000000000E+000  0.000000000000E+000  0.000000000000E+000  0.000000000000E+000  0.000000000000E+000  0.000000000000E+000  0.000000000000E+000  0.000000000000E+000  0.000000000000E+000
   4.700000000000E+001  9.290745272168E-001  0.000000000000E+000  0.000000000000E+000  0.000000000000E+000  0.000000000000E+000  0.000000000000E+000  0.000000000000E+000  0.000000000000E+000  0.000000000000E+000  0.000000000000E+000  0.000000000000E+000  0.000000000000E+000  0.000000000000E+000
   4.725000000000E+001  1.530907615147E-001  0.000000000000E+000  0.000000000000E+000  0.000000000000E+000  0.000000000000E+000  0.000000000000E+000  0.000000000000E+000  0.000000000000E+000  0.000000000000E+000  0.000000000000E+000  0.000000000000E+000  0.000000000000E+000  0.000000000000E+000
   4.750000000000E+001  9.773513749590E-001  0.000000000000E+000  0.000000000000E+000  7.378209644886E-013  7.378209644886E-013  1.746282069762E-009  1.746282069762E-009  1.746282069762E-009  1.746282069762E-009  1.746282069762E-009  1.746282069762E-009  1.746282069762E-009  1.746282069762E-009
   4.775000000000E+001  5.607371789695E-001  0.000000000000E+000  0.000000000000E+000  0.000000000000E+000  0.000000000000E+000  0.000000000000E+000  0.000000000000E+000  0.000000000000E+000  0.000000000000E+000  0.000000000000E+000  0.000000000000E+000  0.000000000000E+000  0.000000000000E+000
   4.800000000000E+001  9.882264053445E-001  0.000000000000E+000  0.000000000000E+000  0.000000000000E+000  0.000000000000E+000  0.000000000000E+000  0.000000000000E+000  0.000000000000E+000  0.000000000000E+000  0.000000000000E+000  0.000000000000E+000  0.000000000000E+000  0.000000000000E+000
   4.825000000000E+001  9.657198912865E-001  1.399295452613E-012  1.399295452613E-012  2.013819959426E-012  2.013819959426E-012  2.055294996450E-009  2.055294996450E-009  2.055294996450E-009  2.055294996450E-009  2.055294996450E-009  2.055294996450E-009  2.056044238934E-009  2.056044238934E-009
   4.850000000000E+001  8.572574676326E-001  0.000000000000E+000  0.000000000000E+000  0.000000000000E+000  0.000000000000E+000  0.000000000000E+000  0.000000000000E+000  0.000000000000E+000  0.000000000000E+000  0.000000000000E+000  0.000000000000E+000  0.000000000000E+000  0.000000000000E+000
   4.875000000000E+001  1.011108190727E-001  5.284103919627E-011  5.284103919627E-011  5.284103919627E-011  5.284103919627E-011  2.313354122976E-009  2.313354122976E-009  2.313354122976E-009  2.313354122976E-009  2.313354122976E-009  2.313354122976E-009  2.313842481954E-009  2.313842481954E-009
   4.900000000000E+001  3.006357739465E-001  0.000000000000E+000  0.000000000000E+000  0.000000000000E+000  0.000000000000E+000  0.000000000000E+000  0.000000000000E+000  0.000000000000E+000  0.000000000000E+000  0.000000000000E+000  0.000000000000E+000  0.000000000000E+000  0.000000000000E+000
   4.925000000000E+001  3.506275158391E-001  0.000000000000E+000  0.000000000000E+000  0.000000000000E+000  0.000000000000E+000  0.000000000000E+000  0.000000000000E+000  0.000000000000E+000  0.000000000000E+000  0.000000000000E+000  0.000000000000E+000  0.000000000000E+000  0.000000000000E+000
   4.950000000000E+001  5.376771603257E-001  0.000000000000E+000  0.000000000000E+000  0.000000000000E+000  0.000000000000E+000  0.000000000000E+000  0.000000000000E+000  0.000000000000E+000  0.000000000000E+000  0.000000000000E+000  0.000000000000E+000  0.000000000000E+000  0.000000000000E+000
   4.975000000000E+001  7.713849915041E-001  0.000000000000E+000  0.000000000000E+000  0.000000000000E+000  0.000000000000E+000  0.000000000000E+000  0.000000000000E+000  0.000000000000E+000  0.000000000000E+000  0.000000000000E+000  0.000000000000E+000  0.000000000000E+000  0.000000000000E+000
   5.000000000000E+001  8.668378371192E-001  0.000000000000E+000  0.000000000000E+000  0.000000000000E+000  0.000000000000E+000  0.000000000000E+000  0.000000000000E+000  0.000000000000E+000  0.000000000000E+000  0.000000000000E+000  0.000000000000E+000  0.000000000000E+000  0.000000000000E+000
   5.025000000000E+001  8.620352974501E-001  0.000000000000E+000  0.000000000000E+000  0.000000000000E+000  0.000000000000E+000  0.000000000000E+000  0.000000000000E+000  0.000000000000E+000  0.000000000000E+000  0.000000000000E+000  0.000000000000E+000  0.000000000000E+000  0.000000000000E+000
   5.050000000000E+001  2.801050268155E-001  0.000000000000E+000  0.000000000000E+000  0.000000000000E+000  0.000000000000E+000  0.000000000000E+000  0.000000000000E+000  0.000000000000E+000  0.000000000000E+000  0.000000000000E+000  0.000000000000E+000  0.000000000000E+000  0.000000000000E+000
   5.075000000000E+001  8.744599979041E-001  0.000000000000E+000  0.000000000000E+000  0.000000000000E+000  0.000000000000E+000  0.000000000000E+000  0.000000000000E+000  0.000000000000E+000  0.000000000000E+000  0.000000000000E+000  0.000000000000E+000  0.000000000000E+000  0.000000000000E+000
   5.100000000000E+001  3.004913025264E-001  0.000000000000E+000  0.000000000000E+000  0.000000000000E+000  0.000000000000E+000  0.000000000000E+000  0.000000000000E+000  0.000000000000E+000  0.000000000000E+000  0.000000000000E+000  0.000000000000E+000  0.000000000000E+000  0.000000000000E+000
   5.125000000000E+001  4.838130050917E-001  0.000000000000E+000  0.000000000000E+000  0.000000000000E+000  0.000000000000E+000  0.000000000000E+000  0.000000000000E+000  0.000000000000E+000  0.000000000000E+000  0.000000000000E+000  0.000000000000E+000  0.000000000000E+000  0.000000000000E+000
   5.150000000000E+001  5.234677235106E-001  0.000000000000E+000  0.000000000000E+000  0.000000000000E+000  0.000000000000E+000  7.984427509482E-010  7.984427509482E-010  8.956389518748E-010  8.956389518748E-010  8.956389518748E-010  8.956389518748E-010  8.956805225914E-010  8.956805225914E-010
   5.175000000000E+001  4.857200823194E-001  0.000000000000E+000  0.000000000000E+000  0.000000000000E+000  0.000000000000E+000  0.000000000000E+000  0.000000000000E+000  0.000000000000E+000  0.000000000000E+000  0.000000000000E+000  0.000000000000E+000  0.000000000000E+000  0.000000000000E+000
   5.200000000000E+001  4.341639889888E-001  0.000000000000E+000  0.000000000000E+000  0.000000000000E+000  0.000000000000E+000  0.000000000000E+000  0.000000000000E+000  0.000000000000E+000  0.000000000000E+000  0.000000000000E+000  0.000000000000E+000  0.000000000000E+000  0.000000000000E+000
   5.225000000000E+001  5.367855576923E-001  0.000000000000E+000  0.000000000000E+000  0.000000000000E+000  0.000000000000E+000  0.000000000000E+000  0.000000000000E+000  0.000000000000E+000  0.000000000000E+000  0.000000000000E+000  0.000000000000E+000  0.000000000000E+000  0.000000000000E+000
   5.250000000000E+001  1.160184852134E-001  0.000000000000E+000  0.000000000000E+000  0.000000000000E+000  0.000000000000E+000  0.000000000000E+000  0.000000000000E+000  0.000000000000E+000  0.000000000000E+000  0.000000000000E+000  0.000000000000E+000  0.000000000000E+000  0.000000000000E+000
   5.275000000000E+001  1.633770786631E-001  0.000000000000E+000  0.000000000000E+000  0.000000000000E+000  0.000000000000E+000  0.000000000000E+000  0.000000000000E+000  0.000000000000E+000  0.000000000000E+000  0.000000000000E+000  0.000000000000E+000  0.000000000000E+000  0.000000000000E+000
   5.300000000000E+001  1.898841607106E-001  0.000000000000E+000  0.000000000000E+000  0.000000000000E+000  0.000000000000E+000  0.000000000000E+000  0.000000000000E+000  0.000000000000E+000  0.000000000000E+000  0.000000000000E+000  0.000000000000E+000  0.000000000000E+000  0.000000000000E+000
   5.325000000000E+001  3.002539572872E-001  0.000000000000E+000  0.000000000000E+000  0.000000000000E+000  0.000000000000E+000  0.000000000000E+000  0.000000000000E+000  0.000000000000E+000  0.000000000000E+000  0.000000000000E+000  0.000000000000E+000  0.000000000000E+000  0.000000000000E+000
   5.350000000000E+001  2.440106597454E-001  0.000000000000E+000  0.000000000000E+000  0.000000000000E+000  0.000000000000E+000  0.000000000000E+000  0.000000000000E+000  0.000000000000E+000  0.000000000000E+000  0.000000000000E+000  0.000000000000E+000  0.000000000000E+000  0.000000000000E+000
   5.375000000000E+001  6.373792640759E-001  0.000000000000E+000  0.000000000000E+000  0.000000000000E+000  0.000000000000E+000  0.000000000000E+000  0.000000000000E+000  0.000000000000E+000  0.000000000000E+000  0.000000000000E+000  0.000000000000E+000  0.000000000000E+000  0.000000000000E+000
   5.400000000000E+001  6.292631772754E-001  0.000000000000E+000  0.000000000000E+000  0.000000000000E+000  0.000000000000E+000  0.000000000000E+000  0.000000000000E+000  0.000000000000E+000  0.000000000000E+000  0.000000000000E+000  0.000000000000E+000  0.000000000000E+000  0.000000000000E+000
   5.425000000000E+001  8.635746046919E-001  0.000000000000E+000  0.000000000000E+000  0.000000000000E+000  0.000000000000E+000  0.000000000000E+000  0.000000000000E+000  0.000000000000E+000  0.000000000000E+000  0.000000000000E+000  0.000000000000E+000  0.000000000000E+000  0.000000000000E+000
   5.450000000000E+001  2.930819862112E-001  0.000000000000E+000  0.000000000000E+000  0.000000000000E+000  0.000000000000E+000  0.000000000000E+000  0.000000000000E+000  0.000000000000E+000  0.000000000000E+000  0.000000000000E+000  0.000000000000E+000  0.000000000000E+000  0.000000000000E+000
   5.475000000000E+001  7.024198862285E-002  0.000000000000E+000  0.000000000000E+000  0.000000000000E+000  0.000000000000E+000  0.000000000000E+000  0.000000000000E+000  0.000000000000E+000  0.000000000000E+000  0.000000000000E+000  0.000000000000E+000  0.000000000000E+000  0.000000000000E+000
   5.500000000000E+001  6.730503468817E-001  0.000000000000E+000  0.000000000000E+000  0.000000000000E+000  0.000000000000E+000  0.000000000000E+000  0.000000000000E+000  0.000000000000E+000  0.000000000000E+000  0.000000000000E+000  0.000000000000E+000  0.000000000000E+000  0.000000000000E+000
   5.525000000000E+001  8.125655409266E-001  0.000000000000E+000  0.000000000000E+000  0.000000000000E+000  0.000000000000E+000  0.000000000000E+000  0.000000000000E+000  0.000000000000E+000  0.000000000000E+000  0.000000000000E+000  0.000000000000E+000  0.000000000000E+000  0.000000000000E+000
   5.550000000000E+001  5.927014632056E-002  0.000000000000E+000  0.000000000000E+000  0.000000000000E+000  0.000000000000E+000  0.000000000000E+000  0.000000000000E+000  0.000000000000E+000  0.000000000000E+000  0.000000000000E+000  0.000000000000E+000  0.000000000000E+000  0.000000000000E+000
   5.575000000000E+001  2.086484943214E-001  0.000000000000E+000  0.000000000000E+000  0.000000000000E+000  0.000000000000E+000  0.000000000000E+000  0.000000000000E+000  0.000000000000E+000  0.000000000000E+000  0.000000000000E+000  0.000000000000E+000  0.000000000000E+000  0.000000000000E+000
   5.600000000000E+001  8.859046480162E-002  0.000000000000E+000  0.000000000000E+000  0.000000000000E+000  0.000000000000E+000  0.000000000000E+000  0.000000000000E+000  0.000000000000E+000  0.000000000000E+000  0.000000000000E+000  0.000000000000E+000  0.000000000000E+000  0.000000000000E+000
   5.625000000000E+001  3.840251092995E-002  0.000000000000E+000  0.000000000000E+000  0.000000000000E+000  0.000000000000E+000  0.000000000000E+000  0.000000000000E+000  0.000000000000E+000  0.000000000000E+000  0.000000000000E+000  0.000000000000E+000  0.000000000000E+000  0.000000000000E+000
   5.650000000000E+001  8.110677348174E-001  0.000000000000E+000  0.000000000000E+000  0.000000000000E+000  0.000000000000E+000  0.000000000000E+000  0.000000000000E+000  0.000000000000E+000  0.000000000000E+000  0.000000000000E+000  0.000000000000E+000  0.000000000000E+000  0.000000000000E+000
   5.675000000000E+001  3.221425858243E-001  0.000000000000E+000  0.000000000000E+000  0.000000000000E+000  0.000000000000E+000  0.000000000000E+000  0.000000000000E+000  0.000000000000E+000  0.000000000000E+000  0.000000000000E+000  0.000000000000E+000  0.000000000000E+000  0.000000000000E+000
   5.700000000000E+001  7.073914316149E-001  0.000000000000E+000  0.000000000000E+000  0.000000000000E+000  0.000000000000E+000  0.000000000000E+000  0.000000000000E+000  0.000000000000E+000  0.000000000000E+000  0.000000000000E+000  0.000000000000E+000  0.000000000000E+000  0.000000000000E+000
   5.725000000000E+001  1.422642763203E-001  0.000000000000E+000  0.000000000000E+000  0.000000000000E+000  0.000000000000E+000  0.000000000000E+000  0.000000000000E+000  0.000000000000E+000  0.000000000000E+000  0.000000000000E+000  0.000000000000E+000  0.000000000000E+000  0.000000000000E+000
   5.750000000000E+001  6.476027048408E-001  0.000000000000E+000  0.000000000000E+000  0.000000000000E+000  0.000000000000E+000  0.000000000000E+000  0.000000000000E+000  0.000000000000E+000  0.000000000000E+000  0.000000000000E+000  0.000000000000E+000  0.000000000000E+000  0.000000000000E+000
   5.775000000000E+001  1.285578296182E-001  0.000000000000E+000  0.000000000000E+000  0.000000000000E+000  0.000000000000E+000  0.000000000000E+000  0.000000000000E+000  0.000000000000E+000  0.000000000000E+000  0.000000000000E+000  0.000000000000E+000  0.000000000000E+000  0.000000000000E+000
   5.800000000000E+001  4.538928911001E-001  0.000000000000E+000  0.000000000000E+000  0.000000000000E+000  0.000000000000E+000  0.000000000000E+000  0.000000000000E+000  0.000000000000E+000  0.000000000000E+000  0.000000000000E+000  0.000000000000E+000  0.000000000000E+000  0.000000000000E+000
   5.825000000000E+001  7.954209361276E-001  0.000000000000E+000  0.000000000000E+000  0.000000000000E+000  0.000000000000E+000  0.000000000000E+000  0.000000000000E+000  0.000000000000E+000  0.000000000000E+000  0.000000000000E+000  0.000000000000E+000  0.000000000000E+000  0.000000000000E+000
   5.850000000000E+001  7.205191586372E-002  1.977917908725E-014  1.977917908725E-014  1.977917908725E-014  1.977917908725E-014  1.919072360156E-011  1.919072360156E-011  1.919072360156E-011  1.919072360156E-011  1.919072360156E-011  1.919072360156E-011  1.919256116685E-011  1.919256116685E-011
   5.875000000000E+001  9.431347680122E-001  1.574503350565E-012  1.574503350565E-012  1.574503350565E-012  1.574503350565E-012  3.243491135100E-010  3.243491135100E-010  3.243491135100E-010  3.243491135100E-010  3.243491135100E-010  3.243491135100E-010  3.243843775945E-010  3.243843775945E-010
   5.900000000000E+001  7.722119561574E-001  0.000000000000E+000  0.000000000000E+000  0.000000000000E+000  0.000000000000E+000  2.815095381865E-010  2.815095381865E-010  3.570458138095E-010  3.570458138095E-010  3.570458138095E-010  3.570458138095E-010  3.570818302728E-010  3.570818302728E-010
   5.925000000000E+001  8.981969698084E-001  0.000000000000E+000  0.000000000000E+000  0.000000000000E+000  0.000000000000E+000  7.010712573089E-010  7.010712573089E-010  8.099215511828E-010  8.099215511828E-010  8.099215511828E-010  8.099215511828E-010  8.099342543062E-010  8.099342543062E-010
   5.950000000000E+001  9.542966639228E-002  2.490149961053E-012  2.490149961053E-012  2.490149961053E-012  2.490149961053E-012  9.046824453308E-010  9.046824453308E-010  9.046824453308E-010  9.046824453308E-010  9.046824453308E-010  9.046824453308E-010  9.047044772516E-010  9.047044772516E-010
   5.975000000000E+001  5.472747089892E-001  0.000000000000E+000  0.000000000000E+000  1.148376685272E-013  1.148376685272E-013  1.374555991247E-009  1.374555991247E-009  1.390091587303E-009  1.390091587303E-009  1.390091587303E-009  1.390091587303E-009  1.390118621433E-009  1.390118621433E-009
   6.000000000000E+001  6.093488544201E-001  0.000000000000E+000  0.000000000000E+000  1.421224345264E-012  1.421224345264E-012  4.715317536201E-010  4.715317536201E-010  5.407377000778E-010  5.407377000778E-010  5.407377000778E-010  5.407377000778E-010  5.407510868028E-010  5.407510868028E-010
   6.025000000000E+001  6.294126298745E-001  3.768889911545E-012  3.768889911545E-012  3.768889911545E-012  3.768889911545E-012  1.864810097826E-009  1.864810097826E-009  1.864810097826E-009  1.864810097826E-009  1.864810097826E-009  1.864810097826E-009  1.864822060580E-009  1.864822060580E-009
   6.050000000000E+001  4.688919986858E-002  0.000000000000E+000  0.000000000000E+000  0.000000000000E+000  0.000000000000E+000  1.935876271045E-009  1.935876271045E-009  2.027469876356E-009  2.027469876356E-009  2.027469876356E-009  2.027469876356E-009  2.027492697924E-009  2.027492697924E-009
   6.075000000000E+001  4.460628535204E-001  0.000000000000E+000  0.000000000000E+000  0.000000000000E+000  0.000000000000E+000  0.000000000000E+000  0.000000000000E+000  0.000000000000E+000  0.000000000000E+000  0.000000000000E+000  0.000000000000E+000  0.000000000000E+000  0.000000000000E+000
   6.100000000000E+001  5.966884199150E-001  0.000000000000E+000  0.000000000000E+000  0.000000000000E+000  0.000000000000E+000  2.378752299604E-009  2.378752299604E-009  2.422603943789E-009  2.422603943789E-009  2.422603943789E-009  2.422603943789E-009  2.422624602535E-009  2.422624602535E-009
   6.125000000000E+001  4.299201586019E-001  0.000000000000E+000  0.000000000000E+000  1.017315636976E-015  1.017315636976E-015  6.372175284968E-010  6.372175284968E-010  6.891535791240E-010  6.891535791240E-010  6.891535791240E-010  6.891535791240E-010  6.891638974890E-010  6.891638974890E-010
   6.150000000000E+001  5.771289118826E-001  0.000000000000E+000  0.000000000000E+000  1.643487064885E-013  1.643487064885E-013  2.570607018746E-009  2.570607018746E-009  2.619562228589E-009  2.619562228589E-009  2.619562228589E-009  2.619562228589E-009  2.619586430642E-009  2.619586430642E-009
   6.175000000000E+001  2.052672549373E-001  0.000000000000E+000  0.000000000000E+000  0.000000000000E+000  0.000000000000E+000  1.536925738549E-009  1.536925738549E-009  1.580823710182E-009  1.580823710182E-009  1.580823710182E-009  1.580823710182E-009  1.580841381953E-009  1.580841381953E-009
   6.200000000000E+001  2.888802865310E-001  2.140466805308E-012  2.140466805308E-012  2.144856352035E-012  2.144856352035E-012  1.510187902995E-009  1.510187902995E-009  1.510187902995E-009  1.510187902995E-009  1.510187902995E-009  1.510187902995E-009  1.510204801658E-009  1.510204801658E-009
   6.225000000000E+001  5.191408838737E-001  4.243498512807E-012  4.243498512807E-012  4.575284216034E-012  4.575284216034E-012  2.462299797808E-009  2.462299797808E-009  2.462299797808E-009  2.462299797808E-009  2.462299797808E-009  2.462299797808E-009  2.462320858299E-009  2.462320858299E-009
   6.250000000000E+001  8.669280608599E-001  2.081304316270E-012  2.081304316270E-012  2.088364605936E-012  2.088364605936E-012  1.096189387485E-009  1.096189387485E-009  1.096189387485E-009  1.096189387485E-009  1.096189387485E-009  1.096189387485E-009  1.096191968492E-009  1.096191968492E-009
   6.275000000000E+001  2.962941714493E-001  0.000000000000E+000  0.000000000000E+000  0.000000000000E+000  0.000000000000E+000  2.456391520811E-009  2.456391520811E-009  2.487273459558E-009  2.487273459558E-009  2.487273459558E-009  2.487273459558E-009  2.487303685445E-009  2.487303685445E-009
   6.300000000000E+001  7.276934212325E-001  0.000000000000E+000  0.000000000000E+000  0.000000000000E+000  0.000000000000E+000  2.321197598845E-010  2.321197598845E-010  2.435971515983E-010  2.435971515983E-010  2.435971515983E-010  2.435971515983E-010  2.435977727373E-010  2.435977727373E-010
   6.325000000000E+001  9.765543718855E-001  0.000000000000E+000  0.000000000000E+000  3.055347152384E-013  3.055347152384E-013  3.265059825396E-009  3.265059825396E-009  3.302856332978E-009  3.302856332978E-009  3.302856332978E-009  3.302856332978E-009  3.302887577236E-009  3.302887577236E-009
   6.350000000000E+001  2.348063932539E-002  7.619091042075E-015  7.619091042075E-015  2.043827009016E-014  2.043827009016E-014  9.443104062244E-011  9.443104062244E-011  9.443104062244E-011  9.443104062244E-011  9.443104062244E-011  9.443104062244E-011  9.443240666438E-011  9.443240666438E-011
   6.375000000000E+001  5.000856679432E-001  6.960012959360E-014  6.960012959360E-014  3.632780201127E-013  3.632780201127E-013  3.323806129304E-009  3.323806129304E-009  3.323806129304E-009  3.323806129304E-009  3.323806129304E-009  3.323806129304E-009  3.323839331260E-009  3.323839331260E-009
   6.400000000000E+001  4.759819160488E-001  4.217994549950E-013  4.217994549950E-013  6.027734753115E-013  6.027734753115E-013  1.784826009100E-009  1.784826009100E-009  1.784826009100E-009  1.784826009100E-009  1.784826009100E-009  1.784826009100E-009  1.784826178194E-009  1.784826178194E-009
   6.425000000000E+001  7.507770144455E-001  3.702905039131E-013  3.702905039131E-013  5.457906623471E-013  5.457906623471E-013  1.845691232621E-009  1.845691232621E-009  1.874225178311E-009  1.874225178311E-009  1.874225178311E-009  1.874225178311E-009  1.874262428780E-009  1.874262428780E-009
   6.450000000000E+001  8.090957076164E-001  4.552921693384E-013  4.552921693384E-013  4.552921693384E-013  4.552921693384E-013  2.010322566440E-009  2.010322566440E-009  2.023944472806E-009  2.023944472806E-009  2.023944472806E-009  2.023944472806E-009  2.023945114459E-009  2.023945114459E-009
   6.475000000000E+001  8.834990580089E-001  6.450465150433E-013  6.450465150433E-013  7.372552940342E-013  7.372552940342E-013  1.848800729366E-009  1.848800729366E-009  1.859481729796E-009  1.859481729796E-009  1.859481729796E-009  1.859481729796E-009  1.859501698153E-009  1.859501698153E-009
   6.500000000000E+001  9.389605660977E-001  1.584356704051E-012  1.584356704051E-012  1.683962778556E-012  1.683962778556E-012  1.795354233697E-009  1.795354233697E-009  1.809997834812E-009  1.809997834812E-009  1.809997834812E-009  1.809997834812E-009  1.810003839159E-009  1.810003839159E-009
   6.525000000000E+001  4.306531658422E-001  9.880366532678E-013  9.880366532678E-013  1.084283359422E-012  1.084283359422E-012  1.840713771610E-009  1.840713771610E-009  1.846306711216E-009  1.846306711216E-009  1.846306711216E-009  1.846306711216E-009  1.846328795277E-009  1.846328795277E-009
   6.550000000000E+001  2.802969086101E-001  0.000000000000E+000  0.000000000000E+000  0.000000000000E+000  0.000000000000E+000  1.145432767357E-009  1.145432767357E-009  1.145432767357E-009  1.145432767357E-009  1.145432767357E-009  1.145432767357E-009  1.145436434139E-009  1.145436434139E-009
   6.575000000000E+001  9.870540061498E-001  8.088567154289E-013  8.088567154289E-013  8.663332968111E-013  8.663332968111E-013  2.720013817874E-009  2.720013817874E-009  2.720943697360E-009  2.720943697360E-009  2.720943697360E-009  2.720943697360E-009  2.720971578800E-009  2.720971578800E-009
   6.600000000000E+001  9.170612138464E-001  0.000000000000E+000  0.000000000000E+000  6.968256444191E-013  6.968256444191E-013  1.068940756495E-009  1.068940756495E-009  1.074523678090E-009  1.074523678090E-009  1.074523678090E-009  1.074523678090E-009  1.074525983484E-009  1.074525983484E-009
   6.625000000000E+001  9.724970039270E-001  1.694263509446E-012  1.694263509446E-012  1.694263509446E-012  1.694263509446E-012  3.857938466075E-009  3.857938466075E-009  3.857938466075E-009  3.857938466075E-009  3.857938466075E-009  3.857938466075E-009  3.857980658698E-009  3.857980658698E-009
   6.650000000000E+001  7.316498817831E-001  0.000000000000E+000  0.000000000000E+000  0.000000000000E+000  0.000000000000E+000  7.246638282796E-011  7.246638282796E-011  7.558104308664E-011  7.558104308664E-011  7.558104308664E-011  7.558104308664E-011  7.558104308664E-011  7.558104308664E-011
   6.675000000000E+001  2.133573438671E-001  1.323083746457E-012  1.323083746457E-012  1.323083746457E-012  1.323083746457E-012  3.221345622884E-009  3.221345622884E-009  3.221345622884E-009  3.221345622884E-009  3.221345622884E-009  3.221345622884E-009  3.221353808384E-009  3.221353808384E-009
   6.700000000000E+001  6.042392344029E-001  0.000000000000E+000  0.000000000000E+000  1.142762274131E-015  1.142762274131E-015  1.059732247655E-010  1.059732247655E-010  1.065012627743E-010  1.065012627743E-010  1.065012627743E-010  1.065012627743E-010  1.065115065352E-010  1.065115065352E-010
   6.725000000000E+001  5.129689060163E-001  0.000000000000E+000  0.000000000000E+000  3.485458667085E-013  3.485458667085E-013  1.878694154701E-009  1.878694154701E-009  1.909728390352E-009  1.909728390352E-009  1.909728390352E-009  1.909728390352E-009  1.909733158792E-009  1.909733158792E-009
   6.750000000000E+001  6.822040225320E-001  2.818287767679E-013  2.818287767679E-013  2.818287767679E-013  2.818287767679E-013  1.639203997017E-009  1.639203997017E-009  1.639203997017E-009  1.639203997017E-009  1.639203997017E-009  1.639203997017E-009  1.639224000161E-009  1.639224000161E-009
   6.775000000000E+001  2.049972943146E-001  2.851861151752E-013  2.851861151752E-013  2.851861151752E-013  2.851861151752E-013  1.446334483174E-009  1.446334483174E-009  1.446334483174E-009  1.446334483174E-009  1.446334483174E-009  1.446334483174E-009  1.446339375218E-009  1.446339375218E-009
   6.800000000000E+001  2.625612818253E-001  0.000000000000E+000  0.000000000000E+000  0.000000000000E+000  0.000000000000E+000  1.815783279604E-009  1.815783279604E-009  1.854891785537E-009  1.854891785537E-009  1.854891785537E-009  1.854891785537E-009  1.854901822405E-009  1.854901822405E-009
   6.825000000000E+001  2.245578468253E-001  6.163507419497E-014  6.163507419497E-014  6.163507419497E-014  6.163507419497E-014  1.760021520682E-009  1.760021520682E-009  1.760021520682E-009  1.760021520682E-009  1.760021520682E-009  1.760021520682E-009  1.760038050787E-009  1.760038050787E-009
   6.850000000000E+001  9.690574213722E-001  2.038953394239E-013  2.038953394239E-013  2.038953394239E-013  2.038953394239E-013  6.456471246261E-010  6.456471246261E-010  6.456471246261E-010  6.456471246261E-010  6.456471246261E-010  6.456471246261E-010  6.456534376180E-010  6.456534376180E-010
   6.875000000000E+001  6.894590964560E-001  9.318636123211E-013  9.318636123211E-013  9.627896528165E-013  9.627896528165E-013  2.636470594391E-009  2.636470594391E-009  2.636470594391E-009  2.636470594391E-009  2.636470594391E-009  2.636470594391E-009  2.636491749575E-009  2.636491749575E-009
   6.900000000000E+001  8.081220056351E-001  2.138983444905E-013  2.138983444905E-013  2.138983444905E-013  2.138983444905E-013  3.193742607658E-010  3.193742607658E-010  3.984742455863E-010  3.984742455863E-010  3.984742455863E-010  3.984742455863E-010  3.984812677730E-010  3.984812677730E-010
   6.925000000000E+001  4.282402453946E-001  1.699646534194E-013  1.699646534194E-013  2.802970708820E-013  2.802970708820E-013  2.568139624025E-009  2.568139624025E-009  2.568139624025E-009  2.568139624025E-009  2.568139624025E-009  2.568139624025E-009  2.568162544115E-009  2.568162544115E-009
   6.950000000000E+001  7.340944495043E-001  1.787802895929E-015  1.787802895929E-015  7.491606058456E-014  7.491606058456E-014  6.757450576483E-011  6.757450576483E-011  6.757450576483E-011  6.757450576483E-011  6.757450576483E-011  6.757450576483E-011  6.758064169864E-011  6.758064169864E-011
   6.975000000000E+001  6.265754323727E-001  9.499658139652E-014  9.499658139652E-014  9.499658139652E-014  9.499658139652E-014  1.174864643274E-009  1.174864643274E-009  1.174864643274E-009  1.174864643274E-009  1.174864643274E-009  1.174864643274E-009  1.174874190697E-009  1.174874190697E-009
   7.000000000000E+001  3.234366092328E-001  1.502204381685E-013  1.502204381685E-013  6.723160426569E-013  6.723160426569E-013  1.218242204277E-009  1.218242204277E-009  1.218242204277E-009  1.218242204277E-009  1.218242204277E-009  1.218242204277E-009  1.218244759899E-009  1.218244759899E-009
   7.025000000000E+001  8.077014473521E-001  4.187108536359E-013  4.187108536359E-013  4.187108536359E-013  4.187108536359E-013  1.216266487450E-009  1.216266487450E-009  1.289129336865E-009  1.289129336865E-009  1.289129336865E-009  1.289129336865E-009  1.289149163391E-009  1.289149163391E-009
   7.050000000000E+001  4.787379259675E-001  0.000000000000E+000  0.000000000000E+000  1.940686837099E-014  1.940686837099E-014  1.263942465206E-009  1.263942465206E-009  1.263942465206E-009  1.263942465206E-009  1.263942465206E-009  1.263942465206E-009  1.263947065802E-009  1.263947065802E-009
   7.075000000000E+001  5.260713248123E-001  1.053676986898E-012  1.053676986898E-012  1.074748642193E-012  1.074748642193E-012  9.394559425153E-010  9.394559425153E-010  1.023104237142E-009  1.023104237142E-009  1.023104237142E-009  1.023104237142E-009  1.023113140677E-009  1.023113140677E-009
   7.100000000000E+001  2.914274142922E-001  0.000000000000E+000  0.000000000000E+000  4.029494768529E-014  4.029494768529E-014  8.506376999382E-010  8.506376999382E-010  8.506376999382E-010  8.506376999382E-010  8.506376999382E-010  8.506376999382E-010  8.506477620882E-010  8.506477620882E-010
   7.125000000000E+001  9.428616679009E-001  0.000000000000E+000  0.000000000000E+000  5.630181475419E-014  5.630181475419E-014  8.147807725027E-010  8.147807725027E-010  8.147807725027E-010  8.147807725027E-010  8.147807725027E-010  8.147807725027E-010  8.147913566302E-010  8.147913566302E-010
   7.150000000000E+001  5.180760240352E-001  0.000000000000E+000  0.000000000000E+000  0.000000000000E+000  0.000000000000E+000  4.555409539027E-010  4.555409539027E-010  4.555409539027E-010  4.555409539027E-010  4.555409539027E-010  4.555409539027E-010  4.555467752528E-010  4.555467752528E-010
   7.175000000000E+001  4.320283824217E-001  0.000000000000E+000  0.000000000000E+000  8.286114551741E-014  8.286114551741E-014  9.974139532816E-010  9.974139532816E-010  9.974139532816E-010  9.974139532816E-010  9.974139532816E-010  9.974139532816E-010  9.974300670229E-010  9.974300670229E-010
   7.200000000000E+001  8.832024755293E-001  5.395375840490E-014  5.395375840490E-014  5.395375840490E-014  5.395375840490E-014  3.814501114261E-010  3.814501114261E-010  3.814501114261E-010  3.814501114261E-010  3.814501114261E-010  3.814501114261E-010  3.814561592659E-010  3.814561592659E-010
   7.225000000000E+001  4.331517963754E-001  0.000000000000E+000  0.000000000000E+000  1.463929141950E-013  1.463929141950E-013  5.590131990658E-010  5.590131990658E-010  5.601565973261E-010  5.601565973261E-010  5.601565973261E-010  5.601565973261E-010  5.601592371055E-010  5.601592371055E-010
   7.250000000000E+001  7.389834699284E-001  1.814856572305E-012  1.814856572305E-012  1.859547595506E-012  1.859547595506E-012  8.120717286907E-010  8.120717286907E-010  9.555958617138E-010  9.555958617138E-010  9.555958617138E-010  9.555958617138E-010  9.556169532875E-010  9.556169532875E-010
   7.275000000000E+001  6.139834589272E-001  2.273400022547E-014  2.273400022547E-014  2.003599577020E-013  2.003599577020E-013  4.430466087977E-010  4.430466087977E-010  4.449386873837E-010  4.449386873837E-010  4.449386873837E-010  4.449386873837E-010  4.449503165607E-010  4.449503165607E-010
   7.300000000000E+001  7.276488118107E-001  0.000000000000E+000  0.000000000000E+000  0.000000000000E+000  0.000000000000E+000  8.262787231719E-010  8.262787231719E-010  8.262787231719E-010  8.262787231719E-010  8.262787231719E-010  8.262787231719E-010  8.262865494995E-010  8.262865494995E-010
   7.325000000000E+001  7.321266975397E-001  7.338215409428E-015  7.338215409428E-015  7.338215409428E-015  7.338215409428E-015  1.922571116999E-010  1.922571116999E-010  1.946986068074E-010  1.946986068074E-010  1.946986068074E-010  1.946986068074E-010  1.947160084752E-010  1.947160084752E-010
   7.350000000000E+001  9.578403203825E-001  7.227633154701E-015  7.227633154701E-015  7.227633154701E-015  7.227633154701E-015  3.525779018842E-010  3.525779018842E-010  3.525779018842E-010  3.525779018842E-010  3.525779018842E-010  3.525779018842E-010  3.525806163412E-010  3.525806163412E-010
   7.375000000000E+001  3.672507271247E-001  9.383133208094E-014  9.383133208094E-014  9.388095291484E-014  9.388095291484E-014  1.589432245236E-010  1.589432245236E-010  1.589432245236E-010  1.589432245236E-010  1.589432245236E-010  1.589432245236E-010  1.589472399452E-010  1.589472399452E-010
   7.400000000000E+001  5.094780299373E-001  1.754995249446E-013  1.754995249446E-013  1.894446474934E-013  1.894446474934E-013  2.570219998308E-010  2.570219998308E-010  2.570219998308E-010  2.570219998308E-010  2.570219998308E-010  2.570219998308E-010  2.570285053271E-010  2.570285053271E-010
   7.425000000000E+001  3.841544662850E-001  9.155180708866E-013  9.155180708866E-013  9.602010319624E-013  9.602010319624E-013  2.567363434061E-010  2.567363434061E-010  3.877309007024E-010  3.877309007024E-010  3.877309007024E-010  3.877309007024E-010  3.877397188591E-010  3.877397188591E-010
   7.450000000000E+001  5.572092064483E-001  2.000723715385E-012  2.000723715385E-012  2.000723715385E-012  2.000723715385E-012  1.271648952671E-010  1.271648952671E-010  2.396787799595E-010  2.396787799595E-010  2.396787799595E-010  2.396787799595E-010  2.396860359300E-010  2.396860359300E-010
   7.475000000000E+001  1.975939305478E-001  0.000000000000E+000  0.000000000000E+000  0.000000000000E+000  0.000000000000E+000  1.385089754789E-010  1.385089754789E-010  1.385089754789E-010  1.385089754789E-010  1.385089754789E-010  1.385089754789E-010  1.385193018702E-010  1.385193018702E-010
   7.500000000000E+001  7.833612084322E-001  0.000000000000E+000  0.000000000000E+000  7.211564622800E-014  7.211564622800E-014  1.211458821769E-010  1.211458821769E-010  1.211458821769E-010  1.211458821769E-010  1.211458821769E-010  1.211458821769E-010  1.211592566572E-010  1.211592566572E-010
   7.525000000000E+001  8.890954780267E-001  0.000000000000E+000  0.000000000000E+000  0.000000000000E+000  0.000000000000E+000  0.000000000000E+000  0.000000000000E+000  0.000000000000E+000  0.000000000000E+000  0.000000000000E+000  0.000000000000E+000  0.000000000000E+000  0.000000000000E+000
   7.550000000000E+001  2.473887233194E-001  2.298716450708E-015  2.298716450708E-015  4.959215260000E-014  4.959215260000E-014  1.270318570637E-011  1.270318570637E-011  1.270318570637E-011  1.270318570637E-011  1.270318570637E-011  1.270318570637E-011  1.271791408499E-011  1.271791408499E-011
   7.575000000000E+001  5.760814575324E-001  0.000000000000E+000  0.000000000000E+000  0.000000000000E+000  0.000000000000E+000  0.000000000000E+000  0.000000000000E+000  0.000000000000E+000  0.000000000000E+000  0.000000000000E+000  0.000000000000E+000  0.000000000000E+000  0.000000000000E+000
   7.600000000000E+001  6.190101190544E-001  0.000000000000E+000  0.000000000000E+000  0.000000000000E+000  0.000000000000E+000  0.000000000000E+000  0.000000000000E+000  0.000000000000E+000  0.000000000000E+000  0.000000000000E+000  0.000000000000E+000  0.000000000000E+000  0.000000000000E+000
   7.625000000000E+001  3.829718630540E-001  0.000000000000E+000  0.000000000000E+000  0.000000000000E+000  0.000000000000E+000  0.000000000000E+000  0.000000000000E+000  0.000000000000E+000  0.000000000000E+000  0.000000000000E+000  0.000000000000E+000  0.000000000000E+000  0.000000000000E+000
   7.650000000000E+001  2.763000915225E-001  0.000000000000E+000  0.000000000000E+000  0.000000000000E+000  0.000000000000E+000  0.000000000000E+000  0.000000000000E+000  0.000000000000E+000  0.000000000000E+000  0.000000000000E+000  0.000000000000E+000  0.000000000000E+000  0.000000000000E+000
   7.675000000000E+001  8.418677698629E-001  0.000000000000E+000  0.000000000000E+000  0.000000000000E+000  0.000000000000E+000  0.000000000000E+000  0.000000000000E+000  0.000000000000E+000  0.000000000000E+000  0.000000000000E+000  0.000000000000E+000  0.000000000000E+000  0.000000000000E+000
   7.700000000000E+001  8.989544941164E-002  0.000000000000E+000  0.000000000000E+000  0.000000000000E+000  0.000000000000E+000  0.000000000000E+000  0.000000000000E+000  0.000000000000E+000  0.000000000000E+000  0.000000000000E+000  0.000000000000E+000  0.000000000000E+000  0.000000000000E+000
   7.725000000000E+001  8.216992369129E-001  0.000000000000E+000  0.000000000000E+000  0.000000000000E+000  0.000000000000E+000  0.000000000000E+000  0.000000000000E+000  0.000000000000E+000  0.000000000000E+000  0.000000000000E+000  0.000000000000E+000  0.000000000000E+000  0.000000000000E+000
   7.750000000000E+001  5.898512434854E-001  0.000000000000E+000  0.000000000000E+000  0.000000000000E+000  0.000000000000E+000  0.000000000000E+000  0.000000000000E+000  0.000000000000E+000  0.000000000000E+000  0.000000000000E+000  0.000000000000E+000  0.000000000000E+000  0.000000000000E+000
   7.775000000000E+001  4.430112413391E-001  0.000000000000E+000  0.000000000000E+000  0.000000000000E+000  0.000000000000E+000  0.000000000000E+000  0.000000000000E+000  0.000000000000E+000  0.000000000000E+000  0.000000000000E+000  0.000000000000E+000  0.000000000000E+000  0.000000000000E+000
   7.800000000000E+001  4.163096497703E-002  0.000000000000E+000  0.000000000000E+000  0.000000000000E+000  0.000000000000E+000  0.000000000000E+000  0.000000000000E+000  0.000000000000E+000  0.000000000000E+000  0.000000000000E+000  0.000000000000E+000  0.000000000000E+000  0.000000000000E+000
   7.825000000000E+001  8.960530223160E-001  0.000000000000E+000  0.000000000000E+000  0.000000000000E+000  0.000000000000E+000  0.000000000000E+000  0.000000000000E+000  0.000000000000E+000  0.000000000000E+000  0.000000000000E+000  0.000000000000E+000  0.000000000000E+000  0.000000000000E+000
   7.850000000000E+001  9.388266502881E-003  0.000000000000E+000  0.000000000000E+000  0.000000000000E+000  0.000000000000E+000  0.000000000000E+000  0.000000000000E+000  0.000000000000E+000  0.000000000000E+000  0.000000000000E+000  0.000000000000E+000  0.000000000000E+000  0.000000000000E+000
   7.875000000000E+001  6.406921131810E-001  0.000000000000E+000  0.000000000000E+000  0.000000000000E+000  0.000000000000E+000  0.000000000000E+000  0.000000000000E+000  0.000000000000E+000  0.000000000000E+000  0.000000000000E+000  0.000000000000E+000  0.000000000000E+000  0.000000000000E+000
   7.900000000000E+001  3.727099591309E-001  0.000000000000E+000  0.000000000000E+000  0.000000000000E+000  0.000000000000E+000  0.000000000000E+000  0.000000000000E+000  0.000000000000E+000  0.000000000000E+000  0.000000000000E+000  0.000000000000E+000  0.000000000000E+000  0.000000000000E+000
   7.925000000000E+001  2.264383883436E-001  4.655967727104E-013  4.655967727104E-013  4.656815758726E-013  4.656815758726E-013  4.656815758726E-013  4.656815758726E-013  6.415117630620E-011  6.415117630620E-011  6.415117630620E-011  6.415117630620E-011  6.415381879592E-011  6.415381879592E-011
   7.950000000000E+001  1.827694189434E-001  0.000000000000E+000  0.000000000000E+000  0.000000000000E+000  0.000000000000E+000  0.000000000000E+000  0.000000000000E+000  0.000000000000E+000  0.000000000000E+000  0.000000000000E+000  0.000000000000E+000  0.000000000000E+000  0.000000000000E+000
   7.975000000000E+001  6.374372500843E-001  0.000000000000E+000  0.000000000000E+000  0.000000000000E+000  0.000000000000E+000  0.000000000000E+000  0.000000000000E+000  0.000000000000E+000  0.000000000000E+000  0.000000000000E+000  0.000000000000E+000  0.000000000000E+000  0.000000000000E+000
   8.000000000000E+001  3.512589120572E-001  0.000000000000E+000  0.000000000000E+000  0.000000000000E+000  0.000000000000E+000  0.000000000000E+000  0.000000000000E+000  0.000000000000E+000  0.000000000000E+000  0.000000000000E+000  0.000000000000E+000  0.000000000000E+000  0.000000000000E+000
   8.025000000000E+001  4.363916013824E-001  0.000000000000E+000  0.000000000000E+000  0.000000000000E+000  0.000000000000E+000  0.000000000000E+000  0.000000000000E+000  0.000000000000E+000  0.000000000000E+000  0.000000000000E+000  0.000000000000E+000  0.000000000000E+000  0.000000000000E+000
   8.050000000000E+001  4.365541139185E-001  0.000000000000E+000  0.000000000000E+000  0.000000000000E+000  0.000000000000E+000  0.000000000000E+000  0.000000000000E+000  0.000000000000E+000  0.000000000000E+000  0.000000000000E+000  0.000000000000E+000  0.000000000000E+000  0.000000000000E+000
   8.075000000000E+001  5.066898791439E-001  0.000000000000E+000  0.000000000000E+000  0.000000000000E+000  0.000000000000E+000  0.000000000000E+000  0.000000000000E+000  0.000000000000E+000  0.000000000000E+000  0.000000000000E+000  0.000000000000E+000  0.000000000000E+000  0.000000000000E+000
   8.100000000000E+001  1.554002539297E-001  0.000000000000E+000  0.000000000000E+000  0.000000000000E+000  0.000000000000E+000  0.000000000000E+000  0.000000000000E+000  0.000000000000E+000  0.000000000000E+000  0.000000000000E+000  0.000000000000E+000  0.000000000000E+000  0.000000000000E+000
   8.125000000000E+001  5.818578169951E-001  0.000000000000E+000  0.000000000000E+000  0.000000000000E+000  0.000000000000E+000  0.000000000000E+000  0.000000000000E+000  0.000000000000E+000  0.000000000000E+000  0.000000000000E+000  0.000000000000E+000  0.000000000000E+000  0.000000000000E+000
   8.150000000000E+001  6.471406356464E-001  0.000000000000E+000  0.000000000000E+000  0.000000000000E+000  0.000000000000E+000  0.000000000000E+000  0.000000000000E+000  0.000000000000E+000  0.000000000000E+000  0.000000000000E+000  0.000000000000E+000  0.000000000000E+000  0.000000000000E+000
   8.175000000000E+001  5.045993602327E-001  0.000000000000E+000  0.000000000000E+000  0.000000000000E+000  0.000000000000E+000  0.000000000000E+000  0.000000000000E+000  0.000000000000E+000  0.000000000000E+000  0.000000000000E+000  0.000000000000E+000  0.000000000000E+000  0.000000000000E+000
   8.200000000000E+001  9.404665138291E-002  0.000000000000E+000  0.000000000000E+000  0.000000000000E+000  0.000000000000E+000  0.000000000000E+000  0.000000000000E+000  0.000000000000E+000  0.000000000000E+000  0.000000000000E+000  0.000000000000E+000  0.000000000000E+000  0.000000000000E+000
   8.225000000000E+001  1.882463167426E-001  0.000000000000E+000  0.000000000000E+000  0.000000000000E+000  0.000000000000E+000  0.000000000000E+000  0.000000000000E+000  0.000000000000E+000  0.000000000000E+000  0.000000000000E+000  0.000000000000E+000  0.000000000000E+000  0.000000000000E+000
   8.250000000000E+001  1.396581516000E-001  0.000000000000E+000  0.000000000000E+000  0.000000000000E+000  0.000000000000E+000  0.000000000000E+000  0.000000000000E+000  0.000000000000E+000  0.000000000000E+000  0.000000000000E+000  0.000000000000E+000  0.000000000000E+000  0.000000000000E+000
   8.275000000000E+001  3.309018551962E-001  0.000000000000E+000  0.000000000000E+000  0.000000000000E+000  0.000000000000E+000  0.000000000000E+000  0.000000000000E+000  0.000000000000E+000  0.000000000000E+000  0.000000000000E+000  0.000000000000E+000  0.000000000000E+000  0.000000000000E+000
   8.300000000000E+001  5.318961042031E-001  0.000000000000E+000  0.000000000000E+000  0.000000000000E+000  0.000000000000E+000  0.000000000000E+000  0.000000000000E+000  0.000000000000E+000  0.000000000000E+000  0.000000000000E+000  0.000000000000E+000  0.000000000000E+000  0.000000000000E+000
   8.325000000000E+001  2.011002977814E-001  0.000000000000E+000  0.000000000000E+000  0.000000000000E+000  0.000000000000E+000  0.000000000000E+000  0.000000000000E+000  0.000000000000E+000  0.000000000000E+000  0.000000000000E+000  0.000000000000E+000  0.000000000000E+000  0.000000000000E+000
   8.350000000000E+001  9.574670402262E-001  0.000000000000E+000  0.000000000000E+000  0.000000000000E+000  0.000000000000E+000  0.000000000000E+000  0.000000000000E+000  0.000000000000E+000  0.000000000000E+000  0.000000000000E+000  0.000000000000E+000  0.000000000000E+000  0.000000000000E+000
   8.375000000000E+001  6.544224473768E-001  0.000000000000E+000  0.000000000000E+000  0.000000000000E+000  0.000000000000E+000  0.000000000000E+000  0.000000000000E+000  0.000000000000E+000  0.000000000000E+000  0.000000000000E+000  0.000000000000E+000  0.000000000000E+000  0.000000000000E+000
   8.400000000000E+001  6.313341537786E-001  0.000000000000E+000  0.000000000000E+000  0.000000000000E+000  0.000000000000E+000  0.000000000000E+000  0.000000000000E+000  0.000000000000E+000  0.000000000000E+000  0.000000000000E+000  0.000000000000E+000  0.000000000000E+000  0.000000000000E+000
   8.425000000000E+001  3.880850896180E-001  0.000000000000E+000  0.000000000000E+000  0.000000000000E+000  0.000000000000E+000  0.000000000000E+000  0.000000000000E+000  0.000000000000E+000  0.000000000000E+000  0.000000000000E+000  0.000000000000E+000  0.000000000000E+000  0.000000000000E+000
   8.450000000000E+001  4.765129138267E-002  0.000000000000E+000  0.000000000000E+000  0.000000000000E+000  0.000000000000E+000  0.000000000000E+000  0.000000000000E+000  0.000000000000E+000  0.000000000000E+000  0.000000000000E+000  0.000000000000E+000  0.000000000000E+000  0.000000000000E+000
   8.475000000000E+001  2.418374328670E-001  0.000000000000E+000  0.000000000000E+000  0.000000000000E+000  0.000000000000E+000  0.000000000000E+000  0.000000000000E+000  0.000000000000E+000  0.000000000000E+000  0.000000000000E+000  0.000000000000E+000  0.000000000000E+000  0.000000000000E+000
   8.500000000000E+001  3.000889371650E-001  0.000000000000E+000  0.000000000000E+000  0.000000000000E+000  0.000000000000E+000  0.000000000000E+000  0.000000000000E+000  0.000000000000E+000  0.000000000000E+000  0.000000000000E+000  0.000000000000E+000  0.000000000000E+000  0.000000000000E+000
   8.525000000000E+001  3.191838521187E-001  0.000000000000E+000  0.000000000000E+000  0.000000000000E+000  0.000000000000E+000  0.000000000000E+000  0.000000000000E+000  0.000000000000E+000  0.000000000000E+000  0.000000000000E+000  0.000000000000E+000  0.000000000000E+000  0.000000000000E+000
   8.550000000000E+001  7.099927171829E-001  0.000000000000E+000  0.000000000000E+000  0.000000000000E+000  0.000000000000E+000  0.000000000000E+000  0.000000000000E+000  0.000000000000E+000  0.000000000000E+000  0.000000000000E+000  0.000000000000E+000  0.000000000000E+000  0.000000000000E+000
   8.575000000000E+001  8.998601755538E-001  0.000000000000E+000  0.000000000000E+000  0.000000000000E+000  0.000000000000E+000  0.000000000000E+000  0.000000000000E+000  0.000000000000E+000  0.000000000000E+000  0.000000000000E+000  0.000000000000E+000  0.000000000000E+000  0.000000000000E+000
   8.600000000000E+001  4.497300522528E-001  0.000000000000E+000  0.000000000000E+000  0.000000000000E+000  0.000000000000E+000  0.000000000000E+000  0.000000000000E+000  0.000000000000E+000  0.000000000000E+000  0.000000000000E+000  0.000000000000E+000  0.000000000000E+000  0.000000000000E+000
   8.625000000000E+001  4.365910413257E-001  0.000000000000E+000  0.000000000000E+000  0.000000000000E+000  0.000000000000E+000  0.000000000000E+000  0.000000000000E+000  0.000000000000E+000  0.000000000000E+000  0.000000000000E+000  0.000000000000E+000  0.000000000000E+000  0.000000000000E+000
   8.650000000000E+001  9.716292133501E-001  0.000000000000E+000  0.000000000000E+000  0.000000000000E+000  0.000000000000E+000  0.000000000000E+000  0.000000000000E+000  0.000000000000E+000  0.000000000000E+000  0.000000000000E+000  0.000000000000E+000  0.000000000000E+000  0.000000000000E+000
   8.675000000000E+001  5.728043823914E-001  0.000000000000E+000  0.000000000000E+000  0.000000000000E+000  0.000000000000E+000  0.000000000000E+000  0.000000000000E+000  0.000000000000E+000  0.000000000000E+000  0.000000000000E+000  0.000000000000E+000  0.000000000000E+000  0.000000000000E+000
   8.700000000000E+001  3.037170906625E-001  0.000000000000E+000  0.000000000000E+000  0.000000000000E+000  0.000000000000E+000  0.000000000000E+000  0.000000000000E+000  0.000000000000E+000  0.000000000000E+000  0.000000000000E+000  0.000000000000E+000  0.000000000000E+000  0.000000000000E+000
   8.725000000000E+001  4.714729213506E-001  0.000000000000E+000  0.000000000000E+000  0.000000000000E+000  0.000000000000E+000  0.000000000000E+000  0.000000000000E+000  0.000000000000E+000  0.000000000000E+000  0.000000000000E+000  0.000000000000E+000  0.000000000000E+000  0.000000000000E+000
   8.750000000000E+001  4.830722906911E-001  0.000000000000E+000  0.000000000000E+000  0.000000000000E+000  0.000000000000E+000  0.000000000000E+000  0.000000000000E+000  0.000000000000E+000  0.000000000000E+000  0.000000000000E+000  0.000000000000E+000  0.000000000000E+000  0.000000000000E+000
   8.775000000000E+001  7.824230322176E-001  0.000000000000E+000  0.000000000000E+000  0.000000000000E+000  0.000000000000E+000  0.000000000000E+000  0.000000000000E+000  0.000000000000E+000  0.000000000000E+000  0.000000000000E+000  0.000000000000E+000  0.000000000000E+000  0.000000000000E+000
   8.800000000000E+001  4.695305637597E-001  0.000000000000E+000  0.000000000000E+000  0.000000000000E+000  0.000000000000E+000  0.000000000000E+000  0.000000000000E+000  0.000000000000E+000  0.000000000000E+000  0.000000000000E+000  0.000000000000E+000  0.000000000000E+000  0.000000000000E+000
   8.825000000000E+001  5.529117202375E-001  0.000000000000E+000  0.000000000000E+000  0.000000000000E+000  0.000000000000E+000  0.000000000000E+000  0.000000000000E+000  0.000000000000E+000  0.000000000000E+000  0.000000000000E+000  0.000000000000E+000  0.000000000000E+000  0.000000000000E+000
   8.850000000000E+001  6.093166725672E-001  0.000000000000E+000  0.000000000000E+000  0.000000000000E+000  0.000000000000E+000  0.000000000000E+000  0.000000000000E+000  0.000000000000E+000  0.000000000000E+000  0.000000000000E+000  0.000000000000E+000  0.000000000000E+000  0.000000000000E+000
   8.875000000000E+001  9.496222993908E-001  0.000000000000E+000  0.000000000000E+000  0.000000000000E+000  0.000000000000E+000  0.000000000000E+000  0.000000000000E+000  0.000000000000E+000  0.000000000000E+000  0.000000000000E+000  0.000000000000E+000  0.000000000000E+000  0.000000000000E+000
   8.900000000000E+001  2.299780010004E-001  0.000000000000E+000  0.000000000000E+000  0.000000000000E+000  0.000000000000E+000  0.000000000000E+000  0.000000000000E+000  0.000000000000E+000  0.000000000000E+000  0.000000000000E+000  0.000000000000E+000  0.000000000000E+000  0.000000000000E+000
   8.925000000000E+001  6.828317465450E-001  0.000000000000E+000  0.000000000000E+000  0.000000000000E+000  0.000000000000E+000  0.000000000000E+000  0.000000000000E+000  0.000000000000E+000  0.000000000000E+000  0.000000000000E+000  0.000000000000E+000  0.000000000000E+000  0.000000000000E+000
   8.950000000000E+001  3.546525869265E-001  0.000000000000E+000  0.000000000000E+000  0.000000000000E+000  0.000000000000E+000  0.000000000000E+000  0.000000000000E+000  0.000000000000E+000  0.000000000000E+000  0.000000000000E+000  0.000000000000E+000  0.000000000000E+000  0.000000000000E+000
   8.975000000000E+001  9.373724123820E-001  0.000000000000E+000  0.000000000000E+000  0.000000000000E+000  0.000000000000E+000  0.000000000000E+000  0.000000000000E+000  0.000000000000E+000  0.000000000000E+000  0.000000000000E+000  0.000000000000E+000  0.000000000000E+000  0.000000000000E+000
   9.000000000000E+001  7.115203968618E-001  0.000000000000E+000  0.000000000000E+000  0.000000000000E+000  0.000000000000E+000  0.000000000000E+000  0.000000000000E+000  0.000000000000E+000  0.000000000000E+000  0.000000000000E+000  0.000000000000E+000  0.000000000000E+000  0.000000000000E+000
   9.025000000000E+001  6.775513359308E-001  0.000000000000E+000  0.000000000000E+000  0.000000000000E+000  0.000000000000E+000  0.000000000000E+000  0.000000000000E+000  0.000000000000E+000  0.000000000000E+000  0.000000000000E+000  0.000000000000E+000  0.000000000000E+000  0.000000000000E+000
   9.050000000000E+001  8.086750641174E-001  0.000000000000E+000  0.000000000000E+000  0.000000000000E+000  0.000000000000E+000  0.000000000000E+000  0.000000000000E+000  0.000000000000E+000  0.000000000000E+000  0.000000000000E+000  0.000000000000E+000  0.000000000000E+000  0.000000000000E+000
   9.075000000000E+001  3.330027639425E-001  0.000000000000E+000  0.000000000000E+000  0.000000000000E+000  0.000000000000E+000  0.000000000000E+000  0.000000000000E+000  0.000000000000E+000  0.000000000000E+000  0.000000000000E+000  0.000000000000E+000  0.000000000000E+000  0.000000000000E+000
   9.100000000000E+001  6.800734306715E-001  0.000000000000E+000  0.000000000000E+000  0.000000000000E+000  0.000000000000E+000  0.000000000000E+000  0.000000000000E+000  0.000000000000E+000  0.000000000000E+000  0.000000000000E+000  0.000000000000E+000  0.000000000000E+000  0.000000000000E+000
   9.125000000000E+001  8.425855900253E-001  0.000000000000E+000  0.000000000000E+000  0.000000000000E+000  0.000000000000E+000  0.000000000000E+000  0.000000000000E+000  0.000000000000E+000  0.000000000000E+000  0.000000000000E+000  0.000000000000E+000  0.000000000000E+000  0.000000000000E+000
   9.150000000000E+001  9.811159229813E-001  0.000000000000E+000  0.000000000000E+000  0.000000000000E+000  0.000000000000E+000  0.000000000000E+000  0.000000000000E+000  0.000000000000E+000  0.000000000000E+000  0.000000000000E+000  0.000000000000E+000  0.000000000000E+000  0.000000000000E+000
   9.175000000000E+001  6.833593119334E-001  0.000000000000E+000  0.000000000000E+000  0.000000000000E+000  0.000000000000E+000  0.000000000000E+000  0.000000000000E+000  0.000000000000E+000  0.000000000000E+000  0.000000000000E+000  0.000000000000E+000  0.000000000000E+000  0.000000000000E+000
   9.200000000000E+001  5.976382236924E-001  0.000000000000E+000  0.000000000000E+000  0.000000000000E+000  0.000000000000E+000  0.000000000000E+000  0.000000000000E+000  0.000000000000E+000  0.000000000000E+000  0.000000000000E+000  0.000000000000E+000  0.000000000000E+000  0.000000000000E+000
   9.225000000000E+001  9.712396932558E-001  0.000000000000E+000  0.000000000000E+000  0.000000000000E+000  0.000000000000E+000  0.000000000000E+000  0.000000000000E+000  0.000000000000E+000  0.000000000000E+000  0.000000000000E+000  0.000000000000E+000  0.000000000000E+000  0.000000000000E+000
   9.250000000000E+001  8.908613276310E-001  0.000000000000E+000  0.000000000000E+000  0.000000000000E+000  0.000000000000E+000  0.000000000000E+000  0.000000000000E+000  0.000000000000E+000  0.000000000000E+000  0.000000000000E+000  0.000000000000E+000  0.000000000000E+000  0.000000000000E+000
   9.275000000000E+001  2.600812861262E-001  7.947932513086E-015  7.947932513086E-015  1.100440374785E-014  1.100440374785E-014  9.705540090319E-012  9.705540090319E-012  1.715850258927E-011  1.715850258927E-011  1.715850258927E-011  1.715850258927E-011  1.715850258927E-011  1.715850258927E-011
   9.300000000000E+001  3.836886238370E-001  8.343970129511E-016  8.343970129511E-016  8.343970129511E-016  8.343970129511E-016  1.100541593471E-011  1.100541593471E-011  1.129143133870E-011  1.129143133870E-011  1.129143133870E-011  1.129143133870E-011  1.129338108001E-011  1.129338108001E-011
   9.325000000000E+001  3.417309918660E-001  1.207570591532E-013  1.207570591532E-013  1.207570591532E-013  1.207570591532E-013  2.920597994432E-011  2.920597994432E-011  3.649400765532E-011  3.649400765532E-011  3.649400765532E-011  3.649400765532E-011  3.649749203306E-011  3.649749203306E-011
   9.350000000000E+001  7.862819316024E-001  0.000000000000E+000  0.000000000000E+000  0.000000000000E+000  0.000000000000E+000  0.000000000000E+000  0.000000000000E+000  0.000000000000E+000  0.000000000000E+000  0.000000000000E+000  0.000000000000E+000  0.000000000000E+000  0.000000000000E+000
   9.375000000000E+001  3.244218801036E-001  0.000000000000E+000  0.000000000000E+000  2.316732485218E-016  2.316732485218E-016  2.586522320083E-011  2.586522320083E-011  3.897162756611E-011  3.897162756611E-011  3.897162756611E-011  3.897162756611E-011  3.897623172270E-011  3.897623172270E-011
   9.400000000000E+001  9.496563532021E-001  8.115064984971E-014  8.115064984971E-014  1.727802180352E-013  1.727802180352E-013  9.096430760521E-011  9.096430760521E-011  9.812229958952E-011  9.812229958952E-011  9.812229958952E-011  9.812229958952E-011  9.813334571739E-011  9.813334571739E-011
   9.425000000000E+001  1.076645539848E-001  2.277800534862E-015  2.277800534862E-015  2.277800534862E-015  2.277800534862E-015  5.026384530941E-012  5.026384530941E-012  5.207732563432E-012  5.207732563432E-012  5.207732563432E-012  5.207732563432E-012  5.209873827010E-012  5.209873827010E-012
   9.450000000000E+001  2.423013656380E-002  1.796168474677E-013  1.796168474677E-013  1.796168474677E-013  1.796168474677E-013  3.492471283221E-011  3.492471283221E-011  4.207676032526E-011  4.207676032526E-011  4.207676032526E-011  4.207676032526E-011  4.207676032526E-011  4.207676032526E-011
   9.475000000000E+001  7.163556413214E-001  2.514240902133E-013  2.514240902133E-013  3.432912822479E-013  3.432912822479E-013  1.019061712712E-010  1.019061712712E-010  1.087441305339E-010  1.087441305339E-010  1.087441305339E-010  1.087441305339E-010  1.087613981174E-010  1.087613981174E-010
   9.500000000000E+001  2.977147853494E-001  1.407106717498E-015  1.407106717498E-015  1.407106717498E-015  1.407106717498E-015  1.747833287774E-012  1.747833287774E-012  1.781090675015E-012  1.781090675015E-012  1.781090675015E-012  1.781090675015E-012  1.783243688339E-012  1.783243688339E-012
   9.525000000000E+001  8.598407665670E-001  1.805622519581E-013  1.805622519581E-013  1.810274656393E-013  1.810274656393E-013  2.661960230548E-011  2.661960230548E-011  3.109210259511E-011  3.109210259511E-011  3.109210259511E-011  3.109210259511E-011  3.110126584545E-011  3.110126584545E-011
   9.550000000000E+001  6.058140865034E-001  0.000000000000E+000  0.000000000000E+000  5.659570295346E-014  5.659570295346E-014  1.365939458131E-010  1.365939458131E-010  1.365939458131E-010  1.365939458131E-010  1.365939458131E-010  1.365939458131E-010  1.365939458131E-010  1.365939458131E-010
   9.575000000000E+001  6.980009965273E-001  6.256099097764E-017  6.256099097764E-017  6.800505976101E-014  6.800505976101E-014  4.218083004667E-011  4.218083004667E-011  4.218083995898E-011  4.218083995898E-011  4.218083995898E-011  4.218083995898E-011  4.218244547519E-011  4.218244547519E-011
   9.600000000000E+001  4.421335428866E-001  0.000000000000E+000  0.000000000000E+000  0.000000000000E+000  0.000000000000E+000  0.000000000000E+000  0.000000000000E+000  0.000000000000E+000  0.000000000000E+000  0.000000000000E+000  0.000000000000E+000  0.000000000000E+000  0.000000000000E+000
   9.625000000000E+001  7.804676710347E-001  0.000000000000E+000  0.000000000000E+000  6.231891256603E-014  6.231891256603E-014  1.425181834358E-010  1.425181834358E-010  1.549443714493E-010  1.549443714493E-010  1.549443714493E-010  1.549443714493E-010  1.549520823436E-010  1.549520823436E-010
   9.650000000000E+001  3.896896951476E-001  0.000000000000E+000  0.000000000000E+000  7.016912900399E-014  7.016912900399E-014  4.710395449513E-011  4.710395449513E-011  4.710396877517E-011  4.710396877517E-011  4.710396877517E-011  4.710396877517E-011  4.710400700965E-011  4.710400700965E-011
   9.675000000000E+001  5.973300536969E-001  4.166884563087E-016  4.166884563087E-016  4.438932144462E-014  4.438932144462E-014  1.121002481435E-011  1.121002481435E-011  1.121002481435E-011  1.121002481435E-011  1.121002481435E-011  1.121002481435E-011  1.121061455816E-011  1.121061455816E-011
   9.700000000000E+001  6.067540825224E-001  2.452996695482E-014  2.452996695482E-014  2.553648979652E-014  2.553648979652E-014  5.016998542676E-011  5.016998542676E-011  5.584637324519E-011  5.584637324519E-011  5.584637324519E-011  5.584637324519E-011  5.584755703731E-011  5.584755703731E-011
   9.725000000000E+001  3.519209883703E-001  0.000000000000E+000  0.000000000000E+000  0.000000000000E+000  0.000000000000E+000  5.577118333116E-011  5.577118333116E-011  5.577118333116E-011  5.577118333116E-011  5.577118333116E-011  5.577118333116E-011  5.577878216764E-011  5.577878216764E-011
   9.750000000000E+001  8.477320932118E-001  9.505812662931E-014  9.505812662931E-014  4.891137266043E-013  4.891137266043E-013  6.313875233459E-011  6.313875233459E-011  6.861582164435E-011  6.861582164435E-011  6.861582164435E-011  6.861582164435E-011  6.861600281736E-011  6.861600281736E-011
   9.775000000000E+001  9.120906659065E-001  0.000000000000E+000  0.000000000000E+000  0.000000000000E+000  0.000000000000E+000  3.134022262150E-011  3.134022262150E-011  3.134022262150E-011  3.134022262150E-011  3.134022262150E-011  3.134022262150E-011  3.134172245641E-011  3.134172245641E-011
   9.800000000000E+001  8.618567563863E-001  0.000000000000E+000  0.000000000000E+000  0.000000000000E+000  0.000000000000E+000  5.865419465348E-011  5.865419465348E-011  5.865419465348E-011  5.865419465348E-011  5.865419465348E-011  5.865419465348E-011  5.866218814790E-011  5.866218814790E-011
   9.825000000000E+001  6.927735097174E-001  1.320988731924E-013  1.320988731924E-013  1.320988731924E-013  1.320988731924E-013  1.038497697049E-010  1.038497697049E-010  1.087266626851E-010  1.087266626851E-010  1.087266626851E-010  1.087266626851E-010  1.087272655915E-010  1.087272655915E-010
   9.850000000000E+001  8.124840953672E-001  0.000000000000E+000  0.000000000000E+000  0.000000000000E+000  0.000000000000E+000  2.799575086821E-012  2.799575086821E-012  2.799575086821E-012  2.799575086821E-012  2.799575086821E-012  2.799575086821E-012  2.799833582343E-012  2.799833582343E-012
   9.875000000000E+001  3.058131858679E-002  0.000000000000E+000  0.000000000000E+000  0.000000000000E+000  0.000000000000E+000  0.000000000000E+000  0.000000000000E+000  0.000000000000E+000  0.000000000000E+000  0.000000000000E+000  0.000000000000E+000  0.000000000000E+000  0.000000000000E+000
   9.900000000000E+001  4.205610587949E-001  0.000000000000E+000  0.000000000000E+000  1.080544123045E-016  1.080544123045E-016  2.313524891364E-012  2.313524891364E-012  2.313524891364E-012  2.313524891364E-012  2.313524891364E-012  2.313524891364E-012  2.318760996756E-012  2.318760996756E-012
   9.925000000000E+001  7.807210373512E-001  1.438683687279E-013  1.438683687279E-013  1.450177308733E-013  1.450177308733E-013  5.692050024522E-011  5.692050024522E-011  6.122645149558E-011  6.122645149558E-011  6.122645149558E-011  6.122645149558E-011  6.122991032704E-011  6.122991032704E-011
   9.950000000000E+001  9.002791771310E-001  0.000000000000E+000  0.000000000000E+000  1.960565143917E-015  1.960565143917E-015  1.685737602986E-012  1.685737602986E-012  1.685737602986E-012  1.685737602986E-012  1.685737602986E-012  1.685737602986E-012  1.688748914389E-012  1.688748914389E-012
   9.975000000000E+001  1.000977472907E-001  0.000000000000E+000  0.000000000000E+000  0.000000000000E+000  0.000000000000E+000  4.803885592199E-011  4.803885592199E-011  4.803885592199E-011  4.803885592199E-011  4.803885592199E-011  4.803885592199E-011  4.803885592199E-011  4.803885592199E-011
   1.000000000000E+002  1.441190351034E-001  1.500822967017E-013  1.500822967017E-013  1.630224939586E-013  1.630224939586E-013  9.829434071772E-011  9.829434071772E-011  1.020168614677E-010  1.020168614677E-010  1.020168614677E-010  1.020168614677E-010  1.020273326592E-010  1.020273326592E-010
   1.002500000000E+002  5.794383432959E-001  4.208854249018E-013  4.208854249018E-013  4.286428102292E-013  4.286428102292E-013  5.294973511338E-011  5.294973511338E-011  5.294973511338E-011  5.294973511338E-011  5.294973511338E-011  5.294973511338E-011  5.296456596470E-011  5.296456596470E-011
   1.005000000000E+002  7.886320180417E-001  1.643904620233E-012  1.643904620233E-012  1.643994227602E-012  1.643994227602E-012  1.798966299661E-011  1.798966299661E-011  1.798966299661E-011  1.798966299661E-011  1.798966299661E-011  1.798966299661E-011  1.798966299661E-011  1.798966299661E-011
   1.007500000000E+002  9.248582220697E-002  0.000000000000E+000  0.000000000000E+000  0.000000000000E+000  0.000000000000E+000  0.000000000000E+000  0.000000000000E+000  0.000000000000E+000  0.000000000000E+000  0.000000000000E+000  0.000000000000E+000  0.000000000000E+000  0.000000000000E+000
   1.010000000000E+002  5.198678915337E-001  0.000000000000E+000  0.000000000000E+000  3.256792612167E-017  3.256792612167E-017  1.526049024999E-012  1.526049024999E-012  1.586433621162E-012  1.586433621162E-012  1.586433621162E-012  1.586433621162E-012  1.588349920770E-012  1.588349920770E-012
   1.012500000000E+002  8.362503983459E-001  0.000000000000E+000  0.000000000000E+000  2.219542330579E-017  2.219542330579E-017  1.908149600412E-012  1.908149600412E-012  1.964768614496E-012  1.964768614496E-012  1.964768614496E-012  1.964768614496E-012  1.965196719850E-012  1.965196719850E-012
   1.015000000000E+002  1.312768469372E-001  0.000000000000E+000  0.000000000000E+000  0.000000000000E+000  0.000000000000E+000  4.383294073897E-011  4.383294073897E-011  4.655428122401E-011  4.655428122401E-011  4.655428122401E-011  4.655428122401E-011  4.655444296774E-011  4.655444296774E-011
   1.017500000000E+002  2.894589694236E-001  0.000000000000E+000  0.000000000000E+000  1.510360413283E-014  1.510360413283E-014  8.320558076563E-011  8.320558076563E-011  8.567488161583E-011  8.567488161583E-011  8.567488161583E-011  8.567488161583E-011  8.567818880244E-011  8.567818880244E-011
   1.020000000000E+002  6.135128667339E-001  0.000000000000E+000  0.000000000000E+000  3.022273756900E-014  3.022273756900E-014  4.274600094542E-011  4.274600094542E-011  4.277135175165E-011  4.277135175165E-011  4.277135175165E-011  4.277135175165E-011  4.278085825294E-011  4.278085825294E-011
   1.022500000000E+002  5.611258026658E-001  0.000000000000E+000  0.000000000000E+000  0.000000000000E+000  0.000000000000E+000  1.374784038813E-012  1.374784038813E-012  1.379152212413E-012  1.379152212413E-012  1.379152212413E-012  1.379152212413E-012  1.380939066450E-012  1.380939066450E-012
   1.025000000000E+002  9.165297490102E-001  0.000000000000E+000  0.000000000000E+000  0.000000000000E+000  0.000000000000E+000  0.000000000000E+000  0.000000000000E+000  0.000000000000E+000  0.000000000000E+000  0.000000000000E+000  0.000000000000E+000  0.000000000000E+000  0.000000000000E+000
   1.027500000000E+002  3.143123610488E-001  0.000000000000E+000  0.000000000000E+000  0.000000000000E+000  0.000000000000E+000  2.540122588090E-013  2.540122588090E-013  2.574799751118E-013  2.574799751118E-013  2.574799751118E-013  2.574799751118E-013  2.579750794247E-013  2.579750794247E-013
   1.030000000000E+002  5.703146790512E-001  1.977530171199E-017  1.977530171199E-017  1.977530171199E-017  1.977530171199E-017  3.697901421236E-012  3.697901421236E-012  3.700127648547E-012  3.700127648547E-012  3.700127648547E-012  3.700127648547E-012  3.700127648547E-012  3.700127648547E-012
   1.032500000000E+002  9.029396189143E-001  3.913579650762E-017  3.913579650762E-017  3.913579650762E-017  3.913579650762E-017  7.195893489400E-013  7.195893489400E-013  7.215654701352E-013  7.215654701352E-013  7.215654701352E-013  7.215654701352E-013  7.215654701352E-013  7.215654701352E-013
   1.035000000000E+002  4.046355687985E-001  1.344959607483E-013  1.344959607483E-013  1.344959607483E-013  1.344959607483E-013  2.855435121049E-011  2.855435121049E-011  2.981490174083E-011  2.981490174083E-011  2.981490174083E-011  2.981490174083E-011  2.982257796103E-011  2.982257796103E-011
   1.037500000000E+002  6.015302516194E-001  2.317839847551E-013  2.317839847551E-013  2.613552245491E-013  2.613552245491E-013  5.869385757897E-011  5.869385757897E-011  5.982369720538E-011  5.982369720538E-011  5.982369720538E-011  5.982369720538E-011  5.983073704227E-011  5.983073704227E-011
   1.040000000000E+002  1.682850645409E-001  0.000000000000E+000  0.000000000000E+000  1.638428868333E-015  1.638428868333E-015  3.305785689059E-013  3.305785689059E-013  3.305785689059E-013  3.305785689059E-013  3.305785689059E-013  3.305785689059E-013  3.305785689059E-013  3.305785689059E-013
   1.042500000000E+002  5.052773295662E-001  0.000000000000E+000  0.000000000000E+000  0.000000000000E+000  0.000000000000E+000  3.696988358007E-011  3.696988358007E-011  3.696988358007E-011  3.696988358007E-011  3.696988358007E-011  3.696988358007E-011  3.697193904997E-011  3.697193904997E-011
   1.045000000000E+002  8.384273412015E-001  0.000000000000E+000  0.000000000000E+000  0.000000000000E+000  0.000000000000E+000  0.000000000000E+000  0.000000000000E+000  0.000000000000E+000  0.000000000000E+000  0.000000000000E+000  0.000000000000E+000  0.000000000000E+000  0.000000000000E+000
   1.047500000000E+002  4.489418105968E-001  1.965702926631E-013  1.965702926631E-013  1.973027077075E-013  1.973027077075E-013  1.083230932103E-012  1.083230932103E-012  1.500272742024E-012  1.500272742024E-012  1.500272742024E-012  1.500272742024E-012  1.500715888664E-012  1.500715888664E-012
   1.050000000000E+002  5.295718619663E-001  0.000000000000E+000  0.000000000000E+000  0.000000000000E+000  0.000000000000E+000  0.000000000000E+000  0.000000000000E+000  0.000000000000E+000  0.000000000000E+000  0.000000000000E+000  0.000000000000E+000  0.000000000000E+000  0.000000000000E+000
   1.052500000000E+002  3.166743269736E-001  0.000000000000E+000  0.000000000000E+000  5.249232951824E-016  5.249232951824E-016  4.287514604579E-012  4.287514604579E-012  4.287514604579E-012  4.287514604579E-012  4.287514604579E-012  4.287514604579E-012  4.291384631263E-012  4.291384631263E-012
   1.055000000000E+002  9.255867743282E-001  2.362656907171E-013  2.362656907171E-013  2.897936859531E-013  2.897936859531E-013  5.104353627224E-011  5.104353627224E-011  5.117065819338E-011  5.117065819338E-011  5.117065819338E-011  5.117065819338E-011  5.117239635504E-011  5.117239635504E-011
   1.057500000000E+002  1.283030490883E-001  0.000000000000E+000  0.000000000000E+000  3.130642730965E-013  3.130642730965E-013  5.434264496262E-012  5.434264496262E-012  5.434264496262E-012  5.434264496262E-012  5.434264496262E-012  5.434264496262E-012  5.435391265661E-012  5.435391265661E-012
   1.060000000000E+002  5.032926019187E-002  2.542245661691E-013  2.542245661691E-013  2.565823875007E-013  2.565823875007E-013  1.645246368363E-011  1.645246368363E-011  1.645246368363E-011  1.645246368363E-011  1.645246368363E-011  1.645246368363E-011  1.645455650158E-011  1.645455650158E-011
   1.062500000000E+002  6.484317910470E-001  0.000000000000E+000  0.000000000000E+000  2.948751916631E-015  2.948751916631E-015  7.708577222604E-013  7.708577222604E-013  7.797172280446E-013  7.797172280446E-013  7.797172280446E-013  7.797172280446E-013  7.803846038494E-013  7.803846038494E-013
   1.065000000000E+002  9.572704864517E-001  0.000000000000E+000  0.000000000000E+000  0.000000000000E+000  0.000000000000E+000  1.616241456327E-011  1.616241456327E-011  1.617587817756E-011  1.617587817756E-011  1.617587817756E-011  1.617587817756E-011  1.617703037690E-011  1.617703037690E-011
   1.067500000000E+002  4.170026222454E-001  0.000000000000E+000  0.000000000000E+000  0.000000000000E+000  0.000000000000E+000  0.000000000000E+000  0.000000000000E+000  0.000000000000E+000  0.000000000000E+000  0.000000000000E+000  0.000000000000E+000  0.000000000000E+000  0.000000000000E+000
   1.070000000000E+002  2.290574202639E-001  8.002561818771E-013  8.002561818771E-013  8.009327219631E-013  8.009327219631E-013  3.124262189320E-012  3.124262189320E-012  5.074650232099E-012  5.074650232099E-012  5.074650232099E-012  5.074650232099E-012  5.077534164429E-012  5.077534164429E-012
   1.072500000000E+002  1.304854550824E-002  1.205498666052E-014  1.205498666052E-014  1.243891909245E-014  1.243891909245E-014  3.614925649957E-013  3.614925649957E-013  3.930622799201E-013  3.930622799201E-013  3.930622799201E-013  3.930622799201E-013  3.936276806407E-013  3.936276806407E-013
   1.075000000000E+002  3.541692202466E-001  1.338043715786E-014  1.338043715786E-014  1.419240210385E-014  1.419240210385E-014  4.222368162452E-013  4.222368162452E-013  4.611067779084E-013  4.611067779084E-013  4.611067779084E-013  4.611067779084E-013  4.615841634151E-013  4.615841634151E-013
   1.077500000000E+002  9.621966275325E-001  0.000000000000E+000  0.000000000000E+000  0.000000000000E+000  0.000000000000E+000  1.513172659585E-011  1.513172659585E-011  1.513172659585E-011  1.513172659585E-011  1.513172659585E-011  1.513172659585E-011  1.513428937168E-011  1.513428937168E-011
   1.080000000000E+002  9.102819829127E-001  0.000000000000E+000  0.000000000000E+000  0.000000000000E+000  0.000000000000E+000  0.000000000000E+000  0.000000000000E+000  0.000000000000E+000  0.000000000000E+000  0.000000000000E+000  0.000000000000E+000  0.000000000000E+000  0.000000000000E+000
   1.082500000000E+002  8.646677455384E-001  0.000000000000E+000  0.000000000000E+000  0.000000000000E+000  0.000000000000E+000  0.000000000000E+000  0.000000000000E+000  0.000000000000E+000  0.000000000000E+000  0.000000000000E+000  0.000000000000E+000  0.000000000000E+000  0.000000000000E+000
   1.085000000000E+002  8.711403175476E-001  9.886692511887E-013  9.886692511887E-013  9.887653937462E-013  9.887653937462E-013  6.026250070896E-012  6.026250070896E-012  8.907592022124E-012  8.907592022124E-012  8.907592022124E-012  8.907592022124E-012  8.908189618952E-012  8.908189618952E-012
   1.087500000000E+002  3.537484351865E-002  0.000000000000E+000  0.000000000000E+000  2.403935320282E-017  2.403935320282E-017  1.515203920376E-013  1.515203920376E-013  1.515203920376E-013  1.515203920376E-013  1.515203920376E-013  1.515203920376E-013  1.518152316933E-013  1.518152316933E-013
   1.090000000000E+002  7.389638809543E-001  0.000000000000E+000  0.000000000000E+000  1.283971091747E-014  1.283971091747E-014  2.905042131462E-012  2.905042131462E-012  2.905042131462E-012  2.905042131462E-012  2.905042131462E-012  2.905042131462E-012  2.922869794136E-012  2.922869794136E-012
   1.092500000000E+002  3.984288474854E-001  0.000000000000E+000  0.000000000000E+000  0.000000000000E+000  0.000000000000E+000  0.000000000000E+000  0.000000000000E+000  0.000000000000E+000  0.000000000000E+000  0.000000000000E+000  0.000000000000E+000  0.000000000000E+000  0.000000000000E+000
   1.095000000000E+002  5.342082965224E-001  0.000000000000E+000  0.000000000000E+000  0.000000000000E+000  0.000000000000E+000  0.000000000000E+000  0.000000000000E+000  0.000000000000E+000  0.000000000000E+000  0.000000000000E+000  0.000000000000E+000  0.000000000000E+000  0.000000000000E+000
   1.097500000000E+002  5.808358613267E-001  0.000000000000E+000  0.000000000000E+000  0.000000000000E+000  0.000000000000E+000  0.000000000000E+000  0.000000000000E+000  0.000000000000E+000  0.000000000000E+000  0.000000000000E+000  0.000000000000E+000  0.000000000000E+000  0.000000000000E+000
   1.100000000000E+002  5.951033363043E-001  0.000000000000E+000  0.000000000000E+000  0.000000000000E+000  0.000000000000E+000  0.000000000000E+000  0.000000000000E+000  0.000000000000E+000  0.000000000000E+000  0.000000000000E+000  0.000000000000E+000  0.000000000000E+000  0.000000000000E+000
   1.102500000000E+002  3.642269153890E-001  0.000000000000E+000  0.000000000000E+000  0.000000000000E+000  0.000000000000E+000  0.000000000000E+000  0.000000000000E+000  0.000000000000E+000  0.000000000000E+000  0.000000000000E+000  0.000000000000E+000  0.000000000000E+000  0.000000000000E+000
   1.105000000000E+002  1.689505862821E-001  0.000000000000E+000  0.000000000000E+000  0.000000000000E+000  0.000000000000E+000  0.000000000000E+000  0.000000000000E+000  0.000000000000E+000  0.000000000000E+000  0.000000000000E+000  0.000000000000E+000  0.000000000000E+000  0.000000000000E+000
   1.107500000000E+002  8.711773357587E-001  0.000000000000E+000  0.000000000000E+000  0.000000000000E+000  0.000000000000E+000  0.000000000000E+000  0.000000000000E+000  0.000000000000E+000  0.000000000000E+000  0.000000000000E+000  0.000000000000E+000  0.000000000000E+000  0.000000000000E+000
   1.110000000000E+002  7.480102654457E-002  0.000000000000E+000  0.000000000000E+000  0.000000000000E+000  0.000000000000E+000  0.000000000000E+000  0.000000000000E+000  7.720575673041E-013  7.720575673041E-013  7.720575673041E-013  7.720575673041E-013  7.722683398771E-013  7.722683398771E-013
   1.112500000000E+002  5.196785629600E-001  0.000000000000E+000  0.000000000000E+000  0.000000000000E+000  0.000000000000E+000  0.000000000000E+000  0.000000000000E+000  0.000000000000E+000  0.000000000000E+000  0.000000000000E+000  0.000000000000E+000  0.000000000000E+000  0.000000000000E+000
   1.115000000000E+002  1.924233820084E-002  4.925055569962E-015  4.925055569962E-015  4.925055569962E-015  4.925055569962E-015  1.645628239408E-013  1.645628239408E-013  1.645628239408E-013  1.645628239408E-013  1.645628239408E-013  1.645628239408E-013  1.651912621754E-013  1.651912621754E-013
   1.117500000000E+002  1.161472782830E-001  0.000000000000E+000  0.000000000000E+000  0.000000000000E+000  0.000000000000E+000  0.000000000000E+000  0.000000000000E+000  0.000000000000E+000  0.000000000000E+000  0.000000000000E+000  0.000000000000E+000  0.000000000000E+000  0.000000000000E+000
   1.120000000000E+002  6.305963888768E-001  0.000000000000E+000  0.000000000000E+000  0.000000000000E+000  0.000000000000E+000  0.000000000000E+000  0.000000000000E+000  0.000000000000E+000  0.000000000000E+000  0.000000000000E+000  0.000000000000E+000  0.000000000000E+000  0.000000000000E+000
   1.122500000000E+002  2.433606855039E-001  0.000000000000E+000  0.000000000000E+000  0.000000000000E+000  0.000000000000E+000  0.000000000000E+000  0.000000000000E+000  0.000000000000E+000  0.000000000000E+000  0.000000000000E+000  0.000000000000E+000  0.000000000000E+000  0.000000000000E+000
   1.125000000000E+002  1.571549216091E-001  4.239785671610E-015  4.239785671610E-015  6.530948478308E-015  6.530948478308E-015  2.677559813627E-013  2.677559813627E-013  2.677559813627E-013  2.677559813627E-013  2.677559813627E-013  2.677559813627E-013  2.681874936437E-013  2.681874936437E-013
   1.127500000000E+002  1.093162336815E-001  3.636504506718E-015  3.636504506718E-015  5.535332675304E-015  5.535332675304E-015  3.185808319528E-013  3.185808319528E-013  3.185808319528E-013  3.185808319528E-013  3.185808319528E-013  3.185808319528E-013  3.185808319528E-013  3.185808319528E-013
   1.130000000000E+002  6.184146392929E-001  0.000000000000E+000  0.000000000000E+000  0.000000000000E+000  0.000000000000E+000  0.000000000000E+000  0.000000000000E+000  0.000000000000E+000  0.000000000000E+000  0.000000000000E+000  0.000000000000E+000  0.000000000000E+000  0.000000000000E+000
   1.132500000000E+002  4.876073838429E-001  9.323622404976E-016  9.323622404976E-016  9.323622404976E-016  9.323622404976E-016  3.111465270887E-013  3.111465270887E-013  3.111465270887E-013  3.111465270887E-013  3.111465270887E-013  3.111465270887E-013  3.123850214152E-013  3.123850214152E-013
   1.135000000000E+002  7.703721772328E-001  7.340293095094E-016  7.340293095094E-016  7.340293095094E-016  7.340293095094E-016  3.217297245418E-013  3.217297245418E-013  3.217297245418E-013  3.217297245418E-013  3.217297245418E-013  3.217297245418E-013  3.226725732148E-013  3.226725732148E-013
   1.137500000000E+002  6.144762003005E-001  0.000000000000E+000  0.000000000000E+000  0.000000000000E+000  0.000000000000E+000  0.000000000000E+000  0.000000000000E+000  0.000000000000E+000  0.000000000000E+000  0.000000000000E+000  0.000000000000E+000  0.000000000000E+000  0.000000000000E+000
   1.140000000000E+002  8.916714819111E-001  0.000000000000E+000  0.000000000000E+000  0.000000000000E+000  0.000000000000E+000  0.000000000000E+000  0.000000000000E+000  0.000000000000E+000  0.000000000000E+000  0.000000000000E+000  0.000000000000E+000  0.000000000000E+000  0.000000000000E+000
   1.142500000000E+002  6.344795575974E-001  0.000000000000E+000  0.000000000000E+000  0.000000000000E+000  0.000000000000E+000  0.000000000000E+000  0.000000000000E+000  0.000000000000E+000  0.000000000000E+000  0.000000000000E+000  0.000000000000E+000  0.000000000000E+000  0.000000000000E+000
   1.145000000000E+002  4.045688241666E-002  0.000000000000E+000  0.000000000000E+000  0.000000000000E+000  0.000000000000E+000  0.000000000000E+000  0.000000000000E+000  0.000000000000E+000  0.000000000000E+000  0.000000000000E+000  0.000000000000E+000  0.000000000000E+000  0.000000000000E+000
   1.147500000000E+002  8.645366413917E-001  5.169696557269E-013  5.169696557269E-013  5.169696557269E-013  5.169696557269E-013  5.169696557269E-013  5.169696557269E-013  5.590927053542E-012  5.590927053542E-012  5.590927053542E-012  5.590927053542E-012  5.592302781101E-012  5.592302781101E-012
   1.150000000000E+002  7.264918669834E-001  0.000000000000E+000  0.000000000000E+000  0.000000000000E+000  0.000000000000E+000  0.000000000000E+000  0.000000000000E+000  0.000000000000E+000  0.000000000000E+000  0.000000000000E+000  0.000000000000E+000  0.000000000000E+000  0.000000000000E+000
   1.152500000000E+002  7.190938140838E-001  0.000000000000E+000  0.000000000000E+000  0.000000000000E+000  0.000000000000E+000  0.000000000000E+000  0.000000000000E+000  0.000000000000E+000  0.000000000000E+000  0.000000000000E+000  0.000000000000E+000  0.000000000000E+000  0.000000000000E+000
   1.155000000000E+002  3.642549086184E-001  0.000000000000E+000  0.000000000000E+000  0.000000000000E+000  0.000000000000E+000  0.000000000000E+000  0.000000000000E+000  0.000000000000E+000  0.000000000000E+000  0.000000000000E+000  0.000000000000E+000  0.000000000000E+000  0.000000000000E+000
   1.157500000000E+002  8.971722387986E-001  0.000000000000E+000  0.000000000000E+000  0.000000000000E+000  0.000000000000E+000  3.959385200068E-013  3.959385200068E-013  3.959385200068E-013  3.959385200068E-013  3.959385200068E-013  3.959385200068E-013  3.961616792881E-013  3.961616792881E-013
   1.160000000000E+002  6.261095815428E-001  0.000000000000E+000  0.000000000000E+000  0.000000000000E+000  0.000000000000E+000  0.000000000000E+000  0.000000000000E+000  0.000000000000E+000  0.000000000000E+000  0.000000000000E+000  0.000000000000E+000  0.000000000000E+000  0.000000000000E+000
   1.162500000000E+002  4.592467863280E-001  0.000000000000E+000  0.000000000000E+000  2.751759895367E-016  2.751759895367E-016  4.187607308849E-013  4.187607308849E-013  4.187607308849E-013  4.187607308849E-013  4.187607308849E-013  4.187607308849E-013  4.187936794542E-013  4.187936794542E-013
   1.165000000000E+002  1.280927610993E-001  0.000000000000E+000  0.000000000000E+000  0.000000000000E+000  0.000000000000E+000  0.000000000000E+000  0.000000000000E+000  0.000000000000E+000  0.000000000000E+000  0.000000000000E+000  0.000000000000E+000  0.000000000000E+000  0.000000000000E+000
   1.167500000000E+002  8.711281991777E-001  0.000000000000E+000  0.000000000000E+000  0.000000000000E+000  0.000000000000E+000  0.000000000000E+000  0.000000000000E+000  0.000000000000E+000  0.000000000000E+000  0.000000000000E+000  0.000000000000E+000  0.000000000000E+000  0.000000000000E+000
   1.170000000000E+002  3.150366324829E-002  0.000000000000E+000  0.000000000000E+000  0.000000000000E+000  0.000000000000E+000  0.000000000000E+000  0.000000000000E+000  0.000000000000E+000  0.000000000000E+000  0.000000000000E+000  0.000000000000E+000  0.000000000000E+000  0.000000000000E+000
   1.172500000000E+002  6.463029365687E-001  0.000000000000E+000  0.000000000000E+000  0.000000000000E+000  0.000000000000E+000  0.000000000000E+000  0.000000000000E+000  0.000000000000E+000  0.000000000000E+000  0.000000000000E+000  0.000000000000E+000  0.000000000000E+000  0.000000000000E+000
   1.175000000000E+002  4.712124681347E-001  0.000000000000E+000  0.000000000000E+000  0.000000000000E+000  0.000000000000E+000  0.000000000000E+000  0.000000000000E+000  0.000000000000E+000  0.000000000000E+000  0.000000000000E+000  0.000000000000E+000  0.000000000000E+000  0.000000000000E+000
   1.177500000000E+002  5.448083767242E-001  0.000000000000E+000  0.000000000000E+000  0.000000000000E+000  0.000000000000E+000  0.000000000000E+000  0.000000000000E+000  0.000000000000E+000  0.000000000000E+000  0.000000000000E+000  0.000000000000E+000  0.000000000000E+000  0.000000000000E+000
   1.180000000000E+002  7.417579964033E-001  0.000000000000E+000  0.000000000000E+000  0.000000000000E+000  0.000000000000E+000  0.000000000000E+000  0.000000000000E+000  0.000000000000E+000  0.000000000000E+000  0.000000000000E+000  0.000000000000E+000  0.000000000000E+000  0.000000000000E+000
   1.182500000000E+002  1.966994012331E-001  1.856186154667E-012  1.856186154667E-012  2.047428520430E-012  2.047428520430E-012  2.047428520430E-012  2.047428520430E-012  6.773899103154E-012  6.773899103154E-012  6.773899103154E-012  6.773899103154E-012  6.774812005235E-012  6.774812005235E-012
   1.185000000000E+002  5.013228010444E-001  0.000000000000E+000  0.000000000000E+000  0.000000000000E+000  0.000000000000E+000  3.020972830602E-013  3.020972830602E-013  3.020972830602E-013  3.020972830602E-013  3.020972830602E-013  3.020972830602E-013  3.025122498884E-013  3.025122498884E-013
   1.187500000000E+002  5.395338194726E-001  0.000000000000E+000  0.000000000000E+000  0.000000000000E+000  0.000000000000E+000  0.000000000000E+000  0.000000000000E+000  0.000000000000E+000  0.000000000000E+000  0.000000000000E+000  0.000000000000E+000  0.000000000000E+000  0.000000000000E+000
   1.190000000000E+002  6.188150805418E-001  0.000000000000E+000  0.000000000000E+000  0.000000000000E+000  0.000000000000E+000  1.873920822300E-013  1.873920822300E-013  1.873920822300E-013  1.873920822300E-013  1.873920822300E-013  1.873920822300E-013  1.873920822300E-013  1.873920822300E-013
   1.192500000000E+002  6.724335025795E-001  0.000000000000E+000  0.000000000000E+000  0.000000000000E+000  0.000000000000E+000  0.000000000000E+000  0.000000000000E+000  0.000000000000E+000  0.000000000000E+000  0.000000000000E+000  0.000000000000E+000  0.000000000000E+000  0.000000000000E+000
   1.195000000000E+002  2.550364987357E-001  0.000000000000E+000  0.000000000000E+000  0.000000000000E+000  0.000000000000E+000  0.000000000000E+000  0.000000000000E+000  0.000000000000E+000  0.000000000000E+000  0.000000000000E+000  0.000000000000E+000  0.000000000000E+000  0.000000000000E+000
   1.197500000000E+002  8.811743673402E-001  0.000000000000E+000  0.000000000000E+000  0.000000000000E+000  0.000000000000E+000  0.000000000000E+000  0.000000000000E+000  0.000000000000E+000  0.000000000000E+000  0.000000000000E+000  0.000000000000E+000  0.000000000000E+000  0.000000000000E+000
   1.200000000000E+002  6.034027041352E-001  0.000000000000E+000  0.000000000000E+000  0.000000000000E+000  0.000000000000E+000  0.000000000000E+000  0.000000000000E+000  0.000000000000E+000  0.000000000000E+000  0.000000000000E+000  0.000000000000E+000  0.000000000000E+000  0.000000000000E+000
   1.202500000000E+002  7.036763819924E-001  2.402509597780E-016  2.402509597780E-016  2.402509597780E-016  2.402509597780E-016  1.861406484459E-013  1.861406484459E-013  1.861406484459E-013  1.861406484459E-013  1.861406484459E-013  1.861406484459E-013  1.923505760735E-013  1.923505760735E-013
   1.205000000000E+002  4.996019967208E-001  0.000000000000E+000  0.000000000000E+000  0.000000000000E+000  0.000000000000E+000  0.000000000000E+000  0.000000000000E+000  0.000000000000E+000  0.000000000000E+000  0.000000000000E+000  0.000000000000E+000  0.000000000000E+000  0.000000000000E+000
   1.207500000000E+002  3.618454447747E-001  0.000000000000E+000  0.000000000000E+000  0.000000000000E+000  0.000000000000E+000  0.000000000000E+000  0.000000000000E+000  0.000000000000E+000  0.000000000000E+000  0.000000000000E+000  0.000000000000E+000  0.000000000000E+000  0.000000000000E+000
   1.210000000000E+002  3.163470825597E-001  0.000000000000E+000  0.000000000000E+000  0.000000000000E+000  0.000000000000E+000  0.000000000000E+000  0.000000000000E+000  0.000000000000E+000  0.000000000000E+000  0.000000000000E+000  0.000000000000E+000  0.000000000000E+000  0.000000000000E+000
   1.212500000000E+002  3.328588662171E-001  0.000000000000E+000  0.000000000000E+000  0.000000000000E+000  0.000000000000E+000  0.000000000000E+000  0.000000000000E+000  0.000000000000E+000  0.000000000000E+000  0.000000000000E+000  0.000000000000E+000  0.000000000000E+000  0.000000000000E+000
   1.215000000000E+002  6.502123453040E-001  0.000000000000E+000  0.000000000000E+000  0.000000000000E+000  0.000000000000E+000  0.000000000000E+000  0.000000000000E+000  0.000000000000E+000  0.000000000000E+000  0.000000000000E+000  0.000000000000E+000  0.000000000000E+000  0.000000000000E+000
   1.217500000000E+002  9.972105653784E-001  0.000000000000E+000  0.000000000000E+000  0.000000000000E+000  0.000000000000E+000  0.000000000000E+000  0.000000000000E+000  0.000000000000E+000  0.000000000000E+000  0.000000000000E+000  0.000000000000E+000  0.000000000000E+000  0.000000000000E+000
   1.220000000000E+002  1.098211758466E-001  0.000000000000E+000  0.000000000000E+000  0.000000000000E+000  0.000000000000E+000  0.000000000000E+000  0.000000000000E+000  0.000000000000E+000  0.000000000000E+000  0.000000000000E+000  0.000000000000E+000  0.000000000000E+000  0.000000000000E+000
   1.222500000000E+002  8.018704299624E-001  0.000000000000E+000  0.000000000000E+000  0.000000000000E+000  0.000000000000E+000  0.000000000000E+000  0.000000000000E+000  0.000000000000E+000  0.000000000000E+000  0.000000000000E+000  0.000000000000E+000  0.000000000000E+000  0.000000000000E+000
   1.225000000000E+002  5.717351336952E-001  0.000000000000E+000  0.000000000000E+000  1.048794626562E-015  1.048794626562E-015  7.608855425466E-014  7.608855425466E-014  9.225118603013E-014  9.225118603013E-014  9.225118603013E-014  9.225118603013E-014  9.271428438055E-014  9.271428438055E-014
   1.227500000000E+002  8.604921363955E-001  0.000000000000E+000  0.000000000000E+000  0.000000000000E+000  0.000000000000E+000  0.000000000000E+000  0.000000000000E+000  0.000000000000E+000  0.000000000000E+000  0.000000000000E+000  0.000000000000E+000  0.000000000000E+000  0.000000000000E+000
   1.230000000000E+002  3.637719070169E-001  0.000000000000E+000  0.000000000000E+000  0.000000000000E+000  0.000000000000E+000  0.000000000000E+000  0.000000000000E+000  0.000000000000E+000  0.000000000000E+000  0.000000000000E+000  0.000000000000E+000  0.000000000000E+000  0.000000000000E+000
   1.232500000000E+002  6.494965777766E-001  0.000000000000E+000  0.000000000000E+000  8.893652367111E-017  8.893652367111E-017  5.804860698824E-014  5.804860698824E-014  6.875988025893E-014  6.875988025893E-014  6.875988025893E-014  6.875988025893E-014  7.431132787200E-014  7.431132787200E-014
   1.235000000000E+002  2.824394512024E-001  0.000000000000E+000  0.000000000000E+000  0.000000000000E+000  0.000000000000E+000  0.000000000000E+000  0.000000000000E+000  0.000000000000E+000  0.000000000000E+000  0.000000000000E+000  0.000000000000E+000  0.000000000000E+000  0.000000000000E+000
   1.237500000000E+002  3.426927449782E-001  0.000000000000E+000  0.000000000000E+000  0.000000000000E+000  0.000000000000E+000  0.000000000000E+000  0.000000000000E+000  0.000000000000E+000  0.000000000000E+000  0.000000000000E+000  0.000000000000E+000  0.000000000000E+000  0.000000000000E+000
   1.240000000000E+002  4.419274370018E-001  0.000000000000E+000  0.000000000000E+000  0.000000000000E+000  0.000000000000E+000  0.000000000000E+000  0.000000000000E+000  0.000000000000E+000  0.000000000000E+000  0.000000000000E+000  0.000000000000E+000  0.000000000000E+000  0.000000000000E+000
   1.242500000000E+002  5.979476803101E-001  7.643225745467E-015  7.643225745467E-015  7.643225745467E-015  7.643225745467E-015  3.455554668456E-014  3.455554668456E-014  4.326816218011E-014  4.326816218011E-014  4.326816218011E-014  4.326816218011E-014  4.358781450370E-014  4.358781450370E-014
   1.245000000000E+002  3.877102806956E-001  5.428875190328E-015  5.428875190328E-015  5.428875190328E-015  5.428875190328E-015  1.786167328373E-014  1.786167328373E-014  2.304425752208E-014  2.304425752208E-014  2.304425752208E-014  2.304425752208E-014  2.313341018854E-014  2.313341018854E-014
   1.247500000000E+002  4.405562274378E-001  0.000000000000E+000  0.000000000000E+000  0.000000000000E+000  0.000000000000E+000  0.000000000000E+000  0.000000000000E+000  0.000000000000E+000  0.000000000000E+000  0.000000000000E+000  0.000000000000E+000  0.000000000000E+000  0.000000000000E+000
   1.250000000000E+002  9.068379295437E-001  0.000000000000E+000  0.000000000000E+000  0.000000000000E+000  0.000000000000E+000  0.000000000000E+000  0.000000000000E+000  0.000000000000E+000  0.000000000000E+000  0.000000000000E+000  0.000000000000E+000  0.000000000000E+000  0.000000000000E+000
   1.252500000000E+002  9.667223981448E-002  1.034546746318E-015  1.034546746318E-015  1.034546746318E-015  1.034546746318E-015  1.034546746318E-015  1.034546746318E-015  1.898077230698E-015  1.898077230698E-015  1.898077230698E-015  1.898077230698E-015  2.020350689802E-015  2.020350689802E-015
   1.255000000000E+002  2.748207605257E-001  0.000000000000E+000  0.000000000000E+000  0.000000000000E+000  0.000000000000E+000  0.000000000000E+000  0.000000000000E+000  0.000000000000E+000  0.000000000000E+000  0.000000000000E+000  0.000000000000E+000  0.000000000000E+000  0.000000000000E+000
   1.257500000000E+002  7.886630795134E-003  0.000000000000E+000  0.000000000000E+000  0.000000000000E+000  0.000000000000E+000  0.000000000000E+000  0.000000000000E+000  0.000000000000E+000  0.000000000000E+000  0.000000000000E+000  0.000000000000E+000  0.000000000000E+000  0.000000000000E+000
   1.260000000000E+002  1.954367531520E-001  0.000000000000E+000  0.000000000000E+000  0.000000000000E+000  0.000000000000E+000  0.000000000000E+000  0.000000000000E+000  0.000000000000E+000  0.000000000000E+000  0.000000000000E+000  0.000000000000E+000  0.000000000000E+000  0.000000000000E+000
   1.262500000000E+002  7.673277814048E-001  1.190839682878E-014  1.190839682878E-014  2.160056889912E-013  2.160056889912E-013  3.450118697326E-013  3.450118697326E-013  3.761692776950E-013  3.761692776950E-013  3.761692776950E-013  3.761692776950E-013  3.786223084321E-013  3.786223084321E-013
   1.265000000000E+002  3.474940562327E-001  0.000000000000E+000  0.000000000000E+000  2.780248077652E-015  2.780248077652E-015  1.329883204977E-013  1.329883204977E-013  1.329883204977E-013  1.329883204977E-013  1.329883204977E-013  1.329883204977E-013  1.335534533367E-013  1.335534533367E-013
   1.267500000000E+002  2.312031652090E-001  0.000000000000E+000  0.000000000000E+000  0.000000000000E+000  0.000000000000E+000  0.000000000000E+000  0.000000000000E+000  0.000000000000E+000  0.000000000000E+000  0.000000000000E+000  0.000000000000E+000  0.000000000000E+000  0.000000000000E+000
   1.270000000000E+002  6.096195000306E-001  8.929459159374E-014  8.929459159374E-014  8.929459159374E-014  8.929459159374E-014  2.751470306094E-012  2.751470306094E-012  2.870300558640E-012  2.870300558640E-012  2.870300558640E-012  2.870300558640E-012  2.872347207794E-012  2.872347207794E-012
   1.272500000000E+002  6.415604401997E-002  0.000000000000E+000  0.000000000000E+000  0.000000000000E+000  0.000000000000E+000  2.025895150075E-012  2.025895150075E-012  2.025895150075E-012  2.025895150075E-012  2.025895150075E-012  2.025895150075E-012  2.027869630681E-012  2.027869630681E-012
   1.275000000000E+002  5.958283858585E-001  0.000000000000E+000  0.000000000000E+000  0.000000000000E+000  0.000000000000E+000  0.000000000000E+000  0.000000000000E+000  0.000000000000E+000  0.000000000000E+000  0.000000000000E+000  0.000000000000E+000  0.000000000000E+000  0.000000000000E+000
   1.277500000000E+002  6.398122279830E-001  0.000000000000E+000  0.000000000000E+000  0.000000000000E+000  0.000000000000E+000  2.402123983979E-012  2.402123983979E-012  2.402123983979E-012  2.402123983979E-012  2.402123983979E-012  2.402123983979E-012  2.403541867738E-012  2.403541867738E-012
   1.280000000000E+002  5.591722300880E-001  1.500322216761E-013  1.500322216761E-013  1.500950043295E-013  1.500950043295E-013  2.812528406927E-012  2.812528406927E-012  3.042828717121E-012  3.042828717121E-012  3.042828717121E-012  3.042828717121E-012  3.044275604846E-012  3.044275604846E-012
   1.282500000000E+002  8.853170453813E-001  0.000000000000E+000  0.000000000000E+000  0.000000000000E+000  0.000000000000E+000  0.000000000000E+000  0.000000000000E+000  0.000000000000E+000  0.000000000000E+000  0.000000000000E+000  0.000000000000E+000  0.000000000000E+000  0.000000000000E+000
   1.285000000000E+002  1.707234501427E-001  3.887275273788E-016  3.887275273788E-016  8.415032019799E-016  8.415032019799E-016  1.797320121440E-013  1.797320121440E-013  1.805670296724E-013  1.805670296724E-013  1.805670296724E-013  1.805670296724E-013  1.805670296724E-013  1.805670296724E-013
   1.287500000000E+002  7.126547119467E-001  0.000000000000E+000  0.000000000000E+000  0.000000000000E+000  0.000000000000E+000  0.000000000000E+000  0.000000000000E+000  0.000000000000E+000  0.000000000000E+000  0.000000000000E+000  0.000000000000E+000  0.000000000000E+000  0.000000000000E+000
   1.290000000000E+002  1.434752196983E-001  2.943111241810E-016  2.943111241810E-016  9.786777392402E-016  9.786777392402E-016  3.764350805998E-013  3.764350805998E-013  3.773445201238E-013  3.773445201238E-013  3.773445201238E-013  3.773445201238E-013  3.799846287476E-013  3.799846287476E-013
   1.292500000000E+002  4.841114506821E-001  2.108882823965E-016  2.108882823965E-016  1.025839822198E-015  1.025839822198E-015  1.179373128193E-013  1.179373128193E-013  1.189458488995E-013  1.189458488995E-013  1.189458488995E-013  1.189458488995E-013  1.194313016418E-013  1.194313016418E-013
   1.295000000000E+002  9.132703219671E-001  0.000000000000E+000  0.000000000000E+000  0.000000000000E+000  0.000000000000E+000  0.000000000000E+000  0.000000000000E+000  0.000000000000E+000  0.000000000000E+000  0.000000000000E+000  0.000000000000E+000  0.000000000000E+000  0.000000000000E+000
   1.297500000000E+002  6.318831512286E-001  0.000000000000E+000  0.000000000000E+000  0.000000000000E+000  0.000000000000E+000  0.000000000000E+000  0.000000000000E+000  0.000000000000E+000  0.000000000000E+000  0.000000000000E+000  0.000000000000E+000  0.000000000000E+000  0.000000000000E+000
   1.300000000000E+002  5.357779844390E-001  0.000000000000E+000  0.000000000000E+000  0.000000000000E+000  0.000000000000E+000  0.000000000000E+000  0.000000000000E+000  0.000000000000E+000  0.000000000000E+000  0.000000000000E+000  0.000000000000E+000  0.000000000000E+000  0.000000000000E+000
   1.302500000000E+002  8.500674749984E-002  0.000000000000E+000  0.000000000000E+000  0.000000000000E+000  0.000000000000E+000  0.000000000000E+000  0.000000000000E+000  0.000000000000E+000  0.000000000000E+000  0.000000000000E+000  0.000000000000E+000  0.000000000000E+000  0.000000000000E+000
   1.305000000000E+002  3.971806884559E-002  3.184669209993E-013  3.184669209993E-013  3.186255805843E-013  3.186255805843E-013  5.638709023936E-013  5.638709023936E-013  5.638709023936E-013  5.638709023936E-013  5.638709023936E-013  5.638709023936E-013  5.640047359798E-013  5.640047359798E-013
   1.307500000000E+002  9.502336712414E-001  0.000000000000E+000  0.000000000000E+000  2.733443547029E-014  2.733443547029E-014  6.368456128383E-012  6.368456128383E-012  6.699761727196E-012  6.699761727196E-012  6.699761727196E-012  6.699761727196E-012  6.700890763567E-012  6.700890763567E-012
   1.310000000000E+002  7.041535358192E-001  0.000000000000E+000  0.000000000000E+000  4.437678828040E-014  4.437678828040E-014  3.678700752236E-012  3.678700752236E-012  3.679930713486E-012  3.679930713486E-012  3.679930713486E-012  3.679930713486E-012  3.681271483718E-012  3.681271483718E-012
   1.312500000000E+002  6.114483261356E-002  0.000000000000E+000  0.000000000000E+000  1.513407269944E-015  1.513407269944E-015  4.101634759080E-012  4.101634759080E-012  4.468040477246E-012  4.468040477246E-012  4.468040477246E-012  4.468040477246E-012  4.475308660922E-012  4.475308660922E-012
   1.315000000000E+002  1.810158707138E-001  0.000000000000E+000  0.000000000000E+000  0.000000000000E+000  0.000000000000E+000  0.000000000000E+000  0.000000000000E+000  0.000000000000E+000  0.000000000000E+000  0.000000000000E+000  0.000000000000E+000  0.000000000000E+000  0.000000000000E+000
   1.317500000000E+002  7.992520201655E-001  0.000000000000E+000  0.000000000000E+000  1.235709608901E-015  1.235709608901E-015  4.473236857453E-013  4.473236857453E-013  4.481352048961E-013  4.481352048961E-013  4.481352048961E-013  4.481352048961E-013  4.484619688218E-013  4.484619688218E-013
   1.320000000000E+002  3.995812269693E-001  0.000000000000E+000  0.000000000000E+000  0.000000000000E+000  0.000000000000E+000  0.000000000000E+000  0.000000000000E+000  0.000000000000E+000  0.000000000000E+000  0.000000000000E+000  0.000000000000E+000  0.000000000000E+000  0.000000000000E+000
   1.322500000000E+002  5.161569136536E-001  0.000000000000E+000  0.000000000000E+000  0.000000000000E+000  0.000000000000E+000  0.000000000000E+000  0.000000000000E+000  0.000000000000E+000  0.000000000000E+000  0.000000000000E+000  0.000000000000E+000  0.000000000000E+000  0.000000000000E+000
   1.325000000000E+002  2.268792741395E-001  0.000000000000E+000  0.000000000000E+000  0.000000000000E+000  0.000000000000E+000  0.000000000000E+000  0.000000000000E+000  0.000000000000E+000  0.000000000000E+000  0.000000000000E+000  0.000000000000E+000  0.000000000000E+000  0.000000000000E+000
   1.327500000000E+002  6.235354063103E-001  1.767542048294E-016  1.767542048294E-016  7.358788676183E-016  7.358788676183E-016  2.164258448260E-013  2.164258448260E-013  2.164258448260E-013  2.164258448260E-013  2.164258448260E-013  2.164258448260E-013  2.164258448260E-013  2.164258448260E-013
   1.330000000000E+002  9.145805354879E-001  0.000000000000E+000  0.000000000000E+000  0.000000000000E+000  0.000000000000E+000  0.000000000000E+000  0.000000000000E+000  0.000000000000E+000  0.000000000000E+000  0.000000000000E+000  0.000000000000E+000  0.000000000000E+000  0.000000000000E+000
   1.332500000000E+002  7.569247238983E-001  2.937643094844E-014  2.937643094844E-014  2.937643094844E-014  2.937643094844E-014  2.043897484829E-012  2.043897484829E-012  2.295872827610E-012  2.295872827610E-012  2.295872827610E-012  2.295872827610E-012  2.295872827610E-012  2.295872827610E-012
   1.335000000000E+002  4.872183694567E-001  0.000000000000E+000  0.000000000000E+000  0.000000000000E+000  0.000000000000E+000  0.000000000000E+000  0.000000000000E+000  0.000000000000E+000  0.000000000000E+000  0.000000000000E+000  0.000000000000E+000  0.000000000000E+000  0.000000000000E+000
   1.337500000000E+002  3.670182410612E-001  0.000000000000E+000  0.000000000000E+000  0.000000000000E+000  0.000000000000E+000  1.581150519188E-013  1.581150519188E-013  1.581150519188E-013  1.581150519188E-013  1.581150519188E-013  1.581150519188E-013  1.612786241796E-013  1.612786241796E-013
   1.340000000000E+002  8.186849158202E-001  0.000000000000E+000  0.000000000000E+000  0.000000000000E+000  0.000000000000E+000  0.000000000000E+000  0.000000000000E+000  0.000000000000E+000  0.000000000000E+000  0.000000000000E+000  0.000000000000E+000  0.000000000000E+000  0.000000000000E+000
   1.342500000000E+002  5.610453191627E-001  0.000000000000E+000  0.000000000000E+000  1.093329576718E-014  1.093329576718E-014  2.859524168378E-012  2.859524168378E-012  2.859524168378E-012  2.859524168378E-012  2.859524168378E-012  2.859524168378E-012  2.860976490817E-012  2.860976490817E-012
   1.345000000000E+002  8.032453741300E-001  0.000000000000E+000  0.000000000000E+000  2.418392400505E-013  2.418392400505E-013  7.698631663296E-013  7.698631663296E-013  7.698631663296E-013  7.698631663296E-013  7.698631663296E-013  7.698631663296E-013  7.704102766821E-013  7.704102766821E-013
   1.347500000000E+002  3.978329146354E-001  1.639067755416E-013  1.639067755416E-013  1.639067755416E-013  1.639067755416E-013  7.609666491828E-012  7.609666491828E-012  7.609666491828E-012  7.609666491828E-012  7.609666491828E-012  7.609666491828E-012  7.610980106011E-012  7.610980106011E-012
   1.350000000000E+002  6.884743392096E-001  5.131955809388E-015  5.131955809388E-015  5.131955809388E-015  5.131955809388E-015  3.701632868196E-012  3.701632868196E-012  3.701632868196E-012  3.701632868196E-012  3.701632868196E-012  3.701632868196E-012  3.702813636281E-012  3.702813636281E-012
   1.352500000000E+002  5.038655655592E-001  4.877536463168E-015  4.877536463168E-015  5.718211956772E-015  5.718211956772E-015  2.436447043147E-013  2.436447043147E-013  2.436447043147E-013  2.436447043147E-013  2.436447043147E-013  2.436447043147E-013  2.439097723631E-013  2.439097723631E-013
   1.355000000000E+002  6.043498713382E-001  0.000000000000E+000  0.000000000000E+000  0.000000000000E+000  0.000000000000E+000  0.000000000000E+000  0.000000000000E+000  0.000000000000E+000  0.000000000000E+000  0.000000000000E+000  0.000000000000E+000  0.000000000000E+000  0.000000000000E+000
   1.357500000000E+002  1.857925005222E-001  0.000000000000E+000  0.000000000000E+000  0.000000000000E+000  0.000000000000E+000  0.000000000000E+000  0.000000000000E+000  0.000000000000E+000  0.000000000000E+000  0.000000000000E+000  0.000000000000E+000  0.000000000000E+000  0.000000000000E+000
   1.360000000000E+002  7.827703759705E-001  0.000000000000E+000  0.000000000000E+000  0.000000000000E+000  0.000000000000E+000  0.000000000000E+000  0.000000000000E+000  0.000000000000E+000  0.000000000000E+000  0.000000000000E+000  0.000000000000E+000  0.000000000000E+000  0.000000000000E+000
   1.362500000000E+002  2.615315198108E-001  2.683955108402E-015  2.683955108402E-015  2.683955108402E-015  2.683955108402E-015  1.308674384543E-013  1.308674384543E-013  1.308674384543E-013  1.308674384543E-013  1.308674384543E-013  1.308674384543E-013  1.309061772762E-013  1.309061772762E-013
   1.365000000000E+002  2.072374185618E-002  0.000000000000E+000  0.000000000000E+000  0.000000000000E+000  0.000000000000E+000  0.000000000000E+000  0.000000000000E+000  0.000000000000E+000  0.000000000000E+000  0.000000000000E+000  0.000000000000E+000  0.000000000000E+000  0.000000000000E+000
   1.367500000000E+002  7.372737502066E-002  0.000000000000E+000  0.000000000000E+000  0.000000000000E+000  0.000000000000E+000  0.000000000000E+000  0.000000000000E+000  0.000000000000E+000  0.000000000000E+000  0.000000000000E+000  0.000000000000E+000  0.000000000000E+000  0.000000000000E+000
   1.370000000000E+002  1.159403137187E-001  0.000000000000E+000  0.000000000000E+000  0.000000000000E+000  0.000000000000E+000  0.000000000000E+000  0.000000000000E+000  0.000000000000E+000  0.000000000000E+000  0.000000000000E+000  0.000000000000E+000  0.000000000000E+000  0.000000000000E+000
   1.372500000000E+002  5.989593960864E-001  0.000000000000E+000  0.000000000000E+000  0.000000000000E+000  0.000000000000E+000  0.000000000000E+000  0.000000000000E+000  0.000000000000E+000  0.000000000000E+000  0.000000000000E+000  0.000000000000E+000  0.000000000000E+000  0.000000000000E+000
   1.375000000000E+002  5.659251092484E-001  1.030106137772E-015  1.030106137772E-015  1.114784618815E-015  1.114784618815E-015  2.996064581756E-013  2.996064581756E-013  2.996064581756E-013  2.996064581756E-013  2.996064581756E-013  2.996064581756E-013  3.002881072853E-013  3.002881072853E-013
   1.377500000000E+002  1.829578413402E-001  6.086452248911E-016  6.086452248911E-016  1.321709731198E-014  1.321709731198E-014  2.004030354345E-012  2.004030354345E-012  2.004030354345E-012  2.004030354345E-012  2.004030354345E-012  2.004030354345E-012  2.004126390850E-012  2.004126390850E-012
   1.380000000000E+002  5.212912961420E-001  7.183107516267E-017  7.183107516267E-017  7.183107516267E-017  7.183107516267E-017  1.278104422127E-013  1.278104422127E-013  1.278104422127E-013  1.278104422127E-013  1.278104422127E-013  1.278104422127E-013  1.278442590315E-013  1.278442590315E-013
   1.382500000000E+002  6.092331860144E-001  8.736838280970E-014  8.736838280970E-014  8.736838280970E-014  8.736838280970E-014  2.011826332258E-012  2.011826332258E-012  2.264831103682E-012  2.264831103682E-012  2.264831103682E-012  2.264831103682E-012  2.265502439780E-012  2.265502439780E-012
   1.385000000000E+002  4.333222805673E-001  1.822164345766E-015  1.822164345766E-015  1.822164345766E-015  1.822164345766E-015  1.822164345766E-015  1.822164345766E-015  6.694321143020E-015  6.694321143020E-015  6.694321143020E-015  6.694321143020E-015  6.798165664379E-015  6.798165664379E-015
   1.387500000000E+002  2.260521995902E-001  6.753999832405E-015  6.753999832405E-015  6.753999832405E-015  6.753999832405E-015  6.753999832405E-015  6.753999832405E-015  2.338109500601E-014  2.338109500601E-014  2.338109500601E-014  2.338109500601E-014  2.357633906184E-014  2.357633906184E-014
   1.390000000000E+002  1.964568769088E-001  5.748442036109E-015  5.748442036109E-015  5.748442036109E-015  5.748442036109E-015  1.237798653632E-013  1.237798653632E-013  1.372706914589E-013  1.372706914589E-013  1.372706914589E-013  1.372706914589E-013  1.401187464128E-013  1.401187464128E-013
   1.392500000000E+002  7.374849629990E-001  1.747726115247E-013  1.747726115247E-013  1.994637685417E-013  1.994637685417E-013  3.984045800620E-012  3.984045800620E-012  4.208892460201E-012  4.208892460201E-012  4.208892460201E-012  4.208892460201E-012  4.209191670655E-012  4.209191670655E-012
   1.395000000000E+002  3.016689255097E-001  1.328630494621E-014  1.328630494621E-014  1.328630494621E-014  1.328630494621E-014  1.328630494621E-014  1.328630494621E-014  3.056931070566E-014  3.056931070566E-014  3.056931070566E-014  3.056931070566E-014  3.092219847810E-014  3.092219847810E-014
   1.397500000000E+002  5.873120147369E-001  0.000000000000E+000  0.000000000000E+000  0.000000000000E+000  0.000000000000E+000  0.000000000000E+000  0.000000000000E+000  0.000000000000E+000  0.000000000000E+000  0.000000000000E+000  0.000000000000E+000  0.000000000000E+000  0.000000000000E+000
   1.400000000000E+002  4.589539812929E-001  0.000000000000E+000  0.000000000000E+000  5.138423857004E-016  5.138423857004E-016  1.846043929136E-015  1.846043929136E-015  1.846043929136E-015  1.846043929136E-015  1.846043929136E-015  1.846043929136E-015  1.846043929136E-015  1.846043929136E-015
   1.402500000000E+002  8.024751167793E-001  6.548184612346E-015  6.548184612346E-015  6.548184612346E-015  6.548184612346E-015  1.343739169835E-013  1.343739169835E-013  1.442789194060E-013  1.442789194060E-013  1.442789194060E-013  1.442789194060E-013  1.442789194060E-013  1.442789194060E-013
   1.405000000000E+002  7.558454234371E-001  6.237762762031E-015  6.237762762031E-015  6.237762762031E-015  6.237762762031E-015  1.260552111482E-013  1.260552111482E-013  1.364680850737E-013  1.364680850737E-013  1.364680850737E-013  1.364680850737E-013  1.391280369645E-013  1.391280369645E-013
   1.407500000000E+002  7.241908109543E-001  3.658109742735E-015  3.658109742735E-015  3.658109742735E-015  3.658109742735E-015  3.658109742735E-015  3.658109742735E-015  1.043103734387E-014  1.043103734387E-014  1.043103734387E-014  1.043103734387E-014  1.043103734387E-014  1.043103734387E-014
   1.410000000000E+002  1.712897990642E-001  0.000000000000E+000  0.000000000000E+000  0.000000000000E+000  0.000000000000E+000  0.000000000000E+000  0.000000000000E+000  0.000000000000E+000  0.000000000000E+000  0.000000000000E+000  0.000000000000E+000  0.000000000000E+000  0.000000000000E+000
   1.412500000000E+002  3.204029436383E-001  7.250567144020E-016  7.250567144020E-016  7.250567144020E-016  7.250567144020E-016  7.250567144020E-016  7.250567144020E-016  2.644625373023E-015  2.644625373023E-015  2.644625373023E-015  2.644625373023E-015  2.649987601432E-015  2.649987601432E-015
   1.415000000000E+002  6.324416528258E-001  1.688856435213E-015  1.688856435213E-015  5.721858336072E-014  5.721858336072E-014  1.054387130200E-012  1.054387130200E-012  1.060228909039E-012  1.060228909039E-012  1.060228909039E-012  1.060228909039E-012  1.066663480880E-012  1.066663480880E-012
   1.417500000000E+002  9.644133052673E-001  0.000000000000E+000  0.000000000000E+000  0.000000000000E+000  0.000000000000E+000  0.000000000000E+000  0.000000000000E+000  0.000000000000E+000  0.000000000000E+000  0.000000000000E+000  0.000000000000E+000  0.000000000000E+000  0.000000000000E+000
   1.420000000000E+002  5.526191186964E-001  6.319719545044E-016  6.319719545044E-016  6.319719545044E-016  6.319719545044E-016  6.333793315802E-013  6.333793315802E-013  6.389256488230E-013  6.389256488230E-013  6.389256488230E-013  6.389256488230E-013  6.455976767398E-013  6.455976767398E-013
   1.422500000000E+002  3.998770131681E-001  7.846302323816E-014  7.846302323816E-014  7.858744209697E-014  7.858744209697E-014  1.040804685728E-012  1.040804685728E-012  1.163057757474E-012  1.163057757474E-012  1.163057757474E-012  1.163057757474E-012  1.165651568398E-012  1.165651568398E-012
   1.425000000000E+002  4.343870235248E-001  0.000000000000E+000  0.000000000000E+000  0.000000000000E+000  0.000000000000E+000  0.000000000000E+000  0.000000000000E+000  0.000000000000E+000  0.000000000000E+000  0.000000000000E+000  0.000000000000E+000  0.000000000000E+000  0.000000000000E+000
   1.427500000000E+002  4.745929689800E-001  0.000000000000E+000  0.000000000000E+000  0.000000000000E+000  0.000000000000E+000  0.000000000000E+000  0.000000000000E+000  0.000000000000E+000  0.000000000000E+000  0.000000000000E+000  0.000000000000E+000  0.000000000000E+000  0.000000000000E+000
   1.430000000000E+002  6.964322632163E-001  0.000000000000E+000  0.000000000000E+000  9.709541959277E-017  9.709541959277E-017  9.709541959277E-017  9.709541959277E-017  9.709541959277E-017  9.709541959277E-017  9.709541959277E-017  9.709541959277E-017  1.766565523697E-016  1.766565523697E-016
   1.432500000000E+002  3.026765406725E-001  0.000000000000E+000  0.000000000000E+000  0.000000000000E+000  0.000000000000E+000  0.000000000000E+000  0.000000000000E+000  0.000000000000E+000  0.000000000000E+000  0.000000000000E+000  0.000000000000E+000  0.000000000000E+000  0.000000000000E+000
   1.435000000000E+002  4.302477857895E-001  1.314139965187E-016  1.314139965187E-016  1.314139965187E-016  1.314139965187E-016  1.314139965187E-016  1.314139965187E-016  1.390195853512E-015  1.390195853512E-015  1.390195853512E-015  1.390195853512E-015  1.390195853512E-015  1.390195853512E-015
   1.437500000000E+002  6.258095168480E-001  0.000000000000E+000  0.000000000000E+000  0.000000000000E+000  0.000000000000E+000  0.000000000000E+000  0.000000000000E+000  0.000000000000E+000  0.000000000000E+000  0.000000000000E+000  0.000000000000E+000  0.000000000000E+000  0.000000000000E+000
   1.440000000000E+002  2.768648008506E-001  4.626365129724E-014  4.626365129724E-014  5.201345810862E-014  5.201345810862E-014  1.065912524668E-012  1.065912524668E-012  1.116492339803E-012  1.116492339803E-012  1.116492339803E-012  1.116492339803E-012  1.116492786796E-012  1.116492786796E-012
   1.442500000000E+002  3.662290773957E-001  0.000000000000E+000  0.000000000000E+000  0.000000000000E+000  0.000000000000E+000  0.000000000000E+000  0.000000000000E+000  0.000000000000E+000  0.000000000000E+000  0.000000000000E+000  0.000000000000E+000  0.000000000000E+000  0.000000000000E+000
   1.445000000000E+002  6.754871999921E-001  0.000000000000E+000  0.000000000000E+000  0.000000000000E+000  0.000000000000E+000  0.000000000000E+000  0.000000000000E+000  0.000000000000E+000  0.000000000000E+000  0.000000000000E+000  0.000000000000E+000  0.000000000000E+000  0.000000000000E+000
   1.447500000000E+002  7.488549936808E-002  0.000000000000E+000  0.000000000000E+000  0.000000000000E+000  0.000000000000E+000  0.000000000000E+000  0.000000000000E+000  0.000000000000E+000  0.000000000000E+000  0.000000000000E+000  0.000000000000E+000  0.000000000000E+000  0.000000000000E+000
   1.450000000000E+002  4.466003025700E-001  3.415749433458E-016  3.415749433458E-016  3.517516230058E-016  3.517516230058E-016  3.517516230058E-016  3.517516230058E-016  1.111818386631E-015  1.111818386631E-015  1.111818386631E-015  1.111818386631E-015  1.220346108724E-015  1.220346108724E-015
   1.452500000000E+002  1.655926728041E-001  3.789485730045E-016  3.789485730045E-016  3.826602987170E-016  3.826602987170E-016  6.041277112261E-015  6.041277112261E-015  7.303531749057E-015  7.303531749057E-015  7.303531749057E-015  7.303531749057E-015  9.706478764789E-015  9.706478764789E-015
   1.455000000000E+002  6.301015990594E-001  1.487547382022E-016  1.487547382022E-016  1.387049786186E-014  1.387049786186E-014  2.423782668308E-013  2.423782668308E-013  2.434654830154E-013  2.434654830154E-013  2.434654830154E-013  2.434654830154E-013  2.447161196288E-013  2.447161196288E-013
   1.457500000000E+002  6.988864854934E-002  0.000000000000E+000  0.000000000000E+000  0.000000000000E+000  0.000000000000E+000  0.000000000000E+000  0.000000000000E+000  6.179432794457E-016  6.179432794457E-016  6.179432794457E-016  6.179432794457E-016  8.336064026052E-016  8.336064026052E-016
   1.460000000000E+002  9.781392119554E-002  6.561886386600E-013  6.561886386600E-013  6.561886386600E-013  6.561886386600E-013  7.063258549492E-013  7.063258549492E-013  7.449002094330E-013  7.449002094330E-013  7.449002094330E-013  7.449002094330E-013  7.452094995447E-013  7.452094995447E-013
   1.462500000000E+002  7.893845248491E-001  0.000000000000E+000  0.000000000000E+000  0.000000000000E+000  0.000000000000E+000  0.000000000000E+000  0.000000000000E+000  0.000000000000E+000  0.000000000000E+000  0.000000000000E+000  0.000000000000E+000  0.000000000000E+000  0.000000000000E+000
   1.465000000000E+002  9.442948644352E-003  0.000000000000E+000  0.000000000000E+000  0.000000000000E+000  0.000000000000E+000  0.000000000000E+000  0.000000000000E+000  0.000000000000E+000  0.000000000000E+000  0.000000000000E+000  0.000000000000E+000  6.583498379797E-017  6.583498379797E-017
   1.467500000000E+002  2.138857153153E-001  0.000000000000E+000  0.000000000000E+000  0.000000000000E+000  0.000000000000E+000  0.000000000000E+000  0.000000000000E+000  0.000000000000E+000  0.000000000000E+000  0.000000000000E+000  0.000000000000E+000  0.000000000000E+000  0.000000000000E+000
   1.470000000000E+002  9.781924528751E-001  0.000000000000E+000  0.000000000000E+000  0.000000000000E+000  0.000000000000E+000  0.000000000000E+000  0.000000000000E+000  0.000000000000E+000  0.000000000000E+000  0.000000000000E+000  0.000000000000E+000  3.577870600565E-019  3.577870600565E-019
   1.472500000000E+002  3.367024937736E-001  0.000000000000E+000  0.000000000000E+000  0.000000000000E+000  0.000000000000E+000  0.000000000000E+000  0.000000000000E+000  0.000000000000E+000  0.000000000000E+000  0.000000000000E+000  0.000000000000E+000  0.000000000000E+000  0.000000000000E+000
   1.475000000000E+002  3.629664084186E-001  0.000000000000E+000  0.000000000000E+000  0.000000000000E+000  0.000000000000E+000  0.000000000000E+000  0.000000000000E+000  0.000000000000E+000  0.000000000000E+000  0.000000000000E+000  0.000000000000E+000  0.000000000000E+000  0.000000000000E+000
   1.477500000000E+002  8.048369774647E-002  0.000000000000E+000  0.000000000000E+000  0.000000000000E+000  0.000000000000E+000  0.000000000000E+000  0.000000000000E+000  0.000000000000E+000  0.000000000000E+000  0.000000000000E+000  0.000000000000E+000  0.000000000000E+000  0.000000000000E+000
   1.480000000000E+002  6.935723749705E-001  0.000000000000E+000  0.000000000000E+000  0.000000000000E+000  0.000000000000E+000  0.000000000000E+000  0.000000000000E+000  0.000000000000E+000  0.000000000000E+000  0.000000000000E+000  0.000000000000E+000  0.000000000000E+000  0.000000000000E+000
   1.482500000000E+002  3.745184987011E-001  7.611233016418E-013  7.611233016418E-013  7.611238000927E-013  7.611238000927E-013  7.611238000927E-013  7.611238000927E-013  9.660735008344E-013  9.660735008344E-013  9.660735008344E-013  9.660735008344E-013  9.662057905659E-013  9.662057905659E-013
   1.485000000000E+002  5.488213923060E-001  0.000000000000E+000  0.000000000000E+000  0.000000000000E+000  0.000000000000E+000  0.000000000000E+000  0.000000000000E+000  0.000000000000E+000  0.000000000000E+000  0.000000000000E+000  0.000000000000E+000  0.000000000000E+000  0.000000000000E+000
   1.487500000000E+002  6.793785466567E-001  0.000000000000E+000  0.000000000000E+000  0.000000000000E+000  0.000000000000E+000  0.000000000000E+000  0.000000000000E+000  0.000000000000E+000  0.000000000000E+000  0.000000000000E+000  0.000000000000E+000  0.000000000000E+000  0.000000000000E+000
   1.490000000000E+002  5.419085598840E-001  0.000000000000E+000  0.000000000000E+000  0.000000000000E+000  0.000000000000E+000  0.000000000000E+000  0.000000000000E+000  0.000000000000E+000  0.000000000000E+000  0.000000000000E+000  0.000000000000E+000  0.000000000000E+000  0.000000000000E+000
   1.492500000000E+002  3.419321137780E-001  0.000000000000E+000  0.000000000000E+000  0.000000000000E+000  0.000000000000E+000  4.109388162692E-015  4.109388162692E-015  4.109388162692E-015  4.109388162692E-015  4.109388162692E-015  4.109388162692E-015  4.541811283968E-015  4.541811283968E-015
   1.495000000000E+002  1.976365930397E-001  0.000000000000E+000  0.000000000000E+000  0.000000000000E+000  0.000000000000E+000  0.000000000000E+000  0.000000000000E+000  0.000000000000E+000  0.000000000000E+000  0.000000000000E+000  0.000000000000E+000  0.000000000000E+000  0.000000000000E+000
   1.497500000000E+002  7.817324141260E-002  0.000000000000E+000  0.000000000000E+000  8.371848319005E-015  8.371848319005E-015  1.468378735225E-013  1.468378735225E-013  1.468378735225E-013  1.468378735225E-013  1.468378735225E-013  1.468378735225E-013  1.473578912295E-013  1.473578912295E-013
   1.500000000000E+002  2.616009638813E-001  0.000000000000E+000  0.000000000000E+000  0.000000000000E+000  0.000000000000E+000  0.000000000000E+000  0.000000000000E+000  0.000000000000E+000  0.000000000000E+000  0.000000000000E+000  0.000000000000E+000  0.000000000000E+000  0.000000000000E+000
   1.502500000000E+002  5.612090196008E-001  0.000000000000E+000  0.000000000000E+000  0.000000000000E+000  0.000000000000E+000  0.000000000000E+000  0.000000000000E+000  0.000000000000E+000  0.000000000000E+000  0.000000000000E+000  0.000000000000E+000  0.000000000000E+000  0.000000000000E+000
   1.505000000000E+002  5.087876288439E-002  0.000000000000E+000  0.000000000000E+000  0.000000000000E+000  0.000000000000E+000  0.000000000000E+000  0.000000000000E+000  0.000000000000E+000  0.000000000000E+000  0.000000000000E+000  0.000000000000E+000  0.000000000000E+000  0.000000000000E+000
   1.507500000000E+002  1.997943646193E-001  7.836995343059E-014  7.836995343059E-014  2.174671119735E-013  2.174671119735E-013  3.971652219492E-013  3.971652219492E-013  3.971652219492E-013  3.971652219492E-013  3.971652219492E-013  3.971652219492E-013  3.973395494646E-013  3.973395494646E-013
   1.510000000000E+002  7.919704836409E-001  6.785546374306E-015  6.785546374306E-015  9.742810491525E-014  9.742810491525E-014  1.259698521291E-013  1.259698521291E-013  1.259698521291E-013  1.259698521291E-013  1.259698521291E-013  1.259698521291E-013  1.262077439704E-013  1.262077439704E-013
   1.512500000000E+002  8.029478444953E-001  3.998263897897E-015  3.998263897897E-015  4.924826978291E-015  4.924826978291E-015  4.924826978291E-015  4.924826978291E-015  4.924826978291E-015  4.924826978291E-015  4.924826978291E-015  4.924826978291E-015  5.030635467220E-015  5.030635467220E-015
   1.515000000000E+002  9.479314138061E-001  1.196896712531E-013  1.196896712531E-013  1.209111866499E-013  1.209111866499E-013  3.194468246891E-013  3.194468246891E-013  3.194468246891E-013  3.194468246891E-013  3.194468246891E-013  3.194468246891E-013  3.197808444330E-013  3.197808444330E-013
   1.517500000000E+002  4.674589851564E-001  4.622448462024E-015  4.622448462024E-015  5.330841212240E-015  5.330841212240E-015  5.330841212240E-015  5.330841212240E-015  5.330841212240E-015  5.330841212240E-015  5.330841212240E-015  5.330841212240E-015  5.330841212240E-015  5.330841212240E-015
   1.520000000000E+002  9.343832109229E-001  4.024501348550E-015  4.024501348550E-015  5.255721129736E-015  5.255721129736E-015  5.255721129736E-015  5.255721129736E-015  5.255721129736E-015  5.255721129736E-015  5.255721129736E-015  5.255721129736E-015  7.048997560893E-015  7.048997560893E-015
   1.522500000000E+002  7.266263266854E-001  2.113757904090E-015  2.113757904090E-015  2.945867956514E-015  2.945867956514E-015  2.945867956514E-015  2.945867956514E-015  2.945867956514E-015  2.945867956514E-015  2.945867956514E-015  2.945867956514E-015  3.169494897060E-015  3.169494897060E-015
   1.525000000000E+002  2.235891832994E-001  0.000000000000E+000  0.000000000000E+000  0.000000000000E+000  0.000000000000E+000  0.000000000000E+000  0.000000000000E+000  0.000000000000E+000  0.000000000000E+000  0.000000000000E+000  0.000000000000E+000  0.000000000000E+000  0.000000000000E+000
   1.527500000000E+002  2.532299615091E-002  1.636545139970E-015  1.636545139970E-015  1.938598598103E-015  1.938598598103E-015  2.147113639614E-015  2.147113639614E-015  2.147113639614E-015  2.147113639614E-015  2.147113639614E-015  2.147113639614E-015  2.479414643646E-015  2.479414643646E-015
   1.530000000000E+002  5.966659373215E-001  9.222393181584E-016  9.222393181584E-016  1.106547452441E-015  1.106547452441E-015  1.106547452441E-015  1.106547452441E-015  1.106547452441E-015  1.106547452441E-015  1.106547452441E-015  1.106547452441E-015  1.222103731271E-015  1.222103731271E-015
   1.532500000000E+002  7.925934756037E-001  3.786303929270E-015  3.786303929270E-015  4.456163739352E-015  4.456163739352E-015  1.333737061259E-014  1.333737061259E-014  1.333737061259E-014  1.333737061259E-014  1.333737061259E-014  1.333737061259E-014  1.353701287607E-014  1.353701287607E-014
   1.535000000000E+002  6.469522207002E-001  0.000000000000E+000  0.000000000000E+000  0.000000000000E+000  0.000000000000E+000  0.000000000000E+000  0.000000000000E+000  0.000000000000E+000  0.000000000000E+000  0.000000000000E+000  0.000000000000E+000  0.000000000000E+000  0.000000000000E+000
   1.537500000000E+002  8.284604951828E-001  6.354366800397E-016  6.354366800397E-016  7.178447011656E-016  7.178447011656E-016  6.250999229045E-015  6.250999229045E-015  6.250999229045E-015  6.250999229045E-015  6.250999229045E-015  6.250999229045E-015  6.250999229045E-015  6.250999229045E-015
   1.540000000000E+002  4.110640487356E-001  4.594365788077E-016  4.594365788077E-016  4.839645195165E-016  4.839645195165E-016  5.941109820365E-015  5.941109820365E-015  5.941109820365E-015  5.941109820365E-015  5.941109820365E-015  5.941109820365E-015  5.941109820365E-015  5.941109820365E-015
   1.542500000000E+002  1.845065665818E-001  0.000000000000E+000  0.000000000000E+000  0.000000000000E+000  0.000000000000E+000  0.000000000000E+000  0.000000000000E+000  0.000000000000E+000  0.000000000000E+000  0.000000000000E+000  0.000000000000E+000  0.000000000000E+000  0.000000000000E+000
   1.545000000000E+002  3.825469727239E-001  0.000000000000E+000  0.000000000000E+000  0.000000000000E+000  0.000000000000E+000  0.000000000000E+000  0.000000000000E+000  0.000000000000E+000  0.000000000000E+000  0.000000000000E+000  0.000000000000E+000  0.000000000000E+000  0.000000000000E+000
   1.547500000000E+002  4.931219322213E-001  4.909920626656E-014  4.909920626656E-014  4.909920626656E-014  4.909920626656E-014  4.621390118866E-013  4.621390118866E-013  4.621390118866E-013  4.621390118866E-013  4.621390118866E-013  4.621390118866E-013  4.626547409121E-013  4.626547409121E-013
   1.550000000000E+002  7.757388865286E-001  0.000000000000E+000  0.000000000000E+000  0.000000000000E+000  0.000000000000E+000  0.000000000000E+000  0.000000000000E+000  0.000000000000E+000  0.000000000000E+000  0.000000000000E+000  0.000000000000E+000  0.000000000000E+000  0.000000000000E+000
   1.552500000000E+002  3.067574678335E-002  1.933037162863E-016  1.933037162863E-016  1.933037162863E-016  1.933037162863E-016  1.933037162863E-016  1.933037162863E-016  1.933037162863E-016  1.933037162863E-016  1.933037162863E-016  1.933037162863E-016  2.380707450792E-016  2.380707450792E-016
   1.555000000000E+002  1.805523882373E-001  7.803368491716E-014  7.803368491716E-014  7.803368491716E-014  7.803368491716E-014  6.213723024576E-013  6.213723024576E-013  6.213723024576E-013  6.213723024576E-013  6.213723024576E-013  6.213723024576E-013  6.220789613919E-013  6.220789613919E-013
   1.557500000000E+002  5.150837683036E-001  0.000000000000E+000  0.000000000000E+000  0.000000000000E+000  0.000000000000E+000  0.000000000000E+000  0.000000000000E+000  0.000000000000E+000  0.000000000000E+000  0.000000000000E+000  0.000000000000E+000  0.000000000000E+000  0.000000000000E+000
   1.560000000000E+002  3.211950172212E-002  1.186150082803E-015  1.186150082803E-015  1.186150082803E-015  1.186150082803E-015  3.844964834421E-014  3.844964834421E-014  3.844964834421E-014  3.844964834421E-014  3.844964834421E-014  3.844964834421E-014  4.002749117907E-014  4.002749117907E-014
   1.562500000000E+002  7.490501476774E-001  8.404001566850E-017  8.404001566850E-017  8.404001566850E-017  8.404001566850E-017  8.404001566850E-017  8.404001566850E-017  8.404001566850E-017  8.404001566850E-017  8.404001566850E-017  8.404001566850E-017  8.404001566850E-017  8.404001566850E-017
   1.565000000000E+002  2.804211363363E-001  5.114323022136E-016  5.114323022136E-016  5.114323022136E-016  5.114323022136E-016  3.754792119881E-014  3.754792119881E-014  3.754792119881E-014  3.754792119881E-014  3.754792119881E-014  3.754792119881E-014  3.869921627105E-014  3.869921627105E-014
   1.567500000000E+002  5.306553096071E-001  1.803840200848E-016  1.803840200848E-016  1.803840200848E-016  1.803840200848E-016  2.734861085419E-014  2.734861085419E-014  2.734861085419E-014  2.734861085419E-014  2.734861085419E-014  2.734861085419E-014  2.747842505589E-014  2.747842505589E-014
   1.570000000000E+002  1.119480875859E-001  0.000000000000E+000  0.000000000000E+000  0.000000000000E+000  0.000000000000E+000  0.000000000000E+000  0.000000000000E+000  0.000000000000E+000  0.000000000000E+000  0.000000000000E+000  0.000000000000E+000  0.000000000000E+000  0.000000000000E+000
   1.572500000000E+002  3.138834986277E-001  0.000000000000E+000  0.000000000000E+000  0.000000000000E+000  0.000000000000E+000  0.000000000000E+000  0.000000000000E+000  0.000000000000E+000  0.000000000000E+000  0.000000000000E+000  0.000000000000E+000  0.000000000000E+000  0.000000000000E+000
   1.575000000000E+002  6.971911188500E-001  0.000000000000E+000  0.000000000000E+000  0.000000000000E+000  0.000000000000E+000  0.000000000000E+000  0.000000000000E+000  0.000000000000E+000  0.000000000000E+000  0.000000000000E+000  0.000000000000E+000  0.000000000000E+000  0.000000000000E+000
   1.577500000000E+002  3.426292138749E-001  2.810670842120E-016  2.810670842120E-016  1.729617503599E-013  1.729617503599E-013  2.003679147344E-013  2.003679147344E-013  2.003679147344E-013  2.003679147344E-013  2.003679147344E-013  2.003679147344E-013  2.004458583727E-013  2.004458583727E-013
   1.580000000000E+002  3.065091315905E-001  1.612515995936E-016  1.612515995936E-016  4.545713354990E-015  4.545713354990E-015  4.545713354990E-015  4.545713354990E-015  4.545713354990E-015  4.545713354990E-015  4.545713354990E-015  4.545713354990E-015  4.583909315389E-015  4.583909315389E-015
   1.582500000000E+002  1.023393211415E-001  5.219636426332E-017  5.219636426332E-017  9.211539495615E-015  9.211539495615E-015  9.211539495615E-015  9.211539495615E-015  9.211539495615E-015  9.211539495615E-015  9.211539495615E-015  9.211539495615E-015  1.420585741740E-014  1.420585741740E-014
   1.585000000000E+002  1.506951855538E-001                  NaN                  NaN                  NaN                  NaN                  NaN                  NaN                  NaN                  NaN                  NaN                  NaN                  NaN                  NaN
   1.587500000000E+002  3.221750712883E-001  0.000000000000E+000  0.000000000000E+000  0.000000000000E+000  0.000000000000E+000  0.000000000000E+000  0.000000000000E+000  0.000000000000E+000  0.000000000000E+000  0.000000000000E+000  0.000000000000E+000  0.000000000000E+000  0.000000000000E+000
   1.590000000000E+002  6.147166547603E-001  0.000000000000E+000  0.000000000000E+000  3.134549715531E-015  3.134549715531E-015  3.134549715531E-015  3.134549715531E-015  3.134549715531E-015  3.134549715531E-015  3.134549715531E-015  3.134549715531E-015  3.164325011857E-015  3.164325011857E-015
   1.592500000000E+002  1.184288822424E-001  0.000000000000E+000  0.000000000000E+000  0.000000000000E+000  0.000000000000E+000  0.000000000000E+000  0.000000000000E+000  0.000000000000E+000  0.000000000000E+000  0.000000000000E+000  0.000000000000E+000  0.000000000000E+000  0.000000000000E+000
   1.595000000000E+002  6.497924715431E-001  0.000000000000E+000  0.000000000000E+000  0.000000000000E+000  0.000000000000E+000  6.489005905553E-014  6.489005905553E-014  6.489005905553E-014  6.489005905553E-014  6.489005905553E-014  6.489005905553E-014  6.489005905553E-014  6.489005905553E-014
   1.597500000000E+002  2.917023402614E-001  2.305803929328E-016  2.305803929328E-016  2.305803929328E-016  2.305803929328E-016  2.305803929328E-016  2.305803929328E-016  4.221735520787E-016  4.221735520787E-016  4.221735520787E-016  4.221735520787E-016  5.606251290234E-016  5.606251290234E-016
   1.600000000000E+002  4.383423157311E-001  0.000000000000E+000  0.000000000000E+000  0.000000000000E+000  0.000000000000E+000  0.000000000000E+000  0.000000000000E+000  0.000000000000E+000  0.000000000000E+000  0.000000000000E+000  0.000000000000E+000  0.000000000000E+000  0.000000000000E+000
   1.602500000000E+002  8.439844812912E-001  0.000000000000E+000  0.000000000000E+000  2.053722299972E-016  2.053722299972E-016  2.053722299972E-016  2.053722299972E-016  2.053722299972E-016  2.053722299972E-016  2.053722299972E-016  2.053722299972E-016  2.171885373175E-016  2.171885373175E-016
   1.605000000000E+002  7.779910630217E-001  0.000000000000E+000  0.000000000000E+000  7.256231364976E-015  7.256231364976E-015  2.554614182952E-013  2.554614182952E-013  2.554614182952E-013  2.554614182952E-013  2.554614182952E-013  2.554614182952E-013  2.559518158086E-013  2.559518158086E-013
   1.607500000000E+002  5.995987932970E-001  1.724028489506E-013  1.724028489506E-013  1.724028489506E-013  1.724028489506E-013  1.607927785275E-012  1.607927785275E-012  1.607927785275E-012  1.607927785275E-012  1.607927785275E-012  1.607927785275E-012  1.607927785275E-012  1.607927785275E-012
   1.610000000000E+002  2.905306130159E-001  2.879719904737E-016  2.879719904737E-016  2.879719904737E-016  2.879719904737E-016  1.696696057025E-013  1.696696057025E-013  1.696696057025E-013  1.696696057025E-013  1.696696057025E-013  1.696696057025E-013  1.725345736976E-013  1.725345736976E-013
   1.612500000000E+002  2.213683881873E-001  0.000000000000E+000  0.000000000000E+000  0.000000000000E+000  0.000000000000E+000  0.000000000000E+000  0.000000000000E+000  0.000000000000E+000  0.000000000000E+000  0.000000000000E+000  0.000000000000E+000  0.000000000000E+000  0.000000000000E+000
   1.615000000000E+002  1.079664217202E-001  0.000000000000E+000  0.000000000000E+000  0.000000000000E+000  0.000000000000E+000  0.000000000000E+000  0.000000000000E+000  0.000000000000E+000  0.000000000000E+000  0.000000000000E+000  0.000000000000E+000  0.000000000000E+000  0.000000000000E+000
   1.617500000000E+002  5.754961324470E-001  0.000000000000E+000  0.000000000000E+000  0.000000000000E+000  0.000000000000E+000  0.000000000000E+000  0.000000000000E+000  0.000000000000E+000  0.000000000000E+000  0.000000000000E+000  0.000000000000E+000  0.000000000000E+000  0.000000000000E+000
   1.620000000000E+002  5.940508197501E-001  0.000000000000E+000  0.000000000000E+000  0.000000000000E+000  0.000000000000E+000  0.000000000000E+000  0.000000000000E+000  0.000000000000E+000  0.000000000000E+000  0.000000000000E+000  0.000000000000E+000  0.000000000000E+000  0.000000000000E+000
   1.622500000000E+002  8.345863767619E-001  1.236477042837E-016  1.236477042837E-016  1.520710477495E-014  1.520710477495E-014  5.605364770798E-013  5.605364770798E-013  5.605425935319E-013  5.605425935319E-013  5.605425935319E-013  5.605425935319E-013  5.606740494296E-013  5.606740494296E-013
   1.625000000000E+002  1.775091714637E-001  0.000000000000E+000  0.000000000000E+000  0.000000000000E+000  0.000000000000E+000  0.000000000000E+000  0.000000000000E+000  0.000000000000E+000  0.000000000000E+000  0.000000000000E+000  0.000000000000E+000  0.000000000000E+000  0.000000000000E+000
   1.627500000000E+002  3.038076068385E-001  0.000000000000E+000  0.000000000000E+000  0.000000000000E+000  0.000000000000E+000  0.000000000000E+000  0.000000000000E+000  0.000000000000E+000  0.000000000000E+000  0.000000000000E+000  0.000000000000E+000  0.000000000000E+000  0.000000000000E+000
   1.630000000000E+002  7.233750058743E-001  0.000000000000E+000  0.000000000000E+000  0.000000000000E+000  0.000000000000E+000  0.000000000000E+000  0.000000000000E+000  0.000000000000E+000  0.000000000000E+000  0.000000000000E+000  0.000000000000E+000  0.000000000000E+000  0.000000000000E+000
   1.632500000000E+002  9.657790754415E-001  0.000000000000E+000  0.000000000000E+000  0.000000000000E+000  0.000000000000E+000  0.000000000000E+000  0.000000000000E+000  0.000000000000E+000  0.000000000000E+000  0.000000000000E+000  0.000000000000E+000  0.000000000000E+000  0.000000000000E+000
   1.635000000000E+002  6.903642759104E-001  0.000000000000E+000  0.000000000000E+000  0.000000000000E+000  0.000000000000E+000  0.000000000000E+000  0.000000000000E+000  0.000000000000E+000  0.000000000000E+000  0.000000000000E+000  0.000000000000E+000  0.000000000000E+000  0.000000000000E+000
   1.637500000000E+002  9.329557336407E-001  0.000000000000E+000  0.000000000000E+000  0.000000000000E+000  0.000000000000E+000  0.000000000000E+000  0.000000000000E+000  5.000179620176E-018  5.000179620176E-018  5.000179620176E-018  5.000179620176E-018  1.319130895449E-017  1.319130895449E-017
   1.640000000000E+002  5.927184002386E-001  0.000000000000E+000  0.000000000000E+000  0.000000000000E+000  0.000000000000E+000  0.000000000000E+000  0.000000000000E+000  0.000000000000E+000  0.000000000000E+000  0.000000000000E+000  0.000000000000E+000  0.000000000000E+000  0.000000000000E+000
   1.642500000000E+002  9.075857182708E-001  0.000000000000E+000  0.000000000000E+000  0.000000000000E+000  0.000000000000E+000  0.000000000000E+000  0.000000000000E+000  0.000000000000E+000  0.000000000000E+000  0.000000000000E+000  0.000000000000E+000  0.000000000000E+000  0.000000000000E+000
   1.645000000000E+002  7.357054257463E-001  0.000000000000E+000  0.000000000000E+000  0.000000000000E+000  0.000000000000E+000  0.000000000000E+000  0.000000000000E+000  5.825719360275E-018  5.825719360275E-018  5.825719360275E-018  5.825719360275E-018  3.608465412301E-017  3.608465412301E-017
   1.647500000000E+002  5.182161843629E-001  0.000000000000E+000  0.000000000000E+000  0.000000000000E+000  0.000000000000E+000  0.000000000000E+000  0.000000000000E+000  0.000000000000E+000  0.000000000000E+000  0.000000000000E+000  0.000000000000E+000  0.000000000000E+000  0.000000000000E+000
   1.650000000000E+002  8.777603607670E-001  8.079101162758E-017  8.079101162758E-017  9.670881688563E-015  9.670881688563E-015  3.590513143526E-013  3.590513143526E-013  3.590513143526E-013  3.590513143526E-013  3.590513143526E-013  3.590513143526E-013  3.590678895297E-013  3.590678895297E-013
   1.652500000000E+002  5.320847296283E-001  0.000000000000E+000  0.000000000000E+000  0.000000000000E+000  0.000000000000E+000  0.000000000000E+000  0.000000000000E+000  0.000000000000E+000  0.000000000000E+000  0.000000000000E+000  0.000000000000E+000  0.000000000000E+000  0.000000000000E+000
   1.655000000000E+002  2.881738499248E-001  2.463966094107E-016  2.463966094107E-016  5.111951132729E-016  5.111951132729E-016  2.310610758844E-014  2.310610758844E-014  2.310610758844E-014  2.310610758844E-014  2.310610758844E-014  2.310610758844E-014  2.317550469303E-014  2.317550469303E-014
   1.657500000000E+002  6.426439604837E-001  2.787330832214E-016  2.787330832214E-016  5.609425767031E-016  5.609425767031E-016  1.889771978306E-014  1.889771978306E-014  1.889771978306E-014  1.889771978306E-014  1.889771978306E-014  1.889771978306E-014  2.300291779272E-014  2.300291779272E-014
   1.660000000000E+002  3.972943996871E-001  0.000000000000E+000  0.000000000000E+000  0.000000000000E+000  0.000000000000E+000  0.000000000000E+000  0.000000000000E+000  0.000000000000E+000  0.000000000000E+000  0.000000000000E+000  0.000000000000E+000  0.000000000000E+000  0.000000000000E+000
   1.662500000000E+002  4.019540334894E-002  7.482081356351E-013  7.482081356351E-013  7.483234198188E-013  7.483234198188E-013  8.454857930695E-013  8.454857930695E-013  9.000214692789E-013  9.000214692789E-013  9.000214692789E-013  9.000214692789E-013  9.001067020115E-013  9.001067020115E-013
   1.665000000000E+002  6.771839678104E-002  0.000000000000E+000  0.000000000000E+000  0.000000000000E+000  0.000000000000E+000  0.000000000000E+000  0.000000000000E+000  0.000000000000E+000  0.000000000000E+000  0.000000000000E+000  0.000000000000E+000  0.000000000000E+000  0.000000000000E+000
   1.667500000000E+002  4.238782841850E-001  0.000000000000E+000  0.000000000000E+000  6.541532597035E-017  6.541532597035E-017  3.602351888984E-013  3.602351888984E-013  3.602351888984E-013  3.602351888984E-013  3.602351888984E-013  3.602351888984E-013  3.606214625434E-013  3.606214625434E-013
   1.670000000000E+002  6.322011513343E-001  0.000000000000E+000  0.000000000000E+000  0.000000000000E+000  0.000000000000E+000  0.000000000000E+000  0.000000000000E+000  0.000000000000E+000  0.000000000000E+000  0.000000000000E+000  0.000000000000E+000  0.000000000000E+000  0.000000000000E+000
   1.672500000000E+002  2.586776409240E-001  0.000000000000E+000  0.000000000000E+000  0.000000000000E+000  0.000000000000E+000  0.000000000000E+000  0.000000000000E+000  0.000000000000E+000  0.000000000000E+000  0.000000000000E+000  0.000000000000E+000  0.000000000000E+000  0.000000000000E+000
   1.675000000000E+002  6.870617160575E-001  9.785341647258E-013  9.785341647258E-013  9.785401925555E-013  9.785401925555E-013  1.070253419713E-012  1.070253419713E-012  1.173505966513E-012  1.173505966513E-012  1.173505966513E-012  1.173505966513E-012  1.173543760684E-012  1.173543760684E-012
   1.677500000000E+002  2.737162128398E-001  0.000000000000E+000  0.000000000000E+000  0.000000000000E+000  0.000000000000E+000  0.000000000000E+000  0.000000000000E+000  0.000000000000E+000  0.000000000000E+000  0.000000000000E+000  0.000000000000E+000  0.000000000000E+000  0.000000000000E+000
   1.680000000000E+002  3.109988767816E-001  2.135272769309E-015  2.135272769309E-015  1.452477226505E-014  1.452477226505E-014  6.320970622074E-013  6.320970622074E-013  6.323884544106E-013  6.323884544106E-013  6.323884544106E-013  6.323884544106E-013  6.329717780955E-013  6.329717780955E-013
   1.682500000000E+002  8.197843794160E-002  0.000000000000E+000  0.000000000000E+000  0.000000000000E+000  0.000000000000E+000  0.000000000000E+000  0.000000000000E+000  0.000000000000E+000  0.000000000000E+000  0.000000000000E+000  0.000000000000E+000  0.000000000000E+000  0.000000000000E+000
   1.685000000000E+002  1.621569650170E-001  0.000000000000E+000  0.000000000000E+000  2.701612208210E-016  2.701612208210E-016  7.315516220930E-013  7.315516220930E-013  7.315516220930E-013  7.315516220930E-013  7.315516220930E-013  7.315516220930E-013  7.323766850433E-013  7.323766850433E-013
   1.687500000000E+002  6.161452105140E-001  0.000000000000E+000  0.000000000000E+000  0.000000000000E+000  0.000000000000E+000  0.000000000000E+000  0.000000000000E+000  0.000000000000E+000  0.000000000000E+000  0.000000000000E+000  0.000000000000E+000  0.000000000000E+000  0.000000000000E+000
   1.690000000000E+002  7.452391494742E-001  0.000000000000E+000  0.000000000000E+000  0.000000000000E+000  0.000000000000E+000  0.000000000000E+000  0.000000000000E+000  0.000000000000E+000  0.000000000000E+000  0.000000000000E+000  0.000000000000E+000  0.000000000000E+000  0.000000000000E+000
   1.692500000000E+002  7.068435633935E-001  8.370287565926E-018  8.370287565926E-018  4.097380186845E-017  4.097380186845E-017  4.097380186845E-017  4.097380186845E-017  7.604195899104E-017  7.604195899104E-017  7.604195899104E-017  7.604195899104E-017  9.038785022733E-017  9.038785022733E-017
   1.695000000000E+002  5.283784712256E-001  0.000000000000E+000  0.000000000000E+000  0.000000000000E+000  0.000000000000E+000  0.000000000000E+000  0.000000000000E+000  0.000000000000E+000  0.000000000000E+000  0.000000000000E+000  0.000000000000E+000  0.000000000000E+000  0.000000000000E+000
   1.697500000000E+002  9.714385879097E-001  0.000000000000E+000  0.000000000000E+000  0.000000000000E+000  0.000000000000E+000  0.000000000000E+000  0.000000000000E+000  0.000000000000E+000  0.000000000000E+000  0.000000000000E+000  0.000000000000E+000  0.000000000000E+000  0.000000000000E+000
   1.700000000000E+002  6.908397119126E-001  0.000000000000E+000  0.000000000000E+000  9.100549845429E-018  9.100549845429E-018  9.100549845429E-018  9.100549845429E-018  3.347224460270E-017  3.347224460270E-017  3.347224460270E-017  3.347224460270E-017  3.822338614516E-017  3.822338614516E-017
   1.702500000000E+002  8.108470220687E-001  0.000000000000E+000  0.000000000000E+000  0.000000000000E+000  0.000000000000E+000  0.000000000000E+000  0.000000000000E+000  0.000000000000E+000  0.000000000000E+000  0.000000000000E+000  0.000000000000E+000  0.000000000000E+000  0.000000000000E+000
   1.705000000000E+002  6.699766763244E-003  0.000000000000E+000  0.000000000000E+000  0.000000000000E+000  0.000000000000E+000  0.000000000000E+000  0.000000000000E+000  6.051620883263E-017  6.051620883263E-017  6.051620883263E-017  6.051620883263E-017  7.625698651704E-017  7.625698651704E-017
   1.707500000000E+002  6.193003368753E-001  0.000000000000E+000  0.000000000000E+000  0.000000000000E+000  0.000000000000E+000  2.366470077968E-014  2.366470077968E-014  2.381574468844E-014  2.381574468844E-014  2.381574468844E-014  2.381574468844E-014  2.386800135585E-014  2.386800135585E-014
   1.710000000000E+002  2.646281381573E-001  0.000000000000E+000  0.000000000000E+000  0.000000000000E+000  0.000000000000E+000  0.000000000000E+000  0.000000000000E+000  0.000000000000E+000  0.000000000000E+000  0.000000000000E+000  0.000000000000E+000  0.000000000000E+000  0.000000000000E+000
   1.712500000000E+002  3.008936725445E-001  0.000000000000E+000  0.000000000000E+000  0.000000000000E+000  0.000000000000E+000  0.000000000000E+000  0.000000000000E+000  0.000000000000E+000  0.000000000000E+000  0.000000000000E+000  0.000000000000E+000  0.000000000000E+000  0.000000000000E+000
   1.715000000000E+002  3.750233407491E-002  0.000000000000E+000  0.000000000000E+000  0.000000000000E+000  0.000000000000E+000  0.000000000000E+000  0.000000000000E+000  0.000000000000E+000  0.000000000000E+000  0.000000000000E+000  0.000000000000E+000  0.000000000000E+000  0.000000000000E+000
   1.717500000000E+002  1.353975280695E-001  0.000000000000E+000  0.000000000000E+000  0.000000000000E+000  0.000000000000E+000  5.838316413496E-015  5.838316413496E-015  5.923873165696E-015  5.923873165696E-015  5.923873165696E-015  5.923873165696E-015  7.724631802212E-015  7.724631802212E-015
   1.720000000000E+002  6.991339695763E-001  0.000000000000E+000  0.000000000000E+000  0.000000000000E+000  0.000000000000E+000  0.000000000000E+000  0.000000000000E+000  0.000000000000E+000  0.000000000000E+000  0.000000000000E+000  0.000000000000E+000  0.000000000000E+000  0.000000000000E+000
   1.722500000000E+002  2.715070350459E-001  0.000000000000E+000  0.000000000000E+000  0.000000000000E+000  0.000000000000E+000  0.000000000000E+000  0.000000000000E+000  0.000000000000E+000  0.000000000000E+000  0.000000000000E+000  0.000000000000E+000  0.000000000000E+000  0.000000000000E+000
   1.725000000000E+002  2.717118184527E-001  0.000000000000E+000  0.000000000000E+000  0.000000000000E+000  0.000000000000E+000  0.000000000000E+000  0.000000000000E+000  0.000000000000E+000  0.000000000000E+000  0.000000000000E+000  0.000000000000E+000  0.000000000000E+000  0.000000000000E+000
   1.727500000000E+002  1.834515480294E-001  0.000000000000E+000  0.000000000000E+000  0.000000000000E+000  0.000000000000E+000  0.000000000000E+000  0.000000000000E+000  0.000000000000E+000  0.000000000000E+000  0.000000000000E+000  0.000000000000E+000  0.000000000000E+000  0.000000000000E+000
   1.730000000000E+002  1.726645173861E-001  0.000000000000E+000  0.000000000000E+000  0.000000000000E+000  0.000000000000E+000  1.538957970065E-015  1.538957970065E-015  1.651557249447E-015  1.651557249447E-015  1.651557249447E-015  1.651557249447E-015  1.651557249447E-015  1.651557249447E-015
   1.732500000000E+002  5.683028736644E-001  0.000000000000E+000  0.000000000000E+000  0.000000000000E+000  0.000000000000E+000  2.618314326719E-015  2.618314326719E-015  2.746020799887E-015  2.746020799887E-015  2.746020799887E-015  2.746020799887E-015  2.746020799887E-015  2.746020799887E-015
   1.735000000000E+002  4.203661809355E-001  0.000000000000E+000  0.000000000000E+000  0.000000000000E+000  0.000000000000E+000  1.144747207009E-015  1.144747207009E-015  1.231597129385E-015  1.231597129385E-015  1.231597129385E-015  1.231597129385E-015  1.242932097187E-015  1.242932097187E-015
   1.737500000000E+002  7.258713602550E-001  0.000000000000E+000  0.000000000000E+000  0.000000000000E+000  0.000000000000E+000  1.289468280826E-015  1.289468280826E-015  1.368491855762E-015  1.368491855762E-015  1.368491855762E-015  1.368491855762E-015  1.398325174691E-015  1.398325174691E-015
   1.740000000000E+002  2.418522041093E-001  0.000000000000E+000  0.000000000000E+000  0.000000000000E+000  0.000000000000E+000  1.528210712160E-015  1.528210712160E-015  1.596132647375E-015  1.596132647375E-015  1.596132647375E-015  1.596132647375E-015  1.637799654262E-015  1.637799654262E-015
   1.742500000000E+002  5.362726084810E-001  0.000000000000E+000  0.000000000000E+000  0.000000000000E+000  0.000000000000E+000  1.816378035494E-015  1.816378035494E-015  1.886959205676E-015  1.886959205676E-015  1.886959205676E-015  1.886959205676E-015  1.941857817703E-015  1.941857817703E-015
   1.745000000000E+002  3.078681766842E-001  4.587212852870E-016  4.587212852870E-016  4.587212852870E-016  4.587212852870E-016  8.340834151522E-015  8.340834151522E-015  8.520263016881E-015  8.520263016881E-015  8.520263016881E-015  8.520263016881E-015  8.686906568625E-015  8.686906568625E-015
   1.747500000000E+002  2.234056768890E-001  0.000000000000E+000  0.000000000000E+000  0.000000000000E+000  0.000000000000E+000  0.000000000000E+000  0.000000000000E+000  0.000000000000E+000  0.000000000000E+000  0.000000000000E+000  0.000000000000E+000  0.000000000000E+000  0.000000000000E+000
   1.750000000000E+002  9.669730743359E-001  0.000000000000E+000  0.000000000000E+000  0.000000000000E+000  0.000000000000E+000  0.000000000000E+000  0.000000000000E+000  0.000000000000E+000  0.000000000000E+000  0.000000000000E+000  0.000000000000E+000  0.000000000000E+000  0.000000000000E+000
   1.752500000000E+002  5.093024146234E-001  4.920302515238E-016  4.920302515238E-016  1.017711134880E-015  1.017711134880E-015  1.658905972866E-015  1.658905972866E-015  1.683921792992E-015  1.683921792992E-015  1.683921792992E-015  1.683921792992E-015  1.818632171714E-015  1.818632171714E-015
   1.755000000000E+002  2.483847332712E-001  5.557538974373E-016  5.557538974373E-016  1.020961788057E-015  1.020961788057E-015  1.934485633414E-015  1.934485633414E-015  1.949448097088E-015  1.949448097088E-015  1.949448097088E-015  1.949448097088E-015  1.998513650324E-015  1.998513650324E-015
   1.757500000000E+002  1.093020063316E-001  0.000000000000E+000  0.000000000000E+000  0.000000000000E+000  0.000000000000E+000  0.000000000000E+000  0.000000000000E+000  0.000000000000E+000  0.000000000000E+000  0.000000000000E+000  0.000000000000E+000  0.000000000000E+000  0.000000000000E+000
   1.760000000000E+002  8.356407429229E-001  0.000000000000E+000  0.000000000000E+000  0.000000000000E+000  0.000000000000E+000  0.000000000000E+000  0.000000000000E+000  2.365914853710E-018  2.365914853710E-018  2.365914853710E-018  2.365914853710E-018  3.496327746790E-017  3.496327746790E-017
   1.762500000000E+002  4.324084928980E-001  7.629844685057E-016  7.629844685057E-016  1.188915419062E-015  1.188915419062E-015  3.000735592264E-015  3.000735592264E-015  3.000735592264E-015  3.000735592264E-015  3.000735592264E-015  3.000735592264E-015  3.000735592264E-015  3.000735592264E-015
   1.765000000000E+002  1.584216162869E-001  0.000000000000E+000  0.000000000000E+000  0.000000000000E+000  0.000000000000E+000  0.000000000000E+000  0.000000000000E+000  0.000000000000E+000  0.000000000000E+000  0.000000000000E+000  0.000000000000E+000  0.000000000000E+000  0.000000000000E+000
   1.767500000000E+002  4.481210271317E-001  7.214962174893E-016  7.214962174893E-016  1.017617868743E-015  1.017617868743E-015  2.191091920839E-015  2.191091920839E-015  2.191091920839E-015  2.191091920839E-015  2.191091920839E-015  2.191091920839E-015  2.191091920839E-015  2.191091920839E-015
   1.770000000000E+002  2.220002090884E-002  8.494556717242E-016  8.494556717242E-016  1.141252330112E-015  1.141252330112E-015  3.426162395569E-015  3.426162395569E-015  3.426162395569E-015  3.426162395569E-015  3.426162395569E-015  3.426162395569E-015  3.430319100839E-015  3.430319100839E-015
   1.772500000000E+002  5.442631804675E-001  6.673674228588E-016  6.673674228588E-016  8.725848930419E-016  8.725848930419E-016  2.910849041951E-015  2.910849041951E-015  2.910849041951E-015  2.910849041951E-015  2.910849041951E-015  2.910849041951E-015  2.933485962711E-015  2.933485962711E-015
   1.775000000000E+002  1.696450283843E-002  0.000000000000E+000  0.000000000000E+000  0.000000000000E+000  0.000000000000E+000  0.000000000000E+000  0.000000000000E+000  0.000000000000E+000  0.000000000000E+000  0.000000000000E+000  0.000000000000E+000  0.000000000000E+000  0.000000000000E+000
   1.777500000000E+002  8.630775908761E-002  0.000000000000E+000  0.000000000000E+000  0.000000000000E+000  0.000000000000E+000  0.000000000000E+000  0.000000000000E+000  0.000000000000E+000  0.000000000000E+000  0.000000000000E+000  0.000000000000E+000  0.000000000000E+000  0.000000000000E+000
   1.780000000000E+002  1.118444341732E-001  0.000000000000E+000  0.000000000000E+000  0.000000000000E+000  0.000000000000E+000  0.000000000000E+000  0.000000000000E+000  0.000000000000E+000  0.000000000000E+000  0.000000000000E+000  0.000000000000E+000  0.000000000000E+000  0.000000000000E+000
   1.782500000000E+002  2.466039894900E-001  0.000000000000E+000  0.000000000000E+000  0.000000000000E+000  0.000000000000E+000  0.000000000000E+000  0.000000000000E+000  0.000000000000E+000  0.000000000000E+000  0.000000000000E+000  0.000000000000E+000  0.000000000000E+000  0.000000000000E+000
   1.785000000000E+002  2.911872187401E-001  0.000000000000E+000  0.000000000000E+000  4.209928104060E-017  4.209928104060E-017  1.669769787308E-016  1.669769787308E-016  1.669769787308E-016  1.669769787308E-016  1.669769787308E-016  1.669769787308E-016  2.768228725306E-016  2.768228725306E-016
   1.787500000000E+002  5.328240489075E-001  0.000000000000E+000  0.000000000000E+000  0.000000000000E+000  0.000000000000E+000  0.000000000000E+000  0.000000000000E+000  0.000000000000E+000  0.000000000000E+000  0.000000000000E+000  0.000000000000E+000  0.000000000000E+000  0.000000000000E+000
   1.790000000000E+002  2.584259640268E-002  0.000000000000E+000  0.000000000000E+000  0.000000000000E+000  0.000000000000E+000  3.733816038511E-016  3.733816038511E-016  3.733816038511E-016  3.733816038511E-016  3.733816038511E-016  3.733816038511E-016  4.301025303740E-016  4.301025303740E-016
   1.792500000000E+002  3.831630272646E-001  0.000000000000E+000  0.000000000000E+000  3.596976976155E-017  3.596976976155E-017  4.554445196198E-016  4.554445196198E-016  4.554445196198E-016  4.554445196198E-016  4.554445196198E-016  4.554445196198E-016  4.824765412026E-016  4.824765412026E-016
   1.795000000000E+002  9.112485039309E-001  0.000000000000E+000  0.000000000000E+000  6.698768885756E-017  6.698768885756E-017  6.380330738723E-016  6.380330738723E-016  6.380330738723E-016  6.380330738723E-016  6.380330738723E-016  6.380330738723E-016  6.467785290912E-016  6.467785290912E-016
   1.797500000000E+002  5.082283370194E-004  0.000000000000E+000  0.000000000000E+000  0.000000000000E+000  0.000000000000E+000  0.000000000000E+000  0.000000000000E+000  0.000000000000E+000  0.000000000000E+000  0.000000000000E+000  0.000000000000E+000  0.000000000000E+000  0.000000000000E+000
   1.800000000000E+002  9.757962939063E-001  0.000000000000E+000  0.000000000000E+000  1.391415123525E-016  1.391415123525E-016  6.043912822255E-016  6.043912822255E-016  6.043912822255E-016  6.043912822255E-016  6.043912822255E-016  6.043912822255E-016  6.043912822255E-016  6.043912822255E-016
   1.802500000000E+002  4.037191808764E-001  0.000000000000E+000  0.000000000000E+000  1.991824493216E-016  1.991824493216E-016  8.486429855448E-016  8.486429855448E-016  8.486429855448E-016  8.486429855448E-016  8.486429855448E-016  8.486429855448E-016  8.486429855448E-016  8.486429855448E-016
   1.805000000000E+002  8.170190441639E-001  0.000000000000E+000  0.000000000000E+000  0.000000000000E+000  0.000000000000E+000  0.000000000000E+000  0.000000000000E+000  0.000000000000E+000  0.000000000000E+000  0.000000000000E+000  0.000000000000E+000  0.000000000000E+000  0.000000000000E+000
   1.807500000000E+002  7.421646160465E-001  0.000000000000E+000  0.000000000000E+000  0.000000000000E+000  0.000000000000E+000  0.000000000000E+000  0.000000000000E+000  0.000000000000E+000  0.000000000000E+000  0.000000000000E+000  0.000000000000E+000  0.000000000000E+000  0.000000000000E+000
   1.810000000000E+002  6.048829129036E-001  2.413644839233E-016  2.413644839233E-016  4.839789741759E-016  4.839789741759E-016  1.351387001385E-015  1.351387001385E-015  1.351387001385E-015  1.351387001385E-015  1.351387001385E-015  1.351387001385E-015  1.407450252726E-015  1.407450252726E-015
   1.812500000000E+002  6.924020391210E-001  3.730456116366E-016  3.730456116366E-016  6.332172870522E-016  6.332172870522E-016  1.813324767148E-015  1.813324767148E-015  1.813324767148E-015  1.813324767148E-015  1.813324767148E-015  1.813324767148E-015  1.888152620032E-015  1.888152620032E-015
   1.815000000000E+002  5.673802528658E-001  0.000000000000E+000  0.000000000000E+000  0.000000000000E+000  0.000000000000E+000  0.000000000000E+000  0.000000000000E+000  0.000000000000E+000  0.000000000000E+000  0.000000000000E+000  0.000000000000E+000  0.000000000000E+000  0.000000000000E+000
   1.817500000000E+002  6.821765061398E-001  0.000000000000E+000  0.000000000000E+000  0.000000000000E+000  0.000000000000E+000  0.000000000000E+000  0.000000000000E+000  0.000000000000E+000  0.000000000000E+000  0.000000000000E+000  0.000000000000E+000  0.000000000000E+000  0.000000000000E+000
   1.820000000000E+002  8.557482886774E-001  0.000000000000E+000  0.000000000000E+000  0.000000000000E+000  0.000000000000E+000  0.000000000000E+000  0.000000000000E+000  0.000000000000E+000  0.000000000000E+000  0.000000000000E+000  0.000000000000E+000  0.000000000000E+000  0.000000000000E+000
   1.822500000000E+002  9.807893961515E-001  1.024958439126E-015  1.024958439126E-015  1.387845592656E-015  1.387845592656E-015  3.186597142948E-015  3.186597142948E-015  3.186597142948E-015  3.186597142948E-015  3.186597142948E-015  3.186597142948E-015  3.228725534467E-015  3.228725534467E-015
   1.825000000000E+002  4.215219313416E-001  1.174634677352E-015  1.174634677352E-015  1.524177918337E-015  1.524177918337E-015  3.656821335784E-015  3.656821335784E-015  3.656821335784E-015  3.656821335784E-015  3.656821335784E-015  3.656821335784E-015  3.685329351458E-015  3.685329351458E-015
   1.827500000000E+002  5.262086376211E-003  0.000000000000E+000  0.000000000000E+000  0.000000000000E+000  0.000000000000E+000  0.000000000000E+000  0.000000000000E+000  0.000000000000E+000  0.000000000000E+000  0.000000000000E+000  0.000000000000E+000  0.000000000000E+000  0.000000000000E+000
   1.830000000000E+002  2.426067444596E-001  0.000000000000E+000  0.000000000000E+000  0.000000000000E+000  0.000000000000E+000  0.000000000000E+000  0.000000000000E+000  0.000000000000E+000  0.000000000000E+000  0.000000000000E+000  0.000000000000E+000  0.000000000000E+000  0.000000000000E+000
   1.832500000000E+002  9.662179104651E-001  0.000000000000E+000  0.000000000000E+000  0.000000000000E+000  0.000000000000E+000  0.000000000000E+000  0.000000000000E+000  0.000000000000E+000  0.000000000000E+000  0.000000000000E+000  0.000000000000E+000  0.000000000000E+000  0.000000000000E+000
   1.835000000000E+002  7.846406454660E-001  0.000000000000E+000  0.000000000000E+000  0.000000000000E+000  0.000000000000E+000  0.000000000000E+000  0.000000000000E+000  0.000000000000E+000  0.000000000000E+000  0.000000000000E+000  0.000000000000E+000  0.000000000000E+000  0.000000000000E+000
   1.837500000000E+002  2.232371889870E-001  0.000000000000E+000  0.000000000000E+000  0.000000000000E+000  0.000000000000E+000  0.000000000000E+000  0.000000000000E+000  0.000000000000E+000  0.000000000000E+000  0.000000000000E+000  0.000000000000E+000  0.000000000000E+000  0.000000000000E+000
   1.840000000000E+002  6.495778715304E-001  0.000000000000E+000  0.000000000000E+000  0.000000000000E+000  0.000000000000E+000  0.000000000000E+000  0.000000000000E+000  0.000000000000E+000  0.000000000000E+000  0.000000000000E+000  0.000000000000E+000  0.000000000000E+000  0.000000000000E+000
   1.842500000000E+002  4.382721466260E-001  3.086655143303E-014  3.086655143303E-014  3.086655143303E-014  3.086655143303E-014  2.729302046003E-013  2.729302046003E-013  2.816054030879E-013  2.816054030879E-013  2.816054030879E-013  2.816054030879E-013  2.819916421614E-013  2.819916421614E-013
   1.845000000000E+002  7.641944824516E-002  0.000000000000E+000  0.000000000000E+000  0.000000000000E+000  0.000000000000E+000  0.000000000000E+000  0.000000000000E+000  0.000000000000E+000  0.000000000000E+000  0.000000000000E+000  0.000000000000E+000  0.000000000000E+000  0.000000000000E+000
   1.847500000000E+002  6.198745978481E-001  0.000000000000E+000  0.000000000000E+000  0.000000000000E+000  0.000000000000E+000  0.000000000000E+000  0.000000000000E+000  0.000000000000E+000  0.000000000000E+000  0.000000000000E+000  0.000000000000E+000  2.156330412806E-017  2.156330412806E-017
   1.850000000000E+002  3.632692237747E-001  0.000000000000E+000  0.000000000000E+000  0.000000000000E+000  0.000000000000E+000  0.000000000000E+000  0.000000000000E+000  0.000000000000E+000  0.000000000000E+000  0.000000000000E+000  0.000000000000E+000  4.619291710708E-018  4.619291710708E-018
   1.852500000000E+002  5.896426830998E-002  0.000000000000E+000  0.000000000000E+000  0.000000000000E+000  0.000000000000E+000  0.000000000000E+000  0.000000000000E+000  0.000000000000E+000  0.000000000000E+000  0.000000000000E+000  0.000000000000E+000  0.000000000000E+000  0.000000000000E+000
   1.855000000000E+002  6.865265305875E-002  0.000000000000E+000  0.000000000000E+000  0.000000000000E+000  0.000000000000E+000  4.049746389655E-014  4.049746389655E-014  4.049746389655E-014  4.049746389655E-014  4.049746389655E-014  4.049746389655E-014  4.476862117801E-014  4.476862117801E-014
   1.857500000000E+002  9.737098974946E-004  0.000000000000E+000  0.000000000000E+000  0.000000000000E+000  0.000000000000E+000  0.000000000000E+000  0.000000000000E+000  0.000000000000E+000  0.000000000000E+000  0.000000000000E+000  0.000000000000E+000  0.000000000000E+000  0.000000000000E+000
   1.860000000000E+002  1.481159644154E-001  0.000000000000E+000  0.000000000000E+000  0.000000000000E+000  0.000000000000E+000  0.000000000000E+000  0.000000000000E+000  0.000000000000E+000  0.000000000000E+000  0.000000000000E+000  0.000000000000E+000  1.301016246966E-016  1.301016246966E-016
   1.862500000000E+002  9.629780421281E-001  0.000000000000E+000  0.000000000000E+000  0.000000000000E+000  0.000000000000E+000  0.000000000000E+000  0.000000000000E+000  0.000000000000E+000  0.000000000000E+000  0.000000000000E+000  0.000000000000E+000  0.000000000000E+000  0.000000000000E+000
   1.865000000000E+002  8.857858904134E-001  0.000000000000E+000  0.000000000000E+000  0.000000000000E+000  0.000000000000E+000  0.000000000000E+000  0.000000000000E+000  0.000000000000E+000  0.000000000000E+000  0.000000000000E+000  0.000000000000E+000  0.000000000000E+000  0.000000000000E+000
   1.867500000000E+002  5.328048767002E-001  0.000000000000E+000  0.000000000000E+000  0.000000000000E+000  0.000000000000E+000  0.000000000000E+000  0.000000000000E+000  0.000000000000E+000  0.000000000000E+000  0.000000000000E+000  0.000000000000E+000  0.000000000000E+000  0.000000000000E+000
   1.870000000000E+002  4.428808016911E-001  0.000000000000E+000  0.000000000000E+000  0.000000000000E+000  0.000000000000E+000  0.000000000000E+000  0.000000000000E+000  0.000000000000E+000  0.000000000000E+000  0.000000000000E+000  0.000000000000E+000  0.000000000000E+000  0.000000000000E+000
   1.872500000000E+002  3.546055923875E-001  0.000000000000E+000  0.000000000000E+000  0.000000000000E+000  0.000000000000E+000  0.000000000000E+000  0.000000000000E+000  0.000000000000E+000  0.000000000000E+000  0.000000000000E+000  0.000000000000E+000  0.000000000000E+000  0.000000000000E+000
   1.875000000000E+002  1.814068669544E-001  5.738763437584E-016  5.738763437584E-016  5.830064785774E-016  5.830064785774E-016  5.830064785774E-016  5.830064785774E-016  5.830064785774E-016  5.830064785774E-016  5.830064785774E-016  5.830064785774E-016  5.830064785774E-016  5.830064785774E-016
   1.877500000000E+002  5.537510859169E-001  0.000000000000E+000  0.000000000000E+000  0.000000000000E+000  0.000000000000E+000  0.000000000000E+000  0.000000000000E+000  0.000000000000E+000  0.000000000000E+000  0.000000000000E+000  0.000000000000E+000  0.000000000000E+000  0.000000000000E+000
   1.880000000000E+002  5.866957781227E-001  7.171331612833E-016  7.171331612833E-016  7.362859555198E-016  7.362859555198E-016  7.362859555198E-016  7.362859555198E-016  7.362859555198E-016  7.362859555198E-016  7.362859555198E-016  7.362859555198E-016  7.766921326706E-016  7.766921326706E-016
   1.882500000000E+002  6.826256867606E-001  0.000000000000E+000  0.000000000000E+000  0.000000000000E+000  0.000000000000E+000  0.000000000000E+000  0.000000000000E+000  0.000000000000E+000  0.000000000000E+000  0.000000000000E+000  0.000000000000E+000  0.000000000000E+000  0.000000000000E+000
   1.885000000000E+002  3.919608235902E-001  8.567475354883E-016  8.567475354883E-016  8.861139958273E-016  8.861139958273E-016  8.861139958273E-016  8.861139958273E-016  8.861139958273E-016  8.861139958273E-016  8.861139958273E-016  8.861139958273E-016  8.861139958273E-016  8.861139958273E-016
   1.887500000000E+002  3.654633779379E-001  8.051420681014E-015  8.051420681014E-015  1.488456514495E-014  1.488456514495E-014  5.423135751626E-013  5.423135751626E-013  5.451264713510E-013  5.451264713510E-013  5.451264713510E-013  5.451264713510E-013  5.457300470941E-013  5.457300470941E-013
   1.890000000000E+002  2.600569474068E-001  0.000000000000E+000  0.000000000000E+000  0.000000000000E+000  0.000000000000E+000  0.000000000000E+000  0.000000000000E+000  0.000000000000E+000  0.000000000000E+000  0.000000000000E+000  0.000000000000E+000  0.000000000000E+000  0.000000000000E+000
   1.892500000000E+002  6.138168960691E-001  0.000000000000E+000  0.000000000000E+000  0.000000000000E+000  0.000000000000E+000  0.000000000000E+000  0.000000000000E+000  0.000000000000E+000  0.000000000000E+000  0.000000000000E+000  0.000000000000E+000  0.000000000000E+000  0.000000000000E+000
   1.895000000000E+002  1.383922816084E-001  0.000000000000E+000  0.000000000000E+000  0.000000000000E+000  0.000000000000E+000  0.000000000000E+000  0.000000000000E+000  0.000000000000E+000  0.000000000000E+000  0.000000000000E+000  0.000000000000E+000  4.916912165112E-017  4.916912165112E-017
   1.897500000000E+002  3.905114411346E-001  0.000000000000E+000  0.000000000000E+000  0.000000000000E+000  0.000000000000E+000  0.000000000000E+000  0.000000000000E+000  0.000000000000E+000  0.000000000000E+000  0.000000000000E+000  0.000000000000E+000  0.000000000000E+000  0.000000000000E+000
   1.900000000000E+002  9.080619123696E-001  0.000000000000E+000  0.000000000000E+000  0.000000000000E+000  0.000000000000E+000  0.000000000000E+000  0.000000000000E+000  0.000000000000E+000  0.000000000000E+000  0.000000000000E+000  0.000000000000E+000  0.000000000000E+000  0.000000000000E+000
   1.902500000000E+002  5.873130745821E-001  0.000000000000E+000  0.000000000000E+000  0.000000000000E+000  0.000000000000E+000  0.000000000000E+000  0.000000000000E+000  0.000000000000E+000  0.000000000000E+000  0.000000000000E+000  0.000000000000E+000  0.000000000000E+000  0.000000000000E+000
   1.905000000000E+002  9.010539653663E-001  3.055699479671E-016  3.055699479671E-016  3.055699479671E-016  3.055699479671E-016  1.107403440918E-014  1.107403440918E-014  1.107403440918E-014  1.107403440918E-014  1.107403440918E-014  1.107403440918E-014  1.108813371775E-014  1.108813371775E-014
   1.907500000000E+002  7.698932245564E-001  8.365605146427E-016  8.365605146427E-016  8.365605146427E-016  8.365605146427E-016  2.181004453043E-014  2.181004453043E-014  2.181004453043E-014  2.181004453043E-014  2.181004453043E-014  2.181004453043E-014  2.183501373220E-014  2.183501373220E-014
   1.910000000000E+002  7.286681523252E-001  0.000000000000E+000  0.000000000000E+000  0.000000000000E+000  0.000000000000E+000  0.000000000000E+000  0.000000000000E+000  0.000000000000E+000  0.000000000000E+000  0.000000000000E+000  0.000000000000E+000  0.000000000000E+000  0.000000000000E+000
   1.912500000000E+002  4.731396176931E-001  0.000000000000E+000  0.000000000000E+000  0.000000000000E+000  0.000000000000E+000  0.000000000000E+000  0.000000000000E+000  0.000000000000E+000  0.000000000000E+000  0.000000000000E+000  0.000000000000E+000  0.000000000000E+000  0.000000000000E+000
   1.915000000000E+002  8.621119513547E-001  0.000000000000E+000  0.000000000000E+000  0.000000000000E+000  0.000000000000E+000  0.000000000000E+000  0.000000000000E+000  0.000000000000E+000  0.000000000000E+000  0.000000000000E+000  0.000000000000E+000  0.000000000000E+000  0.000000000000E+000
   1.917500000000E+002  7.441614802246E-001  0.000000000000E+000  0.000000000000E+000  0.000000000000E+000  0.000000000000E+000  0.000000000000E+000  0.000000000000E+000  0.000000000000E+000  0.000000000000E+000  0.000000000000E+000  0.000000000000E+000  0.000000000000E+000  0.000000000000E+000
   1.920000000000E+002  8.932674186899E-001  0.000000000000E+000  0.000000000000E+000  0.000000000000E+000  0.000000000000E+000  0.000000000000E+000  0.000000000000E+000  0.000000000000E+000  0.000000000000E+000  0.000000000000E+000  0.000000000000E+000  0.000000000000E+000  0.000000000000E+000
   1.922500000000E+002  5.879847900843E-001  4.088049509474E-016  4.088049509474E-016  4.656036070839E-016  4.656036070839E-016  4.656036070839E-016  4.656036070839E-016  5.063717737515E-016  5.063717737515E-016  5.063717737515E-016  5.063717737515E-016  5.155086157581E-016  5.155086157581E-016
   1.925000000000E+002  1.258002373823E-001  0.000000000000E+000  0.000000000000E+000  0.000000000000E+000  0.000000000000E+000  0.000000000000E+000  0.000000000000E+000  0.000000000000E+000  0.000000000000E+000  0.000000000000E+000  0.000000000000E+000  0.000000000000E+000  0.000000000000E+000
   1.927500000000E+002  7.490691201160E-001  0.000000000000E+000  0.000000000000E+000  0.000000000000E+000  0.000000000000E+000  0.000000000000E+000  0.000000000000E+000  0.000000000000E+000  0.000000000000E+000  0.000000000000E+000  0.000000000000E+000  0.000000000000E+000  0.000000000000E+000
   1.930000000000E+002  5.429546936188E-001  0.000000000000E+000  0.000000000000E+000  0.000000000000E+000  0.000000000000E+000  0.000000000000E+000  0.000000000000E+000  0.000000000000E+000  0.000000000000E+000  0.000000000000E+000  0.000000000000E+000  0.000000000000E+000  0.000000000000E+000
   1.932500000000E+002  9.547379888374E-001  2.513636328531E-014  2.513636328531E-014  2.533616374399E-014  2.533616374399E-014  2.074322083107E-013  2.074322083107E-013  2.092821227829E-013  2.092821227829E-013  2.092821227829E-013  2.092821227829E-013  2.096474697875E-013  2.096474697875E-013
   1.935000000000E+002  1.067166868928E-001  0.000000000000E+000  0.000000000000E+000  0.000000000000E+000  0.000000000000E+000  0.000000000000E+000  0.000000000000E+000  0.000000000000E+000  0.000000000000E+000  0.000000000000E+000  0.000000000000E+000  0.000000000000E+000  0.000000000000E+000
   1.937500000000E+002  1.770962272087E-001  0.000000000000E+000  0.000000000000E+000  0.000000000000E+000  0.000000000000E+000  0.000000000000E+000  0.000000000000E+000  0.000000000000E+000  0.000000000000E+000  0.000000000000E+000  0.000000000000E+000  0.000000000000E+000  0.000000000000E+000
   1.940000000000E+002  8.525683649202E-002  0.000000000000E+000  0.000000000000E+000  5.656355221182E-017  5.656355221182E-017  5.656355221182E-017  5.656355221182E-017  5.656355221182E-017  5.656355221182E-017  5.656355221182E-017  5.656355221182E-017  6.418921790299E-017  6.418921790299E-017
   1.942500000000E+002  7.650972949496E-001  0.000000000000E+000  0.000000000000E+000  0.000000000000E+000  0.000000000000E+000  0.000000000000E+000  0.000000000000E+000  0.000000000000E+000  0.000000000000E+000  0.000000000000E+000  0.000000000000E+000  0.000000000000E+000  0.000000000000E+000
   1.945000000000E+002  7.062468165676E-002  0.000000000000E+000  0.000000000000E+000  0.000000000000E+000  0.000000000000E+000  0.000000000000E+000  0.000000000000E+000  0.000000000000E+000  0.000000000000E+000  0.000000000000E+000  0.000000000000E+000  0.000000000000E+000  0.000000000000E+000
   1.947500000000E+002  4.917296845452E-001  0.000000000000E+000  0.000000000000E+000  0.000000000000E+000  0.000000000000E+000  0.000000000000E+000  0.000000000000E+000  0.000000000000E+000  0.000000000000E+000  0.000000000000E+000  0.000000000000E+000  0.000000000000E+000  0.000000000000E+000
   1.950000000000E+002  3.067830726861E-001  0.000000000000E+000  0.000000000000E+000  0.000000000000E+000  0.000000000000E+000  0.000000000000E+000  0.000000000000E+000  0.000000000000E+000  0.000000000000E+000  0.000000000000E+000  0.000000000000E+000  0.000000000000E+000  0.000000000000E+000
   1.952500000000E+002  4.897201883729E-001  0.000000000000E+000  0.000000000000E+000  0.000000000000E+000  0.000000000000E+000  0.000000000000E+000  0.000000000000E+000  0.000000000000E+000  0.000000000000E+000  0.000000000000E+000  0.000000000000E+000  0.000000000000E+000  0.000000000000E+000
   1.955000000000E+002  2.470644377174E-001  3.160895376831E-016  3.160895376831E-016  4.708171779889E-016  4.708171779889E-016  4.708171779889E-016  4.708171779889E-016  5.764270273780E-016  5.764270273780E-016  5.764270273780E-016  5.764270273780E-016  5.764270273780E-016  5.764270273780E-016
   1.957500000000E+002  4.563658888410E-001  5.235961937576E-016  5.235961937576E-016  6.755713377908E-016  6.755713377908E-016  6.755713377908E-016  6.755713377908E-016  8.101301037581E-016  8.101301037581E-016  8.101301037581E-016  8.101301037581E-016  8.101301037581E-016  8.101301037581E-016
   1.960000000000E+002  4.780967578470E-001  0.000000000000E+000  0.000000000000E+000  0.000000000000E+000  0.000000000000E+000  0.000000000000E+000  0.000000000000E+000  0.000000000000E+000  0.000000000000E+000  0.000000000000E+000  0.000000000000E+000  0.000000000000E+000  0.000000000000E+000
   1.962500000000E+002  3.550073412133E-001  8.737829432659E-016  8.737829432659E-016  1.010359380113E-015  1.010359380113E-015  1.010359380113E-015  1.010359380113E-015  1.198251891560E-015  1.198251891560E-015  1.198251891560E-015  1.198251891560E-015  2.085038989024E-015  2.085038989024E-015
   1.965000000000E+002  5.005843763005E-002  1.269600338992E-015  1.269600338992E-015  1.430207685358E-015  1.430207685358E-015  1.904465860743E-015  1.904465860743E-015  2.173050849507E-015  2.173050849507E-015  2.173050849507E-015  2.173050849507E-015  2.173050849507E-015  2.173050849507E-015
   1.967500000000E+002  2.757342771801E-001  0.000000000000E+000  0.000000000000E+000  0.000000000000E+000  0.000000000000E+000  0.000000000000E+000  0.000000000000E+000  0.000000000000E+000  0.000000000000E+000  0.000000000000E+000  0.000000000000E+000  0.000000000000E+000  0.000000000000E+000
   1.970000000000E+002  2.338076698937E-001  0.000000000000E+000  0.000000000000E+000  0.000000000000E+000  0.000000000000E+000  0.000000000000E+000  0.000000000000E+000  0.000000000000E+000  0.000000000000E+000  0.000000000000E+000  0.000000000000E+000  0.000000000000E+000  0.000000000000E+000
   1.972500000000E+002  7.302715643649E-001  1.754669611907E-015  1.754669611907E-015  1.890485114340E-015  1.890485114340E-015  3.994115052981E-015  3.994115052981E-015  4.386791456086E-015  4.386791456086E-015  4.386791456086E-015  4.386791456086E-015  4.427981480776E-015  4.427981480776E-015
   1.975000000000E+002  1.396447279816E-001  1.330379259553E-015  1.330379259553E-015  1.422244814342E-015  1.422244814342E-015  3.278682098050E-015  3.278682098050E-015  3.590086060812E-015  3.590086060812E-015  3.590086060812E-015  3.590086060812E-015  3.622466241188E-015  3.622466241188E-015
   1.977500000000E+002  8.130135313171E-001  0.000000000000E+000  0.000000000000E+000  0.000000000000E+000  0.000000000000E+000  0.000000000000E+000  0.000000000000E+000  0.000000000000E+000  0.000000000000E+000  0.000000000000E+000  0.000000000000E+000  0.000000000000E+000  0.000000000000E+000
   1.980000000000E+002  2.725582687033E-001  0.000000000000E+000  0.000000000000E+000  0.000000000000E+000  0.000000000000E+000  0.000000000000E+000  0.000000000000E+000  0.000000000000E+000  0.000000000000E+000  0.000000000000E+000  0.000000000000E+000  0.000000000000E+000  0.000000000000E+000
   1.982500000000E+002  6.888429906925E-001  0.000000000000E+000  0.000000000000E+000  0.000000000000E+000  0.000000000000E+000  0.000000000000E+000  0.000000000000E+000  0.000000000000E+000  0.000000000000E+000  0.000000000000E+000  0.000000000000E+000  0.000000000000E+000  0.000000000000E+000
   1.985000000000E+002  2.756440515768E-001  1.361381396110E-015  1.361381396110E-015  1.435283170771E-015  1.435283170771E-015  4.421363693331E-015  4.421363693331E-015  4.839625472580E-015  4.839625472580E-015  4.839625472580E-015  4.839625472580E-015  4.839625472580E-015  4.839625472580E-015
   1.987500000000E+002  4.574671755008E-002  1.332434352192E-015  1.332434352192E-015  1.404193009315E-015  1.404193009315E-015  4.694231937254E-015  4.694231937254E-015  5.138234557624E-015  5.138234557624E-015  5.138234557624E-015  5.138234557624E-015  5.138234557624E-015  5.138234557624E-015
   1.990000000000E+002  5.067651155754E-001  3.614023595638E-015  3.614023595638E-015  3.812208734560E-015  3.812208734560E-015  1.379425556352E-014  1.379425556352E-014  1.511228895055E-014  1.511228895055E-014  1.511228895055E-014  1.511228895055E-014  1.515125087400E-014  1.515125087400E-014
   1.992500000000E+002  4.943117443549E-001  2.562692664749E-015  2.562692664749E-015  2.707694909892E-015  2.707694909892E-015  1.071433026054E-014  1.071433026054E-014  1.173342685924E-014  1.173342685924E-014  1.173342685924E-014  1.173342685924E-014  1.178758660861E-014  1.178758660861E-014
   1.995000000000E+002  2.112929420359E-001  2.780947089898E-016  2.780947089898E-016  2.945465931461E-016  2.945465931461E-016  2.945465931461E-016  2.945465931461E-016  4.151645084250E-016  4.151645084250E-016  4.151645084250E-016  4.151645084250E-016  4.215165810649E-016  4.215165810649E-016
   1.997500000000E+002  4.718087716511E-001  1.438380329043E-015  1.438380329043E-015  1.529109309894E-015  1.529109309894E-015  6.120311141795E-015  6.120311141795E-015  6.811876253305E-015  6.811876253305E-015  6.811876253305E-015  6.811876253305E-015  9.947388940252E-015  9.947388940252E-015
   2.000000000000E+002  2.398122942001E-002  1.633124625335E-015  1.633124625335E-015  1.747139509742E-015  1.747139509742E-015  7.686170020955E-015  7.686170020955E-015  8.546343217919E-015  8.546343217919E-015  8.546343217919E-015  8.546343217919E-015  8.668627237817E-015  8.668627237817E-015
