#                    1                    2                    3                    4                    5                    6                    7                    8                    9                   10                   11                   12                   13                   14
#               Time |      f_osc (state) |       === f_osc ===>
#               [fs] |                 [] |                 [] |
   0.000000000000E+000  1.489179529502E-004  0.000000000000E+000  0.000000000000E+000  2.761002464008E-004  0.000000000000E+000  1.489179529502E-004  0.000000000000E+000  1.037050521658E-004  0.000000000000E+000  1.521385630078E-005  0.000000000000E+000  1.550586644061E-004  0.000000000000E+000
   2.500000000000E-001  1.171156348917E-004  0.000000000000E+000  0.000000000000E+000  2.641867694509E-004  0.000000000000E+000  1.171156348917E-004  0.000000000000E+000  8.104590242270E-005  0.000000000000E+000  1.211357970240E-005  0.000000000000E+000  1.397313119938E-004  0.000000000000E+000
   5.000000000000E-001  7.026460488386E-005  0.000000000000E+000  0.000000000000E+000  2.280002622072E-004  0.000000000000E+000  7.026460488386E-005  0.000000000000E+000  5.073163969415E-005  0.000000000000E+000  8.058276046631E-006  0.000000000000E+000  1.091949979971E-004  0.000000000000E+000
   7.500000000000E-001  3.098299544713E-005  0.000000000000E+000  0.000000000000E+000  1.779384391962E-004  0.000000000000E+000  3.098299544713E-005  0.000000000000E+000  2.458678178394E-005  0.000000000000E+000  4.374553358848E-006  0.000000000000E+000  7.302533593526E-005  0.000000000000E+000
   1.000000000000E+000  1.317772653588E-005  0.000000000000E+000  0.000000000000E+000  8.214803764875E-005  0.000000000000E+000  1.317772653588E-005  0.000000000000E+000  8.854913807896E-006  0.000000000000E+000  8.711348828563E-008  0.000000000000E+000  1.179826325798E-006  0.000000000000E+000
   1.250000000000E+000  1.440359770248E-005  0.000000000000E+000  0.000000000000E+000  4.891383420138E-005  0.000000000000E+000  1.440359770248E-005  0.000000000000E+000  1.766191178343E-006  0.000000000000E+000  2.983541770972E-009  0.000000000000E+000  2.991972939519E-006  0.000000000000E+000
   1.500000000000E+000  2.323217240841E-005  0.000000000000E+000  0.000000000000E+000  2.492864262068E-005  0.000000000000E+000  2.323217240841E-005  0.000000000000E+000  1.588081055042E-008  0.000000000000E+000  8.061129028248E-011  0.000000000000E+000  4.841849818177E-006  0.000000000000E+000
   1.750000000000E+000  2.791968436439E-005  0.000000000000E+000  0.000000000000E+000  2.791968436439E-005  0.000000000000E+000  1.063355258993E-005  0.000000000000E+000  3.981057908117E-007  0.000000000000E+000  1.307681223174E-008  0.000000000000E+000  6.020917709483E-006  0.000000000000E+000
   2.000000000000E+000  2.526437209273E-005  0.000000000000E+000  0.000000000000E+000  2.526437209273E-005  0.000000000000E+000  3.934308684428E-006  0.000000000000E+000  1.093006613525E-006  0.000000000000E+000  6.444814962821E-008  0.000000000000E+000  6.126715173345E-006  0.000000000000E+000
   2.250000000000E+000  1.819695329583E-005  0.000000000000E+000  0.000000000000E+000  1.819695329583E-005  0.000000000000E+000  1.227472996269E-006  0.000000000000E+000  1.452002474547E-006  0.000000000000E+000  1.352757838508E-007  0.000000000000E+000  5.537998911100E-006  0.000000000000E+000
   2.500000000000E+000  1.084461741176E-005  0.000000000000E+000  0.000000000000E+000  1.084461741176E-005  0.000000000000E+000  3.174463672164E-007  0.000000000000E+000  1.359043293600E-006  0.000000000000E+000  2.274655796723E-007  0.000000000000E+000  4.710335596451E-006  0.000000000000E+000
   2.750000000000E+000  5.475676454406E-006  0.000000000000E+000  0.000000000000E+000  6.605933238248E-008  0.000000000000E+000  5.475676454406E-006  0.000000000000E+000  9.720847276892E-007  0.000000000000E+000  3.226525185993E-007  0.000000000000E+000  3.943867715680E-006  0.000000000000E+000
   3.000000000000E+000  2.436999245086E-006  0.000000000000E+000  0.000000000000E+000  1.234899721582E-008  0.000000000000E+000  2.436999245086E-006  0.000000000000E+000  5.611205184349E-007  0.000000000000E+000  3.896588437225E-007  0.000000000000E+000  3.323209095468E-006  0.000000000000E+000
   3.250000000000E+000  9.791364837501E-007  0.000000000000E+000  0.000000000000E+000  2.500900977518E-009  0.000000000000E+000  2.558220553490E-007  0.000000000000E+000  9.791364837501E-007  0.000000000000E+000  4.023447460481E-007  0.000000000000E+000  2.812443201256E-006  0.000000000000E+000
   3.500000000000E+000  4.077569597093E-007  0.000000000000E+000  0.000000000000E+000  3.578723251820E-010  0.000000000000E+000  8.874003488504E-008  0.000000000000E+000  4.077569597093E-007  0.000000000000E+000  3.698597526292E-007  0.000000000000E+000  2.364543926735E-006  0.000000000000E+000
   3.750000000000E+000  0.000000000000E+000  0.000000000000E+000  0.000000000000E+000  2.145400640341E-007  0.000000000000E+000  7.033589662118E-007  0.000000000000E+000  2.074171390521E-007  0.000000000000E+000  4.015326108652E-007  0.000000000000E+000  4.345078561763E-006  0.000000000000E+000
   4.000000000000E+000  0.000000000000E+000  0.000000000000E+000  0.000000000000E+000  1.103209564061E-007  0.000000000000E+000  4.256592445408E-007  0.000000000000E+000  2.652542431749E-007  0.000000000000E+000  2.033415692142E-007  0.000000000000E+000  1.351388663113E-006  0.000000000000E+000
   4.250000000000E+000  2.418191272618E-007  0.000000000000E+000  0.000000000000E+000  2.714969551957E-008  0.000000000000E+000  9.349034002910E-008  0.000000000000E+000  2.418191272618E-007  0.000000000000E+000  6.551418068166E-008  0.000000000000E+000  1.906787304249E-007  0.000000000000E+000
   4.500000000000E+000  1.549462628785E-007  0.000000000000E+000  0.000000000000E+000  1.851325451784E-008  0.000000000000E+000  9.550148294646E-008  0.000000000000E+000  1.549462628785E-007  0.000000000000E+000  4.645177741275E-008  0.000000000000E+000  7.180039430621E-008  0.000000000000E+000
   4.750000000000E+000  9.873045597153E-008  0.000000000000E+000  0.000000000000E+000  1.489792324816E-008  0.000000000000E+000  9.366673119159E-008  0.000000000000E+000  9.873045597153E-008  0.000000000000E+000  3.319615469498E-008  0.000000000000E+000  2.270692459607E-008  0.000000000000E+000
   5.000000000000E+000  6.345257649830E-008  0.000000000000E+000  0.000000000000E+000  1.239155795968E-008  0.000000000000E+000  8.312728959621E-008  0.000000000000E+000  6.345257649830E-008  0.000000000000E+000  2.403822230797E-008  0.000000000000E+000  4.152554117039E-009  0.000000000000E+000
   5.250000000000E+000  4.120646737137E-008  0.000000000000E+000  0.000000000000E+000  1.050319966698E-008  0.000000000000E+000  7.106594849263E-008  0.000000000000E+000  1.789218989476E-008  0.000000000000E+000  4.120646737137E-008  0.000000000000E+000  4.151573420400E-011  0.000000000000E+000
   5.500000000000E+000  2.711215368396E-008  0.000000000000E+000  0.000000000000E+000  9.006288740492E-009  0.000000000000E+000  6.004442912259E-008  0.000000000000E+000  1.373337821876E-008  0.000000000000E+000  2.711215368396E-008  0.000000000000E+000  9.420272210165E-010  0.000000000000E+000
   5.750000000000E+000  1.797314705036E-008  0.000000000000E+000  0.000000000000E+000  7.771170372599E-009  0.000000000000E+000  5.065962436207E-008  0.000000000000E+000  1.081170076982E-008  0.000000000000E+000  1.797314705036E-008  0.000000000000E+000  2.938347465625E-009  0.000000000000E+000
   6.000000000000E+000  1.198643513930E-008  0.000000000000E+000  0.000000000000E+000  6.732540742341E-009  0.000000000000E+000  4.284489343412E-008  0.000000000000E+000  8.686195592118E-009  0.000000000000E+000  1.198643513930E-008  0.000000000000E+000  4.753043127115E-009  0.000000000000E+000
   6.250000000000E+000  8.034356525405E-009  0.000000000000E+000  0.000000000000E+000  5.849927922055E-009  0.000000000000E+000  3.637680182198E-008  0.000000000000E+000  7.090844719920E-009  0.000000000000E+000  8.034356525405E-009  0.000000000000E+000  6.085025860182E-009  0.000000000000E+000
   6.500000000000E+000  5.410392180680E-009  0.000000000000E+000  0.000000000000E+000  5.095571214482E-009  0.000000000000E+000  3.102671340125E-008  0.000000000000E+000  5.863684436433E-009  0.000000000000E+000  5.410392180680E-009  0.000000000000E+000  6.944579218835E-009  0.000000000000E+000
   6.750000000000E+000  3.659940710566E-009  0.000000000000E+000  0.000000000000E+000  4.448761128948E-009  0.000000000000E+000  2.659580461711E-008  0.000000000000E+000  4.902261922055E-009  0.000000000000E+000  3.659940710566E-009  0.000000000000E+000  7.418878694388E-009  0.000000000000E+000
   7.000000000000E+000  2.486880862704E-009  0.000000000000E+000  0.000000000000E+000  3.893058321639E-009  0.000000000000E+000  2.291844268167E-008  0.000000000000E+000  4.138525163463E-009  0.000000000000E+000  2.486880862704E-009  0.000000000000E+000  7.600599812486E-009  0.000000000000E+000
   7.250000000000E+000  1.697062736295E-009  0.000000000000E+000  0.000000000000E+000  3.414871853253E-009  0.000000000000E+000  1.985694212220E-008  0.000000000000E+000  3.524869346759E-009  0.000000000000E+000  1.697062736295E-009  0.000000000000E+000  7.570363159968E-009  0.000000000000E+000
   7.500000000000E+000  1.162706059467E-009  0.000000000000E+000  0.000000000000E+000  3.002726823697E-009  0.000000000000E+000  1.729773586277E-008  0.000000000000E+000  3.026746089588E-009  0.000000000000E+000  1.162706059467E-009  0.000000000000E+000  7.389653481399E-009  0.000000000000E+000
   7.750000000000E+000  7.994575764905E-010  0.000000000000E+000  0.000000000000E+000  2.646857112019E-009  0.000000000000E+000  1.514789225053E-008  0.000000000000E+000  2.618494180881E-009  0.000000000000E+000  7.994575764905E-010  0.000000000000E+000  7.112766527819E-009  0.000000000000E+000
   8.000000000000E+000  5.514032831590E-010  0.000000000000E+000  0.000000000000E+000  2.338959350679E-009  0.000000000000E+000  1.333200292341E-008  0.000000000000E+000  2.280765027288E-009  0.000000000000E+000  5.514032831590E-010  0.000000000000E+000  6.776077086755E-009  0.000000000000E+000
   8.250000000000E+000  3.813093453516E-010  0.000000000000E+000  0.000000000000E+000  2.071982075559E-009  0.000000000000E+000  1.178951442885E-008  0.000000000000E+000  1.998903530684E-009  0.000000000000E+000  3.813093453516E-010  0.000000000000E+000  6.407353298685E-009  0.000000000000E+000
   8.500000000000E+000  2.642425162671E-010  0.000000000000E+000  0.000000000000E+000  1.839950606470E-009  0.000000000000E+000  1.047159912349E-008  0.000000000000E+000  1.761680641848E-009  0.000000000000E+000  2.642425162671E-010  0.000000000000E+000  6.026075542706E-009  0.000000000000E+000
   8.750000000000E+000  1.834046140317E-010  0.000000000000E+000  0.000000000000E+000  1.637818270385E-009  0.000000000000E+000  9.339679591147E-009  0.000000000000E+000  1.560543010019E-009  0.000000000000E+000  1.834046140317E-010  0.000000000000E+000  5.645871184844E-009  0.000000000000E+000
   9.000000000000E+000  1.274217778249E-010  0.000000000000E+000  0.000000000000E+000  1.461315194172E-009  0.000000000000E+000  8.362484593826E-009  0.000000000000E+000  1.388820450731E-009  0.000000000000E+000  1.274217778249E-010  0.000000000000E+000  5.275558089232E-009  0.000000000000E+000
   9.250000000000E+000  8.855385169740E-011  0.000000000000E+000  0.000000000000E+000  1.306829694328E-009  0.000000000000E+000  7.514832586538E-009  0.000000000000E+000  1.241299984664E-009  0.000000000000E+000  8.855385169740E-011  0.000000000000E+000  4.920677769511E-009  0.000000000000E+000
   9.500000000000E+000  6.151120895314E-011  0.000000000000E+000  0.000000000000E+000  1.171300639977E-009  0.000000000000E+000  6.776230483887E-009  0.000000000000E+000  1.113851359747E-009  0.000000000000E+000  6.151120895314E-011  0.000000000000E+000  4.584411228434E-009  0.000000000000E+000
   9.750000000000E+000  4.266501725428E-011  0.000000000000E+000  0.000000000000E+000  1.052128678694E-009  0.000000000000E+000  6.129891431384E-009  0.000000000000E+000  1.003167927321E-009  0.000000000000E+000  4.266501725428E-011  0.000000000000E+000  4.268316700318E-009  0.000000000000E+000
   1.000000000000E+001  2.951685909231E-011  0.000000000000E+000  0.000000000000E+000  9.471021433521E-010  0.000000000000E+000  5.561969953136E-009  0.000000000000E+000  9.065756528040E-010  0.000000000000E+000  2.951685909231E-011  0.000000000000E+000  3.972855079617E-009  0.000000000000E+000
   1.025000000000E+001  2.034058530793E-011  0.000000000000E+000  0.000000000000E+000  8.543353097172E-010  0.000000000000E+000  5.060985344130E-009  0.000000000000E+000  8.218941462556E-010  0.000000000000E+000  2.034058530793E-011  0.000000000000E+000  3.697771067427E-009  0.000000000000E+000
   1.050000000000E+001  1.393935519444E-011  0.000000000000E+000  0.000000000000E+000  7.722169763821E-010  0.000000000000E+000  4.617388680635E-009  0.000000000000E+000  7.473352212948E-010  0.000000000000E+000  1.393935519444E-011  0.000000000000E+000  3.442720869286E-009  0.000000000000E+000
   1.075000000000E+001  9.480923241927E-012  0.000000000000E+000  0.000000000000E+000  6.993682678755E-010  0.000000000000E+000  4.223177507207E-009  0.000000000000E+000  6.814212070947E-010  0.000000000000E+000  9.480923241927E-012  0.000000000000E+000  3.205673804688E-009  0.000000000000E+000
   1.100000000000E+001  6.384318326052E-012  0.000000000000E+000  0.000000000000E+000  6.346049007969E-010  0.000000000000E+000  3.871683822955E-009  0.000000000000E+000  6.229278883946E-010  0.000000000000E+000  6.384318326052E-012  0.000000000000E+000  2.986496124420E-009  0.000000000000E+000
   1.125000000000E+001  4.243135254259E-012  0.000000000000E+000  0.000000000000E+000  5.769107012619E-010  0.000000000000E+000  3.557256637594E-009  0.000000000000E+000  5.708302395282E-010  0.000000000000E+000  4.243135254259E-012  0.000000000000E+000  2.783832247807E-009  0.000000000000E+000
   1.150000000000E+001  2.771657768463E-012  0.000000000000E+000  0.000000000000E+000  5.254087888525E-010  0.000000000000E+000  3.275132848007E-009  0.000000000000E+000  5.242785857259E-010  0.000000000000E+000  2.771657768463E-012  0.000000000000E+000  2.596537242562E-009  0.000000000000E+000
   1.175000000000E+001  1.769599872486E-012  0.000000000000E+000  0.000000000000E+000  4.793444750369E-010  0.000000000000E+000  3.021254271078E-009  0.000000000000E+000  4.825466184997E-010  0.000000000000E+000  1.769599872486E-012  0.000000000000E+000  2.423441831124E-009  0.000000000000E+000
   1.200000000000E+001  1.095628348893E-012  0.000000000000E+000  0.000000000000E+000  4.380634370782E-010  0.000000000000E+000  2.792201319282E-009  0.000000000000E+000  4.450281365729E-010  0.000000000000E+000  1.095628348893E-012  0.000000000000E+000  2.263500186557E-009  0.000000000000E+000
   1.225000000000E+001  6.501805203185E-013  0.000000000000E+000  0.000000000000E+000  4.009990536893E-010  0.000000000000E+000  2.585002060425E-009  0.000000000000E+000  4.112022739448E-010  0.000000000000E+000  6.501805203185E-013  0.000000000000E+000  2.108718109900E-009  0.000000000000E+000
   1.250000000000E+001  3.629816930870E-013  0.000000000000E+000  0.000000000000E+000  3.676593534557E-010  0.000000000000E+000  2.397137008667E-009  0.000000000000E+000  3.806259035591E-010  0.000000000000E+000  3.629816930870E-013  0.000000000000E+000  1.973562118876E-009  0.000000000000E+000
   1.275000000000E+001  1.845817520249E-013  0.000000000000E+000  0.000000000000E+000  3.376161674753E-010  0.000000000000E+000  2.226408787095E-009  0.000000000000E+000  3.529186312772E-010  0.000000000000E+000  1.845817520249E-013  0.000000000000E+000  1.848851267115E-009  0.000000000000E+000
   1.300000000000E+001  8.017204942963E-014  0.000000000000E+000  0.000000000000E+000  3.104961813269E-010  0.000000000000E+000  2.070920407408E-009  0.000000000000E+000  3.277528424479E-010  0.000000000000E+000  8.017204942963E-014  0.000000000000E+000  1.715862945995E-009  0.000000000000E+000
   1.325000000000E+001  2.530915990850E-014  0.000000000000E+000  0.000000000000E+000  2.859732847339E-010  0.000000000000E+000  1.929023707571E-009  0.000000000000E+000  3.048449427544E-010  0.000000000000E+000  2.530915990850E-014  0.000000000000E+000  1.607591957518E-009  0.000000000000E+000
   1.350000000000E+001  2.932471195081E-015  0.000000000000E+000  0.000000000000E+000  2.637619323794E-010  0.000000000000E+000  1.799280652316E-009  0.000000000000E+000  2.839489236384E-010  0.000000000000E+000  2.932471195081E-015  0.000000000000E+000  1.507829840910E-009  0.000000000000E+000
   1.375000000000E+001  1.187712133950E-015  0.000000000000E+000  0.000000000000E+000  2.436117541850E-010  0.000000000000E+000  1.680432418034E-009  0.000000000000E+000  2.648503661824E-010  0.000000000000E+000  1.187712133950E-015  0.000000000000E+000  1.415970504490E-009  0.000000000000E+000
   1.400000000000E+001  1.191002748992E-014  0.000000000000E+000  0.000000000000E+000  2.253027034871E-010  0.000000000000E+000  1.571372742303E-009  0.000000000000E+000  2.473616571775E-010  0.000000000000E+000  1.191002748992E-014  0.000000000000E+000  1.331289768819E-009  0.000000000000E+000
   1.425000000000E+001  2.954100990915E-014  0.000000000000E+000  0.000000000000E+000  2.086410440914E-010  0.000000000000E+000  1.471128816269E-009  0.000000000000E+000  2.313184678005E-010  0.000000000000E+000  2.954100990915E-014  0.000000000000E+000  1.253018013665E-009  0.000000000000E+000
   1.450000000000E+001  5.035768996657E-014  0.000000000000E+000  0.000000000000E+000  1.934559398174E-010  0.000000000000E+000  1.378841574424E-009  0.000000000000E+000  2.165762339918E-010  0.000000000000E+000  5.035768996657E-014  0.000000000000E+000  1.180436432623E-009  0.000000000000E+000
   1.475000000000E+001  7.192403222048E-014  0.000000000000E+000  0.000000000000E+000  1.795964177353E-010  0.000000000000E+000  1.293749787929E-009  0.000000000000E+000  2.030073433631E-010  0.000000000000E+000  7.192403222048E-014  0.000000000000E+000  1.112934779485E-009  0.000000000000E+000
   1.500000000000E+001  9.262773106766E-014  0.000000000000E+000  0.000000000000E+000  1.669288628183E-010  0.000000000000E+000  1.215182225463E-009  0.000000000000E+000  1.904990021319E-010  0.000000000000E+000  9.262773106766E-014  0.000000000000E+000  1.059876694889E-009  0.000000000000E+000
   1.525000000000E+001  1.117022072936E-013  0.000000000000E+000  0.000000000000E+000  1.553348150997E-010  0.000000000000E+000  1.142530359999E-009  0.000000000000E+000  1.789512385949E-010  0.000000000000E+000  1.117022072936E-013  0.000000000000E+000  9.998303136004E-010  0.000000000000E+000
   1.550000000000E+001  1.285722696746E-013  0.000000000000E+000  0.000000000000E+000  1.447090478651E-010  0.000000000000E+000  1.075262692498E-009  0.000000000000E+000  1.682751117274E-010  0.000000000000E+000  1.285722696746E-013  0.000000000000E+000  9.438314304115E-010  0.000000000000E+000
   1.575000000000E+001  1.430238777729E-013  0.000000000000E+000  0.000000000000E+000  1.349579733283E-010  0.000000000000E+000  1.012900353588E-009  0.000000000000E+000  1.583913634839E-010  0.000000000000E+000  1.430238777729E-013  0.000000000000E+000  8.915678294561E-010  0.000000000000E+000
   1.600000000000E+001  1.550289792855E-013  0.000000000000E+000  0.000000000000E+000  1.259981773941E-010  0.000000000000E+000  9.550146295388E-010  0.000000000000E+000  1.492292473317E-010  0.000000000000E+000  1.550289792855E-013  0.000000000000E+000  8.427562333271E-010  0.000000000000E+000
   1.625000000000E+001  1.646775568326E-013  0.000000000000E+000  0.000000000000E+000  1.177552420581E-010  0.000000000000E+000  9.012202526378E-010  0.000000000000E+000  1.407253623891E-010  0.000000000000E+000  1.646775568326E-013  0.000000000000E+000  7.971372499699E-010  0.000000000000E+000
   1.650000000000E+001  1.459877620602E-013  0.000000000000E+000  0.000000000000E+000  9.801829718633E-011  0.000000000000E+000  4.423094298859E-010  0.000000000000E+000  6.255853775257E-011  0.000000000000E+000  1.459877620602E-013  0.000000000000E+000  3.119283893848E-010  0.000000000000E+000
   1.675000000000E+001  1.434662568221E-013  0.000000000000E+000  0.000000000000E+000  9.184704677810E-011  0.000000000000E+000  4.127693231217E-010  0.000000000000E+000  5.829450558973E-011  0.000000000000E+000  1.434662568221E-013  0.000000000000E+000  2.927161635841E-010  0.000000000000E+000
   1.700000000000E+001  1.810258259473E-013  0.000000000000E+000  0.000000000000E+000  9.670614221449E-011  0.000000000000E+000  7.585866942505E-010  0.000000000000E+000  1.182441904960E-010  0.000000000000E+000  1.810258259473E-013  0.000000000000E+000  6.748652914171E-010  0.000000000000E+000
   1.725000000000E+001  1.833200842990E-013  0.000000000000E+000  0.000000000000E+000  9.072170759965E-011  0.000000000000E+000  7.204551432858E-010  0.000000000000E+000  1.122279292987E-010  0.000000000000E+000  1.833200842990E-013  0.000000000000E+000  6.463510493541E-010  0.000000000000E+000
   1.750000000000E+001  1.840700352943E-013  0.000000000000E+000  0.000000000000E+000  8.519290346349E-011  0.000000000000E+000  6.826096002318E-010  0.000000000000E+000  1.062767406393E-010  0.000000000000E+000  1.840700352943E-013  0.000000000000E+000  6.134128336974E-010  0.000000000000E+000
   1.775000000000E+001  1.836533405740E-013  0.000000000000E+000  0.000000000000E+000  8.007182946108E-011  0.000000000000E+000  6.471812718597E-010  0.000000000000E+000  1.007109264015E-010  0.000000000000E+000  1.836533405740E-013  0.000000000000E+000  5.824539674145E-010  0.000000000000E+000
   1.800000000000E+001  1.822524773400E-013  0.000000000000E+000  0.000000000000E+000  7.532339514134E-011  0.000000000000E+000  6.140113930327E-010  0.000000000000E+000  9.550444467642E-011  0.000000000000E+000  1.822524773400E-013  0.000000000000E+000  5.533598765202E-010  0.000000000000E+000
   1.825000000000E+001  1.800302573795E-013  0.000000000000E+000  0.000000000000E+000  7.091599036245E-011  0.000000000000E+000  5.829344916532E-010  0.000000000000E+000  9.063047807059E-011  0.000000000000E+000  1.800302573795E-013  0.000000000000E+000  5.260057547597E-010  0.000000000000E+000
   1.850000000000E+001  1.771316255796E-013  0.000000000000E+000  0.000000000000E+000  6.682107317156E-011  0.000000000000E+000  5.537948115374E-010  0.000000000000E+000  8.606387821301E-011  0.000000000000E+000  1.771316255796E-013  0.000000000000E+000  5.002723059641E-010  0.000000000000E+000
   1.875000000000E+001  1.736844620658E-013  0.000000000000E+000  0.000000000000E+000  6.301281018517E-011  0.000000000000E+000  5.264487638039E-010  0.000000000000E+000  8.178152370106E-011  0.000000000000E+000  1.736844620658E-013  0.000000000000E+000  4.760485461336E-010  0.000000000000E+000
   1.900000000000E+001  1.698007695365E-013  0.000000000000E+000  0.000000000000E+000  5.946779810143E-011  0.000000000000E+000  5.007652131396E-010  0.000000000000E+000  7.776232645259E-011  0.000000000000E+000  1.698007695365E-013  0.000000000000E+000  4.532325659627E-010  0.000000000000E+000
   1.925000000000E+001  1.654695563424E-013  0.000000000000E+000  0.000000000000E+000  5.616480485641E-011  0.000000000000E+000  4.766244956552E-010  0.000000000000E+000  7.398689585245E-011  0.000000000000E+000  1.654695563424E-013  0.000000000000E+000  4.293321233473E-010  0.000000000000E+000
   1.950000000000E+001  1.611874022910E-013  0.000000000000E+000  0.000000000000E+000  5.308535989972E-011  0.000000000000E+000  4.539133344588E-010  0.000000000000E+000  7.043789532511E-011  0.000000000000E+000  1.611874022910E-013  0.000000000000E+000  4.045400814966E-010  0.000000000000E+000
   1.975000000000E+001  1.565285984552E-013  0.000000000000E+000  0.000000000000E+000  5.021020919344E-011  0.000000000000E+000  4.325341113987E-010  0.000000000000E+000  6.709862651827E-011  0.000000000000E+000  1.565285984552E-013  0.000000000000E+000  3.857972285689E-010  0.000000000000E+000
   2.000000000000E+001  1.517468415249E-013  0.000000000000E+000  0.000000000000E+000  4.752427944852E-011  0.000000000000E+000  4.123933784778E-010  0.000000000000E+000  6.395460152420E-011  0.000000000000E+000  1.517468415249E-013  0.000000000000E+000  3.681175949526E-010  0.000000000000E+000
   2.025000000000E+001  1.468939707306E-013  0.000000000000E+000  0.000000000000E+000  4.501301209845E-011  0.000000000000E+000  3.934063789376E-010  0.000000000000E+000  6.099229454528E-011  0.000000000000E+000  1.468939707306E-013  0.000000000000E+000  3.514304399504E-010  0.000000000000E+000
   2.050000000000E+001  1.420132545909E-013  0.000000000000E+000  0.000000000000E+000  4.266312338978E-011  0.000000000000E+000  3.754947492942E-010  0.000000000000E+000  5.819921612884E-011  0.000000000000E+000  1.420132545909E-013  0.000000000000E+000  3.356700669968E-010  0.000000000000E+000
   2.075000000000E+001  1.371390518074E-013  0.000000000000E+000  0.000000000000E+000  4.046253458641E-011  0.000000000000E+000  3.585791778770E-010  0.000000000000E+000  5.556275913704E-011  0.000000000000E+000  1.371390518074E-013  0.000000000000E+000  3.207694156101E-010  0.000000000000E+000
   2.100000000000E+001  1.323037426058E-013  0.000000000000E+000  0.000000000000E+000  3.840007882559E-011  0.000000000000E+000  3.426026973502E-010  0.000000000000E+000  5.307384791714E-011  0.000000000000E+000  1.323037426058E-013  0.000000000000E+000  3.066807431880E-010  0.000000000000E+000
   2.125000000000E+001  1.275312569787E-013  0.000000000000E+000  0.000000000000E+000  3.646561337319E-011  0.000000000000E+000  3.275028891341E-010  0.000000000000E+000  5.072256803531E-011  0.000000000000E+000  1.275312569787E-013  0.000000000000E+000  2.933511838081E-010  0.000000000000E+000
   2.150000000000E+001  1.230386133453E-013  0.000000000000E+000  0.000000000000E+000  3.465886328391E-011  0.000000000000E+000  3.113174625053E-010  0.000000000000E+000  4.821140036068E-011  0.000000000000E+000  1.230386133453E-013  0.000000000000E+000  2.789564889389E-010  0.000000000000E+000
   2.175000000000E+001  1.182550294039E-013  0.000000000000E+000  0.000000000000E+000  3.294410731527E-011  0.000000000000E+000  2.997217275654E-010  0.000000000000E+000  4.639937654030E-011  0.000000000000E+000  1.182550294039E-013  0.000000000000E+000  2.687899843749E-010  0.000000000000E+000
   2.200000000000E+001  1.139680054892E-013  0.000000000000E+000  0.000000000000E+000  3.134891465319E-011  0.000000000000E+000  2.852483686356E-010  0.000000000000E+000  4.415514266939E-011  0.000000000000E+000  1.139680054892E-013  0.000000000000E+000  2.558956888157E-010  0.000000000000E+000
   2.225000000000E+001  1.094108455193E-013  0.000000000000E+000  0.000000000000E+000  2.983266773836E-011  0.000000000000E+000  2.748002032540E-010  0.000000000000E+000  4.252417818729E-011  0.000000000000E+000  1.094108455193E-013  0.000000000000E+000  2.467151551685E-010  0.000000000000E+000
   2.250000000000E+001  1.053685668478E-013  0.000000000000E+000  0.000000000000E+000  2.842025679112E-011  0.000000000000E+000  2.618275749152E-010  0.000000000000E+000  4.051377561060E-011  0.000000000000E+000  1.053685668478E-013  0.000000000000E+000  2.351387267189E-010  0.000000000000E+000
   2.275000000000E+001  1.010700035845E-013  0.000000000000E+000  0.000000000000E+000  2.707582016586E-011  0.000000000000E+000  2.524008820361E-010  0.000000000000E+000  3.904366106250E-011  0.000000000000E+000  1.010700035845E-013  0.000000000000E+000  2.268388860760E-010  0.000000000000E+000
   2.300000000000E+001  9.728872486390E-014  0.000000000000E+000  0.000000000000E+000  2.582186851944E-011  0.000000000000E+000  2.407470500398E-010  0.000000000000E+000  3.723855697446E-011  0.000000000000E+000  9.728872486390E-014  0.000000000000E+000  2.164233895343E-010  0.000000000000E+000
   2.325000000000E+001  9.326469724955E-014  0.000000000000E+000  0.000000000000E+000  2.462663941282E-011  0.000000000000E+000  2.322245293411E-010  0.000000000000E+000  3.591060533837E-011  0.000000000000E+000  9.326469724955E-014  0.000000000000E+000  2.089053361794E-010  0.000000000000E+000
   2.350000000000E+001  8.974867626102E-014  0.000000000000E+000  0.000000000000E+000  2.351048566597E-011  0.000000000000E+000  2.217327062134E-010  0.000000000000E+000  3.428624397316E-011  0.000000000000E+000  8.974867626102E-014  0.000000000000E+000  1.995151667843E-010  0.000000000000E+000
   2.375000000000E+001  8.600332927556E-014  0.000000000000E+000  0.000000000000E+000  2.244522301965E-011  0.000000000000E+000  2.140122780365E-010  0.000000000000E+000  3.308422949885E-011  0.000000000000E+000  8.600332927556E-014  0.000000000000E+000  1.926925752217E-010  0.000000000000E+000
   2.400000000000E+001  8.279238677075E-014  0.000000000000E+000  0.000000000000E+000  2.144340658438E-011  0.000000000000E+000  2.045458691950E-010  0.000000000000E+000  3.161875963010E-011  0.000000000000E+000  8.279238677075E-014  0.000000000000E+000  1.865547335877E-010  0.000000000000E+000
   2.425000000000E+001  7.934079377246E-014  0.000000000000E+000  0.000000000000E+000  2.049179849351E-011  0.000000000000E+000  1.975389870247E-010  0.000000000000E+000  3.052895570224E-011  0.000000000000E+000  7.934079377246E-014  0.000000000000E+000  1.802205384482E-010  0.000000000000E+000
   2.450000000000E+001  7.631592738370E-014  0.000000000000E+000  0.000000000000E+000  1.960128774952E-011  0.000000000000E+000  1.889820128091E-010  0.000000000000E+000  2.920494137331E-011  0.000000000000E+000  7.631592738370E-014  0.000000000000E+000  1.724493717375E-010  0.000000000000E+000
   2.475000000000E+001  7.312811733116E-014  0.000000000000E+000  0.000000000000E+000  1.874911648182E-011  0.000000000000E+000  1.826112325240E-010  0.000000000000E+000  2.821475206926E-011  0.000000000000E+000  7.312811733116E-014  0.000000000000E+000  1.666799219427E-010  0.000000000000E+000
   2.500000000000E+001  7.034612189784E-014  0.000000000000E+000  0.000000000000E+000  1.795076886637E-011  0.000000000000E+000  1.748611278539E-010  0.000000000000E+000  2.701602341259E-011  0.000000000000E+000  7.034612189784E-014  0.000000000000E+000  1.596338790944E-010  0.000000000000E+000
   2.525000000000E+001  6.740724639781E-014  0.000000000000E+000  0.000000000000E+000  1.718594983221E-011  0.000000000000E+000  1.690583438643E-010  0.000000000000E+000  2.611465540084E-011  0.000000000000E+000  6.740724639781E-014  0.000000000000E+000  1.543707716775E-010  0.000000000000E+000
   2.550000000000E+001  6.485331814810E-014  0.000000000000E+000  0.000000000000E+000  1.646864951170E-011  0.000000000000E+000  1.620260186041E-010  0.000000000000E+000  2.502731119059E-011  0.000000000000E+000  6.485331814810E-014  0.000000000000E+000  1.479711647399E-010  0.000000000000E+000
   2.575000000000E+001  6.243069173511E-014  0.000000000000E+000  0.000000000000E+000  1.578785906430E-011  0.000000000000E+000  1.553539025160E-010  0.000000000000E+000  2.399616080293E-011  0.000000000000E+000  6.243069173511E-014  0.000000000000E+000  1.418933224701E-010  0.000000000000E+000
   2.600000000000E+001  5.968602884871E-014  0.000000000000E+000  0.000000000000E+000  1.513152743630E-011  0.000000000000E+000  1.509758684477E-010  0.000000000000E+000  2.331414997946E-011  0.000000000000E+000  5.968602884871E-014  0.000000000000E+000  1.379251990474E-010  0.000000000000E+000
   2.625000000000E+001  5.744477918560E-014  0.000000000000E+000  0.000000000000E+000  1.451821605644E-011  0.000000000000E+000  1.448777013544E-010  0.000000000000E+000  2.237167116510E-011  0.000000000000E+000  5.744477918560E-014  0.000000000000E+000  1.323689168951E-010  0.000000000000E+000
   2.650000000000E+001  5.536328302200E-014  0.000000000000E+000  0.000000000000E+000  1.393353781121E-011  0.000000000000E+000  1.390850705971E-010  0.000000000000E+000  2.147711977581E-011  0.000000000000E+000  5.536328302200E-014  0.000000000000E+000  1.268736584591E-010  0.000000000000E+000
   2.675000000000E+001  5.295501761858E-014  0.000000000000E+000  0.000000000000E+000  1.337061985008E-011  0.000000000000E+000  1.352452893368E-010  0.000000000000E+000  2.087976738049E-011  0.000000000000E+000  5.295501761858E-014  0.000000000000E+000  1.234019892136E-010  0.000000000000E+000
   2.700000000000E+001  5.098851511915E-014  0.000000000000E+000  0.000000000000E+000  1.284393023168E-011  0.000000000000E+000  1.299365104719E-010  0.000000000000E+000  2.005958602080E-011  0.000000000000E+000  5.098851511915E-014  0.000000000000E+000  1.185730492950E-010  0.000000000000E+000
   2.725000000000E+001  4.910865412280E-014  0.000000000000E+000  0.000000000000E+000  1.234266964778E-011  0.000000000000E+000  1.248838061970E-010  0.000000000000E+000  1.927907567400E-011  0.000000000000E+000  4.910865412280E-014  0.000000000000E+000  1.139751058297E-010  0.000000000000E+000
   2.750000000000E+001  4.730838765426E-014  0.000000000000E+000  0.000000000000E+000  1.186540936476E-011  0.000000000000E+000  1.200726285000E-010  0.000000000000E+000  1.853592123313E-011  0.000000000000E+000  4.730838765426E-014  0.000000000000E+000  1.095956329764E-010  0.000000000000E+000
   2.775000000000E+001  4.517430461242E-014  0.000000000000E+000  0.000000000000E+000  1.140123562470E-011  0.000000000000E+000  1.172864743783E-010  0.000000000000E+000  1.810145211920E-011  0.000000000000E+000  4.517430461242E-014  0.000000000000E+000  1.070773871177E-010  0.000000000000E+000
   2.800000000000E+001  4.352727615458E-014  0.000000000000E+000  0.000000000000E+000  1.096838969642E-011  0.000000000000E+000  1.128496724918E-010  0.000000000000E+000  1.741629797084E-011  0.000000000000E+000  4.352727615458E-014  0.000000000000E+000  1.030364211468E-010  0.000000000000E+000
   2.825000000000E+001  4.195215534497E-014  0.000000000000E+000  0.000000000000E+000  1.055570156800E-011  0.000000000000E+000  1.086192333804E-010  0.000000000000E+000  1.676308913281E-011  0.000000000000E+000  4.195215534497E-014  0.000000000000E+000  9.918206747927E-011  0.000000000000E+000
   2.850000000000E+001  4.044337013120E-014  0.000000000000E+000  0.000000000000E+000  1.016207762361E-011  0.000000000000E+000  1.045838499497E-010  0.000000000000E+000  1.614003100431E-011  0.000000000000E+000  4.044337013120E-014  0.000000000000E+000  9.550453582442E-011  0.000000000000E+000
   2.875000000000E+001  3.899730810548E-014  0.000000000000E+000  0.000000000000E+000  9.786482427948E-012  0.000000000000E+000  1.007328948009E-010  0.000000000000E+000  1.554546691551E-011  0.000000000000E+000  3.899730810548E-014  0.000000000000E+000  9.199436489561E-011  0.000000000000E+000
   2.900000000000E+001  3.718634385065E-014  0.000000000000E+000  0.000000000000E+000  9.418579902859E-012  0.000000000000E+000  9.879857930548E-011  0.000000000000E+000  1.524307459763E-011  0.000000000000E+000  3.718634385065E-014  0.000000000000E+000  9.024596008679E-011  0.000000000000E+000
   2.925000000000E+001  3.586569154968E-014  0.000000000000E+000  0.000000000000E+000  9.076529890631E-012  0.000000000000E+000  9.522357227114E-011  0.000000000000E+000  1.469126092588E-011  0.000000000000E+000  3.586569154968E-014  0.000000000000E+000  8.698587004316E-011  0.000000000000E+000
   2.950000000000E+001  3.460180207151E-014  0.000000000000E+000  0.000000000000E+000  8.749730962677E-012  0.000000000000E+000  9.180772172372E-011  0.000000000000E+000  1.416406611831E-011  0.000000000000E+000  3.460180207151E-014  0.000000000000E+000  8.387005944469E-011  0.000000000000E+000
   2.975000000000E+001  3.339039699551E-014  0.000000000000E+000  0.000000000000E+000  8.437390542233E-012  0.000000000000E+000  8.854267426583E-011  0.000000000000E+000  1.366016692694E-011  0.000000000000E+000  3.339039699551E-014  0.000000000000E+000  8.089125764784E-011  0.000000000000E+000
   3.000000000000E+001  3.222865555465E-014  0.000000000000E+000  0.000000000000E+000  8.138755666349E-012  0.000000000000E+000  8.542055968134E-011  0.000000000000E+000  1.317833838911E-011  0.000000000000E+000  3.222865555465E-014  0.000000000000E+000  7.804243187296E-011  0.000000000000E+000
   3.025000000000E+001  3.111426261030E-014  0.000000000000E+000  0.000000000000E+000  7.853116696884E-012  0.000000000000E+000  8.243397258998E-011  0.000000000000E+000  1.271743393893E-011  0.000000000000E+000  3.111426261030E-014  0.000000000000E+000  7.531690487791E-011  0.000000000000E+000
   3.050000000000E+001  3.004499320709E-014  0.000000000000E+000  0.000000000000E+000  7.579805277118E-012  0.000000000000E+000  7.957595315018E-011  0.000000000000E+000  1.227637825503E-011  0.000000000000E+000  3.004499320709E-014  0.000000000000E+000  7.270837984051E-011  0.000000000000E+000
   3.075000000000E+001  2.856610264760E-014  0.000000000000E+000  0.000000000000E+000  7.308770859387E-012  0.000000000000E+000  7.857378671097E-011  0.000000000000E+000  1.211828596571E-011  0.000000000000E+000  2.856610264760E-014  0.000000000000E+000  7.180573865634E-011  0.000000000000E+000
   3.100000000000E+001  2.759216915575E-014  0.000000000000E+000  0.000000000000E+000  7.058591207341E-012  0.000000000000E+000  7.589399144136E-011  0.000000000000E+000  1.170486216821E-011  0.000000000000E+000  2.759216915575E-014  0.000000000000E+000  6.935905901692E-011  0.000000000000E+000
   3.125000000000E+001  2.665881444576E-014  0.000000000000E+000  0.000000000000E+000  6.818937481143E-012  0.000000000000E+000  7.332673864599E-011  0.000000000000E+000  1.130883285244E-011  0.000000000000E+000  2.665881444576E-014  0.000000000000E+000  6.701466877715E-011  0.000000000000E+000
   3.150000000000E+001  2.576314209234E-014  0.000000000000E+000  0.000000000000E+000  6.589292569409E-012  0.000000000000E+000  7.086644950748E-011  0.000000000000E+000  1.092931512398E-011  0.000000000000E+000  2.576314209234E-014  0.000000000000E+000  6.476768329787E-011  0.000000000000E+000
   3.175000000000E+001  2.490319767664E-014  0.000000000000E+000  0.000000000000E+000  6.369164054444E-012  0.000000000000E+000  6.850785235809E-011  0.000000000000E+000  1.056549000382E-011  0.000000000000E+000  2.490319767664E-014  0.000000000000E+000  6.261337641143E-011  0.000000000000E+000
   3.200000000000E+001  2.407729732221E-014  0.000000000000E+000  0.000000000000E+000  6.158086027704E-012  0.000000000000E+000  6.624596951392E-011  0.000000000000E+000  1.021658733385E-011  0.000000000000E+000  2.407729732221E-014  0.000000000000E+000  6.054723547721E-011  0.000000000000E+000
   3.225000000000E+001  2.328392828141E-014  0.000000000000E+000  0.000000000000E+000  5.955618376232E-012  0.000000000000E+000  6.407610369910E-011  0.000000000000E+000  9.881881987480E-012  0.000000000000E+000  2.328392828141E-014  0.000000000000E+000  5.856500122461E-011  0.000000000000E+000
   3.250000000000E+001  2.252160036195E-014  0.000000000000E+000  0.000000000000E+000  5.761345759085E-012  0.000000000000E+000  6.199382444398E-011  0.000000000000E+000  9.560689626876E-012  0.000000000000E+000  2.252160036195E-014  0.000000000000E+000  5.666264923333E-011  0.000000000000E+000
   3.275000000000E+001  2.178900530629E-014  0.000000000000E+000  0.000000000000E+000  5.574875542867E-012  0.000000000000E+000  5.999493928816E-011  0.000000000000E+000  9.252363339914E-012  0.000000000000E+000  2.178900530629E-014  0.000000000000E+000  5.483636633742E-011  0.000000000000E+000
   3.300000000000E+001  2.108478081088E-014  0.000000000000E+000  0.000000000000E+000  5.395837058898E-012  0.000000000000E+000  5.807549495197E-011  0.000000000000E+000  8.956293244377E-012  0.000000000000E+000  2.108478081088E-014  0.000000000000E+000  5.308256026075E-011  0.000000000000E+000
   3.325000000000E+001  1.997592485974E-014  0.000000000000E+000  0.000000000000E+000  5.215328707679E-012  0.000000000000E+000  5.778487946448E-011  0.000000000000E+000  8.908718632799E-012  0.000000000000E+000  1.997592485974E-014  0.000000000000E+000  5.282579325358E-011  0.000000000000E+000
   3.350000000000E+001  1.933606674401E-014  0.000000000000E+000  0.000000000000E+000  5.050392987207E-012  0.000000000000E+000  5.596398397517E-011  0.000000000000E+000  8.627945127832E-012  0.000000000000E+000  1.933606674401E-014  0.000000000000E+000  5.116166948036E-011  0.000000000000E+000
   3.375000000000E+001  1.872142632338E-014  0.000000000000E+000  0.000000000000E+000  4.891876501438E-012  0.000000000000E+000  5.421381462208E-011  0.000000000000E+000  8.358094363724E-012  0.000000000000E+000  1.872142632338E-014  0.000000000000E+000  4.956198214371E-011  0.000000000000E+000
   3.400000000000E+001  1.813042860043E-014  0.000000000000E+000  0.000000000000E+000  4.739487879901E-012  0.000000000000E+000  5.253113094307E-011  0.000000000000E+000  8.098653969449E-012  0.000000000000E+000  1.813042860043E-014  0.000000000000E+000  4.802387149271E-011  0.000000000000E+000
   3.425000000000E+001  1.756188346926E-014  0.000000000000E+000  0.000000000000E+000  4.592947713491E-012  0.000000000000E+000  5.091285040764E-011  0.000000000000E+000  7.849145902120E-012  0.000000000000E+000  1.756188346926E-014  0.000000000000E+000  4.654456830328E-011  0.000000000000E+000
   3.450000000000E+001  1.701476924650E-014  0.000000000000E+000  0.000000000000E+000  4.451990540653E-012  0.000000000000E+000  4.935605279570E-011  0.000000000000E+000  7.609118513143E-012  0.000000000000E+000  1.701476924650E-014  0.000000000000E+000  4.512141647949E-011  0.000000000000E+000
   3.475000000000E+001  1.648813814945E-014  0.000000000000E+000  0.000000000000E+000  4.316364635389E-012  0.000000000000E+000  4.785796705884E-011  0.000000000000E+000  7.378144195765E-012  0.000000000000E+000  1.648813814945E-014  0.000000000000E+000  4.375189699526E-011  0.000000000000E+000
   3.500000000000E+001  1.587252125186E-014  0.000000000000E+000  0.000000000000E+000  4.184857934340E-012  0.000000000000E+000  4.641571604900E-011  0.000000000000E+000  7.156264884307E-012  0.000000000000E+000  1.587252125186E-014  0.000000000000E+000  4.265346469284E-011  0.000000000000E+000
   3.525000000000E+001  1.538779468201E-014  0.000000000000E+000  0.000000000000E+000  4.059217673652E-012  0.000000000000E+000  4.502731372672E-011  0.000000000000E+000  6.942188173678E-012  0.000000000000E+000  1.538779468201E-014  0.000000000000E+000  4.137316382394E-011  0.000000000000E+000
   3.550000000000E+001  1.492091111812E-014  0.000000000000E+000  0.000000000000E+000  3.938227732077E-012  0.000000000000E+000  4.369014942080E-011  0.000000000000E+000  6.736012350930E-012  0.000000000000E+000  1.492091111812E-014  0.000000000000E+000  4.014023019513E-011  0.000000000000E+000
   3.575000000000E+001  1.447112790659E-014  0.000000000000E+000  0.000000000000E+000  3.821684307444E-012  0.000000000000E+000  4.240197865394E-011  0.000000000000E+000  6.537391205551E-012  0.000000000000E+000  1.447112790659E-014  0.000000000000E+000  3.895258529735E-011  0.000000000000E+000
   3.600000000000E+001  1.403775882273E-014  0.000000000000E+000  0.000000000000E+000  3.709393576847E-012  0.000000000000E+000  4.116067402083E-011  0.000000000000E+000  6.345996465122E-012  0.000000000000E+000  1.403775882273E-014  0.000000000000E+000  3.780826671585E-011  0.000000000000E+000
   3.625000000000E+001  1.362006196989E-014  0.000000000000E+000  0.000000000000E+000  3.601171682069E-012  0.000000000000E+000  3.996421203659E-011  0.000000000000E+000  6.161516434845E-012  0.000000000000E+000  1.362006196989E-014  0.000000000000E+000  3.670540209402E-011  0.000000000000E+000
   3.650000000000E+001  1.321742280609E-014  0.000000000000E+000  0.000000000000E+000  3.496844109648E-012  0.000000000000E+000  3.881067383794E-011  0.000000000000E+000  5.983654827264E-012  0.000000000000E+000  1.321742280609E-014  0.000000000000E+000  3.564221395377E-011  0.000000000000E+000
   3.675000000000E+001  1.282917257970E-014  0.000000000000E+000  0.000000000000E+000  3.396244403734E-012  0.000000000000E+000  3.769822826079E-011  0.000000000000E+000  5.812129624158E-012  0.000000000000E+000  1.282917257970E-014  0.000000000000E+000  3.461701551708E-011  0.000000000000E+000
   3.700000000000E+001  1.245475893194E-014  0.000000000000E+000  0.000000000000E+000  3.299214950397E-012  0.000000000000E+000  3.662514382476E-011  0.000000000000E+000  5.646673730019E-012  0.000000000000E+000  1.245475893194E-014  0.000000000000E+000  3.362819768871E-011  0.000000000000E+000
   3.725000000000E+001  1.175620773258E-014  0.000000000000E+000  0.000000000000E+000  3.199135089008E-012  0.000000000000E+000  3.675020368643E-011  0.000000000000E+000  5.664203350310E-012  0.000000000000E+000  1.175620773258E-014  0.000000000000E+000  3.372420304052E-011  0.000000000000E+000
   3.750000000000E+001  1.141621480366E-014  0.000000000000E+000  0.000000000000E+000  3.108983449615E-012  0.000000000000E+000  3.571815705263E-011  0.000000000000E+000  5.505130018160E-012  0.000000000000E+000  1.141621480366E-014  0.000000000000E+000  3.277430404852E-011  0.000000000000E+000
   3.775000000000E+001  1.108863080168E-014  0.000000000000E+000  0.000000000000E+000  3.021965343866E-012  0.000000000000E+000  3.472189107098E-011  0.000000000000E+000  5.351578627118E-012  0.000000000000E+000  1.108863080168E-014  0.000000000000E+000  3.185735646061E-011  0.000000000000E+000
   3.800000000000E+001  1.077256763499E-014  0.000000000000E+000  0.000000000000E+000  2.937952417620E-012  0.000000000000E+000  3.375993424704E-011  0.000000000000E+000  5.203316730666E-012  0.000000000000E+000  1.077256763499E-014  0.000000000000E+000  3.097206551747E-011  0.000000000000E+000
   3.825000000000E+001  1.046745884259E-014  0.000000000000E+000  0.000000000000E+000  2.856821885842E-012  0.000000000000E+000  3.283088706244E-011  0.000000000000E+000  5.060127018277E-012  0.000000000000E+000  1.046745884259E-014  0.000000000000E+000  3.011715014338E-011  0.000000000000E+000
   3.850000000000E+001  1.017288273138E-014  0.000000000000E+000  0.000000000000E+000  2.778456619637E-012  0.000000000000E+000  3.193341216877E-011  0.000000000000E+000  4.921803321879E-012  0.000000000000E+000  1.017288273138E-014  0.000000000000E+000  2.929137511068E-011  0.000000000000E+000
   3.875000000000E+001  9.888388917308E-015  0.000000000000E+000  0.000000000000E+000  2.702744774773E-012  0.000000000000E+000  3.106623820598E-011  0.000000000000E+000  4.788149354016E-012  0.000000000000E+000  9.888388917308E-015  0.000000000000E+000  2.849356520853E-011  0.000000000000E+000
   3.900000000000E+001  9.613600923258E-015  0.000000000000E+000  0.000000000000E+000  2.629579892201E-012  0.000000000000E+000  3.022814876601E-011  0.000000000000E+000  4.658977891688E-012  0.000000000000E+000  9.613600923258E-015  0.000000000000E+000  2.772259771880E-011  0.000000000000E+000
   3.925000000000E+001  9.348115999367E-015  0.000000000000E+000  0.000000000000E+000  2.558860232576E-012  0.000000000000E+000  2.941798715183E-011  0.000000000000E+000  4.534110262993E-012  0.000000000000E+000  9.348115999367E-015  0.000000000000E+000  2.697740083723E-011  0.000000000000E+000
   3.950000000000E+001  9.091558398303E-015  0.000000000000E+000  0.000000000000E+000  2.490488957132E-012  0.000000000000E+000  2.863464796026E-011  0.000000000000E+000  4.413376701727E-012  0.000000000000E+000  9.091558398303E-015  0.000000000000E+000  2.625695450540E-011  0.000000000000E+000
   3.975000000000E+001  8.843597014548E-015  0.000000000000E+000  0.000000000000E+000  2.424373389941E-012  0.000000000000E+000  2.787707774811E-011  0.000000000000E+000  4.296614586881E-012  0.000000000000E+000  8.843597014548E-015  0.000000000000E+000  2.556028341978E-011  0.000000000000E+000
   4.000000000000E+001  8.603884375746E-015  0.000000000000E+000  0.000000000000E+000  2.360425409359E-012  0.000000000000E+000  2.714427008716E-011  0.000000000000E+000  4.183668820570E-012  0.000000000000E+000  8.603884375746E-015  0.000000000000E+000  2.488645546546E-011  0.000000000000E+000
   4.025000000000E+001  8.372106897782E-015  0.000000000000E+000  0.000000000000E+000  2.298560640590E-012  0.000000000000E+000  2.643526367273E-011  0.000000000000E+000  4.074391115713E-012  0.000000000000E+000  8.372106897782E-015  0.000000000000E+000  2.423458271963E-011  0.000000000000E+000
   4.050000000000E+001  8.147956830392E-015  0.000000000000E+000  0.000000000000E+000  2.238698410698E-012  0.000000000000E+000  2.574913960153E-011  0.000000000000E+000  3.968639981757E-012  0.000000000000E+000  8.147956830392E-015  0.000000000000E+000  2.360381466354E-011  0.000000000000E+000
   4.075000000000E+001  7.931139239407E-015  0.000000000000E+000  0.000000000000E+000  2.180761936093E-012  0.000000000000E+000  2.508502259162E-011  0.000000000000E+000  3.866280739296E-012  0.000000000000E+000  7.931139239407E-015  0.000000000000E+000  2.299334361639E-011  0.000000000000E+000
   4.100000000000E+001  7.721362572720E-015  0.000000000000E+000  0.000000000000E+000  2.124677624793E-012  0.000000000000E+000  2.444207356447E-011  0.000000000000E+000  3.767183774905E-012  0.000000000000E+000  7.721362572720E-015  0.000000000000E+000  2.240239194059E-011  0.000000000000E+000
   4.125000000000E+001  7.518375604182E-015  0.000000000000E+000  0.000000000000E+000  2.070375195592E-012  0.000000000000E+000  2.381949046856E-011  0.000000000000E+000  3.671225569629E-012  0.000000000000E+000  7.518375604182E-015  0.000000000000E+000  2.183021986954E-011  0.000000000000E+000
   4.150000000000E+001  7.321915579041E-015  0.000000000000E+000  0.000000000000E+000  2.017787535106E-012  0.000000000000E+000  2.321650895605E-011  0.000000000000E+000  3.578288311966E-012  0.000000000000E+000  7.321915579041E-015  0.000000000000E+000  2.127611861387E-011  0.000000000000E+000
   4.175000000000E+001  7.131740539954E-015  0.000000000000E+000  0.000000000000E+000  1.966850332398E-012  0.000000000000E+000  2.263239440409E-011  0.000000000000E+000  3.488259163359E-012  0.000000000000E+000  7.131740539954E-015  0.000000000000E+000  2.073941097326E-011  0.000000000000E+000
   4.200000000000E+001  6.947595896019E-015  0.000000000000E+000  0.000000000000E+000  1.917501942973E-012  0.000000000000E+000  2.206644633045E-011  0.000000000000E+000  3.401029648597E-012  0.000000000000E+000  6.947595896019E-015  0.000000000000E+000  2.021944660414E-011  0.000000000000E+000
   4.225000000000E+001  6.769282050855E-015  0.000000000000E+000  0.000000000000E+000  1.869683678452E-012  0.000000000000E+000  2.151799331540E-011  0.000000000000E+000  3.316496422893E-012  0.000000000000E+000  6.769282050855E-015  0.000000000000E+000  1.971560838851E-011  0.000000000000E+000
   4.250000000000E+001  6.596570327909E-015  0.000000000000E+000  0.000000000000E+000  1.823339144204E-012  0.000000000000E+000  2.098639377498E-011  0.000000000000E+000  3.234560837743E-012  0.000000000000E+000  6.596570327909E-015  0.000000000000E+000  1.922729902075E-011  0.000000000000E+000
   4.275000000000E+001  6.429262193237E-015  0.000000000000E+000  0.000000000000E+000  1.778414462684E-012  0.000000000000E+000  2.047103084760E-011  0.000000000000E+000  3.155127782215E-012  0.000000000000E+000  6.429262193237E-015  0.000000000000E+000  1.875395113509E-011  0.000000000000E+000
   4.300000000000E+001  6.267074997276E-015  0.000000000000E+000  0.000000000000E+000  1.734858450662E-012  0.000000000000E+000  1.997128852208E-011  0.000000000000E+000  3.078100668743E-012  0.000000000000E+000  6.267074997276E-015  0.000000000000E+000  1.829501078044E-011  0.000000000000E+000
   4.325000000000E+001  6.109950671367E-015  0.000000000000E+000  0.000000000000E+000  1.692620940329E-012  0.000000000000E+000  1.948663019851E-011  0.000000000000E+000  3.003399536976E-012  0.000000000000E+000  6.109950671367E-015  0.000000000000E+000  1.784995575807E-011  0.000000000000E+000
   4.350000000000E+001  5.957692622686E-015  0.000000000000E+000  0.000000000000E+000  1.651654563531E-012  0.000000000000E+000  1.901651557205E-011  0.000000000000E+000  2.930939845914E-012  0.000000000000E+000  5.957692622686E-015  0.000000000000E+000  1.741829358059E-011  0.000000000000E+000
   4.375000000000E+001  5.810068711387E-015  0.000000000000E+000  0.000000000000E+000  1.611913886562E-012  0.000000000000E+000  1.856042568083E-011  0.000000000000E+000  2.860642255029E-012  0.000000000000E+000  5.810068711387E-015  0.000000000000E+000  1.699954718570E-011  0.000000000000E+000
   4.400000000000E+001  5.666954940679E-015  0.000000000000E+000  0.000000000000E+000  1.573355520897E-012  0.000000000000E+000  1.811786407125E-011  0.000000000000E+000  2.792429398321E-012  0.000000000000E+000  5.666954940679E-015  0.000000000000E+000  1.659325648524E-011  0.000000000000E+000
   4.425000000000E+001  5.528159014083E-015  0.000000000000E+000  0.000000000000E+000  1.535937574856E-012  0.000000000000E+000  1.768835329834E-011  0.000000000000E+000  2.726228065195E-012  0.000000000000E+000  5.528159014083E-015  0.000000000000E+000  1.619898558866E-011  0.000000000000E+000
   4.450000000000E+001  5.208028643510E-015  0.000000000000E+000  0.000000000000E+000  1.496131370098E-012  0.000000000000E+000  1.788733010246E-011  0.000000000000E+000  2.756164651435E-012  0.000000000000E+000  5.208028643510E-015  0.000000000000E+000  1.637732286909E-011  0.000000000000E+000
   4.475000000000E+001  5.081549943951E-015  0.000000000000E+000  0.000000000000E+000  1.460958348395E-012  0.000000000000E+000  1.746807701860E-011  0.000000000000E+000  2.691562080283E-012  0.000000000000E+000  5.081549943951E-015  0.000000000000E+000  1.599276352519E-011  0.000000000000E+000
   4.500000000000E+001  4.958955584335E-015  0.000000000000E+000  0.000000000000E+000  1.426806999784E-012  0.000000000000E+000  1.706097638029E-011  0.000000000000E+000  2.628834174020E-012  0.000000000000E+000  4.958955584335E-015  0.000000000000E+000  1.561935739024E-011  0.000000000000E+000
   4.525000000000E+001  4.840032510705E-015  0.000000000000E+000  0.000000000000E+000  1.393642652867E-012  0.000000000000E+000  1.666561175839E-011  0.000000000000E+000  2.567915581342E-012  0.000000000000E+000  4.840032510705E-015  0.000000000000E+000  1.525673175788E-011  0.000000000000E+000
   4.550000000000E+001  4.724621465770E-015  0.000000000000E+000  0.000000000000E+000  1.361431639367E-012  0.000000000000E+000  1.628158117899E-011  0.000000000000E+000  2.508743452497E-012  0.000000000000E+000  4.724621465770E-015  0.000000000000E+000  1.490452355247E-011  0.000000000000E+000
   4.575000000000E+001  4.612612142247E-015  0.000000000000E+000  0.000000000000E+000  1.330141469227E-012  0.000000000000E+000  1.590849857091E-011  0.000000000000E+000  2.451258514396E-012  0.000000000000E+000  4.612612142247E-015  0.000000000000E+000  1.456237899521E-011  0.000000000000E+000
   4.600000000000E+001  4.503861603906E-015  0.000000000000E+000  0.000000000000E+000  1.299740888017E-012  0.000000000000E+000  1.554599300296E-011  0.000000000000E+000  2.395402924234E-012  0.000000000000E+000  4.503861603906E-015  0.000000000000E+000  1.422995639330E-011  0.000000000000E+000
   4.625000000000E+001  4.398273109035E-015  0.000000000000E+000  0.000000000000E+000  1.270199934243E-012  0.000000000000E+000  1.519370845693E-011  0.000000000000E+000  2.341122036983E-012  0.000000000000E+000  4.398273109035E-015  0.000000000000E+000  1.390692772682E-011  0.000000000000E+000
   4.650000000000E+001  4.294802089499E-015  0.000000000000E+000  0.000000000000E+000  1.241487010587E-012  0.000000000000E+000  1.485128268726E-011  0.000000000000E+000  2.288356258704E-012  0.000000000000E+000  4.294802089499E-015  0.000000000000E+000  1.359323913989E-011  0.000000000000E+000
   4.675000000000E+001  4.195146442322E-015  0.000000000000E+000  0.000000000000E+000  1.213579535451E-012  0.000000000000E+000  1.451841948796E-011  0.000000000000E+000  2.237067173291E-012  0.000000000000E+000  4.195146442322E-015  0.000000000000E+000  1.328807569877E-011  0.000000000000E+000
   4.700000000000E+001  4.098330033439E-015  0.000000000000E+000  0.000000000000E+000  1.186448231419E-012  0.000000000000E+000  1.419478945502E-011  0.000000000000E+000  2.187200571902E-012  0.000000000000E+000  4.098330033439E-015  0.000000000000E+000  1.299139406781E-011  0.000000000000E+000
   4.725000000000E+001  4.004277308327E-015  0.000000000000E+000  0.000000000000E+000  1.160067509095E-012  0.000000000000E+000  1.388008690280E-011  0.000000000000E+000  2.138709707544E-012  0.000000000000E+000  4.004277308327E-015  0.000000000000E+000  1.270291482188E-011  0.000000000000E+000
   4.750000000000E+001  3.912870027676E-015  0.000000000000E+000  0.000000000000E+000  1.134412637051E-012  0.000000000000E+000  1.357401932662E-011  0.000000000000E+000  2.091549167675E-012  0.000000000000E+000  3.912870027676E-015  0.000000000000E+000  1.242236758868E-011  0.000000000000E+000
   4.775000000000E+001  3.824036592208E-015  0.000000000000E+000  0.000000000000E+000  1.109459956864E-012  0.000000000000E+000  1.327630538271E-011  0.000000000000E+000  2.045675750941E-012  0.000000000000E+000  3.824036592208E-015  0.000000000000E+000  1.214949357791E-011  0.000000000000E+000
   4.800000000000E+001  3.737677157997E-015  0.000000000000E+000  0.000000000000E+000  1.085186495405E-012  0.000000000000E+000  1.298667405596E-011  0.000000000000E+000  2.001047272823E-012  0.000000000000E+000  3.737677157997E-015  0.000000000000E+000  1.188404282094E-011  0.000000000000E+000
   4.825000000000E+001  3.653729887132E-015  0.000000000000E+000  0.000000000000E+000  1.061570330064E-012  0.000000000000E+000  1.270486359645E-011  0.000000000000E+000  1.957623965899E-012  0.000000000000E+000  3.653729887132E-015  0.000000000000E+000  1.162577682626E-011  0.000000000000E+000
   4.850000000000E+001  3.572096302626E-015  0.000000000000E+000  0.000000000000E+000  1.038590371396E-012  0.000000000000E+000  1.243062307018E-011  0.000000000000E+000  1.915367109258E-012  0.000000000000E+000  3.572096302626E-015  0.000000000000E+000  1.137446265994E-011  0.000000000000E+000
   4.875000000000E+001  3.492713857268E-015  0.000000000000E+000  0.000000000000E+000  1.016226141577E-012  0.000000000000E+000  1.216371135241E-011  0.000000000000E+000  1.874239358601E-012  0.000000000000E+000  3.492713857268E-015  0.000000000000E+000  1.112987890171E-011  0.000000000000E+000
   4.900000000000E+001  3.415488983282E-015  0.000000000000E+000  0.000000000000E+000  9.944580374189E-013  0.000000000000E+000  1.190389445482E-011  0.000000000000E+000  1.834204574405E-012  0.000000000000E+000  3.415488983282E-015  0.000000000000E+000  1.089180802185E-011  0.000000000000E+000
   4.925000000000E+001  3.340386938129E-015  0.000000000000E+000  0.000000000000E+000  9.732672448481E-013  0.000000000000E+000  1.165094873217E-011  0.000000000000E+000  1.795228505325E-012  0.000000000000E+000  3.340386938129E-015  0.000000000000E+000  1.066004698107E-011  0.000000000000E+000
   4.950000000000E+001  3.267299076367E-015  0.000000000000E+000  0.000000000000E+000  9.526354293123E-013  0.000000000000E+000  1.140465777670E-011  0.000000000000E+000  1.757277857782E-012  0.000000000000E+000  3.267299076367E-015  0.000000000000E+000  1.043439620817E-011  0.000000000000E+000
   4.975000000000E+001  3.196189308072E-015  0.000000000000E+000  0.000000000000E+000  9.325451676915E-013  0.000000000000E+000  1.116481368500E-011  0.000000000000E+000  1.720320367690E-012  0.000000000000E+000  3.196189308072E-015  0.000000000000E+000  1.021466212451E-011  0.000000000000E+000
   5.000000000000E+001  3.126982264648E-015  0.000000000000E+000  0.000000000000E+000  9.129794657874E-013  0.000000000000E+000  1.093121516112E-011  0.000000000000E+000  1.684325287068E-012  0.000000000000E+000  3.126982264648E-015  0.000000000000E+000  1.000066161708E-011  0.000000000000E+000
   5.025000000000E+001  3.059633395888E-015  0.000000000000E+000  0.000000000000E+000  8.939221239651E-013  0.000000000000E+000  1.070366941063E-011  0.000000000000E+000  1.649262644439E-012  0.000000000000E+000  3.059633395888E-015  0.000000000000E+000  9.792216643911E-012  0.000000000000E+000
   5.050000000000E+001  2.994056285631E-015  0.000000000000E+000  0.000000000000E+000  8.753573289484E-013  0.000000000000E+000  1.048198904646E-011  0.000000000000E+000  1.615103762225E-012  0.000000000000E+000  2.994056285631E-015  0.000000000000E+000  9.589155254461E-012  0.000000000000E+000
   5.075000000000E+001  2.930218681844E-015  0.000000000000E+000  0.000000000000E+000  8.572700076650E-013  0.000000000000E+000  1.026599456260E-011  0.000000000000E+000  1.581821061684E-012  0.000000000000E+000  2.930218681844E-015  0.000000000000E+000  9.391311289834E-012  0.000000000000E+000
   5.100000000000E+001  2.868063484932E-015  0.000000000000E+000  0.000000000000E+000  8.396455215519E-013  0.000000000000E+000  1.005551216933E-011  0.000000000000E+000  1.549387373246E-012  0.000000000000E+000  2.868063484932E-015  0.000000000000E+000  9.198524959198E-012  0.000000000000E+000
   5.125000000000E+001  2.807528596975E-015  0.000000000000E+000  0.000000000000E+000  8.224698208044E-013  0.000000000000E+000  9.850375188983E-012  0.000000000000E+000  1.517777620270E-012  0.000000000000E+000  2.807528596975E-015  0.000000000000E+000  9.010643054102E-012  0.000000000000E+000
   5.150000000000E+001  2.748563887456E-015  0.000000000000E+000  0.000000000000E+000  8.057292926615E-013  0.000000000000E+000  9.650421121227E-012  0.000000000000E+000  1.486966454062E-012  0.000000000000E+000  2.748563887456E-015  0.000000000000E+000  8.827517553106E-012  0.000000000000E+000
   5.175000000000E+001  2.691135175644E-015  0.000000000000E+000  0.000000000000E+000  7.894107637830E-013  0.000000000000E+000  9.455495298961E-012  0.000000000000E+000  1.456929796199E-012  0.000000000000E+000  2.691135175644E-015  0.000000000000E+000  8.649004396332E-012  0.000000000000E+000
   5.200000000000E+001  2.635180381404E-015  0.000000000000E+000  0.000000000000E+000  7.735016676376E-013  0.000000000000E+000  9.265445896429E-012  0.000000000000E+000  1.427644644371E-012  0.000000000000E+000  2.635180381404E-015  0.000000000000E+000  8.474965372801E-012  0.000000000000E+000
   5.225000000000E+001  2.580657675624E-015  0.000000000000E+000  0.000000000000E+000  7.579896989351E-013  0.000000000000E+000  9.080129105007E-012  0.000000000000E+000  1.399088628208E-012  0.000000000000E+000  2.580657675624E-015  0.000000000000E+000  8.305266917103E-012  0.000000000000E+000
   5.250000000000E+001  2.527531543792E-015  0.000000000000E+000  0.000000000000E+000  7.428631397283E-013  0.000000000000E+000  8.899403538011E-012  0.000000000000E+000  1.371240065710E-012  0.000000000000E+000  2.527531543792E-015  0.000000000000E+000  8.139779645405E-012  0.000000000000E+000
   5.275000000000E+001  2.475752345188E-015  0.000000000000E+000  0.000000000000E+000  7.281105103676E-013  0.000000000000E+000  8.723134725229E-012  0.000000000000E+000  1.344078078599E-012  0.000000000000E+000  2.475752345188E-015  0.000000000000E+000  7.978379958626E-012  0.000000000000E+000
   5.300000000000E+001  2.425273542016E-015  0.000000000000E+000  0.000000000000E+000  7.137209069623E-013  0.000000000000E+000  8.551190719478E-012  0.000000000000E+000  1.317582624549E-012  0.000000000000E+000  2.425273542016E-015  0.000000000000E+000  7.820947533749E-012  0.000000000000E+000
   5.325000000000E+001  2.376079563621E-015  0.000000000000E+000  0.000000000000E+000  6.996836072262E-013  0.000000000000E+000  8.383446533379E-012  0.000000000000E+000  1.291734276978E-012  0.000000000000E+000  2.376079563621E-015  0.000000000000E+000  7.667365922848E-012  0.000000000000E+000
   5.350000000000E+001  2.328107147403E-015  0.000000000000E+000  0.000000000000E+000  6.859884229103E-013  0.000000000000E+000  8.219779371232E-012  0.000000000000E+000  1.266514096512E-012  0.000000000000E+000  2.328107147403E-015  0.000000000000E+000  7.517522193494E-012  0.000000000000E+000
   5.375000000000E+001  2.281327274996E-015  0.000000000000E+000  0.000000000000E+000  6.726253628630E-013  0.000000000000E+000  8.060070942136E-012  0.000000000000E+000  1.241903955725E-012  0.000000000000E+000  2.281327274996E-015  0.000000000000E+000  7.371309974933E-012  0.000000000000E+000
   5.400000000000E+001  2.235712355871E-015  0.000000000000E+000  0.000000000000E+000  6.595848877101E-013  0.000000000000E+000  7.904208201179E-012  0.000000000000E+000  1.217886197470E-012  0.000000000000E+000  2.235712355871E-015  0.000000000000E+000  7.228622219310E-012  0.000000000000E+000
   5.425000000000E+001  2.191219066605E-015  0.000000000000E+000  0.000000000000E+000  6.468577033177E-013  0.000000000000E+000  7.752080102298E-012  0.000000000000E+000  1.194444052771E-012  0.000000000000E+000  2.191219066605E-015  0.000000000000E+000  7.089359213622E-012  0.000000000000E+000
   5.450000000000E+001  2.147823685992E-015  0.000000000000E+000  0.000000000000E+000  6.344348948658E-013  0.000000000000E+000  7.603580258087E-012  0.000000000000E+000  1.171561056472E-012  0.000000000000E+000  2.147823685992E-015  0.000000000000E+000  6.953422639540E-012  0.000000000000E+000
   5.475000000000E+001  2.105487338867E-015  0.000000000000E+000  0.000000000000E+000  6.223077130126E-013  0.000000000000E+000  7.458605641860E-012  0.000000000000E+000  1.149221113495E-012  0.000000000000E+000  2.105487338867E-015  0.000000000000E+000  6.820717969593E-012  0.000000000000E+000
   5.500000000000E+001  2.064176635155E-015  0.000000000000E+000  0.000000000000E+000  6.104678693007E-013  0.000000000000E+000  7.317057454977E-012  0.000000000000E+000  1.127409065145E-012  0.000000000000E+000  2.064176635155E-015  0.000000000000E+000  6.691153144582E-012  0.000000000000E+000
   5.525000000000E+001  2.023869143651E-015  0.000000000000E+000  0.000000000000E+000  5.989072026892E-013  0.000000000000E+000  7.178838031404E-012  0.000000000000E+000  1.106109980530E-012  0.000000000000E+000  2.023869143651E-015  0.000000000000E+000  6.564639886668E-012  0.000000000000E+000
   5.550000000000E+001  1.984537174857E-015  0.000000000000E+000  0.000000000000E+000  5.876179175999E-013  0.000000000000E+000  7.043854579274E-012  0.000000000000E+000  1.085309592314E-012  0.000000000000E+000  1.984537174857E-015  0.000000000000E+000  6.441093169674E-012  0.000000000000E+000
   5.575000000000E+001  1.946147270800E-015  0.000000000000E+000  0.000000000000E+000  5.765924083607E-013  0.000000000000E+000  6.912017505403E-012  0.000000000000E+000  1.064993939628E-012  0.000000000000E+000  1.946147270800E-015  0.000000000000E+000  6.320429653444E-012  0.000000000000E+000
   5.600000000000E+001  1.908668980706E-015  0.000000000000E+000  0.000000000000E+000  5.658233404810E-013  0.000000000000E+000  6.783238478411E-012  0.000000000000E+000  1.045149637185E-012  0.000000000000E+000  1.908668980706E-015  0.000000000000E+000  6.202568873373E-012  0.000000000000E+000
   5.625000000000E+001  1.872088276272E-015  0.000000000000E+000  0.000000000000E+000  5.553036045633E-013  0.000000000000E+000  6.657433987145E-012  0.000000000000E+000  1.025763547011E-012  0.000000000000E+000  1.872088276272E-015  0.000000000000E+000  6.087434245174E-012  0.000000000000E+000
   5.650000000000E+001  1.836368238482E-015  0.000000000000E+000  0.000000000000E+000  5.450263457787E-013  0.000000000000E+000  6.534521518992E-012  0.000000000000E+000  1.006823177206E-012  0.000000000000E+000  1.836368238482E-015  0.000000000000E+000  5.974949405024E-012  0.000000000000E+000
   5.675000000000E+001  1.801491708005E-015  0.000000000000E+000  0.000000000000E+000  5.349849104806E-013  0.000000000000E+000  6.414422054237E-012  0.000000000000E+000  9.883163131676E-013  0.000000000000E+000  1.801491708005E-015  0.000000000000E+000  5.865042906839E-012  0.000000000000E+000
   5.700000000000E+001  1.767429408238E-015  0.000000000000E+000  0.000000000000E+000  5.251728370016E-013  0.000000000000E+000  6.297059119346E-012  0.000000000000E+000  9.702309740449E-013  0.000000000000E+000  1.767429408238E-015  0.000000000000E+000  5.757643097935E-012  0.000000000000E+000
   5.725000000000E+001  1.734163107088E-015  0.000000000000E+000  0.000000000000E+000  5.155838765492E-013  0.000000000000E+000  6.182358572801E-012  0.000000000000E+000  9.525558869773E-013  0.000000000000E+000  1.734163107088E-015  0.000000000000E+000  5.652682494655E-012  0.000000000000E+000
   5.750000000000E+001  1.701675688978E-015  0.000000000000E+000  0.000000000000E+000  5.062120090266E-013  0.000000000000E+000  6.070248049877E-012  0.000000000000E+000  9.352800324574E-013  0.000000000000E+000  1.701675688978E-015  0.000000000000E+000  5.550095521007E-012  0.000000000000E+000
   5.775000000000E+001  1.669939151395E-015  0.000000000000E+000  0.000000000000E+000  4.970513741723E-013  0.000000000000E+000  5.960658227613E-012  0.000000000000E+000  9.183924846367E-013  0.000000000000E+000  1.669939151395E-015  0.000000000000E+000  5.449817661380E-012  0.000000000000E+000
   5.800000000000E+001  1.638923581198E-015  0.000000000000E+000  0.000000000000E+000  4.880963254411E-013  0.000000000000E+000  5.853521449042E-012  0.000000000000E+000  9.018829899246E-013  0.000000000000E+000  1.638923581198E-015  0.000000000000E+000  5.351787183990E-012  0.000000000000E+000
   5.825000000000E+001  1.608630325920E-015  0.000000000000E+000  0.000000000000E+000  4.793413345215E-013  0.000000000000E+000  5.748772092215E-012  0.000000000000E+000  8.857414093277E-013  0.000000000000E+000  1.608630325920E-015  0.000000000000E+000  5.255943473910E-012  0.000000000000E+000
   5.850000000000E+001  1.579028644880E-015  0.000000000000E+000  0.000000000000E+000  4.707810663260E-013  0.000000000000E+000  5.646347513197E-012  0.000000000000E+000  8.699578857038E-013  0.000000000000E+000  1.579028644880E-015  0.000000000000E+000  5.162229643658E-012  0.000000000000E+000
   5.875000000000E+001  1.550092837593E-015  0.000000000000E+000  0.000000000000E+000  4.624104191277E-013  0.000000000000E+000  5.546185393934E-012  0.000000000000E+000  8.545231578902E-013  0.000000000000E+000  1.550092837593E-015  0.000000000000E+000  5.070587934295E-012  0.000000000000E+000
   5.900000000000E+001  1.521819245592E-015  0.000000000000E+000  0.000000000000E+000  4.542243609175E-013  0.000000000000E+000  5.448226915401E-012  0.000000000000E+000  8.394279427797E-013  0.000000000000E+000  1.521819245592E-015  0.000000000000E+000  4.980965220304E-012  0.000000000000E+000
   5.925000000000E+001  1.494175071571E-015  0.000000000000E+000  0.000000000000E+000  4.462180294196E-013  0.000000000000E+000  5.352413738859E-012  0.000000000000E+000  8.246633800816E-013  0.000000000000E+000  1.494175071571E-015  0.000000000000E+000  4.893306908452E-012  0.000000000000E+000
   5.950000000000E+001  1.467156037031E-015  0.000000000000E+000  0.000000000000E+000  4.383867216507E-013  0.000000000000E+000  5.258690377226E-012  0.000000000000E+000  8.102207467482E-013  0.000000000000E+000  1.467156037031E-015  0.000000000000E+000  4.807562144847E-012  0.000000000000E+000
   5.975000000000E+001  1.440737169338E-015  0.000000000000E+000  0.000000000000E+000  4.307259127153E-013  0.000000000000E+000  5.167002037976E-012  0.000000000000E+000  7.960917608544E-013  0.000000000000E+000  1.440737169338E-015  0.000000000000E+000  4.723681512459E-012  0.000000000000E+000
   6.000000000000E+001  1.414913097525E-015  0.000000000000E+000  0.000000000000E+000  4.232311458558E-013  0.000000000000E+000  5.077296413119E-012  0.000000000000E+000  7.822683755178E-013  0.000000000000E+000  1.414913097525E-015  0.000000000000E+000  4.641617391463E-012  0.000000000000E+000
   6.025000000000E+001  1.389656054512E-015  0.000000000000E+000  0.000000000000E+000  4.158981516127E-013  0.000000000000E+000  4.989522598411E-012  0.000000000000E+000  7.687425590562E-013  0.000000000000E+000  1.389656054512E-015  0.000000000000E+000  4.561321456843E-012  0.000000000000E+000
   6.050000000000E+001  1.364954375467E-015  0.000000000000E+000  0.000000000000E+000  4.087227937411E-013  0.000000000000E+000  4.903630506944E-012  0.000000000000E+000  7.555067126389E-013  0.000000000000E+000  1.364954375467E-015  0.000000000000E+000  4.482749536037E-012  0.000000000000E+000
   6.075000000000E+001  1.340793542057E-015  0.000000000000E+000  0.000000000000E+000  4.017009896360E-013  0.000000000000E+000  4.819572491434E-012  0.000000000000E+000  7.425534789953E-013  0.000000000000E+000  1.340793542057E-015  0.000000000000E+000  4.405856113538E-012  0.000000000000E+000
   6.100000000000E+001  1.317163517372E-015  0.000000000000E+000  0.000000000000E+000  3.948288534370E-013  0.000000000000E+000  4.737301785012E-012  0.000000000000E+000  7.298757240179E-013  0.000000000000E+000  1.317163517372E-015  0.000000000000E+000  4.330599497497E-012  0.000000000000E+000
   6.125000000000E+001  1.294054429425E-015  0.000000000000E+000  0.000000000000E+000  3.881025674597E-013  0.000000000000E+000  4.656772805116E-012  0.000000000000E+000  7.174663550438E-013  0.000000000000E+000  1.294054429425E-015  0.000000000000E+000  4.256938139599E-012  0.000000000000E+000
   6.150000000000E+001  1.271437834157E-015  0.000000000000E+000  0.000000000000E+000  3.815184362481E-013  0.000000000000E+000  4.577942208975E-012  0.000000000000E+000  7.053187264640E-013  0.000000000000E+000  1.271437834157E-015  0.000000000000E+000  4.184831769272E-012  0.000000000000E+000
   6.175000000000E+001  1.249314357490E-015  0.000000000000E+000  0.000000000000E+000  3.750729243099E-013  0.000000000000E+000  4.500766651566E-012  0.000000000000E+000  6.934260380873E-013  0.000000000000E+000  1.249314357490E-015  0.000000000000E+000  4.114240413992E-012  0.000000000000E+000
   6.200000000000E+001  1.227664927887E-015  0.000000000000E+000  0.000000000000E+000  3.687625210829E-013  0.000000000000E+000  4.425205410891E-012  0.000000000000E+000  6.817822424745E-013  0.000000000000E+000  1.227664927887E-015  0.000000000000E+000  4.045127294872E-012  0.000000000000E+000
   6.225000000000E+001  1.206479114956E-015  0.000000000000E+000  0.000000000000E+000  3.625838214451E-013  0.000000000000E+000  4.351217727120E-012  0.000000000000E+000  6.703807796845E-013  0.000000000000E+000  1.206479114956E-015  0.000000000000E+000  3.977454844819E-012  0.000000000000E+000
   6.250000000000E+001  1.185741662012E-015  0.000000000000E+000  0.000000000000E+000  3.565336345911E-013  0.000000000000E+000  4.278764727201E-012  0.000000000000E+000  6.592159485008E-013  0.000000000000E+000  1.185741662012E-015  0.000000000000E+000  3.911186767541E-012  0.000000000000E+000
   6.275000000000E+001  1.165450343315E-015  0.000000000000E+000  0.000000000000E+000  3.506086732241E-013  0.000000000000E+000  4.207808424681E-012  0.000000000000E+000  6.482817579335E-013  0.000000000000E+000  1.165450343315E-015  0.000000000000E+000  3.846289691471E-012  0.000000000000E+000
   6.300000000000E+001  1.145588974808E-015  0.000000000000E+000  0.000000000000E+000  3.448059344435E-013  0.000000000000E+000  4.138311932225E-012  0.000000000000E+000  6.375724384534E-013  0.000000000000E+000  1.145588974808E-015  0.000000000000E+000  3.782728302512E-012  0.000000000000E+000
   6.325000000000E+001  1.126139832990E-015  0.000000000000E+000  0.000000000000E+000  3.391223767458E-013  0.000000000000E+000  4.070239801312E-012  0.000000000000E+000  6.270826447772E-013  0.000000000000E+000  1.126139832990E-015  0.000000000000E+000  3.720470817947E-012  0.000000000000E+000
   6.350000000000E+001  1.107103154086E-015  0.000000000000E+000  0.000000000000E+000  3.335550834355E-013  0.000000000000E+000  4.003556803869E-012  0.000000000000E+000  6.168068803870E-013  0.000000000000E+000  1.107103154086E-015  0.000000000000E+000  3.659485038248E-012  0.000000000000E+000
   6.375000000000E+001  1.088463306053E-015  0.000000000000E+000  0.000000000000E+000  3.281012097909E-013  0.000000000000E+000  3.938229390458E-012  0.000000000000E+000  6.067400613976E-013  0.000000000000E+000  1.088463306053E-015  0.000000000000E+000  3.599740544114E-012  0.000000000000E+000
   6.400000000000E+001  1.070209800455E-015  0.000000000000E+000  0.000000000000E+000  3.227580237723E-013  0.000000000000E+000  3.874224499671E-012  0.000000000000E+000  5.968769959328E-013  0.000000000000E+000  1.070209800455E-015  0.000000000000E+000  3.541205899802E-012  0.000000000000E+000
   6.425000000000E+001  1.052339986991E-015  0.000000000000E+000  0.000000000000E+000  3.175228431324E-013  0.000000000000E+000  3.811510377685E-012  0.000000000000E+000  5.872129404252E-013  0.000000000000E+000  1.052339986991E-015  0.000000000000E+000  3.483853269507E-012  0.000000000000E+000
   6.450000000000E+001  1.034832983945E-015  0.000000000000E+000  0.000000000000E+000  3.123930496792E-013  0.000000000000E+000  3.750056094182E-012  0.000000000000E+000  5.777429424335E-013  0.000000000000E+000  1.034832983945E-015  0.000000000000E+000  3.427653859185E-012  0.000000000000E+000
   6.475000000000E+001  1.017689340697E-015  0.000000000000E+000  0.000000000000E+000  3.073661263851E-013  0.000000000000E+000  3.689831251609E-012  0.000000000000E+000  5.684624986922E-013  0.000000000000E+000  1.017689340697E-015  0.000000000000E+000  3.372579102927E-012  0.000000000000E+000
   6.500000000000E+001  1.000893418060E-015  0.000000000000E+000  0.000000000000E+000  3.024396283438E-013  0.000000000000E+000  3.630806791376E-012  0.000000000000E+000  5.593669302154E-013  0.000000000000E+000  1.000893418060E-015  0.000000000000E+000  3.318602849421E-012  0.000000000000E+000
   6.525000000000E+001  9.844431295298E-016  0.000000000000E+000  0.000000000000E+000  2.976111262867E-013  0.000000000000E+000  3.572953881595E-012  0.000000000000E+000  5.504519168603E-013  0.000000000000E+000  9.844431295298E-016  0.000000000000E+000  3.265699669800E-012  0.000000000000E+000
   6.550000000000E+001  9.683230349550E-016  0.000000000000E+000  0.000000000000E+000  2.928783423630E-013  0.000000000000E+000  3.516245253944E-012  0.000000000000E+000  5.417132108162E-013  0.000000000000E+000  9.683230349550E-016  0.000000000000E+000  3.213842911317E-012  0.000000000000E+000
   6.575000000000E+001  9.525340346084E-016  0.000000000000E+000  0.000000000000E+000  2.882389749703E-013  0.000000000000E+000  3.460653471778E-012  0.000000000000E+000  5.331467008788E-013  0.000000000000E+000  9.525340346084E-016  0.000000000000E+000  3.163008204411E-012  0.000000000000E+000
   6.600000000000E+001  9.370628416862E-016  0.000000000000E+000  0.000000000000E+000  2.836908568731E-013  0.000000000000E+000  3.406152301859E-012  0.000000000000E+000  5.247482999562E-013  0.000000000000E+000  9.370628416862E-016  0.000000000000E+000  3.113172080153E-012  0.000000000000E+000
   6.625000000000E+001  9.218977223934E-016  0.000000000000E+000  0.000000000000E+000  2.792318385896E-013  0.000000000000E+000  3.352716694937E-012  0.000000000000E+000  5.165140619638E-013  0.000000000000E+000  9.218977223934E-016  0.000000000000E+000  3.064310561529E-012  0.000000000000E+000
   6.650000000000E+001  9.070401073612E-016  0.000000000000E+000  0.000000000000E+000  2.748598322941E-013  0.000000000000E+000  3.300321543109E-012  0.000000000000E+000  5.084400579346E-013  0.000000000000E+000  9.070401073612E-016  0.000000000000E+000  3.016400964300E-012  0.000000000000E+000
   6.675000000000E+001  8.924782521494E-016  0.000000000000E+000  0.000000000000E+000  2.705727983284E-013  0.000000000000E+000  3.248942515602E-012  0.000000000000E+000  5.005226941124E-013  0.000000000000E+000  8.924782521494E-016  0.000000000000E+000  2.969421860682E-012  0.000000000000E+000
   6.700000000000E+001  8.782038250383E-016  0.000000000000E+000  0.000000000000E+000  2.663687916641E-013  0.000000000000E+000  3.198556576507E-012  0.000000000000E+000  4.927584302249E-013  0.000000000000E+000  8.782038250383E-016  0.000000000000E+000  2.923351121300E-012  0.000000000000E+000
   6.725000000000E+001  8.642143996961E-016  0.000000000000E+000  0.000000000000E+000  2.622458784039E-013  0.000000000000E+000  3.149140296906E-012  0.000000000000E+000  4.851434839882E-013  0.000000000000E+000  8.642143996961E-016  0.000000000000E+000  2.878167291313E-012  0.000000000000E+000
   6.750000000000E+001  8.505027816172E-016  0.000000000000E+000  0.000000000000E+000  2.582022215446E-013  0.000000000000E+000  3.100671671176E-012  0.000000000000E+000  4.776747004837E-013  0.000000000000E+000  8.505027816172E-016  0.000000000000E+000  2.833851181221E-012  0.000000000000E+000
   6.775000000000E+001  8.370544977867E-016  0.000000000000E+000  0.000000000000E+000  2.542359883154E-013  0.000000000000E+000  3.053129238975E-012  0.000000000000E+000  4.703485061219E-013  0.000000000000E+000  8.370544977867E-016  0.000000000000E+000  2.790382291110E-012  0.000000000000E+000
   6.800000000000E+001  8.238737232045E-016  0.000000000000E+000  0.000000000000E+000  2.503453934742E-013  0.000000000000E+000  3.006491565911E-012  0.000000000000E+000  4.631619453195E-013  0.000000000000E+000  8.238737232045E-016  0.000000000000E+000  2.747740607441E-012  0.000000000000E+000
   6.825000000000E+001  8.109449294943E-016  0.000000000000E+000  0.000000000000E+000  2.465287409951E-013  0.000000000000E+000  2.960738447402E-012  0.000000000000E+000  4.561115809214E-013  0.000000000000E+000  8.109449294943E-016  0.000000000000E+000  2.705908749378E-012  0.000000000000E+000
   6.850000000000E+001  7.982695949056E-016  0.000000000000E+000  0.000000000000E+000  2.427843526890E-013  0.000000000000E+000  2.915849517006E-012  0.000000000000E+000  4.491943415396E-013  0.000000000000E+000  7.982695949056E-016  0.000000000000E+000  2.664867817378E-012  0.000000000000E+000
   6.875000000000E+001  7.858391829080E-016  0.000000000000E+000  0.000000000000E+000  2.391105934779E-013  0.000000000000E+000  2.871805475392E-012  0.000000000000E+000  4.424073317647E-013  0.000000000000E+000  7.858391829080E-016  0.000000000000E+000  2.624599205584E-012  0.000000000000E+000
   6.900000000000E+001  7.736462142378E-016  0.000000000000E+000  0.000000000000E+000  2.355058584998E-013  0.000000000000E+000  2.828587332240E-012  0.000000000000E+000  4.357477045064E-013  0.000000000000E+000  7.736462142378E-016  0.000000000000E+000  2.585086798492E-012  0.000000000000E+000
   6.925000000000E+001  7.616900693936E-016  0.000000000000E+000  0.000000000000E+000  2.319686237229E-013  0.000000000000E+000  2.786176864386E-012  0.000000000000E+000  4.292124417154E-013  0.000000000000E+000  7.616900693936E-016  0.000000000000E+000  2.546312939391E-012  0.000000000000E+000
   6.950000000000E+001  7.499612612561E-016  0.000000000000E+000  0.000000000000E+000  2.284973807407E-013  0.000000000000E+000  2.744555567034E-012  0.000000000000E+000  4.227988505700E-013  0.000000000000E+000  7.499612612561E-016  0.000000000000E+000  2.508261436838E-012  0.000000000000E+000
   6.975000000000E+001  7.384561833383E-016  0.000000000000E+000  0.000000000000E+000  2.250906444639E-013  0.000000000000E+000  2.703706580223E-012  0.000000000000E+000  4.165042429567E-013  0.000000000000E+000  7.384561833383E-016  0.000000000000E+000  2.470915656176E-012  0.000000000000E+000
   7.000000000000E+001  7.271698251477E-016  0.000000000000E+000  0.000000000000E+000  2.217469751530E-013  0.000000000000E+000  2.663612091862E-012  0.000000000000E+000  4.103258365828E-013  0.000000000000E+000  7.271698251477E-016  0.000000000000E+000  2.434260932700E-012  0.000000000000E+000
   7.025000000000E+001  7.160950564780E-016  0.000000000000E+000  0.000000000000E+000  2.184650305764E-013  0.000000000000E+000  2.624256249428E-012  0.000000000000E+000  4.042613656003E-013  0.000000000000E+000  7.160950564780E-016  0.000000000000E+000  2.398281676572E-012  0.000000000000E+000
   7.050000000000E+001  7.052302746525E-016  0.000000000000E+000  0.000000000000E+000  2.152433995418E-013  0.000000000000E+000  2.585622101947E-012  0.000000000000E+000  3.983080789282E-013  0.000000000000E+000  7.052302746525E-016  0.000000000000E+000  2.362962410720E-012  0.000000000000E+000
   7.075000000000E+001  6.945728372758E-016  0.000000000000E+000  0.000000000000E+000  2.120807959101E-013  0.000000000000E+000  2.547694445869E-012  0.000000000000E+000  3.924636571213E-013  0.000000000000E+000  6.945728372758E-016  0.000000000000E+000  2.328289417651E-012  0.000000000000E+000
   7.100000000000E+001  6.841122767715E-016  0.000000000000E+000  0.000000000000E+000  2.089759025290E-013  0.000000000000E+000  2.510457262785E-012  0.000000000000E+000  3.867256829174E-013  0.000000000000E+000  6.841122767715E-016  0.000000000000E+000  2.294247793144E-012  0.000000000000E+000
   7.125000000000E+001  6.738428486453E-016  0.000000000000E+000  0.000000000000E+000  2.059274780988E-013  0.000000000000E+000  2.473896144994E-012  0.000000000000E+000  3.810918934790E-013  0.000000000000E+000  6.738428486453E-016  0.000000000000E+000  2.260825309798E-012  0.000000000000E+000
   7.150000000000E+001  6.637686072441E-016  0.000000000000E+000  0.000000000000E+000  2.029343135030E-013  0.000000000000E+000  2.437996167959E-012  0.000000000000E+000  3.755599571637E-013  0.000000000000E+000  6.637686072441E-016  0.000000000000E+000  2.228007035852E-012  0.000000000000E+000
   7.175000000000E+001  6.538803368198E-016  0.000000000000E+000  0.000000000000E+000  1.999951732927E-013  0.000000000000E+000  2.402743268561E-012  0.000000000000E+000  3.701277267200E-013  0.000000000000E+000  6.538803368198E-016  0.000000000000E+000  2.195780200859E-012  0.000000000000E+000
   7.200000000000E+001  6.441726372935E-016  0.000000000000E+000  0.000000000000E+000  1.971089050991E-013  0.000000000000E+000  2.368123167158E-012  0.000000000000E+000  3.647930556482E-013  0.000000000000E+000  6.441726372935E-016  0.000000000000E+000  2.164132718910E-012  0.000000000000E+000
   7.225000000000E+001  6.346401056877E-016  0.000000000000E+000  0.000000000000E+000  1.942744083950E-013  0.000000000000E+000  2.334122793147E-012  0.000000000000E+000  3.595538735974E-013  0.000000000000E+000  6.346401056877E-016  0.000000000000E+000  2.133051650583E-012  0.000000000000E+000
   7.250000000000E+001  6.252882848971E-016  0.000000000000E+000  0.000000000000E+000  1.914905399151E-013  0.000000000000E+000  2.300728584072E-012  0.000000000000E+000  3.544081053329E-013  0.000000000000E+000  6.252882848971E-016  0.000000000000E+000  2.102525440633E-012  0.000000000000E+000
   7.275000000000E+001  6.161033216561E-016  0.000000000000E+000  0.000000000000E+000  1.887562542461E-013  0.000000000000E+000  2.267927652469E-012  0.000000000000E+000  3.493537538761E-013  0.000000000000E+000  6.161033216561E-016  0.000000000000E+000  2.072542133127E-012  0.000000000000E+000
   7.300000000000E+001  6.070885950153E-016  0.000000000000E+000  0.000000000000E+000  1.860704455660E-013  0.000000000000E+000  2.235707264950E-012  0.000000000000E+000  3.443889585210E-013  0.000000000000E+000  6.070885950153E-016  0.000000000000E+000  2.043089261540E-012  0.000000000000E+000
   7.325000000000E+001  5.982353524790E-016  0.000000000000E+000  0.000000000000E+000  1.834321389777E-013  0.000000000000E+000  2.204055718924E-012  0.000000000000E+000  3.395117822822E-013  0.000000000000E+000  5.982353524790E-016  0.000000000000E+000  2.014156624523E-012  0.000000000000E+000
   7.350000000000E+001  5.895389219459E-016  0.000000000000E+000  0.000000000000E+000  1.808403120621E-013  0.000000000000E+000  2.172960661639E-012  0.000000000000E+000  3.347202375577E-013  0.000000000000E+000  5.895389219459E-016  0.000000000000E+000  1.985733361315E-012  0.000000000000E+000
   7.375000000000E+001  5.810043011151E-016  0.000000000000E+000  0.000000000000E+000  1.782939883772E-013  0.000000000000E+000  2.142410528846E-012  0.000000000000E+000  3.300127830903E-013  0.000000000000E+000  5.810043011151E-016  0.000000000000E+000  1.957807919012E-012  0.000000000000E+000
   7.400000000000E+001  5.726202477830E-016  0.000000000000E+000  0.000000000000E+000  1.757922037241E-013  0.000000000000E+000  2.112393570699E-012  0.000000000000E+000  3.253875247729E-013  0.000000000000E+000  5.726202477830E-016  0.000000000000E+000  1.930370216239E-012  0.000000000000E+000
   7.425000000000E+001  5.643836826034E-016  0.000000000000E+000  0.000000000000E+000  1.733340474863E-013  0.000000000000E+000  2.082899225296E-012  0.000000000000E+000  3.208427548049E-013  0.000000000000E+000  5.643836826034E-016  0.000000000000E+000  1.903410911117E-012  0.000000000000E+000
   7.450000000000E+001  5.562972907978E-016  0.000000000000E+000  0.000000000000E+000  1.709186053592E-013  0.000000000000E+000  2.053916359907E-012  0.000000000000E+000  3.163768326588E-013  0.000000000000E+000  5.562972907978E-016  0.000000000000E+000  1.876918741901E-012  0.000000000000E+000
   7.475000000000E+001  5.483524932751E-016  0.000000000000E+000  0.000000000000E+000  1.685449737469E-013  0.000000000000E+000  2.025434460266E-012  0.000000000000E+000  3.119881456803E-013  0.000000000000E+000  5.483524932751E-016  0.000000000000E+000  1.850884799027E-012  0.000000000000E+000
   7.500000000000E+001  5.405497411666E-016  0.000000000000E+000  0.000000000000E+000  1.662123302639E-013  0.000000000000E+000  1.997443138254E-012  0.000000000000E+000  3.076749764767E-013  0.000000000000E+000  5.405497411666E-016  0.000000000000E+000  1.825299948665E-012  0.000000000000E+000
   7.525000000000E+001  5.328816032755E-016  0.000000000000E+000  0.000000000000E+000  1.639197890800E-013  0.000000000000E+000  1.969932422312E-012  0.000000000000E+000  3.034359586256E-013  0.000000000000E+000  5.328816032755E-016  0.000000000000E+000  1.800153990445E-012  0.000000000000E+000
   7.550000000000E+001  5.253519469631E-016  0.000000000000E+000  0.000000000000E+000  1.616665492572E-013  0.000000000000E+000  1.942892277899E-012  0.000000000000E+000  2.992693404305E-013  0.000000000000E+000  5.253519469631E-016  0.000000000000E+000  1.775438726939E-012  0.000000000000E+000
   7.575000000000E+001  5.179505377021E-016  0.000000000000E+000  0.000000000000E+000  1.594518023626E-013  0.000000000000E+000  1.916313322771E-012  0.000000000000E+000  2.951738944588E-013  0.000000000000E+000  5.179505377021E-016  0.000000000000E+000  1.751145277936E-012  0.000000000000E+000
   7.600000000000E+001  5.106777820533E-016  0.000000000000E+000  0.000000000000E+000  1.572747574817E-013  0.000000000000E+000  1.890185867469E-012  0.000000000000E+000  2.911480487904E-013  0.000000000000E+000  5.106777820533E-016  0.000000000000E+000  1.727264483641E-012  0.000000000000E+000
   7.625000000000E+001  5.035351263247E-016  0.000000000000E+000  0.000000000000E+000  1.551346469338E-013  0.000000000000E+000  1.864501005668E-012  0.000000000000E+000  2.871903418426E-013  0.000000000000E+000  5.035351263247E-016  0.000000000000E+000  1.703788879953E-012  0.000000000000E+000
   7.650000000000E+001  4.965117513910E-016  0.000000000000E+000  0.000000000000E+000  1.530307560572E-013  0.000000000000E+000  1.839249932718E-012  0.000000000000E+000  2.832995273630E-013  0.000000000000E+000  4.965117513910E-016  0.000000000000E+000  1.680708777419E-012  0.000000000000E+000
   7.675000000000E+001  4.896154833706E-016  0.000000000000E+000  0.000000000000E+000  1.509623057752E-013  0.000000000000E+000  1.814423545617E-012  0.000000000000E+000  2.794741369138E-013  0.000000000000E+000  4.896154833706E-016  0.000000000000E+000  1.658018035914E-012  0.000000000000E+000
   7.700000000000E+001  4.828311943972E-016  0.000000000000E+000  0.000000000000E+000  1.489286073608E-013  0.000000000000E+000  1.790013579709E-012  0.000000000000E+000  2.757129316068E-013  0.000000000000E+000  4.828311943972E-016  0.000000000000E+000  1.635707502330E-012  0.000000000000E+000
   7.725000000000E+001  4.761660269674E-016  0.000000000000E+000  0.000000000000E+000  1.469289712908E-013  0.000000000000E+000  1.766011480154E-012  0.000000000000E+000  2.720145768002E-013  0.000000000000E+000  4.761660269674E-016  0.000000000000E+000  1.613770567063E-012  0.000000000000E+000
   7.750000000000E+001  4.696140746113E-016  0.000000000000E+000  0.000000000000E+000  1.449626812752E-013  0.000000000000E+000  1.742409381274E-012  0.000000000000E+000  2.683778534553E-013  0.000000000000E+000  4.696140746113E-016  0.000000000000E+000  1.592198933761E-012  0.000000000000E+000
   7.775000000000E+001  4.631760387673E-016  0.000000000000E+000  0.000000000000E+000  1.430291120561E-013  0.000000000000E+000  1.719199141120E-012  0.000000000000E+000  2.648015261404E-013  0.000000000000E+000  4.631760387673E-016  0.000000000000E+000  1.570985636717E-012  0.000000000000E+000
   7.800000000000E+001  4.568467125794E-016  0.000000000000E+000  0.000000000000E+000  1.411276043099E-013  0.000000000000E+000  1.696372860731E-012  0.000000000000E+000  2.612844422528E-013  0.000000000000E+000  4.568467125794E-016  0.000000000000E+000  1.550123135419E-012  0.000000000000E+000
   7.825000000000E+001  4.506235513477E-016  0.000000000000E+000  0.000000000000E+000  1.392575303866E-013  0.000000000000E+000  1.673923417388E-012  0.000000000000E+000  2.578253763928E-013  0.000000000000E+000  4.506235513477E-016  0.000000000000E+000  1.529605405590E-012  0.000000000000E+000
   7.850000000000E+001  4.445083335573E-016  0.000000000000E+000  0.000000000000E+000  1.374182444733E-013  0.000000000000E+000  1.651843004040E-012  0.000000000000E+000  2.544231610110E-013  0.000000000000E+000  4.445083335573E-016  0.000000000000E+000  1.509425092626E-012  0.000000000000E+000
   7.875000000000E+001  4.384900961483E-016  0.000000000000E+000  0.000000000000E+000  1.356091636001E-013  0.000000000000E+000  1.630124452040E-012  0.000000000000E+000  2.510767239474E-013  0.000000000000E+000  4.384900961483E-016  0.000000000000E+000  1.489575586514E-012  0.000000000000E+000
   7.900000000000E+001  4.325780904821E-016  0.000000000000E+000  0.000000000000E+000  1.338296817684E-013  0.000000000000E+000  1.608760650036E-012  0.000000000000E+000  2.477849610830E-013  0.000000000000E+000  4.325780904821E-016  0.000000000000E+000  1.470050603244E-012  0.000000000000E+000
   7.925000000000E+001  4.267624991107E-016  0.000000000000E+000  0.000000000000E+000  1.320792201615E-013  0.000000000000E+000  1.587744891141E-012  0.000000000000E+000  2.445468932121E-013  0.000000000000E+000  4.267624991107E-016  0.000000000000E+000  1.450843625566E-012  0.000000000000E+000
   7.950000000000E+001  4.210441646939E-016  0.000000000000E+000  0.000000000000E+000  1.303572425780E-013  0.000000000000E+000  1.567070387297E-012  0.000000000000E+000  2.413613090741E-013  0.000000000000E+000  4.210441646939E-016  0.000000000000E+000  1.431948651074E-012  0.000000000000E+000
   7.975000000000E+001  4.154207473902E-016  0.000000000000E+000  0.000000000000E+000  1.286631487352E-013  0.000000000000E+000  1.546730227206E-012  0.000000000000E+000  2.382273210983E-013  0.000000000000E+000  4.154207473902E-016  0.000000000000E+000  1.413359273902E-012  0.000000000000E+000
   8.000000000000E+001  4.098885087767E-016  0.000000000000E+000  0.000000000000E+000  1.269964462971E-013  0.000000000000E+000  1.526718133827E-012  0.000000000000E+000  2.351438932884E-013  0.000000000000E+000  4.098885087767E-016  0.000000000000E+000  1.395070132341E-012  0.000000000000E+000
   8.025000000000E+001  4.044481521081E-016  0.000000000000E+000  0.000000000000E+000  1.253565750649E-013  0.000000000000E+000  1.507027962847E-012  0.000000000000E+000  2.321100785833E-013  0.000000000000E+000  4.044481521081E-016  0.000000000000E+000  1.377075245842E-012  0.000000000000E+000
   8.050000000000E+001  3.991013072777E-016  0.000000000000E+000  0.000000000000E+000  1.237430340143E-013  0.000000000000E+000  1.487653224296E-012  0.000000000000E+000  2.291248505719E-013  0.000000000000E+000  3.991013072777E-016  0.000000000000E+000  1.359368670312E-012  0.000000000000E+000
   8.075000000000E+001  3.938386786835E-016  0.000000000000E+000  0.000000000000E+000  1.221553052927E-013  0.000000000000E+000  1.468588027325E-012  0.000000000000E+000  2.261873492490E-013  0.000000000000E+000  3.938386786835E-016  0.000000000000E+000  1.341945125756E-012  0.000000000000E+000
   8.100000000000E+001  3.886610400528E-016  0.000000000000E+000  0.000000000000E+000  1.205929197859E-013  0.000000000000E+000  1.449826534149E-012  0.000000000000E+000  2.232965751096E-013  0.000000000000E+000  3.886610400528E-016  0.000000000000E+000  1.324799190637E-012  0.000000000000E+000
   8.125000000000E+001  3.835700719457E-016  0.000000000000E+000  0.000000000000E+000  1.190553561161E-013  0.000000000000E+000  1.431362948093E-012  0.000000000000E+000  2.204518354474E-013  0.000000000000E+000  3.835700719457E-016  0.000000000000E+000  1.307925457623E-012  0.000000000000E+000
   8.150000000000E+001  3.785575182922E-016  0.000000000000E+000  0.000000000000E+000  1.175421840473E-013  0.000000000000E+000  1.413191534267E-012  0.000000000000E+000  2.176520730228E-013  0.000000000000E+000  3.785575182922E-016  0.000000000000E+000  1.291318678147E-012  0.000000000000E+000
   8.175000000000E+001  3.736288913219E-016  0.000000000000E+000  0.000000000000E+000  1.160529301813E-013  0.000000000000E+000  1.395306863663E-012  0.000000000000E+000  2.148964147292E-013  0.000000000000E+000  3.736288913219E-016  0.000000000000E+000  1.274974531491E-012  0.000000000000E+000
   8.200000000000E+001  3.687796238703E-016  0.000000000000E+000  0.000000000000E+000  1.145871103375E-013  0.000000000000E+000  1.377703547284E-012  0.000000000000E+000  2.121841758737E-013  0.000000000000E+000  3.687796238703E-016  0.000000000000E+000  1.258887080503E-012  0.000000000000E+000
   8.225000000000E+001  3.640112393076E-016  0.000000000000E+000  0.000000000000E+000  1.131443361355E-013  0.000000000000E+000  1.360376232549E-012  0.000000000000E+000  2.095145286691E-013  0.000000000000E+000  3.640112393076E-016  0.000000000000E+000  1.243052396539E-012  0.000000000000E+000
   8.250000000000E+001  3.593151487338E-016  0.000000000000E+000  0.000000000000E+000  1.117241361342E-013  0.000000000000E+000  1.343319713618E-012  0.000000000000E+000  2.068865323409E-013  0.000000000000E+000  3.593151487338E-016  0.000000000000E+000  1.227464710614E-012  0.000000000000E+000
   8.275000000000E+001  3.546938797346E-016  0.000000000000E+000  0.000000000000E+000  1.103261041856E-013  0.000000000000E+000  1.326529107983E-012  0.000000000000E+000  2.042995382936E-013  0.000000000000E+000  3.546938797346E-016  0.000000000000E+000  1.212120392660E-012  0.000000000000E+000
   8.300000000000E+001  3.501482158380E-016  0.000000000000E+000  0.000000000000E+000  1.089498313302E-013  0.000000000000E+000  1.309999146493E-012  0.000000000000E+000  2.017527573823E-013  0.000000000000E+000  3.501482158380E-016  0.000000000000E+000  1.197014495977E-012  0.000000000000E+000
   8.325000000000E+001  3.456739875067E-016  0.000000000000E+000  0.000000000000E+000  1.075948951036E-013  0.000000000000E+000  1.293725333738E-012  0.000000000000E+000  1.992453917219E-013  0.000000000000E+000  3.456739875067E-016  0.000000000000E+000  1.182142803294E-012  0.000000000000E+000
   8.350000000000E+001  3.412712798880E-016  0.000000000000E+000  0.000000000000E+000  1.062609208131E-013  0.000000000000E+000  1.277702884386E-012  0.000000000000E+000  1.967767947484E-013  0.000000000000E+000  3.412712798880E-016  0.000000000000E+000  1.167500584185E-012  0.000000000000E+000
   8.375000000000E+001  3.369374797412E-016  0.000000000000E+000  0.000000000000E+000  1.049475153639E-013  0.000000000000E+000  1.261927099660E-012  0.000000000000E+000  1.943462424273E-013  0.000000000000E+000  3.369374797412E-016  0.000000000000E+000  1.153083968758E-012  0.000000000000E+000
   8.400000000000E+001  3.326700372079E-016  0.000000000000E+000  0.000000000000E+000  1.036542961903E-013  0.000000000000E+000  1.246393311779E-012  0.000000000000E+000  1.919528671362E-013  0.000000000000E+000  3.326700372079E-016  0.000000000000E+000  1.138888553821E-012  0.000000000000E+000
   8.425000000000E+001  3.284706883277E-016  0.000000000000E+000  0.000000000000E+000  1.023808837410E-013  0.000000000000E+000  1.231097255135E-012  0.000000000000E+000  1.895962100934E-013  0.000000000000E+000  3.284706883277E-016  0.000000000000E+000  1.124910526162E-012  0.000000000000E+000
   8.450000000000E+001  3.243389724746E-016  0.000000000000E+000  0.000000000000E+000  1.011269349881E-013  0.000000000000E+000  1.216034618862E-012  0.000000000000E+000  1.872755731753E-013  0.000000000000E+000  3.243389724746E-016  0.000000000000E+000  1.111145406262E-012  0.000000000000E+000
   8.475000000000E+001  3.202704714322E-016  0.000000000000E+000  0.000000000000E+000  9.989208067722E-014  0.000000000000E+000  1.201200975902E-012  0.000000000000E+000  1.849901246402E-013  0.000000000000E+000  3.202704714322E-016  0.000000000000E+000  1.097589962267E-012  0.000000000000E+000
   8.500000000000E+001  3.162639323100E-016  0.000000000000E+000  0.000000000000E+000  9.867597832978E-014  0.000000000000E+000  1.186592296173E-012  0.000000000000E+000  1.827394300628E-013  0.000000000000E+000  3.162639323100E-016  0.000000000000E+000  1.084240450051E-012  0.000000000000E+000
   8.525000000000E+001  3.123192136667E-016  0.000000000000E+000  0.000000000000E+000  9.747829009728E-014  0.000000000000E+000  1.172204423729E-012  0.000000000000E+000  1.805227054067E-013  0.000000000000E+000  3.123192136667E-016  0.000000000000E+000  1.071092287944E-012  0.000000000000E+000
   8.550000000000E+001  3.084364796638E-016  0.000000000000E+000  0.000000000000E+000  9.629867128806E-014  0.000000000000E+000  1.158033532106E-012  0.000000000000E+000  1.783394593989E-013  0.000000000000E+000  3.084364796638E-016  0.000000000000E+000  1.058142509194E-012  0.000000000000E+000
   8.575000000000E+001  3.046168766203E-016  0.000000000000E+000  0.000000000000E+000  9.513681717784E-014  0.000000000000E+000  1.144075627741E-012  0.000000000000E+000  1.761890244597E-013  0.000000000000E+000  3.046168766203E-016  0.000000000000E+000  1.045387904457E-012  0.000000000000E+000
   8.600000000000E+001  3.008498721907E-016  0.000000000000E+000  0.000000000000E+000  9.399239359614E-014  0.000000000000E+000  1.130326791378E-012  0.000000000000E+000  1.740707822070E-013  0.000000000000E+000  3.008498721907E-016  0.000000000000E+000  1.032823807123E-012  0.000000000000E+000
   8.625000000000E+001  2.971428461112E-016  0.000000000000E+000  0.000000000000E+000  9.286509171771E-014  0.000000000000E+000  1.116783516034E-012  0.000000000000E+000  1.719842720433E-013  0.000000000000E+000  2.971428461112E-016  0.000000000000E+000  1.020447582374E-012  0.000000000000E+000
   8.650000000000E+001  2.934929184131E-016  0.000000000000E+000  0.000000000000E+000  9.175460650254E-014  0.000000000000E+000  1.103441843545E-012  0.000000000000E+000  1.699287804306E-013  0.000000000000E+000  2.934929184131E-016  0.000000000000E+000  1.008256074180E-012  0.000000000000E+000
   8.675000000000E+001  2.898978041957E-016  0.000000000000E+000  0.000000000000E+000  9.066062580866E-014  0.000000000000E+000  1.090298283056E-012  0.000000000000E+000  1.679038369620E-013  0.000000000000E+000  2.898978041957E-016  0.000000000000E+000  9.962455406031E-013  0.000000000000E+000
   8.700000000000E+001  2.863598930951E-016  0.000000000000E+000  0.000000000000E+000  8.958287942622E-014  0.000000000000E+000  1.077349514120E-012  0.000000000000E+000  1.659089061454E-013  0.000000000000E+000  2.863598930951E-016  0.000000000000E+000  9.844129090185E-013  0.000000000000E+000
   8.725000000000E+001  2.828717793117E-016  0.000000000000E+000  0.000000000000E+000  8.852106150441E-014  0.000000000000E+000  1.064591866888E-012  0.000000000000E+000  1.639433962548E-013  0.000000000000E+000  2.828717793117E-016  0.000000000000E+000  9.727549313290E-013  0.000000000000E+000
   8.750000000000E+001  2.794381824760E-016  0.000000000000E+000  0.000000000000E+000  8.747489912637E-014  0.000000000000E+000  1.052022082970E-012  0.000000000000E+000  1.620069253477E-013  0.000000000000E+000  2.794381824760E-016  0.000000000000E+000  9.612687057493E-013  0.000000000000E+000
   8.775000000000E+001  2.760554203522E-016  0.000000000000E+000  0.000000000000E+000  8.644410863312E-014  0.000000000000E+000  1.039636835954E-012  0.000000000000E+000  1.600988486962E-013  0.000000000000E+000  2.760554203522E-016  0.000000000000E+000  9.499508847085E-013  0.000000000000E+000
   8.800000000000E+001  2.727253426159E-016  0.000000000000E+000  0.000000000000E+000  8.542843303830E-014  0.000000000000E+000  1.027432887697E-012  0.000000000000E+000  1.582186842674E-013  0.000000000000E+000  2.727253426159E-016  0.000000000000E+000  9.387991314727E-013  0.000000000000E+000
   8.825000000000E+001  2.694404839072E-016  0.000000000000E+000  0.000000000000E+000  8.442759342374E-014  0.000000000000E+000  1.015407035583E-012  0.000000000000E+000  1.563659858518E-013  0.000000000000E+000  2.694404839072E-016  0.000000000000E+000  9.278099796014E-013  0.000000000000E+000
   8.850000000000E+001  2.662086706730E-016  0.000000000000E+000  0.000000000000E+000  8.344134717729E-014  0.000000000000E+000  1.003556095428E-012  0.000000000000E+000  1.545402633538E-013  0.000000000000E+000  2.662086706730E-016  0.000000000000E+000  9.169808280772E-013  0.000000000000E+000
   8.875000000000E+001  2.630226400400E-016  0.000000000000E+000  0.000000000000E+000  8.246943297426E-014  0.000000000000E+000  9.918772883957E-013  0.000000000000E+000  1.527409906422E-013  0.000000000000E+000  2.630226400400E-016  0.000000000000E+000  9.063090194838E-013  0.000000000000E+000
   8.900000000000E+001  2.598869746545E-016  0.000000000000E+000  0.000000000000E+000  8.151159732633E-014  0.000000000000E+000  9.803675009625E-013  0.000000000000E+000  1.509678725639E-013  0.000000000000E+000  2.598869746545E-016  0.000000000000E+000  8.957915790698E-013  0.000000000000E+000
   8.925000000000E+001  2.567931118901E-016  0.000000000000E+000  0.000000000000E+000  8.056759011750E-014  0.000000000000E+000  9.690236089479E-013  0.000000000000E+000  1.492202849135E-013  0.000000000000E+000  2.567931118901E-016  0.000000000000E+000  8.854260214766E-013  0.000000000000E+000
   8.950000000000E+001  2.537471793575E-016  0.000000000000E+000  0.000000000000E+000  7.963719370241E-014  0.000000000000E+000  9.578432151607E-013  0.000000000000E+000  1.474978365835E-013  0.000000000000E+000  2.537471793575E-016  0.000000000000E+000  8.752094381143E-013  0.000000000000E+000
   8.975000000000E+001  2.507449414371E-016  0.000000000000E+000  0.000000000000E+000  7.872014760268E-014  0.000000000000E+000  9.468229295701E-013  0.000000000000E+000  1.458000920112E-013  0.000000000000E+000  2.507449414371E-016  0.000000000000E+000  8.651394366340E-013  0.000000000000E+000
   9.000000000000E+001  2.477876147036E-016  0.000000000000E+000  0.000000000000E+000  7.781625165910E-014  0.000000000000E+000  9.359605842417E-013  0.000000000000E+000  1.441266893384E-013  0.000000000000E+000  2.477876147036E-016  0.000000000000E+000  8.552134587823E-013  0.000000000000E+000
   9.025000000000E+001  2.448730525362E-016  0.000000000000E+000  0.000000000000E+000  7.692525399111E-014  0.000000000000E+000  9.252531006215E-013  0.000000000000E+000  1.424771688674E-013  0.000000000000E+000  2.448730525362E-016  0.000000000000E+000  8.454295830085E-013  0.000000000000E+000
   9.050000000000E+001  2.420015638845E-016  0.000000000000E+000  0.000000000000E+000  7.604696437964E-014  0.000000000000E+000  9.146978892926E-013  0.000000000000E+000  1.408510895375E-013  0.000000000000E+000  2.420015638845E-016  0.000000000000E+000  8.357847209820E-013  0.000000000000E+000
   9.075000000000E+001  2.391726905229E-016  0.000000000000E+000  0.000000000000E+000  7.518113696825E-014  0.000000000000E+000  9.042923694980E-013  0.000000000000E+000  1.392481299889E-013  0.000000000000E+000  2.391726905229E-016  0.000000000000E+000  8.262765298178E-013  0.000000000000E+000
   9.100000000000E+001  2.363832637600E-016  0.000000000000E+000  0.000000000000E+000  7.432756632983E-014  0.000000000000E+000  8.940342076308E-013  0.000000000000E+000  1.376678254319E-013  0.000000000000E+000  2.363832637600E-016  0.000000000000E+000  8.169027411459E-013  0.000000000000E+000
   9.125000000000E+001  2.336348348273E-016  0.000000000000E+000  0.000000000000E+000  7.348606770348E-014  0.000000000000E+000  8.839207765136E-013  0.000000000000E+000  1.361097959539E-013  0.000000000000E+000  2.336348348273E-016  0.000000000000E+000  8.076613409302E-013  0.000000000000E+000
   9.150000000000E+001  2.309242877040E-016  0.000000000000E+000  0.000000000000E+000  7.265640412120E-014  0.000000000000E+000  8.739494923404E-013  0.000000000000E+000  1.345737179961E-013  0.000000000000E+000  2.309242877040E-016  0.000000000000E+000  7.985501200225E-013  0.000000000000E+000
   9.175000000000E+001  2.282518406122E-016  0.000000000000E+000  0.000000000000E+000  7.183841351442E-014  0.000000000000E+000  8.641180892933E-013  0.000000000000E+000  1.330592187002E-013  0.000000000000E+000  2.282518406122E-016  0.000000000000E+000  7.895667881484E-013  0.000000000000E+000
   9.200000000000E+001  2.256198888989E-016  0.000000000000E+000  0.000000000000E+000  7.103186552121E-014  0.000000000000E+000  8.544243620447E-013  0.000000000000E+000  1.315658794397E-013  0.000000000000E+000  2.256198888989E-016  0.000000000000E+000  7.807090416917E-013  0.000000000000E+000
   9.225000000000E+001  2.230246335154E-016  0.000000000000E+000  0.000000000000E+000  7.023657149404E-014  0.000000000000E+000  8.448657708451E-013  0.000000000000E+000  1.300934055286E-013  0.000000000000E+000  2.230246335154E-016  0.000000000000E+000  7.719746263494E-013  0.000000000000E+000
   9.250000000000E+001  2.204684550172E-016  0.000000000000E+000  0.000000000000E+000  6.945237408215E-014  0.000000000000E+000  8.354402720994E-013  0.000000000000E+000  1.286414256127E-013  0.000000000000E+000  2.204684550172E-016  0.000000000000E+000  7.633620745229E-013  0.000000000000E+000
   9.275000000000E+001  2.179453293541E-016  0.000000000000E+000  0.000000000000E+000  6.867906083636E-014  0.000000000000E+000  8.261454943274E-013  0.000000000000E+000  1.272095728269E-013  0.000000000000E+000  2.179453293541E-016  0.000000000000E+000  7.548691842717E-013  0.000000000000E+000
   9.300000000000E+001  2.154590907996E-016  0.000000000000E+000  0.000000000000E+000  6.791646273674E-014  0.000000000000E+000  8.169793940057E-013  0.000000000000E+000  1.257975279208E-013  0.000000000000E+000  2.154590907996E-016  0.000000000000E+000  7.464933780636E-013  0.000000000000E+000
   9.325000000000E+001  2.130073512730E-016  0.000000000000E+000  0.000000000000E+000  6.716440027256E-014  0.000000000000E+000  8.079396425154E-013  0.000000000000E+000  1.244050516658E-013  0.000000000000E+000  2.130073512730E-016  0.000000000000E+000  7.382334192979E-013  0.000000000000E+000
   9.350000000000E+001  2.105910461944E-016  0.000000000000E+000  0.000000000000E+000  6.642268439513E-014  0.000000000000E+000  7.990244078342E-013  0.000000000000E+000  1.230316957824E-013  0.000000000000E+000  2.105910461944E-016  0.000000000000E+000  7.300873442712E-013  0.000000000000E+000
   9.375000000000E+001  2.082092343811E-016  0.000000000000E+000  0.000000000000E+000  6.569118243212E-014  0.000000000000E+000  7.902314625727E-013  0.000000000000E+000  1.216771893605E-013  0.000000000000E+000  2.082092343811E-016  0.000000000000E+000  7.220528322017E-013  0.000000000000E+000
   9.400000000000E+001  2.058589005214E-016  0.000000000000E+000  0.000000000000E+000  6.496969080254E-014  0.000000000000E+000  7.815590084704E-013  0.000000000000E+000  1.203412490172E-013  0.000000000000E+000  2.058589005214E-016  0.000000000000E+000  7.141281605894E-013  0.000000000000E+000
   9.425000000000E+001  2.035422570240E-016  0.000000000000E+000  0.000000000000E+000  6.425805167196E-014  0.000000000000E+000  7.730048879531E-013  0.000000000000E+000  1.190234984299E-013  0.000000000000E+000  2.035422570240E-016  0.000000000000E+000  7.063120800649E-013  0.000000000000E+000
   9.450000000000E+001  2.012590837484E-016  0.000000000000E+000  0.000000000000E+000  6.355612204443E-014  0.000000000000E+000  7.645672191865E-013  0.000000000000E+000  1.177237583646E-013  0.000000000000E+000  2.012590837484E-016  0.000000000000E+000  6.986021176596E-013  0.000000000000E+000
   9.475000000000E+001  1.990069808862E-016  0.000000000000E+000  0.000000000000E+000  6.286372372504E-014  0.000000000000E+000  7.562440664494E-013  0.000000000000E+000  1.164416240373E-013  0.000000000000E+000  1.990069808862E-016  0.000000000000E+000  6.909971501171E-013  0.000000000000E+000
   9.500000000000E+001  1.967850820643E-016  0.000000000000E+000  0.000000000000E+000  6.218071406097E-014  0.000000000000E+000  7.480336343373E-013  0.000000000000E+000  1.151768995398E-013  0.000000000000E+000  1.967850820643E-016  0.000000000000E+000  6.834947615224E-013  0.000000000000E+000
   9.525000000000E+001  1.945949983803E-016  0.000000000000E+000  0.000000000000E+000  6.150693878694E-014  0.000000000000E+000  7.399340303801E-013  0.000000000000E+000  1.139292465875E-013  0.000000000000E+000  1.945949983803E-016  0.000000000000E+000  6.760940315158E-013  0.000000000000E+000
   9.550000000000E+001  1.924318115558E-016  0.000000000000E+000  0.000000000000E+000  6.084224052681E-014  0.000000000000E+000  7.319436189940E-013  0.000000000000E+000  1.126983871743E-013  0.000000000000E+000  1.924318115558E-016  0.000000000000E+000  6.687929031249E-013  0.000000000000E+000
   9.575000000000E+001  1.903011865469E-016  0.000000000000E+000  0.000000000000E+000  6.018648332334E-014  0.000000000000E+000  7.240604460283E-013  0.000000000000E+000  1.114840620603E-013  0.000000000000E+000  1.903011865469E-016  0.000000000000E+000  6.615897847393E-013  0.000000000000E+000
   9.600000000000E+001  1.882019900026E-016  0.000000000000E+000  0.000000000000E+000  5.953951930986E-014  0.000000000000E+000  7.162829985552E-013  0.000000000000E+000  1.102860389668E-013  0.000000000000E+000  1.882019900026E-016  0.000000000000E+000  6.544832933604E-013  0.000000000000E+000
   9.625000000000E+001  1.861277495958E-016  0.000000000000E+000  0.000000000000E+000  5.890120542579E-014  0.000000000000E+000  7.086094051690E-013  0.000000000000E+000  1.091040269575E-013  0.000000000000E+000  1.861277495958E-016  0.000000000000E+000  6.474715116238E-013  0.000000000000E+000
   9.650000000000E+001  1.840825001928E-016  0.000000000000E+000  0.000000000000E+000  5.827141020523E-014  0.000000000000E+000  7.010381210023E-013  0.000000000000E+000  1.079377642289E-013  0.000000000000E+000  1.840825001928E-016  0.000000000000E+000  6.405535266128E-013  0.000000000000E+000
   9.675000000000E+001  1.820654137372E-016  0.000000000000E+000  0.000000000000E+000  5.765000194488E-014  0.000000000000E+000  6.935674231623E-013  0.000000000000E+000  1.067870410989E-013  0.000000000000E+000  1.820654137372E-016  0.000000000000E+000  6.337271005445E-013  0.000000000000E+000
   9.700000000000E+001  1.800760917844E-016  0.000000000000E+000  0.000000000000E+000  5.703682195174E-014  0.000000000000E+000  6.861957769921E-013  0.000000000000E+000  1.056515119926E-013  0.000000000000E+000  1.800760917844E-016  0.000000000000E+000  6.269914205257E-013  0.000000000000E+000
   9.725000000000E+001  1.781113713352E-016  0.000000000000E+000  0.000000000000E+000  5.643177504160E-014  0.000000000000E+000  6.789216581660E-013  0.000000000000E+000  1.045310288902E-013  0.000000000000E+000  1.781113713352E-016  0.000000000000E+000  6.203449002823E-013  0.000000000000E+000
   9.750000000000E+001  1.761738986735E-016  0.000000000000E+000  0.000000000000E+000  5.583470445588E-014  0.000000000000E+000  6.717433569991E-013  0.000000000000E+000  1.034253760662E-013  0.000000000000E+000  1.761738986735E-016  0.000000000000E+000  6.137860109694E-013  0.000000000000E+000
   9.775000000000E+001  1.742628770990E-016  0.000000000000E+000  0.000000000000E+000  5.524549264643E-014  0.000000000000E+000  6.646595507180E-013  0.000000000000E+000  1.023341983344E-013  0.000000000000E+000  1.742628770990E-016  0.000000000000E+000  6.073133491141E-013  0.000000000000E+000
   9.800000000000E+001  1.723798482219E-016  0.000000000000E+000  0.000000000000E+000  5.466402138713E-014  0.000000000000E+000  6.576687559000E-013  0.000000000000E+000  1.012574108139E-013  0.000000000000E+000  1.723798482219E-016  0.000000000000E+000  6.009254537058E-013  0.000000000000E+000
   9.825000000000E+001  1.705191555793E-016  0.000000000000E+000  0.000000000000E+000  5.409015636901E-014  0.000000000000E+000  6.507693375683E-013  0.000000000000E+000  1.001946827642E-013  0.000000000000E+000  1.705191555793E-016  0.000000000000E+000  5.946214329479E-013  0.000000000000E+000
   9.850000000000E+001  1.686829008412E-016  0.000000000000E+000  0.000000000000E+000  5.352379734639E-014  0.000000000000E+000  6.439599467722E-013  0.000000000000E+000  9.914579124293E-014  0.000000000000E+000  1.686829008412E-016  0.000000000000E+000  5.883995087151E-013  0.000000000000E+000
   9.875000000000E+001  1.668727317440E-016  0.000000000000E+000  0.000000000000E+000  5.296481562969E-014  0.000000000000E+000  6.372392460504E-013  0.000000000000E+000  9.811060847676E-014  0.000000000000E+000  1.668727317440E-016  0.000000000000E+000  5.822586840155E-013  0.000000000000E+000
   9.900000000000E+001  1.650877603020E-016  0.000000000000E+000  0.000000000000E+000  5.241309425777E-014  0.000000000000E+000  6.306057850376E-013  0.000000000000E+000  9.708887980675E-014  0.000000000000E+000  1.650877603020E-016  0.000000000000E+000  5.761975534931E-013  0.000000000000E+000
   9.925000000000E+001  1.633229971989E-016  0.000000000000E+000  0.000000000000E+000  5.186853494769E-014  0.000000000000E+000  6.240583022292E-013  0.000000000000E+000  9.608038017236E-014  0.000000000000E+000  1.633229971989E-016  0.000000000000E+000  5.702147583591E-013  0.000000000000E+000
   9.950000000000E+001  1.615829854661E-016  0.000000000000E+000  0.000000000000E+000  5.133100953611E-014  0.000000000000E+000  6.175953177215E-013  0.000000000000E+000  9.508487654383E-014  0.000000000000E+000  1.615829854661E-016  0.000000000000E+000  5.643094793947E-013  0.000000000000E+000
   9.975000000000E+001  1.598657501303E-016  0.000000000000E+000  0.000000000000E+000  5.080041145745E-014  0.000000000000E+000  6.112156312202E-013  0.000000000000E+000  9.410225212837E-014  0.000000000000E+000  1.598657501303E-016  0.000000000000E+000  5.584804465126E-013  0.000000000000E+000
   1.000000000000E+002  1.581715755652E-016  0.000000000000E+000  0.000000000000E+000  5.027663733174E-014  0.000000000000E+000  6.049179875430E-013  0.000000000000E+000  9.313226410820E-014  0.000000000000E+000  1.581715755652E-016  0.000000000000E+000  5.527260288371E-013  0.000000000000E+000
   1.002500000000E+002  1.564980246496E-016  0.000000000000E+000  0.000000000000E+000  4.975959528626E-014  0.000000000000E+000  5.987011534555E-013  0.000000000000E+000  9.217469382169E-014  0.000000000000E+000  1.564980246496E-016  0.000000000000E+000  5.470454896095E-013  0.000000000000E+000
   1.005000000000E+002  1.548494225029E-016  0.000000000000E+000  0.000000000000E+000  4.924915224501E-014  0.000000000000E+000  5.925636332766E-013  0.000000000000E+000  9.122937731738E-014  0.000000000000E+000  1.548494225029E-016  0.000000000000E+000  5.414377965222E-013  0.000000000000E+000
   1.007500000000E+002  1.532204296743E-016  0.000000000000E+000  0.000000000000E+000  4.874524117421E-014  0.000000000000E+000  5.865045313557E-013  0.000000000000E+000  9.029611543918E-014  0.000000000000E+000  1.532204296743E-016  0.000000000000E+000  5.359013825773E-013  0.000000000000E+000
   1.010000000000E+002  1.516119569970E-016  0.000000000000E+000  0.000000000000E+000  4.824774302669E-014  0.000000000000E+000  5.805223845035E-013  0.000000000000E+000  8.937474811951E-014  0.000000000000E+000  1.516119569970E-016  0.000000000000E+000  5.304353918790E-013  0.000000000000E+000
   1.012500000000E+002  1.500245211962E-016  0.000000000000E+000  0.000000000000E+000  4.775656024486E-014  0.000000000000E+000  5.746163439155E-013  0.000000000000E+000  8.846506512847E-014  0.000000000000E+000  1.500245211962E-016  0.000000000000E+000  5.250387770410E-013  0.000000000000E+000
   1.015000000000E+002  1.484583001321E-016  0.000000000000E+000  0.000000000000E+000  4.727159614803E-014  0.000000000000E+000  5.687849285355E-013  0.000000000000E+000  8.756687634620E-014  0.000000000000E+000  1.484583001321E-016  0.000000000000E+000  5.197106196653E-013  0.000000000000E+000
   1.017500000000E+002  1.469103606693E-016  0.000000000000E+000  0.000000000000E+000  4.679276856794E-014  0.000000000000E+000  5.630271705689E-013  0.000000000000E+000  8.668006118963E-014  0.000000000000E+000  1.469103606693E-016  0.000000000000E+000  5.144497120485E-013  0.000000000000E+000
   1.020000000000E+002  1.453856034051E-016  0.000000000000E+000  0.000000000000E+000  4.631997172449E-014  0.000000000000E+000  5.573420278757E-013  0.000000000000E+000  8.580443395072E-014  0.000000000000E+000  1.453856034051E-016  0.000000000000E+000  5.092550338582E-013  0.000000000000E+000
   1.022500000000E+002  1.438787588525E-016  0.000000000000E+000  0.000000000000E+000  4.585311628688E-014  0.000000000000E+000  5.517282077655E-013  0.000000000000E+000  8.493979336651E-014  0.000000000000E+000  1.438787588525E-016  0.000000000000E+000  5.041255787707E-013  0.000000000000E+000
   1.025000000000E+002  1.423896708722E-016  0.000000000000E+000  0.000000000000E+000  4.539212285058E-014  0.000000000000E+000  5.461848115309E-013  0.000000000000E+000  8.408600847705E-014  0.000000000000E+000  1.423896708722E-016  0.000000000000E+000  4.990603648830E-013  0.000000000000E+000
   1.027500000000E+002  1.409225873814E-016  0.000000000000E+000  0.000000000000E+000  4.493689979033E-014  0.000000000000E+000  5.407107477233E-013  0.000000000000E+000  8.324286691936E-014  0.000000000000E+000  1.409225873814E-016  0.000000000000E+000  4.940588109118E-013  0.000000000000E+000
   1.030000000000E+002  1.394708211544E-016  0.000000000000E+000  0.000000000000E+000  4.448735798616E-014  0.000000000000E+000  5.353049148968E-013  0.000000000000E+000  8.241029056851E-014  0.000000000000E+000  1.394708211544E-016  0.000000000000E+000  4.891194994810E-013  0.000000000000E+000
   1.032500000000E+002  1.380405790936E-016  0.000000000000E+000  0.000000000000E+000  4.404340337113E-014  0.000000000000E+000  5.299663398461E-013  0.000000000000E+000  8.158803789981E-014  0.000000000000E+000  1.380405790936E-016  0.000000000000E+000  4.842414741307E-013  0.000000000000E+000
   1.035000000000E+002  1.366258146819E-016  0.000000000000E+000  0.000000000000E+000  4.360496762035E-014  0.000000000000E+000  5.246939932576E-013  0.000000000000E+000  8.077603389960E-014  0.000000000000E+000  1.366258146819E-016  0.000000000000E+000  4.794240618881E-013  0.000000000000E+000
   1.037500000000E+002  1.352301487738E-016  0.000000000000E+000  0.000000000000E+000  4.317196751328E-014  0.000000000000E+000  5.194870092846E-013  0.000000000000E+000  7.997404218795E-014  0.000000000000E+000  1.352301487738E-016  0.000000000000E+000  4.746663264998E-013  0.000000000000E+000
   1.040000000000E+002  1.338529383524E-016  0.000000000000E+000  0.000000000000E+000  4.274431756635E-014  0.000000000000E+000  5.143442535976E-013  0.000000000000E+000  7.918200796789E-014  0.000000000000E+000  1.338529383524E-016  0.000000000000E+000  4.699674226428E-013  0.000000000000E+000
   1.042500000000E+002  1.324906570483E-016  0.000000000000E+000  0.000000000000E+000  4.232193858527E-014  0.000000000000E+000  5.092648481794E-013  0.000000000000E+000  7.839971223784E-014  0.000000000000E+000  1.324906570483E-016  0.000000000000E+000  4.653263150125E-013  0.000000000000E+000
   1.045000000000E+002  1.311470771387E-016  0.000000000000E+000  0.000000000000E+000  4.190474384931E-014  0.000000000000E+000  5.042479359926E-013  0.000000000000E+000  7.762700995760E-014  0.000000000000E+000  1.311470771387E-016  0.000000000000E+000  4.607422362995E-013  0.000000000000E+000
   1.047500000000E+002  1.298197029332E-016  0.000000000000E+000  0.000000000000E+000  4.149267817711E-014  0.000000000000E+000  4.992923887346E-013  0.000000000000E+000  7.686381433635E-014  0.000000000000E+000  1.298197029332E-016  0.000000000000E+000  4.562143073161E-013  0.000000000000E+000
   1.050000000000E+002  1.287055234644E-016  0.000000000000E+000  0.000000000000E+000  4.108632337570E-014  0.000000000000E+000  4.944011727054E-013  0.000000000000E+000  7.611157473174E-014  0.000000000000E+000  1.287055234644E-016  0.000000000000E+000  4.516748769175E-013  0.000000000000E+000
   1.052500000000E+002  1.272014965150E-016  0.000000000000E+000  0.000000000000E+000  4.068358241695E-014  0.000000000000E+000  4.895622626370E-013  0.000000000000E+000  7.536527149570E-014  0.000000000000E+000  1.272014965150E-016  0.000000000000E+000  4.473194781589E-013  0.000000000000E+000
   1.055000000000E+002  1.261286884951E-016  0.000000000000E+000  0.000000000000E+000  4.028708944037E-014  0.000000000000E+000  4.847895022483E-013  0.000000000000E+000  7.463122943368E-014  0.000000000000E+000  1.261286884951E-016  0.000000000000E+000  4.428936531072E-013  0.000000000000E+000
   1.057500000000E+002  1.246604478297E-016  0.000000000000E+000  0.000000000000E+000  3.989408058380E-014  0.000000000000E+000  4.800673337102E-013  0.000000000000E+000  7.390293382919E-014  0.000000000000E+000  1.246604478297E-016  0.000000000000E+000  4.386441585072E-013  0.000000000000E+000
   1.060000000000E+002  1.236164512279E-016  0.000000000000E+000  0.000000000000E+000  3.950716355145E-014  0.000000000000E+000  4.754097141991E-013  0.000000000000E+000  7.318659225761E-014  0.000000000000E+000  1.236164512279E-016  0.000000000000E+000  4.343247695504E-013  0.000000000000E+000
   1.062500000000E+002  1.221838918742E-016  0.000000000000E+000  0.000000000000E+000  3.912361669654E-014  0.000000000000E+000  4.708012197372E-013  0.000000000000E+000  7.247588387666E-014  0.000000000000E+000  1.221838918742E-016  0.000000000000E+000  4.301774400849E-013  0.000000000000E+000
   1.065000000000E+002  1.211639985525E-016  0.000000000000E+000  0.000000000000E+000  3.874599270830E-014  0.000000000000E+000  4.662552440926E-013  0.000000000000E+000  7.177672446750E-014  0.000000000000E+000  1.211639985525E-016  0.000000000000E+000  4.259614779874E-013  0.000000000000E+000
   1.067500000000E+002  1.199566136073E-016  0.000000000000E+000  0.000000000000E+000  3.837225493046E-014  0.000000000000E+000  4.617604066507E-013  0.000000000000E+000  7.108450039479E-014  0.000000000000E+000  1.199566136073E-016  0.000000000000E+000  4.218535253819E-013  0.000000000000E+000
   1.070000000000E+002  1.187683643206E-016  0.000000000000E+000  0.000000000000E+000  3.800302076932E-014  0.000000000000E+000  4.573194762777E-013  0.000000000000E+000  7.040056062198E-014  0.000000000000E+000  1.187683643206E-016  0.000000000000E+000  4.177964022106E-013  0.000000000000E+000
   1.072500000000E+002  1.175924937297E-016  0.000000000000E+000  0.000000000000E+000  3.763820164214E-014  0.000000000000E+000  4.529316750647E-013  0.000000000000E+000  6.972478880583E-014  0.000000000000E+000  1.175924937297E-016  0.000000000000E+000  4.137878725588E-013  0.000000000000E+000
   1.075000000000E+002  1.164339582167E-016  0.000000000000E+000  0.000000000000E+000  3.727774040038E-014  0.000000000000E+000  4.485962127531E-013  0.000000000000E+000  6.905714672348E-014  0.000000000000E+000  1.164339582167E-016  0.000000000000E+000  4.098272254583E-013  0.000000000000E+000
   1.077500000000E+002  1.152876540644E-016  0.000000000000E+000  0.000000000000E+000  3.692158203140E-014  0.000000000000E+000  4.443125298468E-013  0.000000000000E+000  6.839737161234E-014  0.000000000000E+000  1.152876540644E-016  0.000000000000E+000  4.059137868793E-013  0.000000000000E+000
   1.080000000000E+002  1.141558913978E-016  0.000000000000E+000  0.000000000000E+000  3.656965527556E-014  0.000000000000E+000  4.400796533123E-013  0.000000000000E+000  6.774549906495E-014  0.000000000000E+000  1.141558913978E-016  0.000000000000E+000  4.020468739665E-013  0.000000000000E+000
   1.082500000000E+002  1.130365669505E-016  0.000000000000E+000  0.000000000000E+000  3.622190004106E-014  0.000000000000E+000  4.358970936460E-013  0.000000000000E+000  6.710135865660E-014  0.000000000000E+000  1.130365669505E-016  0.000000000000E+000  3.982256042823E-013  0.000000000000E+000
   1.085000000000E+002  1.119329876058E-016  0.000000000000E+000  0.000000000000E+000  3.587827333871E-014  0.000000000000E+000  4.317639617799E-013  0.000000000000E+000  6.646485608385E-014  0.000000000000E+000  1.119329876058E-016  0.000000000000E+000  3.944497219553E-013  0.000000000000E+000
   1.087500000000E+002  1.108421234313E-016  0.000000000000E+000  0.000000000000E+000  3.553869351992E-014  0.000000000000E+000  4.276795910457E-013  0.000000000000E+000  6.583582478351E-014  0.000000000000E+000  1.108421234313E-016  0.000000000000E+000  3.907184713001E-013  0.000000000000E+000
   1.090000000000E+002  1.097629395966E-016  0.000000000000E+000  0.000000000000E+000  3.520311632916E-014  0.000000000000E+000  4.236432652407E-013  0.000000000000E+000  6.521425881575E-014  0.000000000000E+000  1.097629395966E-016  0.000000000000E+000  3.870310780590E-013  0.000000000000E+000
   1.092500000000E+002  1.086971832595E-016  0.000000000000E+000  0.000000000000E+000  3.487147561066E-014  0.000000000000E+000  4.196544025141E-013  0.000000000000E+000  6.459995226129E-014  0.000000000000E+000  1.086971832595E-016  0.000000000000E+000  3.833868171678E-013  0.000000000000E+000
   1.095000000000E+002  1.076452402837E-016  0.000000000000E+000  0.000000000000E+000  3.454373849681E-014  0.000000000000E+000  4.157122497519E-013  0.000000000000E+000  6.399285781767E-014  0.000000000000E+000  1.076452402837E-016  0.000000000000E+000  3.797853343226E-013  0.000000000000E+000
   1.097500000000E+002  1.066036583117E-016  0.000000000000E+000  0.000000000000E+000  3.421982692101E-014  0.000000000000E+000  4.118162398945E-013  0.000000000000E+000  6.339285765988E-014  0.000000000000E+000  1.066036583117E-016  0.000000000000E+000  3.762262565115E-013  0.000000000000E+000
   1.100000000000E+002  1.055766667945E-016  0.000000000000E+000  0.000000000000E+000  3.389969044571E-014  0.000000000000E+000  4.079657448865E-013  0.000000000000E+000  6.279986473705E-014  0.000000000000E+000  1.055766667945E-016  0.000000000000E+000  3.727084196927E-013  0.000000000000E+000
   1.102500000000E+002  1.045612398743E-016  0.000000000000E+000  0.000000000000E+000  3.358329619673E-014  0.000000000000E+000  4.041599838102E-013  0.000000000000E+000  6.221378931936E-014  0.000000000000E+000  1.045612398743E-016  0.000000000000E+000  3.692315587879E-013  0.000000000000E+000
   1.105000000000E+002  1.035572815088E-016  0.000000000000E+000  0.000000000000E+000  3.327056775373E-014  0.000000000000E+000  4.003983657226E-013  0.000000000000E+000  6.163450737248E-014  0.000000000000E+000  1.035572815088E-016  0.000000000000E+000  3.657952594292E-013  0.000000000000E+000
   1.107500000000E+002  1.025646965824E-016  0.000000000000E+000  0.000000000000E+000  3.296146038779E-014  0.000000000000E+000  3.966803982809E-013  0.000000000000E+000  6.106196037749E-014  0.000000000000E+000  1.025646965824E-016  0.000000000000E+000  3.623986123587E-013  0.000000000000E+000
   1.110000000000E+002  1.015848584422E-016  0.000000000000E+000  0.000000000000E+000  3.265593547666E-014  0.000000000000E+000  3.930054051335E-013  0.000000000000E+000  6.049602327861E-014  0.000000000000E+000  1.015848584422E-016  0.000000000000E+000  3.590412492569E-013  0.000000000000E+000
   1.112500000000E+002  1.006161911865E-016  0.000000000000E+000  0.000000000000E+000  3.235393861797E-014  0.000000000000E+000  3.893728109477E-013  0.000000000000E+000  5.993659915144E-014  0.000000000000E+000  1.006161911865E-016  0.000000000000E+000  3.557224334122E-013  0.000000000000E+000
   1.115000000000E+002  9.965996664108E-017  0.000000000000E+000  0.000000000000E+000  3.205541418976E-014  0.000000000000E+000  3.857820247869E-013  0.000000000000E+000  5.938364718662E-014  0.000000000000E+000  9.965996664108E-017  0.000000000000E+000  3.524419712956E-013  0.000000000000E+000
   1.117500000000E+002  9.871247633119E-017  0.000000000000E+000  0.000000000000E+000  3.176030991282E-014  0.000000000000E+000  3.822323685213E-013  0.000000000000E+000  5.883700607483E-014  0.000000000000E+000  9.871247633119E-017  0.000000000000E+000  3.491992070086E-013  0.000000000000E+000
   1.120000000000E+002  9.777820300122E-017  0.000000000000E+000  0.000000000000E+000  3.146859835044E-014  0.000000000000E+000  3.787234517905E-013  0.000000000000E+000  5.829667627211E-014  0.000000000000E+000  9.777820300122E-017  0.000000000000E+000  3.459937123596E-013  0.000000000000E+000
   1.122500000000E+002  9.685423853015E-017  0.000000000000E+000  0.000000000000E+000  3.118021812665E-014  0.000000000000E+000  3.752546098968E-013  0.000000000000E+000  5.776247313743E-014  0.000000000000E+000  9.685423853015E-017  0.000000000000E+000  3.428244277213E-013  0.000000000000E+000
   1.125000000000E+002  9.594010935218E-017  0.000000000000E+000  0.000000000000E+000  3.089512930481E-014  0.000000000000E+000  3.718253727864E-013  0.000000000000E+000  5.723439643698E-014  0.000000000000E+000  9.594010935218E-017  0.000000000000E+000  3.396916431765E-013  0.000000000000E+000
   1.127500000000E+002  9.503707552720E-017  0.000000000000E+000  0.000000000000E+000  3.061328558900E-014  0.000000000000E+000  3.684350160051E-013  0.000000000000E+000  5.671230493089E-014  0.000000000000E+000  9.503707552720E-017  0.000000000000E+000  3.365944722634E-013  0.000000000000E+000
   1.130000000000E+002  9.414636763666E-017  0.000000000000E+000  0.000000000000E+000  3.033463755745E-014  0.000000000000E+000  3.650832253316E-013  0.000000000000E+000  5.619614991806E-014  0.000000000000E+000  9.414636763666E-017  0.000000000000E+000  3.335322836400E-013  0.000000000000E+000
   1.132500000000E+002  9.326343494572E-017  0.000000000000E+000  0.000000000000E+000  3.005915021073E-014  0.000000000000E+000  3.617694702089E-013  0.000000000000E+000  5.568584034358E-014  0.000000000000E+000  9.326343494572E-017  0.000000000000E+000  3.305048678450E-013  0.000000000000E+000
   1.135000000000E+002  9.239085998997E-017  0.000000000000E+000  0.000000000000E+000  2.978677830100E-014  0.000000000000E+000  3.584930303712E-013  0.000000000000E+000  5.518131764284E-014  0.000000000000E+000  9.239085998997E-017  0.000000000000E+000  3.275117618569E-013  0.000000000000E+000
   1.137500000000E+002  9.153032936502E-017  0.000000000000E+000  0.000000000000E+000  2.951747788210E-014  0.000000000000E+000  3.552536221365E-013  0.000000000000E+000  5.468249466625E-014  0.000000000000E+000  9.153032936502E-017  0.000000000000E+000  3.245522592460E-013  0.000000000000E+000
   1.140000000000E+002  9.067735658549E-017  0.000000000000E+000  0.000000000000E+000  2.925120254791E-014  0.000000000000E+000  3.520506061561E-013  0.000000000000E+000  5.418923297412E-014  0.000000000000E+000  9.067735658549E-017  0.000000000000E+000  3.216259960914E-013  0.000000000000E+000
   1.142500000000E+002  8.983495023629E-017  0.000000000000E+000  0.000000000000E+000  2.898792681277E-014  0.000000000000E+000  3.488835914261E-013  0.000000000000E+000  5.370157916127E-014  0.000000000000E+000  8.983495023629E-017  0.000000000000E+000  3.187327934007E-013  0.000000000000E+000
   1.145000000000E+002  8.900209899624E-017  0.000000000000E+000  0.000000000000E+000  2.872759690146E-014  0.000000000000E+000  3.457519954844E-013  0.000000000000E+000  5.321933208567E-014  0.000000000000E+000  8.900209899624E-017  0.000000000000E+000  3.158718716061E-013  0.000000000000E+000
   1.147500000000E+002  8.817880777496E-017  0.000000000000E+000  0.000000000000E+000  2.847017399107E-014  0.000000000000E+000  3.426554219740E-013  0.000000000000E+000  5.274249963966E-014  0.000000000000E+000  8.817880777496E-017  0.000000000000E+000  3.130429703197E-013  0.000000000000E+000
   1.150000000000E+002  8.736491378965E-017  0.000000000000E+000  0.000000000000E+000  2.821563030728E-014  0.000000000000E+000  3.395934047269E-013  0.000000000000E+000  5.227097459146E-014  0.000000000000E+000  8.736491378965E-017  0.000000000000E+000  3.102455580065E-013  0.000000000000E+000
   1.152500000000E+002  8.656087565791E-017  0.000000000000E+000  0.000000000000E+000  2.796391582831E-014  0.000000000000E+000  3.365654678386E-013  0.000000000000E+000  5.180472626738E-014  0.000000000000E+000  8.656087565791E-017  0.000000000000E+000  3.074792831138E-013  0.000000000000E+000
   1.155000000000E+002  8.576435770145E-017  0.000000000000E+000  0.000000000000E+000  2.771499502173E-014  0.000000000000E+000  3.335710927451E-013  0.000000000000E+000  5.134364922601E-014  0.000000000000E+000  8.576435770145E-017  0.000000000000E+000  3.047436983019E-013  0.000000000000E+000
   1.157500000000E+002  8.497917496179E-017  0.000000000000E+000  0.000000000000E+000  2.746883163638E-014  0.000000000000E+000  3.306098388517E-013  0.000000000000E+000  5.088763891777E-014  0.000000000000E+000  8.497917496179E-017  0.000000000000E+000  3.020385042489E-013  0.000000000000E+000
   1.160000000000E+002  8.419930467375E-017  0.000000000000E+000  0.000000000000E+000  2.722539006644E-014  0.000000000000E+000  3.276813908910E-013  0.000000000000E+000  5.043671791695E-014  0.000000000000E+000  8.419930467375E-017  0.000000000000E+000  2.993631358004E-013  0.000000000000E+000
   1.162500000000E+002  8.343105780316E-017  0.000000000000E+000  0.000000000000E+000  2.698464064201E-014  0.000000000000E+000  3.247852266743E-013  0.000000000000E+000  4.999075678060E-014  0.000000000000E+000  8.343105780316E-017  0.000000000000E+000  2.967171807400E-013  0.000000000000E+000
   1.165000000000E+002  8.267139005393E-017  0.000000000000E+000  0.000000000000E+000  2.674654164888E-014  0.000000000000E+000  3.219209157500E-013  0.000000000000E+000  4.954970419529E-014  0.000000000000E+000  8.267139005393E-017  0.000000000000E+000  2.941005356210E-013  0.000000000000E+000
   1.167500000000E+002  8.191891360042E-017  0.000000000000E+000  0.000000000000E+000  2.651104643381E-014  0.000000000000E+000  3.190880984720E-013  0.000000000000E+000  4.911349702103E-014  0.000000000000E+000  8.191891360042E-017  0.000000000000E+000  2.915124139768E-013  0.000000000000E+000
   1.170000000000E+002  8.117612590933E-017  0.000000000000E+000  0.000000000000E+000  2.627813986828E-014  0.000000000000E+000  3.162862837102E-013  0.000000000000E+000  4.868207112215E-014  0.000000000000E+000  8.117612590933E-017  0.000000000000E+000  2.889528012790E-013  0.000000000000E+000
   1.172500000000E+002  8.044004744505E-017  0.000000000000E+000  0.000000000000E+000  2.604777882304E-014  0.000000000000E+000  3.135150581629E-013  0.000000000000E+000  4.825535310628E-014  0.000000000000E+000  8.044004744505E-017  0.000000000000E+000  2.864211230929E-013  0.000000000000E+000
   1.175000000000E+002  7.971307860077E-017  0.000000000000E+000  0.000000000000E+000  2.581993996057E-014  0.000000000000E+000  3.107741360412E-013  0.000000000000E+000  4.783330423303E-014  0.000000000000E+000  7.971307860077E-017  0.000000000000E+000  2.839170884864E-013  0.000000000000E+000
   1.177500000000E+002  7.899435399457E-017  0.000000000000E+000  0.000000000000E+000  2.559457427721E-014  0.000000000000E+000  3.080630434577E-013  0.000000000000E+000  4.741585194905E-014  0.000000000000E+000  7.899435399457E-017  0.000000000000E+000  2.814403610378E-013  0.000000000000E+000
   1.180000000000E+002  7.828259658351E-017  0.000000000000E+000  0.000000000000E+000  2.537165516878E-014  0.000000000000E+000  3.053814208047E-013  0.000000000000E+000  4.700293677853E-014  0.000000000000E+000  7.828259658351E-017  0.000000000000E+000  2.789905097416E-013  0.000000000000E+000
   1.182500000000E+002  7.758009041699E-017  0.000000000000E+000  0.000000000000E+000  2.515116505903E-014  0.000000000000E+000  3.027288043836E-013  0.000000000000E+000  4.659450821858E-014  0.000000000000E+000  7.758009041699E-017  0.000000000000E+000  2.765670339200E-013  0.000000000000E+000
   1.185000000000E+002  7.688400252117E-017  0.000000000000E+000  0.000000000000E+000  2.493304699046E-014  0.000000000000E+000  3.001048616080E-013  0.000000000000E+000  4.619044933265E-014  0.000000000000E+000  7.688400252117E-017  0.000000000000E+000  2.741700261923E-013  0.000000000000E+000
   1.187500000000E+002  7.619675803830E-017  0.000000000000E+000  0.000000000000E+000  2.471728932369E-014  0.000000000000E+000  2.975093061105E-013  0.000000000000E+000  4.579080919132E-014  0.000000000000E+000  7.619675803830E-017  0.000000000000E+000  2.717986844999E-013  0.000000000000E+000
   1.190000000000E+002  7.551574431890E-017  0.000000000000E+000  0.000000000000E+000  2.450385912088E-014  0.000000000000E+000  2.949417277070E-013  0.000000000000E+000  4.539543431736E-014  0.000000000000E+000  7.551574431890E-017  0.000000000000E+000  2.694530133307E-013  0.000000000000E+000
   1.192500000000E+002  7.484344323176E-017  0.000000000000E+000  0.000000000000E+000  2.429271911639E-014  0.000000000000E+000  2.924016006795E-013  0.000000000000E+000  4.500436229381E-014  0.000000000000E+000  7.484344323176E-017  0.000000000000E+000  2.671325268637E-013  0.000000000000E+000
   1.195000000000E+002  7.417768513690E-017  0.000000000000E+000  0.000000000000E+000  2.408385006124E-014  0.000000000000E+000  2.898888137988E-013  0.000000000000E+000  4.461744169226E-014  0.000000000000E+000  7.417768513690E-017  0.000000000000E+000  2.648368787618E-013  0.000000000000E+000
   1.197500000000E+002  7.351884031992E-017  0.000000000000E+000  0.000000000000E+000  2.387720956688E-014  0.000000000000E+000  2.874029285778E-013  0.000000000000E+000  4.423464062901E-014  0.000000000000E+000  7.351884031992E-017  0.000000000000E+000  2.625659181511E-013  0.000000000000E+000
   1.200000000000E+002  7.286768329778E-017  0.000000000000E+000  0.000000000000E+000  2.367277755421E-014  0.000000000000E+000  2.849435730772E-013  0.000000000000E+000  4.385598575581E-014  0.000000000000E+000  7.286768329778E-017  0.000000000000E+000  2.603189902300E-013  0.000000000000E+000
   1.202500000000E+002  7.222456451044E-017  0.000000000000E+000  0.000000000000E+000  2.347053181237E-014  0.000000000000E+000  2.825104218388E-013  0.000000000000E+000  4.348133981456E-014  0.000000000000E+000  7.222456451044E-017  0.000000000000E+000  2.580961008489E-013  0.000000000000E+000
   1.205000000000E+002  7.158620202763E-017  0.000000000000E+000  0.000000000000E+000  2.327042845587E-014  0.000000000000E+000  2.801031311880E-013  0.000000000000E+000  4.311069470064E-014  0.000000000000E+000  7.158620202763E-017  0.000000000000E+000  2.558968663138E-013  0.000000000000E+000
   1.207500000000E+002  7.095651530326E-017  0.000000000000E+000  0.000000000000E+000  2.307245856154E-014  0.000000000000E+000  2.777213619385E-013  0.000000000000E+000  4.274396350440E-014  0.000000000000E+000  7.095651530326E-017  0.000000000000E+000  2.537210736249E-013  0.000000000000E+000
   1.210000000000E+002  7.033386718403E-017  0.000000000000E+000  0.000000000000E+000  2.287657933648E-014  0.000000000000E+000  2.753648762593E-013  0.000000000000E+000  4.238112589606E-014  0.000000000000E+000  7.033386718403E-017  0.000000000000E+000  2.515681988941E-013  0.000000000000E+000
   1.212500000000E+002  6.971632477007E-017  0.000000000000E+000  0.000000000000E+000  2.268276671001E-014  0.000000000000E+000  2.730332602648E-013  0.000000000000E+000  4.202211878453E-014  0.000000000000E+000  6.971632477007E-017  0.000000000000E+000  2.494380675893E-013  0.000000000000E+000
   1.215000000000E+002  6.910646088820E-017  0.000000000000E+000  0.000000000000E+000  2.249100686132E-014  0.000000000000E+000  2.707262060141E-013  0.000000000000E+000  4.166692390732E-014  0.000000000000E+000  6.910646088820E-017  0.000000000000E+000  2.473304351750E-013  0.000000000000E+000
   1.217500000000E+002  6.850267520027E-017  0.000000000000E+000  0.000000000000E+000  2.230126225564E-014  0.000000000000E+000  2.684434256431E-013  0.000000000000E+000  4.131544454880E-014  0.000000000000E+000  6.850267520027E-017  0.000000000000E+000  2.452449672610E-013  0.000000000000E+000
   1.220000000000E+002  6.790506977417E-017  0.000000000000E+000  0.000000000000E+000  2.211350451688E-014  0.000000000000E+000  2.661846767160E-013  0.000000000000E+000  4.096764003334E-014  0.000000000000E+000  6.790506977417E-017  0.000000000000E+000  2.431812715144E-013  0.000000000000E+000
   1.222500000000E+002  6.731490021234E-017  0.000000000000E+000  0.000000000000E+000  2.192772727726E-014  0.000000000000E+000  2.639495010834E-013  0.000000000000E+000  4.062350593204E-014  0.000000000000E+000  6.731490021234E-017  0.000000000000E+000  2.411393846453E-013  0.000000000000E+000
   1.225000000000E+002  6.673113198637E-017  0.000000000000E+000  0.000000000000E+000  2.174388652026E-014  0.000000000000E+000  2.617377999597E-013  0.000000000000E+000  4.028295847603E-014  0.000000000000E+000  6.673113198637E-017  0.000000000000E+000  2.391187970194E-013  0.000000000000E+000
   1.227500000000E+002  6.615292247275E-017  0.000000000000E+000  0.000000000000E+000  2.156196311211E-014  0.000000000000E+000  2.595490611870E-013  0.000000000000E+000  3.994599236932E-014  0.000000000000E+000  6.615292247275E-017  0.000000000000E+000  2.371191829356E-013  0.000000000000E+000
   1.230000000000E+002  6.558055463246E-017  0.000000000000E+000  0.000000000000E+000  2.138193870245E-014  0.000000000000E+000  2.573831737232E-013  0.000000000000E+000  3.961250309227E-014  0.000000000000E+000  6.558055463246E-017  0.000000000000E+000  2.351405579851E-013  0.000000000000E+000
   1.232500000000E+002  6.501405688028E-017  0.000000000000E+000  0.000000000000E+000  2.120377870484E-014  0.000000000000E+000  2.552398263298E-013  0.000000000000E+000  3.928250814940E-014  0.000000000000E+000  6.501405688028E-017  0.000000000000E+000  2.331825443747E-013  0.000000000000E+000
   1.235000000000E+002  6.445370464454E-017  0.000000000000E+000  0.000000000000E+000  2.102747287804E-014  0.000000000000E+000  2.531187357957E-013  0.000000000000E+000  3.895591508252E-014  0.000000000000E+000  6.445370464454E-017  0.000000000000E+000  2.312446657783E-013  0.000000000000E+000
   1.237500000000E+002  6.390022465755E-017  0.000000000000E+000  0.000000000000E+000  2.085299396407E-014  0.000000000000E+000  2.510194867894E-013  0.000000000000E+000  3.863272146797E-014  0.000000000000E+000  6.390022465755E-017  0.000000000000E+000  2.293269133661E-013  0.000000000000E+000
   1.240000000000E+002  6.335092412693E-017  0.000000000000E+000  0.000000000000E+000  2.068031852107E-014  0.000000000000E+000  2.489420105292E-013  0.000000000000E+000  3.831285789078E-014  0.000000000000E+000  6.335092412693E-017  0.000000000000E+000  2.274288262274E-013  0.000000000000E+000
   1.242500000000E+002  6.280917571752E-017  0.000000000000E+000  0.000000000000E+000  2.050941479152E-014  0.000000000000E+000  2.468858776331E-013  0.000000000000E+000  3.799628739193E-014  0.000000000000E+000  6.280917571752E-017  0.000000000000E+000  2.255505587937E-013  0.000000000000E+000
   1.245000000000E+002  6.227229596861E-017  0.000000000000E+000  0.000000000000E+000  2.034028218450E-014  0.000000000000E+000  2.448510060951E-013  0.000000000000E+000  3.768296470047E-014  0.000000000000E+000  6.227229596861E-017  0.000000000000E+000  2.236914948585E-013  0.000000000000E+000
   1.247500000000E+002  6.174025592433E-017  0.000000000000E+000  0.000000000000E+000  2.017287802056E-014  0.000000000000E+000  2.428369339235E-013  0.000000000000E+000  3.737288643729E-014  0.000000000000E+000  6.174025592433E-017  0.000000000000E+000  2.218515134011E-013  0.000000000000E+000
   1.250000000000E+002  6.121478129756E-017  0.000000000000E+000  0.000000000000E+000  2.000719383687E-014  0.000000000000E+000  2.408434711102E-013  0.000000000000E+000  3.706597613392E-014  0.000000000000E+000  6.121478129756E-017  0.000000000000E+000  2.200302683447E-013  0.000000000000E+000
   1.252500000000E+002  6.069489076793E-017  0.000000000000E+000  0.000000000000E+000  1.984319856443E-014  0.000000000000E+000  2.388704660877E-013  0.000000000000E+000  3.676219885201E-014  0.000000000000E+000  6.069489076793E-017  0.000000000000E+000  2.182278047047E-013  0.000000000000E+000
   1.255000000000E+002  6.018071191022E-017  0.000000000000E+000  0.000000000000E+000  1.968087945061E-014  0.000000000000E+000  2.369175416512E-013  0.000000000000E+000  3.646153141984E-014  0.000000000000E+000  6.018071191022E-017  0.000000000000E+000  2.164436185796E-013  0.000000000000E+000
   1.257500000000E+002  5.966984524901E-017  0.000000000000E+000  0.000000000000E+000  1.952021723913E-014  0.000000000000E+000  2.349845310278E-013  0.000000000000E+000  3.616392857226E-014  0.000000000000E+000  5.966984524901E-017  0.000000000000E+000  2.146776213886E-013  0.000000000000E+000
   1.260000000000E+002  5.916611614572E-017  0.000000000000E+000  0.000000000000E+000  1.936118278725E-014  0.000000000000E+000  2.330711427953E-013  0.000000000000E+000  3.586933858144E-014  0.000000000000E+000  5.916611614572E-017  0.000000000000E+000  2.129295682485E-013  0.000000000000E+000
   1.262500000000E+002  5.866624744714E-017  0.000000000000E+000  0.000000000000E+000  1.920376532376E-014  0.000000000000E+000  2.311771194824E-013  0.000000000000E+000  3.557772634631E-014  0.000000000000E+000  5.866624744714E-017  0.000000000000E+000  2.111992212257E-013  0.000000000000E+000
   1.265000000000E+002  5.817311393896E-017  0.000000000000E+000  0.000000000000E+000  1.904793503013E-014  0.000000000000E+000  2.293023398138E-013  0.000000000000E+000  3.528907142305E-014  0.000000000000E+000  5.817311393896E-017  0.000000000000E+000  2.094864590538E-013  0.000000000000E+000
   1.267500000000E+002  5.768384006839E-017  0.000000000000E+000  0.000000000000E+000  1.889369000302E-014  0.000000000000E+000  2.274464799588E-013  0.000000000000E+000  3.500337254510E-014  0.000000000000E+000  5.768384006839E-017  0.000000000000E+000  2.077910715271E-013  0.000000000000E+000
   1.270000000000E+002  5.720114092913E-017  0.000000000000E+000  0.000000000000E+000  1.874099584915E-014  0.000000000000E+000  2.256092721527E-013  0.000000000000E+000  3.472052420660E-014  0.000000000000E+000  5.720114092913E-017  0.000000000000E+000  2.061126286576E-013  0.000000000000E+000
   1.272500000000E+002  5.672186654752E-017  0.000000000000E+000  0.000000000000E+000  1.858983060498E-014  0.000000000000E+000  2.237906535713E-013  0.000000000000E+000  3.444051738597E-014  0.000000000000E+000  5.672186654752E-017  0.000000000000E+000  2.044511768868E-013  0.000000000000E+000
   1.275000000000E+002  5.624775530365E-017  0.000000000000E+000  0.000000000000E+000  1.844019275298E-014  0.000000000000E+000  2.219902205767E-013  0.000000000000E+000  3.416331986659E-014  0.000000000000E+000  5.624775530365E-017  0.000000000000E+000  2.028062193841E-013  0.000000000000E+000
   1.277500000000E+002  5.577870096347E-017  0.000000000000E+000  0.000000000000E+000  1.829205611330E-014  0.000000000000E+000  2.202077854285E-013  0.000000000000E+000  3.388889158034E-014  0.000000000000E+000  5.577870096347E-017  0.000000000000E+000  2.011779729292E-013  0.000000000000E+000
   1.280000000000E+002  5.531364796464E-017  0.000000000000E+000  0.000000000000E+000  1.814539325443E-014  0.000000000000E+000  2.184432742313E-013  0.000000000000E+000  3.361725344546E-014  0.000000000000E+000  5.531364796464E-017  0.000000000000E+000  1.995657706645E-013  0.000000000000E+000
   1.282500000000E+002  5.485436727841E-017  0.000000000000E+000  0.000000000000E+000  1.800020095771E-014  0.000000000000E+000  2.166962859814E-013  0.000000000000E+000  3.334829201125E-014  0.000000000000E+000  5.485436727841E-017  0.000000000000E+000  1.979698743289E-013  0.000000000000E+000
   1.285000000000E+002  5.439931543095E-017  0.000000000000E+000  0.000000000000E+000  1.785645419497E-014  0.000000000000E+000  2.149667694986E-013  0.000000000000E+000  3.308202042011E-014  0.000000000000E+000  5.439931543095E-017  0.000000000000E+000  1.963898695656E-013  0.000000000000E+000
   1.287500000000E+002  5.394894843109E-017  0.000000000000E+000  0.000000000000E+000  1.771413540350E-014  0.000000000000E+000  2.132543822481E-013  0.000000000000E+000  3.281841781749E-014  0.000000000000E+000  5.394894843109E-017  0.000000000000E+000  1.948253984338E-013  0.000000000000E+000
   1.290000000000E+002  5.350310106638E-017  0.000000000000E+000  0.000000000000E+000  1.757323278460E-014  0.000000000000E+000  2.115590234292E-013  0.000000000000E+000  3.255739529534E-014  0.000000000000E+000  5.350310106638E-017  0.000000000000E+000  1.932764793453E-013  0.000000000000E+000
   1.292500000000E+002  5.306216006511E-017  0.000000000000E+000  0.000000000000E+000  1.743372086031E-014  0.000000000000E+000  2.098804818266E-013  0.000000000000E+000  3.229897467463E-014  0.000000000000E+000  5.306216006511E-017  0.000000000000E+000  1.917430788545E-013  0.000000000000E+000
   1.295000000000E+002  5.262503096064E-017  0.000000000000E+000  0.000000000000E+000  1.729559233539E-014  0.000000000000E+000  2.082185116454E-013  0.000000000000E+000  3.204309579592E-014  0.000000000000E+000  5.262503096064E-017  0.000000000000E+000  1.902246735319E-013  0.000000000000E+000
   1.297500000000E+002  5.219238915188E-017  0.000000000000E+000  0.000000000000E+000  1.715882610935E-014  0.000000000000E+000  2.065728944839E-013  0.000000000000E+000  3.178976267793E-014  0.000000000000E+000  5.219238915188E-017  0.000000000000E+000  1.887213699371E-013  0.000000000000E+000
   1.300000000000E+002  5.176455195699E-017  0.000000000000E+000  0.000000000000E+000  1.702340698528E-014  0.000000000000E+000  2.049435109840E-013  0.000000000000E+000  3.153891577539E-014  0.000000000000E+000  5.176455195699E-017  0.000000000000E+000  1.872326862738E-013  0.000000000000E+000
   1.302500000000E+002  5.134008947008E-017  0.000000000000E+000  0.000000000000E+000  1.688931959411E-014  0.000000000000E+000  2.033301434213E-013  0.000000000000E+000  3.129053765010E-014  0.000000000000E+000  5.134008947008E-017  0.000000000000E+000  1.857586882937E-013  0.000000000000E+000
   1.305000000000E+002  5.092134417156E-017  0.000000000000E+000  0.000000000000E+000  1.675654297276E-014  0.000000000000E+000  2.017325392580E-013  0.000000000000E+000  3.104458191276E-014  0.000000000000E+000  5.092134417156E-017  0.000000000000E+000  1.842993060717E-013  0.000000000000E+000
   1.307500000000E+002  5.050597764898E-017  0.000000000000E+000  0.000000000000E+000  1.662506437753E-014  0.000000000000E+000  2.001506054886E-013  0.000000000000E+000  3.080105052905E-014  0.000000000000E+000  5.050597764898E-017  0.000000000000E+000  1.828540393449E-013  0.000000000000E+000
   1.310000000000E+002  5.009425108865E-017  0.000000000000E+000  0.000000000000E+000  1.649487991093E-014  0.000000000000E+000  1.985841626234E-013  0.000000000000E+000  3.055988706030E-014  0.000000000000E+000  5.009425108865E-017  0.000000000000E+000  1.814229902278E-013  0.000000000000E+000
   1.312500000000E+002  4.968648047616E-017  0.000000000000E+000  0.000000000000E+000  1.636595807690E-014  0.000000000000E+000  1.970329465943E-013  0.000000000000E+000  3.032109519705E-014  0.000000000000E+000  4.968648047616E-017  0.000000000000E+000  1.800056991841E-013  0.000000000000E+000
   1.315000000000E+002  4.928360132374E-017  0.000000000000E+000  0.000000000000E+000  1.623829165963E-014  0.000000000000E+000  1.954968358388E-013  0.000000000000E+000  3.008459891496E-014  0.000000000000E+000  4.928360132374E-017  0.000000000000E+000  1.786024201840E-013  0.000000000000E+000
   1.317500000000E+002  4.888529583603E-017  0.000000000000E+000  0.000000000000E+000  1.611187006416E-014  0.000000000000E+000  1.939756741994E-013  0.000000000000E+000  2.985041172416E-014  0.000000000000E+000  4.888529583603E-017  0.000000000000E+000  1.772127127601E-013  0.000000000000E+000
   1.320000000000E+002  4.848989771367E-017  0.000000000000E+000  0.000000000000E+000  1.598667043932E-014  0.000000000000E+000  1.924692004540E-013  0.000000000000E+000  2.961848793393E-014  0.000000000000E+000  4.848989771367E-017  0.000000000000E+000  1.758363177990E-013  0.000000000000E+000
   1.322500000000E+002  4.809772908513E-017  0.000000000000E+000  0.000000000000E+000  1.586268486224E-014  0.000000000000E+000  1.909773508877E-013  0.000000000000E+000  2.938883189954E-014  0.000000000000E+000  4.809772908513E-017  0.000000000000E+000  1.744734142590E-013  0.000000000000E+000
   1.325000000000E+002  4.771127022690E-017  0.000000000000E+000  0.000000000000E+000  1.573989733478E-014  0.000000000000E+000  1.894998680490E-013  0.000000000000E+000  2.916137861569E-014  0.000000000000E+000  4.771127022690E-017  0.000000000000E+000  1.731236776227E-013  0.000000000000E+000
   1.327500000000E+002  4.732637023398E-017  0.000000000000E+000  0.000000000000E+000  1.561828517121E-014  0.000000000000E+000  1.880366410527E-013  0.000000000000E+000  2.893611403793E-014  0.000000000000E+000  4.732637023398E-017  0.000000000000E+000  1.717867465944E-013  0.000000000000E+000
   1.330000000000E+002  4.694711347803E-017  0.000000000000E+000  0.000000000000E+000  1.549785437355E-014  0.000000000000E+000  1.865875007463E-013  0.000000000000E+000  2.871303223343E-014  0.000000000000E+000  4.694711347803E-017  0.000000000000E+000  1.704629153168E-013  0.000000000000E+000
   1.332500000000E+002  4.657131280397E-017  0.000000000000E+000  0.000000000000E+000  1.537857591699E-014  0.000000000000E+000  1.851522165788E-013  0.000000000000E+000  2.849208914746E-014  0.000000000000E+000  4.657131280397E-017  0.000000000000E+000  1.691515974623E-013  0.000000000000E+000
   1.335000000000E+002  4.619795160615E-017  0.000000000000E+000  0.000000000000E+000  1.526043963920E-014  0.000000000000E+000  1.837307595353E-013  0.000000000000E+000  2.827324147096E-014  0.000000000000E+000  4.619795160615E-017  0.000000000000E+000  1.678530063416E-013  0.000000000000E+000
   1.337500000000E+002  4.582920297082E-017  0.000000000000E+000  0.000000000000E+000  1.514343404816E-014  0.000000000000E+000  1.823228074000E-013  0.000000000000E+000  2.805649418897E-014  0.000000000000E+000  4.582920297082E-017  0.000000000000E+000  1.665667552277E-013  0.000000000000E+000
   1.340000000000E+002  4.546416424251E-017  0.000000000000E+000  0.000000000000E+000  1.502754084409E-014  0.000000000000E+000  1.809283924686E-013  0.000000000000E+000  2.784183276693E-014  0.000000000000E+000  4.546416424251E-017  0.000000000000E+000  1.652929040878E-013  0.000000000000E+000
   1.342500000000E+002  4.510269226715E-017  0.000000000000E+000  0.000000000000E+000  1.491276185947E-014  0.000000000000E+000  1.795471970442E-013  0.000000000000E+000  2.762921431660E-014  0.000000000000E+000  4.510269226715E-017  0.000000000000E+000  1.640309990264E-013  0.000000000000E+000
   1.345000000000E+002  4.474363718948E-017  0.000000000000E+000  0.000000000000E+000  1.479906781512E-014  0.000000000000E+000  1.781791790051E-013  0.000000000000E+000  2.741860705562E-014  0.000000000000E+000  4.474363718948E-017  0.000000000000E+000  1.627811744740E-013  0.000000000000E+000
   1.347500000000E+002  4.438907768402E-017  0.000000000000E+000  0.000000000000E+000  1.468645731494E-014  0.000000000000E+000  1.768241174758E-013  0.000000000000E+000  2.721001490227E-014  0.000000000000E+000  4.438907768402E-017  0.000000000000E+000  1.615432039916E-013  0.000000000000E+000
   1.350000000000E+002  4.403715916029E-017  0.000000000000E+000  0.000000000000E+000  1.457490956500E-014  0.000000000000E+000  1.754818598480E-013  0.000000000000E+000  2.700338730544E-014  0.000000000000E+000  4.403715916029E-017  0.000000000000E+000  1.603169278636E-013  0.000000000000E+000
   1.352500000000E+002  4.368909260681E-017  0.000000000000E+000  0.000000000000E+000  1.446442580960E-014  0.000000000000E+000  1.741523826431E-013  0.000000000000E+000  2.679871197230E-014  0.000000000000E+000  4.368909260681E-017  0.000000000000E+000  1.591023445616E-013  0.000000000000E+000
   1.355000000000E+002  4.334511080049E-017  0.000000000000E+000  0.000000000000E+000  1.435497487844E-014  0.000000000000E+000  1.728353925857E-013  0.000000000000E+000  2.659599202585E-014  0.000000000000E+000  4.334511080049E-017  0.000000000000E+000  1.578991473130E-013  0.000000000000E+000
   1.357500000000E+002  4.300402402742E-017  0.000000000000E+000  0.000000000000E+000  1.424655869348E-014  0.000000000000E+000  1.715308656272E-013  0.000000000000E+000  2.639515132252E-014  0.000000000000E+000  4.300402402742E-017  0.000000000000E+000  1.567073047843E-013  0.000000000000E+000
   1.360000000000E+002  4.266607402916E-017  0.000000000000E+000  0.000000000000E+000  1.413916272908E-014  0.000000000000E+000  1.702385124987E-013  0.000000000000E+000  2.619623209224E-014  0.000000000000E+000  4.266607402916E-017  0.000000000000E+000  1.555267256472E-013  0.000000000000E+000
   1.362500000000E+002  4.233040475628E-017  0.000000000000E+000  0.000000000000E+000  1.403278111751E-014  0.000000000000E+000  1.689583777802E-013  0.000000000000E+000  2.599913894386E-014  0.000000000000E+000  4.233040475628E-017  0.000000000000E+000  1.543571232427E-013  0.000000000000E+000
   1.365000000000E+002  4.199872249818E-017  0.000000000000E+000  0.000000000000E+000  1.392739108311E-014  0.000000000000E+000  1.676901887697E-013  0.000000000000E+000  2.580391432845E-014  0.000000000000E+000  4.199872249818E-017  0.000000000000E+000  1.531984935071E-013  0.000000000000E+000
   1.367500000000E+002  4.167099588072E-017  0.000000000000E+000  0.000000000000E+000  1.382298321608E-014  0.000000000000E+000  1.664338485846E-013  0.000000000000E+000  2.561052699547E-014  0.000000000000E+000  4.167099588072E-017  0.000000000000E+000  1.520508383652E-013  0.000000000000E+000
   1.370000000000E+002  4.134580262017E-017  0.000000000000E+000  0.000000000000E+000  1.371956004802E-014  0.000000000000E+000  1.651892801303E-013  0.000000000000E+000  2.541892976982E-014  0.000000000000E+000  4.134580262017E-017  0.000000000000E+000  1.509136855817E-013  0.000000000000E+000
   1.372500000000E+002  4.102332585659E-017  0.000000000000E+000  0.000000000000E+000  1.361709101658E-014  0.000000000000E+000  1.639562467731E-013  0.000000000000E+000  2.522914525013E-014  0.000000000000E+000  4.102332585659E-017  0.000000000000E+000  1.497872789034E-013  0.000000000000E+000
   1.375000000000E+002  4.070360546062E-017  0.000000000000E+000  0.000000000000E+000  1.351557940044E-014  0.000000000000E+000  1.627347170270E-013  0.000000000000E+000  2.504110832758E-014  0.000000000000E+000  4.070360546062E-017  0.000000000000E+000  1.486713083213E-013  0.000000000000E+000
   1.377500000000E+002  4.038774576155E-017  0.000000000000E+000  0.000000000000E+000  1.341501085792E-014  0.000000000000E+000  1.615245839752E-013  0.000000000000E+000  2.485481603328E-014  0.000000000000E+000  4.038774576155E-017  0.000000000000E+000  1.475656598386E-013  0.000000000000E+000
   1.380000000000E+002  4.007429022582E-017  0.000000000000E+000  0.000000000000E+000  1.331537438257E-014  0.000000000000E+000  1.603255564205E-013  0.000000000000E+000  2.467024805411E-014  0.000000000000E+000  4.007429022582E-017  0.000000000000E+000  1.464703016024E-013  0.000000000000E+000
   1.382500000000E+002  4.047437937420E-017  0.000000000000E+000  0.000000000000E+000  1.321665226024E-014  0.000000000000E+000  1.590788096703E-013  0.000000000000E+000  2.448738439936E-014  0.000000000000E+000  4.047437937420E-017  0.000000000000E+000  1.452862509690E-013  0.000000000000E+000
   1.385000000000E+002  4.014480367074E-017  0.000000000000E+000  0.000000000000E+000  1.311884527251E-014  0.000000000000E+000  1.579020164773E-013  0.000000000000E+000  2.430620407813E-014  0.000000000000E+000  4.014480367074E-017  0.000000000000E+000  1.442105041852E-013  0.000000000000E+000
   1.387500000000E+002  3.981947417411E-017  0.000000000000E+000  0.000000000000E+000  1.302194662883E-014  0.000000000000E+000  1.567361206608E-013  0.000000000000E+000  2.412670550866E-014  0.000000000000E+000  3.981947417411E-017  0.000000000000E+000  1.431445955711E-013  0.000000000000E+000
   1.390000000000E+002  3.949638354018E-017  0.000000000000E+000  0.000000000000E+000  1.292593187436E-014  0.000000000000E+000  1.555809784615E-013  0.000000000000E+000  2.394885952353E-014  0.000000000000E+000  3.949638354018E-017  0.000000000000E+000  1.420886143644E-013  0.000000000000E+000
   1.392500000000E+002  3.917717944266E-017  0.000000000000E+000  0.000000000000E+000  1.283080794446E-014  0.000000000000E+000  1.544363913798E-013  0.000000000000E+000  2.377263835553E-014  0.000000000000E+000  3.917717944266E-017  0.000000000000E+000  1.410423101777E-013  0.000000000000E+000
   1.395000000000E+002  3.885951856853E-017  0.000000000000E+000  0.000000000000E+000  1.273654707766E-014  0.000000000000E+000  1.533022767490E-013  0.000000000000E+000  2.359803125078E-014  0.000000000000E+000  3.885951856853E-017  0.000000000000E+000  1.400055157523E-013  0.000000000000E+000
   1.397500000000E+002  3.854550877240E-017  0.000000000000E+000  0.000000000000E+000  1.264315355225E-014  0.000000000000E+000  1.521785816154E-013  0.000000000000E+000  2.342504427005E-014  0.000000000000E+000  3.854550877240E-017  0.000000000000E+000  1.389782780431E-013  0.000000000000E+000
   1.400000000000E+002  3.823561341323E-017  0.000000000000E+000  0.000000000000E+000  1.255061181426E-014  0.000000000000E+000  1.510651481000E-013  0.000000000000E+000  2.325361567337E-014  0.000000000000E+000  3.823561341323E-017  0.000000000000E+000  1.379604178350E-013  0.000000000000E+000
   1.402500000000E+002  3.792691391297E-017  0.000000000000E+000  0.000000000000E+000  1.245891300528E-014  0.000000000000E+000  1.499617864499E-013  0.000000000000E+000  2.308375185021E-014  0.000000000000E+000  3.792691391297E-017  0.000000000000E+000  1.369518139611E-013  0.000000000000E+000
   1.405000000000E+002  3.762179513067E-017  0.000000000000E+000  0.000000000000E+000  1.236805537714E-014  0.000000000000E+000  1.488685810957E-013  0.000000000000E+000  2.291543435108E-014  0.000000000000E+000  3.762179513067E-017  0.000000000000E+000  1.359523335431E-013  0.000000000000E+000
   1.407500000000E+002  3.732041747655E-017  0.000000000000E+000  0.000000000000E+000  1.227801512254E-014  0.000000000000E+000  1.477852303982E-013  0.000000000000E+000  2.274866220455E-014  0.000000000000E+000  3.732041747655E-017  0.000000000000E+000  1.349620181842E-013  0.000000000000E+000
   1.410000000000E+002  3.702054818381E-017  0.000000000000E+000  0.000000000000E+000  1.218879396950E-014  0.000000000000E+000  1.467117112163E-013  0.000000000000E+000  2.258338226026E-014  0.000000000000E+000  3.702054818381E-017  0.000000000000E+000  1.339806411361E-013  0.000000000000E+000
   1.412500000000E+002  3.672413602787E-017  0.000000000000E+000  0.000000000000E+000  1.210037996580E-014  0.000000000000E+000  1.456479155439E-013  0.000000000000E+000  2.241959294072E-014  0.000000000000E+000  3.672413602787E-017  0.000000000000E+000  1.330081441408E-013  0.000000000000E+000
   1.415000000000E+002  3.643027475064E-017  0.000000000000E+000  0.000000000000E+000  1.201276653234E-014  0.000000000000E+000  1.445937518863E-013  0.000000000000E+000  2.225728573817E-014  0.000000000000E+000  3.643027475064E-017  0.000000000000E+000  1.320445339664E-013  0.000000000000E+000
   1.417500000000E+002  3.613876231124E-017  0.000000000000E+000  0.000000000000E+000  1.192594396347E-014  0.000000000000E+000  1.435490256253E-013  0.000000000000E+000  2.209645775474E-014  0.000000000000E+000  3.613876231124E-017  0.000000000000E+000  1.310895813480E-013  0.000000000000E+000
   1.420000000000E+002  3.585111809613E-017  0.000000000000E+000  0.000000000000E+000  1.183989964082E-014  0.000000000000E+000  1.425137638782E-013  0.000000000000E+000  2.193707536528E-014  0.000000000000E+000  3.585111809613E-017  0.000000000000E+000  1.301431657095E-013  0.000000000000E+000
   1.422500000000E+002  3.556549176618E-017  0.000000000000E+000  0.000000000000E+000  1.175463012197E-014  0.000000000000E+000  1.414878043983E-013  0.000000000000E+000  2.177910502973E-014  0.000000000000E+000  3.556549176618E-017  0.000000000000E+000  1.292052735138E-013  0.000000000000E+000
   1.425000000000E+002  3.528263505614E-017  0.000000000000E+000  0.000000000000E+000  1.167012769443E-014  0.000000000000E+000  1.404710416855E-013  0.000000000000E+000  2.162257761538E-014  0.000000000000E+000  3.528263505614E-017  0.000000000000E+000  1.282757027026E-013  0.000000000000E+000
   1.427500000000E+002  3.500176924412E-017  0.000000000000E+000  0.000000000000E+000  1.158637761103E-014  0.000000000000E+000  1.394633433376E-013  0.000000000000E+000  2.146745088690E-014  0.000000000000E+000  3.500176924412E-017  0.000000000000E+000  1.273545682248E-013  0.000000000000E+000
   1.430000000000E+002  3.472468034887E-017  0.000000000000E+000  0.000000000000E+000  1.150337952701E-014  0.000000000000E+000  1.384646687388E-013  0.000000000000E+000  2.131370879028E-014  0.000000000000E+000  3.472468034887E-017  0.000000000000E+000  1.264417516266E-013  0.000000000000E+000
   1.432500000000E+002  3.444845898853E-017  0.000000000000E+000  0.000000000000E+000  1.142112355541E-014  0.000000000000E+000  1.374749447626E-013  0.000000000000E+000  2.116130869844E-014  0.000000000000E+000  3.444845898853E-017  0.000000000000E+000  1.255369750554E-013  0.000000000000E+000
   1.435000000000E+002  3.417602624100E-017  0.000000000000E+000  0.000000000000E+000  1.133959706963E-014  0.000000000000E+000  1.364939848728E-013  0.000000000000E+000  2.101030726974E-014  0.000000000000E+000  3.417602624100E-017  0.000000000000E+000  1.246403065638E-013  0.000000000000E+000
   1.437500000000E+002  3.390603846444E-017  0.000000000000E+000  0.000000000000E+000  1.125879812389E-014  0.000000000000E+000  1.355217747672E-013  0.000000000000E+000  2.086062260588E-014  0.000000000000E+000  3.390603846444E-017  0.000000000000E+000  1.237515057644E-013  0.000000000000E+000
   1.440000000000E+002  3.363898985564E-017  0.000000000000E+000  0.000000000000E+000  1.117871299034E-014  0.000000000000E+000  1.345581479019E-013  0.000000000000E+000  2.071228747681E-014  0.000000000000E+000  3.363898985564E-017  0.000000000000E+000  1.228707443896E-013  0.000000000000E+000
   1.442500000000E+002  3.337327849945E-017  0.000000000000E+000  0.000000000000E+000  1.109933909527E-014  0.000000000000E+000  1.336031029660E-013  0.000000000000E+000  2.056523561335E-014  0.000000000000E+000  3.337327849945E-017  0.000000000000E+000  1.219976530072E-013  0.000000000000E+000
   1.445000000000E+002  3.311098385432E-017  0.000000000000E+000  0.000000000000E+000  1.102066990623E-014  0.000000000000E+000  1.326565170318E-013  0.000000000000E+000  2.041949972010E-014  0.000000000000E+000  3.311098385432E-017  0.000000000000E+000  1.211323070865E-013  0.000000000000E+000
   1.447500000000E+002  3.284972397303E-017  0.000000000000E+000  0.000000000000E+000  1.094269233303E-014  0.000000000000E+000  1.317182241403E-013  0.000000000000E+000  2.027507915669E-014  0.000000000000E+000  3.284972397303E-017  0.000000000000E+000  1.202746229718E-013  0.000000000000E+000
   1.450000000000E+002  3.259189433914E-017  0.000000000000E+000  0.000000000000E+000  1.086540410413E-014  0.000000000000E+000  1.307882949520E-013  0.000000000000E+000  2.013188623298E-014  0.000000000000E+000  3.259189433914E-017  0.000000000000E+000  1.194246535246E-013  0.000000000000E+000
   1.452500000000E+002  3.233636134154E-017  0.000000000000E+000  0.000000000000E+000  1.078879196459E-014  0.000000000000E+000  1.298664858017E-013  0.000000000000E+000  1.998997588193E-014  0.000000000000E+000  3.233636134154E-017  0.000000000000E+000  1.185819625060E-013  0.000000000000E+000
   1.455000000000E+002  3.208370930018E-017  0.000000000000E+000  0.000000000000E+000  1.071285560498E-014  0.000000000000E+000  1.289527571465E-013  0.000000000000E+000  1.984930919826E-014  0.000000000000E+000  3.208370930018E-017  0.000000000000E+000  1.177467277335E-013  0.000000000000E+000
   1.457500000000E+002  3.183254756011E-017  0.000000000000E+000  0.000000000000E+000  1.063758517378E-014  0.000000000000E+000  1.280470287716E-013  0.000000000000E+000  1.970986954604E-014  0.000000000000E+000  3.183254756011E-017  0.000000000000E+000  1.169188345133E-013  0.000000000000E+000
   1.460000000000E+002  3.158341492795E-017  0.000000000000E+000  0.000000000000E+000  1.056297593136E-014  0.000000000000E+000  1.271492672812E-013  0.000000000000E+000  1.957165039459E-014  0.000000000000E+000  3.158341492795E-017  0.000000000000E+000  1.160982759152E-013  0.000000000000E+000
   1.462500000000E+002  3.133755995979E-017  0.000000000000E+000  0.000000000000E+000  1.048901397544E-014  0.000000000000E+000  1.262593245013E-013  0.000000000000E+000  1.943465151790E-014  0.000000000000E+000  3.133755995979E-017  0.000000000000E+000  1.152847119159E-013  0.000000000000E+000
   1.465000000000E+002  3.109374942170E-017  0.000000000000E+000  0.000000000000E+000  1.041569933661E-014  0.000000000000E+000  1.253771772649E-013  0.000000000000E+000  1.929883300159E-014  0.000000000000E+000  3.109374942170E-017  0.000000000000E+000  1.144783914008E-013  0.000000000000E+000
   1.467500000000E+002  3.085214208912E-017  0.000000000000E+000  0.000000000000E+000  1.034302385251E-014  0.000000000000E+000  1.245026583603E-013  0.000000000000E+000  1.916420347780E-014  0.000000000000E+000  3.085214208912E-017  0.000000000000E+000  1.136791029648E-013  0.000000000000E+000
   1.470000000000E+002  3.061120757607E-017  0.000000000000E+000  0.000000000000E+000  1.027098080426E-014  0.000000000000E+000  1.236357976201E-013  0.000000000000E+000  1.903075642506E-014  0.000000000000E+000  3.061120757607E-017  0.000000000000E+000  1.128866558043E-013  0.000000000000E+000
   1.472500000000E+002  3.037401779933E-017  0.000000000000E+000  0.000000000000E+000  1.019956208376E-014  0.000000000000E+000  1.227764272593E-013  0.000000000000E+000  1.889844419132E-014  0.000000000000E+000  3.037401779933E-017  0.000000000000E+000  1.121010880552E-013  0.000000000000E+000
   1.475000000000E+002  3.013855006781E-017  0.000000000000E+000  0.000000000000E+000  1.012875793166E-014  0.000000000000E+000  1.219244748410E-013  0.000000000000E+000  1.876729242219E-014  0.000000000000E+000  3.013855006781E-017  0.000000000000E+000  1.113223682581E-013  0.000000000000E+000
   1.477500000000E+002  2.990597801264E-017  0.000000000000E+000  0.000000000000E+000  1.005856957908E-014  0.000000000000E+000  1.210799171298E-013  0.000000000000E+000  1.863728442333E-014  0.000000000000E+000  2.990597801264E-017  0.000000000000E+000  1.105504151322E-013  0.000000000000E+000
   1.480000000000E+002  2.967483753191E-017  0.000000000000E+000  0.000000000000E+000  9.988988043063E-015  0.000000000000E+000  1.202426455493E-013  0.000000000000E+000  1.850838335189E-014  0.000000000000E+000  2.967483753191E-017  0.000000000000E+000  1.097851596988E-013  0.000000000000E+000
   1.482500000000E+002  2.944533567699E-017  0.000000000000E+000  0.000000000000E+000  9.920005368477E-015  0.000000000000E+000  1.194125982172E-013  0.000000000000E+000  1.838058988020E-014  0.000000000000E+000  2.944533567699E-017  0.000000000000E+000  1.090264042364E-013  0.000000000000E+000
   1.485000000000E+002  2.921820557033E-017  0.000000000000E+000  0.000000000000E+000  9.851620035024E-015  0.000000000000E+000  1.185896936004E-013  0.000000000000E+000  1.825389711651E-014  0.000000000000E+000  2.921820557033E-017  0.000000000000E+000  1.082742640330E-013  0.000000000000E+000
   1.487500000000E+002  2.899395185157E-017  0.000000000000E+000  0.000000000000E+000  9.783813519055E-015  0.000000000000E+000  1.177738179793E-013  0.000000000000E+000  1.812829822233E-014  0.000000000000E+000  2.899395185157E-017  0.000000000000E+000  1.075285428353E-013  0.000000000000E+000
   1.490000000000E+002  2.877056201790E-017  0.000000000000E+000  0.000000000000E+000  9.716599547198E-015  0.000000000000E+000  1.169649833782E-013  0.000000000000E+000  1.800377898575E-014  0.000000000000E+000  2.877056201790E-017  0.000000000000E+000  1.067892010558E-013  0.000000000000E+000
   1.492500000000E+002  2.855027810375E-017  0.000000000000E+000  0.000000000000E+000  9.649950127685E-015  0.000000000000E+000  1.161630409527E-013  0.000000000000E+000  1.788031837584E-014  0.000000000000E+000  2.855027810375E-017  0.000000000000E+000  1.060561356460E-013  0.000000000000E+000
   1.495000000000E+002  2.833084072341E-017  0.000000000000E+000  0.000000000000E+000  9.583878811585E-015  0.000000000000E+000  1.153679345297E-013  0.000000000000E+000  1.775790781302E-014  0.000000000000E+000  2.833084072341E-017  0.000000000000E+000  1.053294666976E-013  0.000000000000E+000
   1.497500000000E+002  2.811442739243E-017  0.000000000000E+000  0.000000000000E+000  9.518367403106E-015  0.000000000000E+000  1.145796331115E-013  0.000000000000E+000  1.763656540304E-014  0.000000000000E+000  2.811442739243E-017  0.000000000000E+000  1.046089383290E-013  0.000000000000E+000
   1.500000000000E+002  2.789884382046E-017  0.000000000000E+000  0.000000000000E+000  9.453410802091E-015  0.000000000000E+000  1.137980343232E-013  0.000000000000E+000  1.751623135724E-014  0.000000000000E+000  2.789884382046E-017  0.000000000000E+000  1.038945130420E-013  0.000000000000E+000
   1.502500000000E+002  2.768629775775E-017  0.000000000000E+000  0.000000000000E+000  9.389011996793E-015  0.000000000000E+000  1.130230696050E-013  0.000000000000E+000  1.739692195827E-014  0.000000000000E+000  2.768629775775E-017  0.000000000000E+000  1.031861849522E-013  0.000000000000E+000
   1.505000000000E+002  2.747456442841E-017  0.000000000000E+000  0.000000000000E+000  9.325155150689E-015  0.000000000000E+000  1.122547476833E-013  0.000000000000E+000  1.727865321383E-014  0.000000000000E+000  2.747456442841E-017  0.000000000000E+000  1.024839476697E-013  0.000000000000E+000
   1.507500000000E+002  2.726558041132E-017  0.000000000000E+000  0.000000000000E+000  9.261844208070E-015  0.000000000000E+000  1.114928757827E-013  0.000000000000E+000  1.716135288846E-014  0.000000000000E+000  2.726558041132E-017  0.000000000000E+000  1.017874883084E-013  0.000000000000E+000
   1.510000000000E+002  2.705760126915E-017  0.000000000000E+000  0.000000000000E+000  9.199062929741E-015  0.000000000000E+000  1.107374279481E-013  0.000000000000E+000  1.704506558373E-014  0.000000000000E+000  2.705760126915E-017  0.000000000000E+000  1.010970834565E-013  0.000000000000E+000
   1.512500000000E+002  2.685259268501E-017  0.000000000000E+000  0.000000000000E+000  9.136814407197E-015  0.000000000000E+000  1.099884138019E-013  0.000000000000E+000  1.692974181912E-014  0.000000000000E+000  2.685259268501E-017  0.000000000000E+000  1.004124726523E-013  0.000000000000E+000
   1.515000000000E+002  2.664836370382E-017  0.000000000000E+000  0.000000000000E+000  9.075096110125E-015  0.000000000000E+000  1.092456437590E-013  0.000000000000E+000  1.681539776558E-014  0.000000000000E+000  2.664836370382E-017  0.000000000000E+000  9.973363204357E-014  0.000000000000E+000
   1.517500000000E+002  2.644682158983E-017  0.000000000000E+000  0.000000000000E+000  9.013890904241E-015  0.000000000000E+000  1.085091922613E-013  0.000000000000E+000  1.670201959844E-014  0.000000000000E+000  2.644682158983E-017  0.000000000000E+000  9.906048999068E-014  0.000000000000E+000
   1.520000000000E+002  2.624649798547E-017  0.000000000000E+000  0.000000000000E+000  8.953200405356E-015  0.000000000000E+000  1.077788713877E-013  0.000000000000E+000  1.658959435750E-014  0.000000000000E+000  2.624649798547E-017  0.000000000000E+000  9.839304272586E-014  0.000000000000E+000
   1.522500000000E+002  2.604763374072E-017  0.000000000000E+000  0.000000000000E+000  8.893019226591E-015  0.000000000000E+000  1.070547425933E-013  0.000000000000E+000  1.647812419525E-014  0.000000000000E+000  2.604763374072E-017  0.000000000000E+000  9.773108289922E-014  0.000000000000E+000
   1.525000000000E+002  2.585145676562E-017  0.000000000000E+000  0.000000000000E+000  8.833344276160E-015  0.000000000000E+000  1.063366200721E-013  0.000000000000E+000  1.636755975697E-014  0.000000000000E+000  2.585145676562E-017  0.000000000000E+000  9.707487186677E-014  0.000000000000E+000
   1.527500000000E+002  2.565667128784E-017  0.000000000000E+000  0.000000000000E+000  8.774165597949E-015  0.000000000000E+000  1.056245044800E-013  0.000000000000E+000  1.625794502301E-014  0.000000000000E+000  2.565667128784E-017  0.000000000000E+000  9.642398974277E-014  0.000000000000E+000
   1.530000000000E+002  2.546311150009E-017  0.000000000000E+000  0.000000000000E+000  8.715487005828E-015  0.000000000000E+000  1.049183833643E-013  0.000000000000E+000  1.614923969144E-014  0.000000000000E+000  2.546311150009E-017  0.000000000000E+000  9.577861157477E-014  0.000000000000E+000
   1.532500000000E+002  2.527146173157E-017  0.000000000000E+000  0.000000000000E+000  8.657289934423E-015  0.000000000000E+000  1.042180736461E-013  0.000000000000E+000  1.604142362102E-014  0.000000000000E+000  2.527146173157E-017  0.000000000000E+000  9.513852833188E-014  0.000000000000E+000
   1.535000000000E+002  2.508259265478E-017  0.000000000000E+000  0.000000000000E+000  8.599581361966E-015  0.000000000000E+000  1.035236373082E-013  0.000000000000E+000  1.593451990103E-014  0.000000000000E+000  2.508259265478E-017  0.000000000000E+000  9.450377405331E-014  0.000000000000E+000
   1.537500000000E+002  2.489350677343E-017  0.000000000000E+000  0.000000000000E+000  8.542353506648E-015  0.000000000000E+000  1.028349533109E-013  0.000000000000E+000  1.582849471830E-014  0.000000000000E+000  2.489350677343E-017  0.000000000000E+000  9.387447499242E-014  0.000000000000E+000
   1.540000000000E+002  2.470697976321E-017  0.000000000000E+000  0.000000000000E+000  8.485593482443E-015  0.000000000000E+000  1.021519530723E-013  0.000000000000E+000  1.572334284544E-014  0.000000000000E+000  2.470697976321E-017  0.000000000000E+000  9.325021167551E-014  0.000000000000E+000
   1.542500000000E+002  2.452251083559E-017  0.000000000000E+000  0.000000000000E+000  8.429310372592E-015  0.000000000000E+000  1.014746236684E-013  0.000000000000E+000  1.561908716813E-014  0.000000000000E+000  2.452251083559E-017  0.000000000000E+000  9.263120121743E-014  0.000000000000E+000
   1.545000000000E+002  2.433945164904E-017  0.000000000000E+000  0.000000000000E+000  8.373486979854E-015  0.000000000000E+000  1.008029338046E-013  0.000000000000E+000  1.551566624264E-014  0.000000000000E+000  2.433945164904E-017  0.000000000000E+000  9.201727416798E-014  0.000000000000E+000
   1.547500000000E+002  2.415818535511E-017  0.000000000000E+000  0.000000000000E+000  8.318129944042E-015  0.000000000000E+000  1.001367366894E-013  0.000000000000E+000  1.541311749524E-014  0.000000000000E+000  2.415818535511E-017  0.000000000000E+000  9.140842999484E-014  0.000000000000E+000
   1.550000000000E+002  2.397759656958E-017  0.000000000000E+000  0.000000000000E+000  8.263225342867E-015  0.000000000000E+000  9.947605333888E-014  0.000000000000E+000  1.531140030436E-014  0.000000000000E+000  2.397759656958E-017  0.000000000000E+000  9.080460877978E-014  0.000000000000E+000
   1.552500000000E+002  2.379973224335E-017  0.000000000000E+000  0.000000000000E+000  8.208772447901E-015  0.000000000000E+000  9.882078724249E-014  0.000000000000E+000  1.521052306750E-014  0.000000000000E+000  2.379973224335E-017  0.000000000000E+000  9.020580474486E-014  0.000000000000E+000
   1.555000000000E+002  2.362253006842E-017  0.000000000000E+000  0.000000000000E+000  8.154766567245E-015  0.000000000000E+000  9.817087083829E-014  0.000000000000E+000  1.511048264842E-014  0.000000000000E+000  2.362253006842E-017  0.000000000000E+000  8.961182792523E-014  0.000000000000E+000
   1.557500000000E+002  2.344708071213E-017  0.000000000000E+000  0.000000000000E+000  8.101202347785E-015  0.000000000000E+000  9.752630812077E-014  0.000000000000E+000  1.501126562200E-014  0.000000000000E+000  2.344708071213E-017  0.000000000000E+000  8.902270332840E-014  0.000000000000E+000
   1.560000000000E+002  2.327298791498E-017  0.000000000000E+000  0.000000000000E+000  8.048078654253E-015  0.000000000000E+000  9.688702148181E-014  0.000000000000E+000  1.491284720630E-014  0.000000000000E+000  2.327298791498E-017  0.000000000000E+000  8.843847896545E-014  0.000000000000E+000
   1.562500000000E+002  2.214661954665E-017  0.000000000000E+000  0.000000000000E+000  7.995391407996E-015  0.000000000000E+000  9.625297767706E-014  0.000000000000E+000  1.481522931628E-014  0.000000000000E+000  2.214661954665E-017  0.000000000000E+000  8.785902536224E-014  0.000000000000E+000
   1.565000000000E+002  2.198308359424E-017  0.000000000000E+000  0.000000000000E+000  7.943129353823E-015  0.000000000000E+000  9.562411041207E-014  0.000000000000E+000  1.471841474350E-014  0.000000000000E+000  2.198308359424E-017  0.000000000000E+000  8.728428011833E-014  0.000000000000E+000
   1.567500000000E+002  2.182103836462E-017  0.000000000000E+000  0.000000000000E+000  7.891293187013E-015  0.000000000000E+000  9.500030671035E-014  0.000000000000E+000  1.462237725310E-014  0.000000000000E+000  2.182103836462E-017  0.000000000000E+000  8.671416331262E-014  0.000000000000E+000
   1.570000000000E+002  2.165959260661E-017  0.000000000000E+000  0.000000000000E+000  7.839883278827E-015  0.000000000000E+000  9.438160920641E-014  0.000000000000E+000  1.452714685925E-014  0.000000000000E+000  2.165959260661E-017  0.000000000000E+000  8.614880976942E-014  0.000000000000E+000
   1.572500000000E+002  2.150050265902E-017  0.000000000000E+000  0.000000000000E+000  7.788885868981E-015  0.000000000000E+000  9.376792836589E-014  0.000000000000E+000  1.443266475292E-014  0.000000000000E+000  2.150050265902E-017  0.000000000000E+000  8.558792038586E-014  0.000000000000E+000
   1.575000000000E+002  2.134222896991E-017  0.000000000000E+000  0.000000000000E+000  7.738302035327E-015  0.000000000000E+000  9.315924464412E-014  0.000000000000E+000  1.433895998977E-014  0.000000000000E+000  2.134222896991E-017  0.000000000000E+000  8.503163024016E-014  0.000000000000E+000
   1.577500000000E+002  2.118541173359E-017  0.000000000000E+000  0.000000000000E+000  7.688131276666E-015  0.000000000000E+000  9.255545988692E-014  0.000000000000E+000  1.424600771747E-014  0.000000000000E+000  2.118541173359E-017  0.000000000000E+000  8.447991744036E-014  0.000000000000E+000
   1.580000000000E+002  2.103004125738E-017  0.000000000000E+000  0.000000000000E+000  7.638364154141E-015  0.000000000000E+000  9.195654754922E-014  0.000000000000E+000  1.415381820988E-014  0.000000000000E+000  2.103004125738E-017  0.000000000000E+000  8.393256160011E-014  0.000000000000E+000
   1.582500000000E+002  2.087610796508E-017  0.000000000000E+000  0.000000000000E+000  7.588995727162E-015  0.000000000000E+000  9.136245279333E-014  0.000000000000E+000  1.406235210794E-014  0.000000000000E+000  2.087610796508E-017  0.000000000000E+000  8.338964565731E-014  0.000000000000E+000
   1.585000000000E+002  2.072296660141E-017  0.000000000000E+000  0.000000000000E+000  7.540026792571E-015  0.000000000000E+000  9.077317188625E-014  0.000000000000E+000  1.397163281578E-014  0.000000000000E+000  2.072296660141E-017  0.000000000000E+000  8.285111541359E-014  0.000000000000E+000
   1.587500000000E+002  2.057210702213E-017  0.000000000000E+000  0.000000000000E+000  7.491456198898E-015  0.000000000000E+000  9.018863270563E-014  0.000000000000E+000  1.388165502667E-014  0.000000000000E+000  2.057210702213E-017  0.000000000000E+000  8.231695046455E-014  0.000000000000E+000
   1.590000000000E+002  2.042179856479E-017  0.000000000000E+000  0.000000000000E+000  7.443269974000E-015  0.000000000000E+000  8.960875942849E-014  0.000000000000E+000  1.379237612008E-014  0.000000000000E+000  2.042179856479E-017  0.000000000000E+000  8.178704136733E-014  0.000000000000E+000
   1.592500000000E+002  2.027289397366E-017  0.000000000000E+000  0.000000000000E+000  7.395472885370E-015  0.000000000000E+000  8.903352513536E-014  0.000000000000E+000  1.370383028796E-014  0.000000000000E+000  2.027289397366E-017  0.000000000000E+000  8.126144729343E-014  0.000000000000E+000
   1.595000000000E+002  2.012538385923E-017  0.000000000000E+000  0.000000000000E+000  7.348056824005E-015  0.000000000000E+000  8.846289319739E-014  0.000000000000E+000  1.361600142163E-014  0.000000000000E+000  2.012538385923E-017  0.000000000000E+000  8.074000380241E-014  0.000000000000E+000
   1.597500000000E+002  1.997863477646E-017  0.000000000000E+000  0.000000000000E+000  7.301019658893E-015  0.000000000000E+000  8.789685875518E-014  0.000000000000E+000  1.352884483272E-014  0.000000000000E+000  1.997863477646E-017  0.000000000000E+000  8.022264194591E-014  0.000000000000E+000
   1.600000000000E+002  1.983410958152E-017  0.000000000000E+000  0.000000000000E+000  7.254354106265E-015  0.000000000000E+000  8.733531614999E-014  0.000000000000E+000  1.344239715927E-014  0.000000000000E+000  1.983410958152E-017  0.000000000000E+000  7.970951682939E-014  0.000000000000E+000
   1.602500000000E+002  1.969010903110E-017  0.000000000000E+000  0.000000000000E+000  7.208062541501E-015  0.000000000000E+000  8.677826110336E-014  0.000000000000E+000  1.335664631409E-014  0.000000000000E+000  1.969010903110E-017  0.000000000000E+000  7.920049843341E-014  0.000000000000E+000
   1.605000000000E+002  1.954747048725E-017  0.000000000000E+000  0.000000000000E+000  7.162144475567E-015  0.000000000000E+000  8.622560329884E-014  0.000000000000E+000  1.327156396493E-014  0.000000000000E+000  1.954747048725E-017  0.000000000000E+000  7.869546321765E-014  0.000000000000E+000
   1.607500000000E+002  1.940640397166E-017  0.000000000000E+000  0.000000000000E+000  7.116586041014E-015  0.000000000000E+000  8.567733691299E-014  0.000000000000E+000  1.318717766913E-014  0.000000000000E+000  1.940640397166E-017  0.000000000000E+000  7.819446567040E-014  0.000000000000E+000
   1.610000000000E+002  1.926562990704E-017  0.000000000000E+000  0.000000000000E+000  7.071391190472E-015  0.000000000000E+000  8.513342498099E-014  0.000000000000E+000  1.310343808104E-014  0.000000000000E+000  1.926562990704E-017  0.000000000000E+000  7.769742806271E-014  0.000000000000E+000
   1.612500000000E+002  1.912724247467E-017  0.000000000000E+000  0.000000000000E+000  7.026548924383E-015  0.000000000000E+000  8.459383508918E-014  0.000000000000E+000  1.302036800852E-014  0.000000000000E+000  1.912724247467E-017  0.000000000000E+000  7.720438209681E-014  0.000000000000E+000
   1.615000000000E+002  1.898935386106E-017  0.000000000000E+000  0.000000000000E+000  6.982068484784E-015  0.000000000000E+000  8.405849562646E-014  0.000000000000E+000  1.293796985824E-014  0.000000000000E+000  1.898935386106E-017  0.000000000000E+000  7.671520119751E-014  0.000000000000E+000
   1.617500000000E+002  1.885278638923E-017  0.000000000000E+000  0.000000000000E+000  6.937932603946E-015  0.000000000000E+000  8.352734967715E-014  0.000000000000E+000  1.285619488960E-014  0.000000000000E+000  1.885278638923E-017  0.000000000000E+000  7.622991271226E-014  0.000000000000E+000
   1.620000000000E+002  1.871692705057E-017  0.000000000000E+000  0.000000000000E+000  6.894147152191E-015  0.000000000000E+000  8.300039464011E-014  0.000000000000E+000  1.277507738172E-014  0.000000000000E+000  1.871692705057E-017  0.000000000000E+000  7.574834235062E-014  0.000000000000E+000
   1.622500000000E+002  1.858297736047E-017  0.000000000000E+000  0.000000000000E+000  6.850704178880E-015  0.000000000000E+000  8.247762973297E-014  0.000000000000E+000  1.269459518965E-014  0.000000000000E+000  1.858297736047E-017  0.000000000000E+000  7.527064756640E-014  0.000000000000E+000
   1.625000000000E+002  1.844972241409E-017  0.000000000000E+000  0.000000000000E+000  6.807604351845E-015  0.000000000000E+000  8.195893352678E-014  0.000000000000E+000  1.261474474266E-014  0.000000000000E+000  1.844972241409E-017  0.000000000000E+000  7.479668208596E-014  0.000000000000E+000
   1.627500000000E+002  1.831775755637E-017  0.000000000000E+000  0.000000000000E+000  6.764842500833E-015  0.000000000000E+000  8.144431325603E-014  0.000000000000E+000  1.253552245074E-014  0.000000000000E+000  1.831775755637E-017  0.000000000000E+000  7.432646839540E-014  0.000000000000E+000
   1.630000000000E+002  1.818647851453E-017  0.000000000000E+000  0.000000000000E+000  6.722414463190E-015  0.000000000000E+000  8.093371360652E-014  0.000000000000E+000  1.245691781929E-014  0.000000000000E+000  1.818647851453E-017  0.000000000000E+000  7.385988836360E-014  0.000000000000E+000
   1.632500000000E+002  1.805706974636E-017  0.000000000000E+000  0.000000000000E+000  6.680322199930E-015  0.000000000000E+000  8.042710252196E-014  0.000000000000E+000  1.237894028019E-014  0.000000000000E+000  1.805706974636E-017  0.000000000000E+000  7.339692166579E-014  0.000000000000E+000
   1.635000000000E+002  1.792833372476E-017  0.000000000000E+000  0.000000000000E+000  6.638554032288E-015  0.000000000000E+000  7.992441206394E-014  0.000000000000E+000  1.230156222158E-014  0.000000000000E+000  1.792833372476E-017  0.000000000000E+000  7.293767550309E-014  0.000000000000E+000
   1.637500000000E+002  1.780064735441E-017  0.000000000000E+000  0.000000000000E+000  6.597109639355E-015  0.000000000000E+000  7.942567675530E-014  0.000000000000E+000  1.222479143717E-014  0.000000000000E+000  1.780064735441E-017  0.000000000000E+000  7.248197501879E-014  0.000000000000E+000
   1.640000000000E+002  1.767362649555E-017  0.000000000000E+000  0.000000000000E+000  6.555991014794E-015  0.000000000000E+000  7.893085181992E-014  0.000000000000E+000  1.214860654998E-014  0.000000000000E+000  1.767362649555E-017  0.000000000000E+000  7.202975274400E-014  0.000000000000E+000
   1.642500000000E+002  1.754885564348E-017  0.000000000000E+000  0.000000000000E+000  6.515191653059E-015  0.000000000000E+000  7.843979506515E-014  0.000000000000E+000  1.207300434857E-014  0.000000000000E+000  1.754885564348E-017  0.000000000000E+000  7.158113694826E-014  0.000000000000E+000
   1.645000000000E+002  1.742431906021E-017  0.000000000000E+000  0.000000000000E+000  6.474708562953E-015  0.000000000000E+000  7.795261647120E-014  0.000000000000E+000  1.199801810318E-014  0.000000000000E+000  1.742431906021E-017  0.000000000000E+000  7.113595521150E-014  0.000000000000E+000
   1.647500000000E+002  1.730043293036E-017  0.000000000000E+000  0.000000000000E+000  6.434537277557E-015  0.000000000000E+000  7.746915659318E-014  0.000000000000E+000  1.192358920367E-014  0.000000000000E+000  1.730043293036E-017  0.000000000000E+000  7.069427130204E-014  0.000000000000E+000
   1.650000000000E+002  1.717835245091E-017  0.000000000000E+000  0.000000000000E+000  6.394679779014E-015  0.000000000000E+000  7.698943327233E-014  0.000000000000E+000  1.184973994744E-014  0.000000000000E+000  1.717835245091E-017  0.000000000000E+000  7.025593562048E-014  0.000000000000E+000
   1.652500000000E+002  1.705690972758E-017  0.000000000000E+000  0.000000000000E+000  6.355125715829E-015  0.000000000000E+000  7.651344812194E-014  0.000000000000E+000  1.177645960595E-014  0.000000000000E+000  1.705690972758E-017  0.000000000000E+000  6.982104974207E-014  0.000000000000E+000
   1.655000000000E+002  1.693667723729E-017  0.000000000000E+000  0.000000000000E+000  6.315880573763E-015  0.000000000000E+000  7.604109921131E-014  0.000000000000E+000  1.170376414794E-014  0.000000000000E+000  1.693667723729E-017  0.000000000000E+000  6.938950515028E-014  0.000000000000E+000
   1.657500000000E+002  1.681707403605E-017  0.000000000000E+000  0.000000000000E+000  6.276936500615E-015  0.000000000000E+000  7.557244717668E-014  0.000000000000E+000  1.163160187650E-014  0.000000000000E+000  1.681707403605E-017  0.000000000000E+000  6.896125281934E-014  0.000000000000E+000
   1.660000000000E+002  1.669846523613E-017  0.000000000000E+000  0.000000000000E+000  6.238288836026E-015  0.000000000000E+000  7.510735562314E-014  0.000000000000E+000  1.156001159937E-014  0.000000000000E+000  1.669846523613E-017  0.000000000000E+000  6.853630026848E-014  0.000000000000E+000
   1.662500000000E+002  1.658124999863E-017  0.000000000000E+000  0.000000000000E+000  6.199942686660E-015  0.000000000000E+000  7.464580697556E-014  0.000000000000E+000  1.148895431730E-014  0.000000000000E+000  1.658124999863E-017  0.000000000000E+000  6.811460822036E-014  0.000000000000E+000
   1.665000000000E+002  1.646521610810E-017  0.000000000000E+000  0.000000000000E+000  6.161886964403E-015  0.000000000000E+000  7.418779072871E-014  0.000000000000E+000  1.141846279406E-014  0.000000000000E+000  1.646521610810E-017  0.000000000000E+000  6.769610310473E-014  0.000000000000E+000
   1.667500000000E+002  1.634958963993E-017  0.000000000000E+000  0.000000000000E+000  6.124123272527E-015  0.000000000000E+000  7.373332919228E-014  0.000000000000E+000  1.134848095504E-014  0.000000000000E+000  1.634958963993E-017  0.000000000000E+000  6.728091515278E-014  0.000000000000E+000
   1.670000000000E+002  1.623513369398E-017  0.000000000000E+000  0.000000000000E+000  6.086647173077E-015  0.000000000000E+000  7.328229920698E-014  0.000000000000E+000  1.127905878189E-014  0.000000000000E+000  1.623513369398E-017  0.000000000000E+000  6.686883686074E-014  0.000000000000E+000
   1.672500000000E+002  1.612184024027E-017  0.000000000000E+000  0.000000000000E+000  6.049456241331E-015  0.000000000000E+000  7.283470199980E-014  0.000000000000E+000  1.121015781378E-014  0.000000000000E+000  1.612184024027E-017  0.000000000000E+000  6.645982605552E-014  0.000000000000E+000
   1.675000000000E+002  1.600914255422E-017  0.000000000000E+000  0.000000000000E+000  6.012553087605E-015  0.000000000000E+000  7.239056007348E-014  0.000000000000E+000  1.114178741791E-014  0.000000000000E+000  1.600914255422E-017  0.000000000000E+000  6.605402868742E-014  0.000000000000E+000
   1.677500000000E+002  1.589759528936E-017  0.000000000000E+000  0.000000000000E+000  5.975928145784E-015  0.000000000000E+000  7.194974313721E-014  0.000000000000E+000  1.107392606985E-014  0.000000000000E+000  1.589759528936E-017  0.000000000000E+000  6.565138558629E-014  0.000000000000E+000
   1.680000000000E+002  1.578719049714E-017  0.000000000000E+000  0.000000000000E+000  5.939578973293E-015  0.000000000000E+000  7.151230254495E-014  0.000000000000E+000  1.100657739731E-014  0.000000000000E+000  1.578719049714E-017  0.000000000000E+000  6.525168363318E-014  0.000000000000E+000
   1.682500000000E+002  1.567717041857E-017  0.000000000000E+000  0.000000000000E+000  5.903504682070E-015  0.000000000000E+000  7.107816821871E-014  0.000000000000E+000  1.093976211848E-014  0.000000000000E+000  1.567717041857E-017  0.000000000000E+000  6.485500236242E-014  0.000000000000E+000
   1.685000000000E+002  1.556828230608E-017  0.000000000000E+000  0.000000000000E+000  5.867708206003E-015  0.000000000000E+000  7.064731317893E-014  0.000000000000E+000  1.087343608874E-014  0.000000000000E+000  1.556828230608E-017  0.000000000000E+000  6.446144510617E-014  0.000000000000E+000
   1.687500000000E+002  1.545977366215E-017  0.000000000000E+000  0.000000000000E+000  5.832177933420E-015  0.000000000000E+000  7.021971077979E-014  0.000000000000E+000  1.080759743502E-014  0.000000000000E+000  1.545977366215E-017  0.000000000000E+000  6.407073961194E-014  0.000000000000E+000
   1.690000000000E+002  1.535332362280E-017  0.000000000000E+000  0.000000000000E+000  5.796917966616E-015  0.000000000000E+000  6.979533070655E-014  0.000000000000E+000  1.074227168515E-014  0.000000000000E+000  1.535332362280E-017  0.000000000000E+000  6.368305068235E-014  0.000000000000E+000
   1.692500000000E+002  1.524724133741E-017  0.000000000000E+000  0.000000000000E+000  5.761923712400E-015  0.000000000000E+000  6.937417677524E-014  0.000000000000E+000  1.067743919374E-014  0.000000000000E+000  1.524724133741E-017  0.000000000000E+000  6.329829652014E-014  0.000000000000E+000
   1.695000000000E+002  1.514152680599E-017  0.000000000000E+000  0.000000000000E+000  5.727194884744E-015  0.000000000000E+000  6.895615032590E-014  0.000000000000E+000  1.061310279921E-014  0.000000000000E+000  1.514152680599E-017  0.000000000000E+000  6.291638750147E-014  0.000000000000E+000
   1.697500000000E+002  1.503691443786E-017  0.000000000000E+000  0.000000000000E+000  5.692723845435E-015  0.000000000000E+000  6.854130472472E-014  0.000000000000E+000  1.054924237625E-014  0.000000000000E+000  1.503691443786E-017  0.000000000000E+000  6.253740632205E-014  0.000000000000E+000
   1.700000000000E+002  1.493339658306E-017  0.000000000000E+000  0.000000000000E+000  5.658513261193E-015  0.000000000000E+000  6.812952303510E-014  0.000000000000E+000  1.048584971872E-014  0.000000000000E+000  1.493339658306E-017  0.000000000000E+000  6.216123922797E-014  0.000000000000E+000
   1.702500000000E+002  1.387274001873E-017  0.000000000000E+000  0.000000000000E+000  5.624556711219E-015  0.000000000000E+000  6.772084789110E-014  0.000000000000E+000  1.042293978700E-014  0.000000000000E+000  1.387274001873E-017  0.000000000000E+000  6.178787551966E-014  0.000000000000E+000
   1.705000000000E+002  1.377735885375E-017  0.000000000000E+000  0.000000000000E+000  5.590853342694E-015  0.000000000000E+000  6.731528354777E-014  0.000000000000E+000  1.036049815523E-014  0.000000000000E+000  1.377735885375E-017  0.000000000000E+000  6.141727136334E-014  0.000000000000E+000
   1.707500000000E+002  1.368303104770E-017  0.000000000000E+000  0.000000000000E+000  5.557406256501E-015  0.000000000000E+000  6.691266390295E-014  0.000000000000E+000  1.029852299520E-014  0.000000000000E+000  1.368303104770E-017  0.000000000000E+000  6.104953300634E-014  0.000000000000E+000
   1.710000000000E+002  1.358902727197E-017  0.000000000000E+000  0.000000000000E+000  5.524203180639E-015  0.000000000000E+000  6.651310114945E-014  0.000000000000E+000  1.023700484062E-014  0.000000000000E+000  1.358902727197E-017  0.000000000000E+000  6.068445607027E-014  0.000000000000E+000
   1.712500000000E+002  1.349606688541E-017  0.000000000000E+000  0.000000000000E+000  5.491250624486E-015  0.000000000000E+000  6.611647024773E-014  0.000000000000E+000  1.017595375265E-014  0.000000000000E+000  1.349606688541E-017  0.000000000000E+000  6.032219043261E-014  0.000000000000E+000
   1.715000000000E+002  1.340414248696E-017  0.000000000000E+000  0.000000000000E+000  5.458544887004E-015  0.000000000000E+000  6.572282615518E-014  0.000000000000E+000  1.011535541063E-014  0.000000000000E+000  1.340414248696E-017  0.000000000000E+000  5.996253757245E-014  0.000000000000E+000
   1.717500000000E+002  1.331253220681E-017  0.000000000000E+000  0.000000000000E+000  5.426078533198E-015  0.000000000000E+000  6.533207197685E-014  0.000000000000E+000  1.005521360859E-014  0.000000000000E+000  1.331253220681E-017  0.000000000000E+000  5.960561859719E-014  0.000000000000E+000
   1.720000000000E+002  1.322123605438E-017  0.000000000000E+000  0.000000000000E+000  5.393854994181E-015  0.000000000000E+000  6.494422330184E-014  0.000000000000E+000  9.995518988707E-015  0.000000000000E+000  1.322123605438E-017  0.000000000000E+000  5.925126031370E-014  0.000000000000E+000
   1.722500000000E+002  1.313167321886E-017  0.000000000000E+000  0.000000000000E+000  5.361867335545E-015  0.000000000000E+000  6.455924398068E-014  0.000000000000E+000  9.936236712390E-015  0.000000000000E+000  1.313167321886E-017  0.000000000000E+000  5.889958768842E-014  0.000000000000E+000
   1.725000000000E+002  1.304241476206E-017  0.000000000000E+000  0.000000000000E+000  5.330117362698E-015  0.000000000000E+000  6.417713915433E-014  0.000000000000E+000  9.877414702998E-015  0.000000000000E+000  1.304241476206E-017  0.000000000000E+000  5.855049136305E-014  0.000000000000E+000
   1.727500000000E+002  1.295346069315E-017  0.000000000000E+000  0.000000000000E+000  5.298604241342E-015  0.000000000000E+000  6.379782587477E-014  0.000000000000E+000  9.819038951217E-015  0.000000000000E+000  1.295346069315E-017  0.000000000000E+000  5.820400483361E-014  0.000000000000E+000
   1.730000000000E+002  1.286551338361E-017  0.000000000000E+000  0.000000000000E+000  5.267323288092E-015  0.000000000000E+000  6.342131600122E-014  0.000000000000E+000  9.761074072680E-015  0.000000000000E+000  1.286551338361E-017  0.000000000000E+000  5.786007136314E-014  0.000000000000E+000
   1.732500000000E+002  1.277856564361E-017  0.000000000000E+000  0.000000000000E+000  5.236267945123E-015  0.000000000000E+000  6.304755784531E-014  0.000000000000E+000  9.703540090327E-015  0.000000000000E+000  1.277856564361E-017  0.000000000000E+000  5.751867311174E-014  0.000000000000E+000
   1.735000000000E+002  1.269191269628E-017  0.000000000000E+000  0.000000000000E+000  5.205445253839E-015  0.000000000000E+000  6.267654699176E-014  0.000000000000E+000  9.646423326186E-015  0.000000000000E+000  1.269191269628E-017  0.000000000000E+000  5.717975391920E-014  0.000000000000E+000
   1.737500000000E+002  1.260624981763E-017  0.000000000000E+000  0.000000000000E+000  5.174846735990E-015  0.000000000000E+000  6.230829538752E-014  0.000000000000E+000  9.589732930095E-015  0.000000000000E+000  1.260624981763E-017  0.000000000000E+000  5.684334755086E-014  0.000000000000E+000
   1.740000000000E+002  1.252156992401E-017  0.000000000000E+000  0.000000000000E+000  5.144470289674E-015  0.000000000000E+000  6.194271530317E-014  0.000000000000E+000  9.533466628648E-015  0.000000000000E+000  1.252156992401E-017  0.000000000000E+000  5.650939395134E-014  0.000000000000E+000
   1.742500000000E+002  1.243648481006E-017  0.000000000000E+000  0.000000000000E+000  5.114319877675E-015  0.000000000000E+000  6.157978906189E-014  0.000000000000E+000  9.477600243361E-015  0.000000000000E+000  1.243648481006E-017  0.000000000000E+000  5.617792246342E-014  0.000000000000E+000
   1.745000000000E+002  1.235306623353E-017  0.000000000000E+000  0.000000000000E+000  5.084388750823E-015  0.000000000000E+000  6.121953447329E-014  0.000000000000E+000  9.422137090813E-015  0.000000000000E+000  1.235306623353E-017  0.000000000000E+000  5.584881678511E-014  0.000000000000E+000
   1.747500000000E+002  1.226992835793E-017  0.000000000000E+000  0.000000000000E+000  5.054673224270E-015  0.000000000000E+000  6.086191571577E-014  0.000000000000E+000  9.367080244447E-015  0.000000000000E+000  1.226992835793E-017  0.000000000000E+000  5.552214428054E-014  0.000000000000E+000
   1.750000000000E+002  1.218775482085E-017  0.000000000000E+000  0.000000000000E+000  5.025178473670E-015  0.000000000000E+000  6.050689267233E-014  0.000000000000E+000  9.312438745532E-015  0.000000000000E+000  1.218775482085E-017  0.000000000000E+000  5.519787318140E-014  0.000000000000E+000
   1.752500000000E+002  1.210585737238E-017  0.000000000000E+000  0.000000000000E+000  4.995896133013E-015  0.000000000000E+000  6.015444017020E-014  0.000000000000E+000  9.258188745707E-015  0.000000000000E+000  1.210585737238E-017  0.000000000000E+000  5.487593038578E-014  0.000000000000E+000
   1.755000000000E+002  1.202491504250E-017  0.000000000000E+000  0.000000000000E+000  4.966826483106E-015  0.000000000000E+000  5.980456612632E-014  0.000000000000E+000  9.204323031743E-015  0.000000000000E+000  1.202491504250E-017  0.000000000000E+000  5.455638274250E-014  0.000000000000E+000
   1.757500000000E+002  1.194424421925E-017  0.000000000000E+000  0.000000000000E+000  4.937967025685E-015  0.000000000000E+000  5.945721768140E-014  0.000000000000E+000  9.150855209096E-015  0.000000000000E+000  1.194424421925E-017  0.000000000000E+000  5.423906625373E-014  0.000000000000E+000
   1.760000000000E+002  1.186451939669E-017  0.000000000000E+000  0.000000000000E+000  4.909320016597E-015  0.000000000000E+000  5.911238339453E-014  0.000000000000E+000  9.097772763963E-015  0.000000000000E+000  1.186451939669E-017  0.000000000000E+000  5.392410585284E-014  0.000000000000E+000
   1.762500000000E+002  1.178573378762E-017  0.000000000000E+000  0.000000000000E+000  4.880877662334E-015  0.000000000000E+000  5.877005649161E-014  0.000000000000E+000  9.045078940147E-015  0.000000000000E+000  1.178573378762E-017  0.000000000000E+000  5.361142107733E-014  0.000000000000E+000
   1.765000000000E+002  1.170721063559E-017  0.000000000000E+000  0.000000000000E+000  4.852640949867E-015  0.000000000000E+000  5.843020779498E-014  0.000000000000E+000  8.992755492887E-015  0.000000000000E+000  1.170721063559E-017  0.000000000000E+000  5.330097738833E-014  0.000000000000E+000
   1.767500000000E+002  1.162894994060E-017  0.000000000000E+000  0.000000000000E+000  4.824607226667E-015  0.000000000000E+000  5.809279694419E-014  0.000000000000E+000  8.940817325076E-015  0.000000000000E+000  1.162894994060E-017  0.000000000000E+000  5.299278576296E-014  0.000000000000E+000
   1.770000000000E+002  1.155228280249E-017  0.000000000000E+000  0.000000000000E+000  4.796774132104E-015  0.000000000000E+000  5.775779999240E-014  0.000000000000E+000  8.889245656478E-015  0.000000000000E+000  1.155228280249E-017  0.000000000000E+000  5.268683444499E-014  0.000000000000E+000
   1.772500000000E+002  1.147520587059E-017  0.000000000000E+000  0.000000000000E+000  4.769145651923E-015  0.000000000000E+000  5.742522366276E-014  0.000000000000E+000  8.838044421742E-015  0.000000000000E+000  1.147520587059E-017  0.000000000000E+000  5.238308923672E-014  0.000000000000E+000
   1.775000000000E+002  1.139904805904E-017  0.000000000000E+000  0.000000000000E+000  4.741711576015E-015  0.000000000000E+000  5.709501065760E-014  0.000000000000E+000  8.787226972654E-015  0.000000000000E+000  1.139904805904E-017  0.000000000000E+000  5.208147576744E-014  0.000000000000E+000
   1.777500000000E+002  1.132380274531E-017  0.000000000000E+000  0.000000000000E+000  4.714475396053E-015  0.000000000000E+000  5.676721093579E-014  0.000000000000E+000  8.736755031017E-015  0.000000000000E+000  1.132380274531E-017  0.000000000000E+000  5.178204589357E-014  0.000000000000E+000
   1.780000000000E+002  1.124880660977E-017  0.000000000000E+000  0.000000000000E+000  4.687434913575E-015  0.000000000000E+000  5.644174037480E-014  0.000000000000E+000  8.686663005618E-015  0.000000000000E+000  1.124880660977E-017  0.000000000000E+000  5.148481052619E-014  0.000000000000E+000
   1.782500000000E+002  1.117471422933E-017  0.000000000000E+000  0.000000000000E+000  4.660587031615E-015  0.000000000000E+000  5.611858695143E-014  0.000000000000E+000  8.636912843478E-015  0.000000000000E+000  1.117471422933E-017  0.000000000000E+000  5.118965134723E-014  0.000000000000E+000
   1.785000000000E+002  1.110086668246E-017  0.000000000000E+000  0.000000000000E+000  4.633930454008E-015  0.000000000000E+000  5.579774841559E-014  0.000000000000E+000  8.587528675153E-015  0.000000000000E+000  1.110086668246E-017  0.000000000000E+000  5.089657997683E-014  0.000000000000E+000
   1.787500000000E+002  1.102791420923E-017  0.000000000000E+000  0.000000000000E+000  4.607464053603E-015  0.000000000000E+000  5.547916517538E-014  0.000000000000E+000  8.538492864358E-015  0.000000000000E+000  1.102791420923E-017  0.000000000000E+000  5.060565174123E-014  0.000000000000E+000
   1.790000000000E+002  1.095585040610E-017  0.000000000000E+000  0.000000000000E+000  4.581188940369E-015  0.000000000000E+000  5.516289992555E-014  0.000000000000E+000  8.489793636025E-015  0.000000000000E+000  1.095585040610E-017  0.000000000000E+000  5.031678558865E-014  0.000000000000E+000
   1.792500000000E+002  1.088337680165E-017  0.000000000000E+000  0.000000000000E+000  4.555097575878E-015  0.000000000000E+000  5.484883055457E-014  0.000000000000E+000  8.441459945451E-015  0.000000000000E+000  1.088337680165E-017  0.000000000000E+000  5.002993504571E-014  0.000000000000E+000
   1.795000000000E+002  1.081243147808E-017  0.000000000000E+000  0.000000000000E+000  4.529190820779E-015  0.000000000000E+000  5.453702151522E-014  0.000000000000E+000  8.393464212138E-015  0.000000000000E+000  1.081243147808E-017  0.000000000000E+000  4.974512970473E-014  0.000000000000E+000
   1.797500000000E+002  1.074171813843E-017  0.000000000000E+000  0.000000000000E+000  4.503470041675E-015  0.000000000000E+000  5.422744977892E-014  0.000000000000E+000  8.345799807394E-015  0.000000000000E+000  1.074171813843E-017  0.000000000000E+000  4.946242035140E-014  0.000000000000E+000
   1.800000000000E+002  1.067123679027E-017  0.000000000000E+000  0.000000000000E+000  4.477929814444E-015  0.000000000000E+000  5.392001376647E-014  0.000000000000E+000  8.298474990567E-015  0.000000000000E+000  1.067123679027E-017  0.000000000000E+000  4.918163416284E-014  0.000000000000E+000
   1.802500000000E+002  1.060162502724E-017  0.000000000000E+000  0.000000000000E+000  4.452572817181E-015  0.000000000000E+000  5.361478500574E-014  0.000000000000E+000  8.251492908205E-015  0.000000000000E+000  1.060162502724E-017  0.000000000000E+000  4.890284030103E-014  0.000000000000E+000
   1.805000000000E+002  1.053224104943E-017  0.000000000000E+000  0.000000000000E+000  4.427392647402E-015  0.000000000000E+000  5.331169623117E-014  0.000000000000E+000  8.204832169551E-015  0.000000000000E+000  1.053224104943E-017  0.000000000000E+000  4.862606792952E-014  0.000000000000E+000
   1.807500000000E+002  1.046371828274E-017  0.000000000000E+000  0.000000000000E+000  4.402390281081E-015  0.000000000000E+000  5.301074003941E-014  0.000000000000E+000  8.158510725546E-015  0.000000000000E+000  1.046371828274E-017  0.000000000000E+000  4.835122808905E-014  0.000000000000E+000
   1.810000000000E+002  1.039605053699E-017  0.000000000000E+000  0.000000000000E+000  4.377562098958E-015  0.000000000000E+000  5.271192834932E-014  0.000000000000E+000  8.112502369353E-015  0.000000000000E+000  1.039605053699E-017  0.000000000000E+000  4.807829362143E-014  0.000000000000E+000
   1.812500000000E+002  1.032797296396E-017  0.000000000000E+000  0.000000000000E+000  4.352910289030E-015  0.000000000000E+000  5.241519218918E-014  0.000000000000E+000  8.066834876002E-015  0.000000000000E+000  1.032797296396E-017  0.000000000000E+000  4.780728983070E-014  0.000000000000E+000
   1.815000000000E+002  1.027015737144E-017  0.000000000000E+000  0.000000000000E+000  4.328474276975E-015  0.000000000000E+000  5.212080837316E-014  0.000000000000E+000  8.021578881541E-015  0.000000000000E+000  1.027015737144E-017  0.000000000000E+000  4.753333484611E-014  0.000000000000E+000
   1.817500000000E+002  1.019436433056E-017  0.000000000000E+000  0.000000000000E+000  4.304124620756E-015  0.000000000000E+000  5.182796829036E-014  0.000000000000E+000  7.976436952551E-015  0.000000000000E+000  1.019436433056E-017  0.000000000000E+000  4.727087660042E-014  0.000000000000E+000
   1.820000000000E+002  1.013754792402E-017  0.000000000000E+000  0.000000000000E+000  4.280030133173E-015  0.000000000000E+000  5.153769509054E-014  0.000000000000E+000  7.931814818881E-015  0.000000000000E+000  1.013754792402E-017  0.000000000000E+000  4.700082952945E-014  0.000000000000E+000
   1.822500000000E+002  1.006286787960E-017  0.000000000000E+000  0.000000000000E+000  4.256020357471E-015  0.000000000000E+000  5.124894947405E-014  0.000000000000E+000  7.887299184439E-015  0.000000000000E+000  1.006286787960E-017  0.000000000000E+000  4.674208224758E-014  0.000000000000E+000
   1.825000000000E+002  1.000703905250E-017  0.000000000000E+000  0.000000000000E+000  4.232259626065E-015  0.000000000000E+000  5.096267752045E-014  0.000000000000E+000  7.843303909816E-015  0.000000000000E+000  1.000703905250E-017  0.000000000000E+000  4.647578030021E-014  0.000000000000E+000
   1.827500000000E+002  9.933459331332E-018  0.000000000000E+000  0.000000000000E+000  4.208582819496E-015  0.000000000000E+000  5.067794137008E-014  0.000000000000E+000  7.799408973312E-015  0.000000000000E+000  9.933459331332E-018  0.000000000000E+000  4.622064336553E-014  0.000000000000E+000
   1.830000000000E+002  9.878606613096E-018  0.000000000000E+000  0.000000000000E+000  4.185152130454E-015  0.000000000000E+000  5.039569823203E-014  0.000000000000E+000  7.756024661204E-015  0.000000000000E+000  9.878606613096E-018  0.000000000000E+000  4.595806998100E-014  0.000000000000E+000
   1.832500000000E+002  9.806114650075E-018  0.000000000000E+000  0.000000000000E+000  4.161808394659E-015  0.000000000000E+000  5.011489676638E-014  0.000000000000E+000  7.712728579851E-015  0.000000000000E+000  9.806114650075E-018  0.000000000000E+000  4.570640993472E-014  0.000000000000E+000
   1.835000000000E+002  9.752226657446E-018  0.000000000000E+000  0.000000000000E+000  4.138700573367E-015  0.000000000000E+000  4.983653133011E-014  0.000000000000E+000  7.669949113835E-015  0.000000000000E+000  9.752226657446E-018  0.000000000000E+000  4.544752397455E-014  0.000000000000E+000
   1.837500000000E+002  9.680810023123E-018  0.000000000000E+000  0.000000000000E+000  4.115675404008E-015  0.000000000000E+000  4.955961631786E-014  0.000000000000E+000  7.627256043491E-015  0.000000000000E+000  9.680810023123E-018  0.000000000000E+000  4.519938938403E-014  0.000000000000E+000
   1.840000000000E+002  9.627875501805E-018  0.000000000000E+000  0.000000000000E+000  4.092887958243E-015  0.000000000000E+000  4.928508984951E-014  0.000000000000E+000  7.585065864369E-015  0.000000000000E+000  9.627875501805E-018  0.000000000000E+000  4.494399893934E-014  0.000000000000E+000
   1.842500000000E+002  9.557521867849E-018  0.000000000000E+000  0.000000000000E+000  4.070182481413E-015  0.000000000000E+000  4.901200637274E-014  0.000000000000E+000  7.542955036902E-015  0.000000000000E+000  9.557521867849E-018  0.000000000000E+000  4.469928882053E-014  0.000000000000E+000
   1.845000000000E+002  9.504925958249E-018  0.000000000000E+000  0.000000000000E+000  4.047708450874E-015  0.000000000000E+000  4.874126452297E-014  0.000000000000E+000  7.501348303428E-015  0.000000000000E+000  9.504925958249E-018  0.000000000000E+000  4.444747559798E-014  0.000000000000E+000
   1.847500000000E+002  9.435625303083E-018  0.000000000000E+000  0.000000000000E+000  4.025314826989E-015  0.000000000000E+000  4.847192258517E-014  0.000000000000E+000  7.459828593333E-015  0.000000000000E+000  9.435625303083E-018  0.000000000000E+000  4.420613880578E-014  0.000000000000E+000
   1.850000000000E+002  9.383966191222E-018  0.000000000000E+000  0.000000000000E+000  4.003150649182E-015  0.000000000000E+000  4.820491892853E-014  0.000000000000E+000  7.418784855575E-015  0.000000000000E+000  9.383966191222E-018  0.000000000000E+000  4.395775137503E-014  0.000000000000E+000
   1.852500000000E+002  9.325271691925E-018  0.000000000000E+000  0.000000000000E+000  3.981104716340E-015  0.000000000000E+000  4.793950876756E-014  0.000000000000E+000  7.377928583784E-015  0.000000000000E+000  9.325271691925E-018  0.000000000000E+000  4.371529988627E-014  0.000000000000E+000
   1.855000000000E+002  9.266165226107E-018  0.000000000000E+000  0.000000000000E+000  3.959205813590E-015  0.000000000000E+000  4.767587792193E-014  0.000000000000E+000  7.337353547820E-015  0.000000000000E+000  9.266165226107E-018  0.000000000000E+000  4.347456584513E-014  0.000000000000E+000
   1.857500000000E+002  9.207246673483E-018  0.000000000000E+000  0.000000000000E+000  3.937458598538E-015  0.000000000000E+000  4.741410965259E-014  0.000000000000E+000  7.297053049799E-015  0.000000000000E+000  9.207246673483E-018  0.000000000000E+000  4.323559788083E-014  0.000000000000E+000
   1.860000000000E+002  9.149108333958E-018  0.000000000000E+000  0.000000000000E+000  3.915856925525E-015  0.000000000000E+000  4.715412046311E-014  0.000000000000E+000  7.257025757816E-015  0.000000000000E+000  9.149108333958E-018  0.000000000000E+000  4.299817839482E-014  0.000000000000E+000
   1.862500000000E+002  9.091154130549E-018  0.000000000000E+000  0.000000000000E+000  3.894405872122E-015  0.000000000000E+000  4.689590876375E-014  0.000000000000E+000  7.217279579611E-015  0.000000000000E+000  9.091154130549E-018  0.000000000000E+000  4.276243433027E-014  0.000000000000E+000
   1.865000000000E+002  9.033384063296E-018  0.000000000000E+000  0.000000000000E+000  3.873101127705E-015  0.000000000000E+000  4.663943408317E-014  0.000000000000E+000  7.177808538699E-015  0.000000000000E+000  9.033384063296E-018  0.000000000000E+000  4.252829671573E-014  0.000000000000E+000
   1.867500000000E+002  8.976384808178E-018  0.000000000000E+000  0.000000000000E+000  3.851942908011E-015  0.000000000000E+000  4.638473536938E-014  0.000000000000E+000  7.138597412036E-015  0.000000000000E+000  8.976384808178E-018  0.000000000000E+000  4.229574112630E-014  0.000000000000E+000
   1.870000000000E+002  8.920150804614E-018  0.000000000000E+000  0.000000000000E+000  3.830926659525E-015  0.000000000000E+000  4.613176366295E-014  0.000000000000E+000  7.099649025434E-015  0.000000000000E+000  8.920150804614E-018  0.000000000000E+000  4.206475618394E-014  0.000000000000E+000
   1.872500000000E+002  8.864093485712E-018  0.000000000000E+000  0.000000000000E+000  3.810053939960E-015  0.000000000000E+000  4.588048608721E-014  0.000000000000E+000  7.060990593798E-015  0.000000000000E+000  8.864093485712E-018  0.000000000000E+000  4.183543438499E-014  0.000000000000E+000
   1.875000000000E+002  8.808212863961E-018  0.000000000000E+000  0.000000000000E+000  3.789323268931E-015  0.000000000000E+000  4.563096021424E-014  0.000000000000E+000  7.022569424252E-015  0.000000000000E+000  8.808212863961E-018  0.000000000000E+000  4.160757471397E-014  0.000000000000E+000
   1.877500000000E+002  8.753088284461E-018  0.000000000000E+000  0.000000000000E+000  3.768733660653E-015  0.000000000000E+000  4.538309456230E-014  0.000000000000E+000  6.984411640396E-015  0.000000000000E+000  8.753088284461E-018  0.000000000000E+000  4.138128631432E-014  0.000000000000E+000
   1.880000000000E+002  8.698136733967E-018  0.000000000000E+000  0.000000000000E+000  3.748281413239E-015  0.000000000000E+000  4.513692394298E-014  0.000000000000E+000  6.946516522875E-015  0.000000000000E+000  8.698136733967E-018  0.000000000000E+000  4.115653786743E-014  0.000000000000E+000
   1.882500000000E+002  8.643358224620E-018  0.000000000000E+000  0.000000000000E+000  3.727969952793E-015  0.000000000000E+000  4.489241284227E-014  0.000000000000E+000  6.908882761514E-015  0.000000000000E+000  8.643358224620E-018  0.000000000000E+000  4.093332182371E-014  0.000000000000E+000
   1.885000000000E+002  8.589326638268E-018  0.000000000000E+000  0.000000000000E+000  3.707796300912E-015  0.000000000000E+000  4.464957174507E-014  0.000000000000E+000  6.871500156857E-015  0.000000000000E+000  8.589326638268E-018  0.000000000000E+000  4.071156245161E-014  0.000000000000E+000
   1.887500000000E+002  8.536036580142E-018  0.000000000000E+000  0.000000000000E+000  3.687755916343E-015  0.000000000000E+000  4.440834148938E-014  0.000000000000E+000  6.834371260670E-015  0.000000000000E+000  8.536036580142E-018  0.000000000000E+000  4.049141581497E-014  0.000000000000E+000
   1.890000000000E+002  8.482912348076E-018  0.000000000000E+000  0.000000000000E+000  3.667852350475E-015  0.000000000000E+000  4.416873278899E-014  0.000000000000E+000  6.797481524300E-015  0.000000000000E+000  8.482912348076E-018  0.000000000000E+000  4.027261282434E-014  0.000000000000E+000
   1.892500000000E+002  8.429953930345E-018  0.000000000000E+000  0.000000000000E+000  3.648083611568E-015  0.000000000000E+000  4.393077001132E-014  0.000000000000E+000  6.760852603343E-015  0.000000000000E+000  8.429953930345E-018  0.000000000000E+000  4.005540755691E-014  0.000000000000E+000
   1.895000000000E+002  8.377161350478E-018  0.000000000000E+000  0.000000000000E+000  3.628447556811E-015  0.000000000000E+000  4.369437089844E-014  0.000000000000E+000  6.724469423362E-015  0.000000000000E+000  8.377161350478E-018  0.000000000000E+000  3.983961057680E-014  0.000000000000E+000
   1.897500000000E+002  8.325099588571E-018  0.000000000000E+000  0.000000000000E+000  3.608940607226E-015  0.000000000000E+000  4.345959351907E-014  0.000000000000E+000  6.688322305514E-015  0.000000000000E+000  8.325099588571E-018  0.000000000000E+000  3.962524717671E-014  0.000000000000E+000
   1.900000000000E+002  8.273763358793E-018  0.000000000000E+000  0.000000000000E+000  3.589565436175E-015  0.000000000000E+000  4.322634913803E-014  0.000000000000E+000  6.652417919766E-015  0.000000000000E+000  8.273763358793E-018  0.000000000000E+000  3.941234926324E-014  0.000000000000E+000
   1.902500000000E+002  8.222585899484E-018  0.000000000000E+000  0.000000000000E+000  3.570322547620E-015  0.000000000000E+000  4.299468757087E-014  0.000000000000E+000  6.616756301800E-015  0.000000000000E+000  8.222585899484E-018  0.000000000000E+000  3.920089039555E-014  0.000000000000E+000
   1.905000000000E+002  8.171567216403E-018  0.000000000000E+000  0.000000000000E+000  3.551205786873E-015  0.000000000000E+000  4.276457610011E-014  0.000000000000E+000  6.581340541957E-015  0.000000000000E+000  8.171567216403E-018  0.000000000000E+000  3.899077373429E-014  0.000000000000E+000
   1.907500000000E+002  8.121265336046E-018  0.000000000000E+000  0.000000000000E+000  3.532216409421E-015  0.000000000000E+000  4.253600711928E-014  0.000000000000E+000  6.546146440152E-015  0.000000000000E+000  8.121265336046E-018  0.000000000000E+000  3.878215626607E-014  0.000000000000E+000
   1.910000000000E+002  8.071118750307E-018  0.000000000000E+000  0.000000000000E+000  3.513355907182E-015  0.000000000000E+000  4.230892646875E-014  0.000000000000E+000  6.511200342494E-015  0.000000000000E+000  8.071118750307E-018  0.000000000000E+000  3.857482928071E-014  0.000000000000E+000
   1.912500000000E+002  8.021127470449E-018  0.000000000000E+000  0.000000000000E+000  3.494618429927E-015  0.000000000000E+000  4.208340541654E-014  0.000000000000E+000  6.476478057428E-015  0.000000000000E+000  8.021127470449E-018  0.000000000000E+000  3.836895258584E-014  0.000000000000E+000
   1.915000000000E+002  7.971844376805E-018  0.000000000000E+000  0.000000000000E+000  3.476007490926E-015  0.000000000000E+000  4.185933502679E-014  0.000000000000E+000  6.441988376651E-015  0.000000000000E+000  7.971844376805E-018  0.000000000000E+000  3.816442678394E-014  0.000000000000E+000
   1.917500000000E+002  7.922713140308E-018  0.000000000000E+000  0.000000000000E+000  3.457518687116E-015  0.000000000000E+000  4.163680939811E-014  0.000000000000E+000  6.407733931912E-015  0.000000000000E+000  7.922713140308E-018  0.000000000000E+000  3.796128020248E-014  0.000000000000E+000
   1.920000000000E+002  7.874283269953E-018  0.000000000000E+000  0.000000000000E+000  3.439152871504E-015  0.000000000000E+000  4.141571209181E-014  0.000000000000E+000  6.373700601268E-015  0.000000000000E+000  7.874283269953E-018  0.000000000000E+000  3.775947498648E-014  0.000000000000E+000
   1.922500000000E+002  7.826001857894E-018  0.000000000000E+000  0.000000000000E+000  3.420910365774E-015  0.000000000000E+000  4.119607581060E-014  0.000000000000E+000  6.339895997075E-015  0.000000000000E+000  7.826001857894E-018  0.000000000000E+000  3.755901681094E-014  0.000000000000E+000
   1.925000000000E+002  7.777868931480E-018  0.000000000000E+000  0.000000000000E+000  3.402786524049E-015  0.000000000000E+000  4.097792335535E-014  0.000000000000E+000  6.306319034252E-015  0.000000000000E+000  7.777868931480E-018  0.000000000000E+000  3.735983042152E-014  0.000000000000E+000
   1.927500000000E+002  7.730428924089E-018  0.000000000000E+000  0.000000000000E+000  3.384785311839E-015  0.000000000000E+000  4.076118680815E-014  0.000000000000E+000  6.272946440840E-015  0.000000000000E+000  7.730428924089E-018  0.000000000000E+000  3.716203512914E-014  0.000000000000E+000
   1.930000000000E+002  7.683134036139E-018  0.000000000000E+000  0.000000000000E+000  3.366898013496E-015  0.000000000000E+000  4.054588903273E-014  0.000000000000E+000  6.239817160247E-015  0.000000000000E+000  7.683134036139E-018  0.000000000000E+000  3.696549917595E-014  0.000000000000E+000
   1.932500000000E+002  7.636525389736E-018  0.000000000000E+000  0.000000000000E+000  3.349131882827E-015  0.000000000000E+000  4.033201794979E-014  0.000000000000E+000  6.206885965658E-015  0.000000000000E+000  7.636525389736E-018  0.000000000000E+000  3.677028840362E-014  0.000000000000E+000
   1.935000000000E+002  7.590058551209E-018  0.000000000000E+000  0.000000000000E+000  3.331482773208E-015  0.000000000000E+000  4.011954114067E-014  0.000000000000E+000  6.174178194152E-015  0.000000000000E+000  7.590058551209E-018  0.000000000000E+000  3.657630614951E-014  0.000000000000E+000
   1.937500000000E+002  7.543733515216E-018  0.000000000000E+000  0.000000000000E+000  3.313948780100E-015  0.000000000000E+000  3.990848422597E-014  0.000000000000E+000  6.141692781634E-015  0.000000000000E+000  7.543733515216E-018  0.000000000000E+000  3.638363680127E-014  0.000000000000E+000
   1.940000000000E+002  7.498086476526E-018  0.000000000000E+000  0.000000000000E+000  3.296531761856E-015  0.000000000000E+000  3.969877752638E-014  0.000000000000E+000  6.109420111926E-015  0.000000000000E+000  7.498086476526E-018  0.000000000000E+000  3.619225531476E-014  0.000000000000E+000
   1.942500000000E+002  7.452577961872E-018  0.000000000000E+000  0.000000000000E+000  3.279226358030E-015  0.000000000000E+000  3.949046290347E-014  0.000000000000E+000  6.077341676431E-015  0.000000000000E+000  7.452577961872E-018  0.000000000000E+000  3.600209983519E-014  0.000000000000E+000
   1.945000000000E+002  7.407207976406E-018  0.000000000000E+000  0.000000000000E+000  3.262035137518E-015  0.000000000000E+000  3.928351627073E-014  0.000000000000E+000  6.045495211955E-015  0.000000000000E+000  7.407207976406E-018  0.000000000000E+000  3.581315284612E-014  0.000000000000E+000
   1.947500000000E+002  7.362507844980E-018  0.000000000000E+000  0.000000000000E+000  3.244954765754E-015  0.000000000000E+000  3.907790216765E-014  0.000000000000E+000  6.013841037746E-015  0.000000000000E+000  7.362507844980E-018  0.000000000000E+000  3.562550961944E-014  0.000000000000E+000
   1.950000000000E+002  7.317942987135E-018  0.000000000000E+000  0.000000000000E+000  3.227987841643E-015  0.000000000000E+000  3.887363672859E-014  0.000000000000E+000  5.982399962253E-015  0.000000000000E+000  7.317942987135E-018  0.000000000000E+000  3.543911507368E-014  0.000000000000E+000
   1.952500000000E+002  7.274041551477E-018  0.000000000000E+000  0.000000000000E+000  3.211131527791E-015  0.000000000000E+000  3.867072157560E-014  0.000000000000E+000  5.951162448668E-015  0.000000000000E+000  7.274041551477E-018  0.000000000000E+000  3.525383795534E-014  0.000000000000E+000
   1.955000000000E+002  7.230272192679E-018  0.000000000000E+000  0.000000000000E+000  3.194383097843E-015  0.000000000000E+000  3.846910427230E-014  0.000000000000E+000  5.920127120153E-015  0.000000000000E+000  7.230272192679E-018  0.000000000000E+000  3.506983171802E-014  0.000000000000E+000
   1.957500000000E+002  7.186634920870E-018  0.000000000000E+000  0.000000000000E+000  3.177744536939E-015  0.000000000000E+000  3.826881679674E-014  0.000000000000E+000  5.889301815089E-015  0.000000000000E+000  7.186634920870E-018  0.000000000000E+000  3.488701702249E-014  0.000000000000E+000
   1.960000000000E+002  7.143653099210E-018  0.000000000000E+000  0.000000000000E+000  3.161214319499E-015  0.000000000000E+000  3.806983065699E-014  0.000000000000E+000  5.858672546658E-015  0.000000000000E+000  7.143653099210E-018  0.000000000000E+000  3.470537666362E-014  0.000000000000E+000
   1.962500000000E+002  7.100800196047E-018  0.000000000000E+000  0.000000000000E+000  3.144791162361E-015  0.000000000000E+000  3.787213192564E-014  0.000000000000E+000  5.828234285164E-015  0.000000000000E+000  7.100800196047E-018  0.000000000000E+000  3.452497132178E-014  0.000000000000E+000
   1.965000000000E+002  7.058076211249E-018  0.000000000000E+000  0.000000000000E+000  3.128475337813E-015  0.000000000000E+000  3.767568473634E-014  0.000000000000E+000  5.798003189138E-015  0.000000000000E+000  7.058076211249E-018  0.000000000000E+000  3.434567467091E-014  0.000000000000E+000
   1.967500000000E+002  7.015999820854E-018  0.000000000000E+000  0.000000000000E+000  3.112266287759E-015  0.000000000000E+000  3.748053505929E-014  0.000000000000E+000  5.767961286668E-015  0.000000000000E+000  7.015999820854E-018  0.000000000000E+000  3.416752937162E-014  0.000000000000E+000
   1.970000000000E+002  6.974049223705E-018  0.000000000000E+000  0.000000000000E+000  3.096160187007E-015  0.000000000000E+000  3.728665632517E-014  0.000000000000E+000  5.738107613900E-015  0.000000000000E+000  6.974049223705E-018  0.000000000000E+000  3.399060558488E-014  0.000000000000E+000
   1.972500000000E+002  6.932224419805E-018  0.000000000000E+000  0.000000000000E+000  3.080156551111E-015  0.000000000000E+000  3.709401779850E-014  0.000000000000E+000  5.708458393125E-015  0.000000000000E+000  6.932224419805E-018  0.000000000000E+000  3.381477467150E-014  0.000000000000E+000
   1.975000000000E+002  6.891039445254E-018  0.000000000000E+000  0.000000000000E+000  3.064258611266E-015  0.000000000000E+000  3.690259330234E-014  0.000000000000E+000  5.678999754710E-015  0.000000000000E+000  6.891039445254E-018  0.000000000000E+000  3.364008227471E-014  0.000000000000E+000
   1.977500000000E+002  6.849977177117E-018  0.000000000000E+000  0.000000000000E+000  3.048461115233E-015  0.000000000000E+000  3.671242728615E-014  0.000000000000E+000  5.649722630397E-015  0.000000000000E+000  6.849977177117E-018  0.000000000000E+000  3.346650837804E-014  0.000000000000E+000
   1.980000000000E+002  6.809037615396E-018  0.000000000000E+000  0.000000000000E+000  3.032765699211E-015  0.000000000000E+000  3.652347929472E-014  0.000000000000E+000  5.620634360290E-015  0.000000000000E+000  6.809037615396E-018  0.000000000000E+000  3.329409502546E-014  0.000000000000E+000
   1.982500000000E+002  6.768730213866E-018  0.000000000000E+000  0.000000000000E+000  3.017170902870E-015  0.000000000000E+000  3.633575785615E-014  0.000000000000E+000  5.591742736082E-015  0.000000000000E+000  6.768730213866E-018  0.000000000000E+000  3.312271832354E-014  0.000000000000E+000
   1.985000000000E+002  6.728542470263E-018  0.000000000000E+000  0.000000000000E+000  3.001676497696E-015  0.000000000000E+000  3.614921877233E-014  0.000000000000E+000  5.563021401813E-015  0.000000000000E+000  6.728542470263E-018  0.000000000000E+000  3.295246259904E-014  0.000000000000E+000
   1.987500000000E+002  6.688980823564E-018  0.000000000000E+000  0.000000000000E+000  2.986281079657E-015  0.000000000000E+000  3.596386570600E-014  0.000000000000E+000  5.534499068285E-015  0.000000000000E+000  6.688980823564E-018  0.000000000000E+000  3.278333714244E-014  0.000000000000E+000
   1.990000000000E+002  6.649535829328E-018  0.000000000000E+000  0.000000000000E+000  2.970985170552E-015  0.000000000000E+000  3.577971476164E-014  0.000000000000E+000  5.506157994059E-015  0.000000000000E+000  6.649535829328E-018  0.000000000000E+000  3.261530116013E-014  0.000000000000E+000
   1.992500000000E+002  6.610207478194E-018  0.000000000000E+000  0.000000000000E+000  2.955784706352E-015  0.000000000000E+000  3.559674508491E-014  0.000000000000E+000  5.477980801054E-015  0.000000000000E+000  6.610207478194E-018  0.000000000000E+000  3.244825027487E-014  0.000000000000E+000
   1.995000000000E+002  6.570995784209E-018  0.000000000000E+000  0.000000000000E+000  2.940682922974E-015  0.000000000000E+000  3.541494503010E-014  0.000000000000E+000  5.450003947789E-015  0.000000000000E+000  6.570995784209E-018  0.000000000000E+000  3.228236409504E-014  0.000000000000E+000
   1.997500000000E+002  6.532401209646E-018  0.000000000000E+000  0.000000000000E+000  2.925678565284E-015  0.000000000000E+000  3.523430162028E-014  0.000000000000E+000  5.422197915003E-015  0.000000000000E+000  6.532401209646E-018  0.000000000000E+000  3.211750295423E-014  0.000000000000E+000
   2.000000000000E+002  6.493920315638E-018  0.000000000000E+000  0.000000000000E+000  2.910769018967E-015  0.000000000000E+000  3.505478824648E-014  0.000000000000E+000  5.394561340439E-015  0.000000000000E+000  6.493920315638E-018  0.000000000000E+000  3.195366543772E-014  0.000000000000E+000
