#===============================================================================================================================================================================
#     Step |         Time |         State |                                     Energy |      Angular |     Gradient |      Density |           Expectation Value |    Runtime |
#          |              |  diag |   MCH |          kin |          pot |          tot |     Momentum |          RMS |        Total |           DM |            S |            |
#          |         [fs] |       |       |         [eV] |         [eV] |         [eV] |       [hbar] |     [eV/Ang] |              |      [Debye] |              |      [sec] |
#===============================================================================================================================================================================
         0        0.00000       1       1       0.041553      -0.680637      -0.639083       0.077486       7.681303       1.000000       2.289977       1.000000           24
         1        0.25000       1       1       0.164116      -0.804455      -0.640339       0.077486       7.510544       1.000000       2.255617       1.000000            9
         2        0.50000       1       1       0.516045      -1.159147      -0.643102       0.077486       7.109807       1.000000       2.180739       1.000000            8
         3        0.75000       1       1       1.054420      -1.700849      -0.646429       0.077486       6.553390       1.000000       2.066505       1.000000            8
         4        1.00000       1       1       1.725655      -2.375095      -0.649440       0.077486       5.925018       1.000000       1.915116       1.000000            9
         5        1.25000       1       1       2.478406      -3.130027      -0.651621       0.077486       5.296342       1.000000       1.729713       1.000000            8
         6        1.50000       1       1       3.271767      -3.924640      -0.652873       0.077485       4.716228       1.000000       1.514303       1.000000            9
         7        1.75000       1       1       4.077885      -4.731233      -0.653348       0.077485       4.210582       1.000000       1.273844       1.000000            9
         8        2.00000       1       1       4.880648      -5.533944      -0.653296       0.077485       3.787801       1.000000       1.014903       1.000000            8
         9        2.25000       1       1       5.672668      -6.325617      -0.652949       0.077485       3.444863       1.000000       0.748336       1.000000            9
        10        2.50000       1       1       6.452084      -7.104583      -0.652499       0.077485       3.171870       1.000000       0.501080       1.000000            9
        11        2.75000       1       1       7.219857      -7.871932      -0.652075       0.077485       2.955378       1.000000       0.366398       1.000000            9
        12        3.00000       1       1       7.977790      -8.629545      -0.651754       0.077485       2.781095       1.000000       0.482218       1.000000            9
        13        3.25000       1       1       8.727295      -9.378855      -0.651560       0.077485       2.635996       1.000000       0.749137       1.000000            9
        14        3.50000       1       1       9.468822     -10.120304      -0.651482       0.077485       2.509655       1.000000       1.062344       1.000000            8
        15        3.75000       1       1      10.201781     -10.853274      -0.651492       0.077485       2.394652       1.000000       1.391834       1.000000            9
        16        4.00000       1       1      10.924749     -11.576309      -0.651560       0.077485       2.286199       1.000000       1.727773       1.000000            9
# Surface Hop/Pointer State Switch: new state=    3 old state=    1 randnum=  0.245172599
        17        4.25000       3       2      11.635834     -12.287394      -0.651560       0.077391       0.000000       1.000000       2.065804       1.000000           18
        18        4.50000       3       2      11.972914     -12.974020      -1.001106       0.077391       2.079729       1.000000       2.398996       1.000000           10
        19        4.75000       3       2      12.643621     -13.644863      -1.001242       0.077391       1.978599       1.000000       2.731175       1.000000           12
# Surface Hop/Pointer State Switch: new state=    5 old state=    3 randnum=  0.850580624
        20        5.00000       5       3      13.296107     -14.297349      -1.001242       0.077296       0.000000       1.000000       3.062007       1.000000           16
        21        5.25000       5       3      13.601116     -14.921688      -1.320572       0.077296       1.777547       1.000000       3.388380       1.000000           10
        22        5.50000       5       3      14.203369     -15.524013      -1.320644       0.077296       1.678242       1.000000       3.714315       1.000000           11
        23        5.75000       5       3      14.782020     -16.102694      -1.320675       0.077296       1.580455       1.000000       4.040456       1.000000           11
        24        6.00000       5       3      15.335988     -16.656651      -1.320663       0.077296       1.485239       1.000000       4.367436       1.000000           11
        25        6.25000       5       3      15.864753     -17.185366      -1.320613       0.077296       1.393601       1.000000       4.695783       1.000000           10
        26        6.50000       5       3      16.368374     -17.688867      -1.320492       0.077296       1.306877       1.000000       5.025835       1.000000           12
# Surface Hop/Pointer State Switch: new state=    7 old state=    5 randnum=  0.208397586
        27        6.75000       7       4      16.846713     -18.167205      -1.320492       0.077276       0.000000       1.000000       5.359369       1.000000           19
        28        7.00000       7       4      17.065824     -18.618578      -1.552754       0.077276       1.146888       1.000000       5.691247       1.000000           12
        29        7.25000       7       4      17.494374     -19.047013      -1.552639       0.077276       1.075107       1.000000       6.025999       1.000000           21
# Surface Hop/Pointer State Switch: new state=    9 old state=    7 randnum=  0.481487544
        30        7.50000       9       5      17.900925     -19.453563      -1.552639       0.077263       1.008391       1.000000       6.363147       1.000000           20
        31        7.75000       9       5      18.286784     -19.839309      -1.552525       0.077263       0.946504       1.000000       6.702664       1.000000           12
        32        8.00000       9       5      18.652932     -20.205347      -1.552415       0.077263       0.889172       1.000000       7.044426       1.000000           10
        33        8.25000       9       5      19.000459     -20.552768      -1.552309       0.077263       0.836095       1.000000       7.388354       1.000000           12
        34        8.50000       9       5      19.330432     -20.882641      -1.552209       0.077263       0.786967       1.000000       7.734365       1.000000           11
        35        8.75000       9       5      19.643880     -21.195994      -1.552114       0.077263       0.741489       1.000000       8.082376       1.000000           11
        36        9.00000       9       5      19.941787     -21.493812      -1.552025       0.077263       0.699375       1.000000       8.432304       1.000000           14
        37        9.25000       9       5      20.225089     -21.777031      -1.551942       0.077263       0.660353       1.000000       8.784069       1.000000           12
        38        9.50000       9       5      20.494669     -22.046533      -1.551864       0.077263       0.624173       1.000000       9.137591       1.000000           13
        39        9.75000       9       5      20.751361     -22.303152      -1.551791       0.077263       0.590600       1.000000       9.492796       1.000000           12
        40       10.00000       9       5      20.995945     -22.547668      -1.551724       0.077262       0.559419       1.000000       9.849610       1.000000           13
        41       10.25000       9       5      21.229153     -22.780814      -1.551661       0.077262       0.530432       1.000000      10.207964       1.000000           13
        42       10.50000       9       5      21.451671     -23.003273      -1.551603       0.077262       0.503457       1.000000      10.567791       1.000000           13
        43       10.75000       9       5      21.664137     -23.215685      -1.551549       0.077262       0.478330       1.000000      10.929028       1.000000           12
        44       11.00000       9       5      21.867149     -23.418647      -1.551498       0.077262       0.454900       1.000000      11.291615       1.000000           13
        45       11.25000       9       5      22.061263     -23.612714      -1.551451       0.077262       0.433028       1.000000      11.655493       1.000000           15
        46       11.50000       9       5      22.246998     -23.798406      -1.551408       0.077262       0.412590       1.000000      12.020609       1.000000           15
        47       11.75000       9       5      22.424839     -23.976207      -1.551368       0.077262       0.393473       1.000000      12.386911       1.000000           15
        48       12.00000       9       5      22.595237     -24.146567      -1.551330       0.077262       0.375571       1.000000      12.754351       1.000000           14
        49       12.25000       9       5      22.758613     -24.309908      -1.551295       0.077262       0.358792       1.000000      13.122882       1.000000           14
        50       12.50000       9       5      22.915360     -24.466622      -1.551262       0.077262       0.343047       1.000000      13.492460       1.000000           15
        51       12.75000       9       5      23.065844     -24.617076      -1.551232       0.077262       0.328260       1.000000      13.863045       1.000000           12
        52       13.00000       9       5      23.210408     -24.761612      -1.551204       0.077262       0.314357       1.000000      14.234596       1.000000           11
        53       13.25000       9       5      23.349371     -24.900548      -1.551178       0.077262       0.301274       1.000000      14.607077       1.000000           12
        54       13.50000       9       5      23.483031     -25.034184      -1.551153       0.077262       0.288950       1.000000      14.980453       1.000000           11
        55       13.75000       9       5      23.611669     -25.162799      -1.551130       0.077262       0.277330       1.000000      15.354690       1.000000           11
        56       14.00000       9       5      23.735545     -25.286654      -1.551109       0.077262       0.266365       1.000000      15.729756       1.000000           12
        57       14.25000       9       5      23.854904     -25.405992      -1.551089       0.077262       0.256007       1.000000      16.105619       1.000000           12
        58       14.50000       9       5      23.969975     -25.521044      -1.551070       0.077262       0.246216       1.000000      16.482254       1.000000           12
        59       14.75000       9       5      24.080972     -25.632024      -1.551052       0.077262       0.236951       1.000000      16.859632       1.000000           11
        60       15.00000       9       5      24.188097     -25.739133      -1.551036       0.077262       0.228178       1.000000      17.237726       1.000000           12
        61       15.25000       9       5      24.291540     -25.842560      -1.551020       0.077262       0.219863       1.000000      17.616512       1.000000           10
        62       15.50000       9       5      24.391476     -25.942482      -1.551006       0.077262       0.211977       1.000000      17.995967       1.000000           10
        63       15.75000       9       5      24.488075     -26.039067      -1.550992       0.077262       0.204491       1.000000      18.376066       1.000000            9
        64       16.00000       9       5      24.581491     -26.132470      -1.550979       0.077262       0.197379       1.000000      18.756792       1.000000           11
        65       16.25000       9       5      24.671873     -26.222840      -1.550967       0.077262       0.190619       1.000000      19.138120       1.000000           10
        66       16.50000       9       5      24.759361     -26.310316      -1.550956       0.077262       0.184187       1.000000      19.520033       1.000000            9
        67       16.75000       9       5      24.844084     -26.395029      -1.550945       0.077262       0.178064       1.000000      19.902511       1.000000           10
        68       17.00000       9       5      24.926167     -26.477102      -1.550935       0.077262       0.172231       1.000000      20.285538       1.000000           10
        69       17.25000       9       5      25.005726     -26.556651      -1.550926       0.077262       0.166670       1.000000      20.669095       1.000000            9
        70       17.50000       9       5      25.082871     -26.633787      -1.550917       0.077262       0.161365       1.000000      21.053166       1.000000            8
        71       17.75000       9       5      25.157706     -26.708614      -1.550908       0.077262       0.156301       1.000000      21.437736       1.000000            9
        72       18.00000       9       5      25.230330     -26.781230      -1.550900       0.077262       0.151464       1.000000      21.822790       1.000000            8
        73       18.25000       9       5      25.300836     -26.851728      -1.550892       0.077262       0.146842       1.000000      22.208314       1.000000            8
        74       18.50000       9       5      25.369311     -26.920196      -1.550885       0.077262       0.142421       1.000000      22.594293       1.000000            8
        75       18.75000       9       5      25.435839     -26.986718      -1.550878       0.077262       0.138191       1.000000      22.980714       1.000000            8
# Surface Hop/Pointer State Switch: new state=    1 old state=    9 randnum=  0.171473731
        76       19.00000       1       1      25.890112     -27.440990      -1.550878       0.071386       0.000000       1.000000      23.367804       1.000000           38
        77       19.25000       1       1      25.921373     -27.504417      -1.583044       0.071427       0.130531       1.000000      23.757815       1.000000           19
        78       19.50000       1       1      25.983057     -27.566037      -1.582981       0.071564       0.126773       1.000000      24.148212       1.000000            8
        79       19.75000       1       1      26.043056     -27.625976      -1.582920       0.071765       0.123171       1.000000      24.539006       1.000000           10
# Surface Hop/Pointer State Switch: new state=    9 old state=    1 randnum=  0.500132035
        80       20.00000       9       5      25.711420     -27.294340      -1.582920       0.071349       0.000000       1.000000      24.929952       1.000000           38
        81       20.25000       9       5      25.739170     -27.350599      -1.611429       0.071349       0.116186       1.000000      25.318385       1.000000            8
        82       20.50000       9       5      25.793968     -27.405392      -1.611424       0.071350       0.113039       1.000000      25.707182       1.000000            8
        83       20.75000       9       5      25.847354     -27.458773      -1.611419       0.071350       0.110014       1.000000      26.096333       1.000000            9
        84       21.00000       9       5      25.899381     -27.510796      -1.611415       0.071350       0.107106       1.000000      26.485828       1.000000            8
        85       21.25000       9       5      25.950098     -27.561509      -1.611411       0.071350       0.104309       1.000000      26.875659       1.000000            8
        86       21.50000       9       5      25.999554     -27.610961      -1.611407       0.071350       0.101618       1.000000      27.265818       1.000000            9
        87       21.75000       9       5      26.047793     -27.659197      -1.611404       0.071350       0.099026       1.000000      27.656295       1.000000            8
        88       22.00000       9       5      26.094859     -27.706259      -1.611400       0.071350       0.096531       1.000000      28.047084       1.000000            8
        89       22.25000       9       5      26.140792     -27.752188      -1.611397       0.071350       0.094126       1.000000      28.438176       1.000000            8
        90       22.50000       9       5      26.185632     -27.797025      -1.611393       0.071350       0.091807       1.000000      28.829565       1.000000            8
        91       22.75000       9       5      26.229416     -27.840806      -1.611390       0.071350       0.089572       1.000000      29.221242       1.000000            8
        92       23.00000       9       5      26.272181     -27.883568      -1.611387       0.071350       0.087415       1.000000      29.613201       1.000000            7
        93       23.25000       9       5      26.313960     -27.925345      -1.611385       0.071350       0.085333       1.000000      30.005436       1.000000            8
        94       23.50000       9       5      26.354787     -27.966169      -1.611382       0.071350       0.083324       1.000000      30.397940       1.000000            9
        95       23.75000       9       5      26.394692     -28.006072      -1.611379       0.071350       0.081382       1.000000      30.790708       1.000000            8
        96       24.00000       9       5      26.433707     -28.045084      -1.611377       0.071350       0.079507       1.000000      31.183732       1.000000            7
        97       24.25000       9       5      26.471859     -28.083234      -1.611375       0.071350       0.077694       1.000000      31.577006       1.000000            8
        98       24.50000       9       5      26.509177     -28.120550      -1.611372       0.071350       0.075941       1.000000      31.970527       1.000000            8
        99       24.75000       9       5      26.545687     -28.157057      -1.611370       0.071350       0.074246       1.000000      32.364287       1.000000            8
       100       25.00000       9       5      26.581413     -28.192782      -1.611368       0.071350       0.072605       1.000000      32.758282       1.000000            8
       101       25.25000       9       5      26.616382     -28.227748      -1.611366       0.071350       0.071017       1.000000      33.152507       1.000000            8
       102       25.50000       9       5      26.650615     -28.261979      -1.611364       0.071350       0.069480       1.000000      33.546956       1.000000            8
       103       25.75000       9       5      26.684136     -28.295498      -1.611362       0.071349       0.067991       1.000000      33.941624       1.000000            8
       104       26.00000       9       5      26.716965     -28.328326      -1.611361       0.071349       0.066549       1.000000      34.336509       1.000000            7
       105       26.25000       9       5      26.749124     -28.360483      -1.611359       0.071349       0.065151       1.000000      34.731604       1.000000            7
       106       26.50000       9       5      26.780633     -28.391990      -1.611357       0.071349       0.063796       1.000000      35.126906       1.000000            9
       107       26.75000       9       5      26.811510     -28.422865      -1.611356       0.071349       0.062482       1.000000      35.522410       1.000000            8
       108       27.00000       9       5      26.841774     -28.453128      -1.611354       0.071349       0.061207       1.000000      35.918111       1.000000            8
       109       27.25000       9       5      26.871443     -28.482795      -1.611353       0.071349       0.059970       1.000000      36.314008       1.000000            8
       110       27.50000       9       5      26.900533     -28.511885      -1.611351       0.071349       0.058770       1.000000      36.710093       1.000000            7
       111       27.75000       9       5      26.929062     -28.540412      -1.611350       0.071349       0.057604       1.000000      37.106366       1.000000            8
       112       28.00000       9       5      26.957045     -28.568394      -1.611349       0.071349       0.056473       1.000000      37.502821       1.000000            8
       113       28.25000       9       5      26.984497     -28.595845      -1.611348       0.071349       0.055373       1.000000      37.899455       1.000000            9
       114       28.50000       9       5      27.011433     -28.622779      -1.611346       0.071349       0.054305       1.000000      38.296265       1.000000            8
       115       28.75000       9       5      27.037867     -28.649212      -1.611345       0.071349       0.053268       1.000000      38.693248       1.000000            8
       116       29.00000       9       5      27.063813     -28.675157      -1.611344       0.071348       0.052259       1.000000      39.090400       1.000000            7
       117       29.25000       9       5      27.089283     -28.700626      -1.611343       0.071348       0.051278       1.000000      39.487717       1.000000            8
       118       29.50000       9       5      27.114291     -28.725633      -1.611342       0.071348       0.050324       1.000000      39.885198       1.000000            8
       119       29.75000       9       5      27.138849     -28.750190      -1.611341       0.071348       0.049395       1.000000      40.282838       1.000000            8
       120       30.00000       9       5      27.162969     -28.774308      -1.611340       0.071348       0.048492       1.000000      40.680636       1.000000            8
       121       30.25000       9       5      27.186661     -28.798000      -1.611339       0.071348       0.047613       1.000000      41.078587       1.000000            8
       122       30.50000       9       5      27.209938     -28.821276      -1.611338       0.071348       0.046757       1.000000      41.476690       1.000000            7
       123       30.75000       9       5      27.232809     -28.844146      -1.611337       0.071348       0.045924       1.000000      41.874941       1.000000            9
       124       31.00000       9       5      27.255285     -28.866622      -1.611336       0.071348       0.045113       1.000000      42.273339       1.000000            8
       125       31.25000       9       5      27.277377     -28.888712      -1.611336       0.071348       0.044322       1.000000      42.671880       1.000000            8
       126       31.50000       9       5      27.299093     -28.910428      -1.611335       0.071348       0.043552       1.000000      43.070562       1.000000            7
       127       31.75000       9       5      27.320443     -28.931777      -1.611334       0.071348       0.042801       1.000000      43.469383       1.000000            9
       128       32.00000       9       5      27.341436     -28.952770      -1.611333       0.071348       0.042070       1.000000      43.868339       1.000000            7
       129       32.25000       9       5      27.362081     -28.973414      -1.611333       0.071348       0.041356       1.000000      44.267430       1.000000            8
       130       32.50000       9       5      27.382387     -28.993719      -1.611332       0.071348       0.040661       1.000000      44.666652       1.000000            8
       131       32.75000       9       5      27.402360     -29.013692      -1.611331       0.071347       0.039982       1.000000      45.066003       1.000000            8
       132       33.00000       9       5      27.422010     -29.033341      -1.611331       0.071347       0.039320       1.000000      45.465481       1.000000            9
       133       33.25000       9       5      27.441344     -29.052674      -1.611330       0.071347       0.038675       1.000000      45.865086       1.000000            7
       134       33.50000       9       5      27.460370     -29.071699      -1.611329       0.071347       0.038044       1.000000      46.264813       1.000000            8
       135       33.75000       9       5      27.479094     -29.090423      -1.611329       0.071347       0.037429       1.000000      46.664661       1.000000            8
       136       34.00000       9       5      27.497524     -29.108852      -1.611328       0.071347       0.036828       1.000000      47.064629       1.000000            8
       137       34.25000       9       5      27.515666     -29.126994      -1.611328       0.071347       0.036242       1.000000      47.464713       1.000000            9
       138       34.50000       9       5      27.533528     -29.144855      -1.611327       0.071347       0.035669       1.000000      47.864913       1.000000            8
       139       34.75000       9       5      27.551114     -29.162441      -1.611327       0.071347       0.035110       1.000000      48.265226       1.000000            8
       140       35.00000       9       5      27.568433     -29.179759      -1.611326       0.071347       0.034563       1.000000      48.665652       1.000000            8
       141       35.25000       9       5      27.585489     -29.196814      -1.611326       0.071347       0.034029       1.000000      49.066187       1.000000            8
       142       35.50000       9       5      27.602288     -29.213613      -1.611325       0.071347       0.033507       1.000000      49.466830       1.000000            8
       143       35.75000       9       5      27.618837     -29.230161      -1.611325       0.071347       0.032997       1.000000      49.867581       1.000000            8
       144       36.00000       9       5      27.635140     -29.246464      -1.611324       0.071347       0.032498       1.000000      50.268437       1.000000            8
       145       36.25000       9       5      27.651203     -29.262527      -1.611324       0.071347       0.032010       1.000000      50.669396       1.000000            8
       146       36.50000       9       5      27.667031     -29.278355      -1.611323       0.071347       0.031533       1.000000      51.070456       1.000000            8
       147       36.75000       9       5      27.682630     -29.293953      -1.611323       0.071347       0.031067       1.000000      51.471618       1.000000            8
       148       37.00000       9       5      27.698004     -29.309326      -1.611322       0.071347       0.030610       1.000000      51.872879       1.000000            7
       149       37.25000       9       5      27.713157     -29.324479      -1.611322       0.071347       0.030164       1.000000      52.274237       1.000000            9
       150       37.50000       9       5      27.728095     -29.339417      -1.611322       0.071347       0.029727       1.000000      52.675691       1.000000            8
       151       37.75000       9       5      27.742822     -29.354143      -1.611321       0.071347       0.029299       1.000000      53.077240       1.000000            7
       152       38.00000       9       5      27.757342     -29.368663      -1.611321       0.071347       0.028881       1.000000      53.478882       1.000000            8
       153       38.25000       9       5      27.771660     -29.382981      -1.611321       0.071347       0.028471       1.000000      53.880617       1.000000            7
       154       38.50000       9       5      27.785780     -29.397100      -1.611320       0.071347       0.028070       1.000000      54.282442       1.000000            8
       155       38.75000       9       5      27.799706     -29.411025      -1.611320       0.071347       0.027677       1.000000      54.684355       1.000000            8
       156       39.00000       9       5      27.813441     -29.424760      -1.611320       0.071347       0.027292       1.000000      55.086358       1.000000            8
       157       39.25000       9       5      27.826990     -29.438309      -1.611319       0.071347       0.026915       1.000000      55.488447       1.000000            8
       158       39.50000       9       5      27.840356     -29.451675      -1.611319       0.071347       0.026546       1.000000      55.890623       1.000000            7
       159       39.75000       9       5      27.853543     -29.464862      -1.611319       0.071347       0.026184       1.000000      56.292883       1.000000            8
       160       40.00000       9       5      27.866555     -29.477873      -1.611318       0.071346       0.025829       1.000000      56.695226       1.000000            8
       161       40.25000       9       5      27.879394     -29.490712      -1.611318       0.071346       0.025482       1.000000      57.097651       1.000000            8
       162       40.50000       9       5      27.892065     -29.503382      -1.611318       0.071346       0.025141       1.000000      57.500159       1.000000            8
       163       40.75000       9       5      27.904570     -29.515888      -1.611318       0.071346       0.024807       1.000000      57.902745       1.000000            8
       164       41.00000       9       5      27.916913     -29.528230      -1.611317       0.071346       0.024480       1.000000      58.305412       1.000000            8
       165       41.25000       9       5      27.929097     -29.540414      -1.611317       0.071346       0.024159       1.000000      58.708155       1.000000            8
       166       41.50000       9       5      27.941124     -29.552441      -1.611317       0.071346       0.023844       1.000000      59.110976       1.000000            8
       167       41.75000       9       5      27.952998     -29.564315      -1.611317       0.071346       0.023535       1.000000      59.513874       1.000000            8
       168       42.00000       9       5      27.964722     -29.576038      -1.611316       0.071346       0.023232       1.000000      59.916846       1.000000            7
       169       42.25000       9       5      27.976299     -29.587615      -1.611316       0.071346       0.022935       1.000000      60.319892       1.000000            8
       170       42.50000       9       5      27.987730     -29.599046      -1.611316       0.071346       0.022644       1.000000      60.723011       1.000000            8
       171       42.75000       9       5      27.999019     -29.610335      -1.611316       0.071346       0.022358       1.000000      61.126203       1.000000            8
       172       43.00000       9       5      28.010169     -29.621485      -1.611315       0.071346       0.022077       1.000000      61.529465       1.000000            7
       173       43.25000       9       5      28.021182     -29.632497      -1.611315       0.071346       0.021801       1.000000      61.932798       1.000000            9
       174       43.50000       9       5      28.032061     -29.643375      -1.611315       0.071346       0.021531       1.000000      62.336200       1.000000            7
       175       43.75000       9       5      28.042807     -29.654122      -1.611315       0.071345       0.021266       1.000000      62.739672       1.000000            8
       176       44.00000       9       5      28.053423     -29.664738      -1.611314       0.071345       0.021005       1.000000      63.143210       1.000000            7
       177       44.25000       9       5      28.063912     -29.675227      -1.611315       0.071345       0.020749       1.000000      63.546817       1.000000            8
       178       44.50000       9       5      28.074276     -29.685590      -1.611314       0.071345       0.020497       1.000000      63.950488       1.000000            7
       179       44.75000       9       5      28.084517     -29.695831      -1.611314       0.071345       0.020251       1.000000      64.354226       1.000000            8
       180       45.00000       9       5      28.094637     -29.705951      -1.611314       0.071345       0.020008       1.000000      64.758027       1.000000            8
       181       45.25000       9       5      28.104639     -29.715952      -1.611314       0.071345       0.019770       1.000000      65.161893       1.000000            8
       182       45.50000       9       5      28.114524     -29.725837      -1.611313       0.071345       0.019536       1.000000      65.565821       1.000000            7
       183       45.75000       9       5      28.124294     -29.735607      -1.611313       0.071345       0.019306       1.000000      65.969813       1.000000            8
       184       46.00000       9       5      28.133951     -29.745264      -1.611313       0.071345       0.019080       1.000000      66.373865       1.000000            8
       185       46.25000       9       5      28.143498     -29.754811      -1.611313       0.071345       0.018858       1.000000      66.777977       1.000000            7
       186       46.50000       9       5      28.152936     -29.764249      -1.611313       0.071345       0.018640       1.000000      67.182151       1.000000            7
       187       46.75000       9       5      28.162267     -29.773579      -1.611313       0.071345       0.018425       1.000000      67.586383       1.000000            8
       188       47.00000       9       5      28.171492     -29.782805      -1.611312       0.071345       0.018215       1.000000      67.990675       1.000000            7
       189       47.25000       9       5      28.180614     -29.791927      -1.611312       0.071345       0.018007       1.000000      68.395024       1.000000            8
       190       47.50000       9       5      28.189634     -29.800947      -1.611312       0.071345       0.017804       1.000000      68.799431       1.000000            8
       191       47.75000       9       5      28.198555     -29.809867      -1.611312       0.071345       0.017603       1.000000      69.203895       1.000000            7
       192       48.00000       9       5      28.207376     -29.818688      -1.611312       0.071345       0.017406       1.000000      69.608414       1.000000            8
       193       48.25000       9       5      28.216101     -29.827413      -1.611312       0.071345       0.017212       1.000000      70.012989       1.000000            8
       194       48.50000       9       5      28.224730     -29.836042      -1.611312       0.071345       0.017022       1.000000      70.417619       1.000000            7
       195       48.75000       9       5      28.233266     -29.844578      -1.611311       0.071344       0.016834       1.000000      70.822304       1.000000            8
       196       49.00000       9       5      28.241710     -29.853021      -1.611311       0.071345       0.016650       1.000000      71.227041       1.000000            8
       197       49.25000       9       5      28.250062     -29.861374      -1.611311       0.071345       0.016468       1.000000      71.631832       1.000000            7
       198       49.50000       9       5      28.258326     -29.869637      -1.611311       0.071344       0.016290       1.000000      72.036675       1.000000            8
       199       49.75000       9       5      28.266501     -29.877812      -1.611311       0.071344       0.016114       1.000000      72.441571       1.000000            7
       200       50.00000       9       5      28.274590     -29.885901      -1.611311       0.071344       0.015941       1.000000      72.846517       1.000000            8
       201       50.25000       9       5      28.282594     -29.893904      -1.611311       0.071344       0.015771       1.000000      73.251515       1.000000            8
       202       50.50000       9       5      28.290513     -29.901824      -1.611311       0.071344       0.015604       1.000000      73.656562       1.000000            7
       203       50.75000       9       5      28.298351     -29.909661      -1.611311       0.071344       0.015439       1.000000      74.061659       1.000000            8
       204       51.00000       9       5      28.306107     -29.917417      -1.611311       0.071344       0.015277       1.000000      74.466806       1.000000            8
       205       51.25000       9       5      28.313783     -29.925093      -1.611310       0.071344       0.015117       1.000000      74.872001       1.000000            8
       206       51.50000       9       5      28.321380     -29.932690      -1.611310       0.071344       0.014960       1.000000      75.277244       1.000000            7
       207       51.75000       9       5      28.328899     -29.940209      -1.611310       0.071344       0.014805       1.000000      75.682535       1.000000            8
       208       52.00000       9       5      28.336342     -29.947652      -1.611310       0.071344       0.014653       1.000000      76.087873       1.000000            7
       209       52.25000       9       5      28.343710     -29.955020      -1.611310       0.071344       0.014502       1.000000      76.493258       1.000000            8
       210       52.50000       9       5      28.351003     -29.962313      -1.611310       0.071344       0.014355       1.000000      76.898689       1.000000            7
       211       52.75000       9       5      28.358224     -29.969534      -1.611310       0.071344       0.014209       1.000000      77.304166       1.000000            8
       212       53.00000       9       5      28.365372     -29.976682      -1.611310       0.071344       0.014066       1.000000      77.709688       1.000000            7
       213       53.25000       9       5      28.372450     -29.983760      -1.611310       0.071344       0.013924       1.000000      78.115254       1.000000            8
       214       53.50000       9       5      28.379458     -29.990767      -1.611310       0.071344       0.013785       1.000000      78.520865       1.000000            7
       215       53.75000       9       5      28.386396     -29.997706      -1.611310       0.071344       0.013648       1.000000      78.926520       1.000000            8
       216       54.00000       9       5      28.393267     -30.004577      -1.611309       0.071344       0.013513       1.000000      79.332219       1.000000            7
       217       54.25000       9       5      28.400071     -30.011381      -1.611309       0.071344       0.013380       1.000000      79.737960       1.000000            8
       218       54.50000       9       5      28.406810     -30.018119      -1.611309       0.071344       0.013248       1.000000      80.143744       1.000000            9
       219       54.75000       9       5      28.413483     -30.024792      -1.611309       0.071344       0.013119       1.000000      80.549571       1.000000            8
       220       55.00000       9       5      28.420092     -30.031401      -1.611309       0.071344       0.012992       1.000000      80.955438       1.000000            9
       221       55.25000       9       5      28.426638     -30.037947      -1.611309       0.071343       0.012866       1.000000      81.361348       1.000000            7
       222       55.50000       9       5      28.433122     -30.044431      -1.611309       0.071343       0.012742       1.000000      81.767299       1.000000            8
       223       55.75000       9       5      28.439544     -30.050853      -1.611309       0.071343       0.012620       1.000000      82.173290       1.000000            8
       224       56.00000       9       5      28.445906     -30.057215      -1.611309       0.071343       0.012500       1.000000      82.579321       1.000000            7
       225       56.25000       9       5      28.452208     -30.063517      -1.611309       0.071343       0.012381       1.000000      82.985392       1.000000            8
       226       56.50000       9       5      28.458452     -30.069760      -1.611309       0.071343       0.012265       1.000000      83.391502       1.000000            8
       227       56.75000       9       5      28.464637     -30.075946      -1.611309       0.071343       0.012149       1.000000      83.797651       1.000000            7
       228       57.00000       9       5      28.470765     -30.082074      -1.611309       0.071343       0.012036       1.000000      84.203839       1.000000            8
       229       57.25000       9       5      28.476837     -30.088145      -1.611309       0.071343       0.011923       1.000000      84.610066       1.000000            8
       230       57.50000       9       5      28.482853     -30.094161      -1.611308       0.071342       0.011813       1.000000      85.016330       1.000000            7
       231       57.75000       9       5      28.488814     -30.100123      -1.611308       0.071342       0.011704       1.000000      85.422632       1.000000            8
       232       58.00000       9       5      28.494721     -30.106029      -1.611308       0.071342       0.011596       1.000000      85.828971       1.000000            8
       233       58.25000       9       5      28.500575     -30.111883      -1.611308       0.071342       0.011490       1.000000      86.235348       1.000000            8
       234       58.50000       9       5      28.506375     -30.117684      -1.611308       0.071342       0.011386       1.000000      86.641760       1.000000            8
       235       58.75000       9       5      28.512124     -30.123432      -1.611308       0.071342       0.011282       1.000000      87.048210       1.000000            8
       236       59.00000       9       5      28.517822     -30.129130      -1.611308       0.071342       0.011180       1.000000      87.454695       1.000000            8
       237       59.25000       9       5      28.523469     -30.134777      -1.611308       0.071342       0.011080       1.000000      87.861215       1.000000            8
       238       59.50000       9       5      28.529065     -30.140373      -1.611308       0.071341       0.010981       1.000000      88.267771       1.000000            8
       239       59.75000       9       5      28.534613     -30.145921      -1.611308       0.071341       0.010883       1.000000      88.674361       1.000000            8
       240       60.00000       9       5      28.540112     -30.151420      -1.611308       0.071341       0.010786       1.000000      89.080987       1.000000            8
       241       60.25000       9       5      28.545563     -30.156870      -1.611308       0.071341       0.010691       1.000000      89.487646       1.000000            7
       242       60.50000       9       5      28.550966     -30.162274      -1.611308       0.071341       0.010597       1.000000      89.894340       1.000000            8
       243       60.75000       9       5      28.556323     -30.167630      -1.611308       0.071341       0.010504       1.000000      90.301067       1.000000            7
       244       61.00000       9       5      28.561633     -30.172941      -1.611308       0.071341       0.010413       1.000000      90.707828       1.000000            8
       245       61.25000       9       5      28.566898     -30.178205      -1.611308       0.071340       0.010322       1.000000      91.114622       1.000000            8
       246       61.50000       9       5      28.572117     -30.183425      -1.611308       0.071340       0.010233       1.000000      91.521449       1.000000           53
       247       61.75000       9       5      28.577292     -30.188600      -1.611308       0.071340       0.010145       1.000000      91.928308       1.000000           72
       248       62.00000       9       5      28.582424     -30.193731      -1.611308       0.071340       0.010058       1.000000      92.335199       1.000000           61
       249       62.25000       9       5      28.587512     -30.198819      -1.611307       0.071340       0.009972       1.000000      92.742123       1.000000           59
       250       62.50000       9       5      28.592557     -30.203864      -1.611307       0.071340       0.009887       1.000000      93.149079       1.000000           55
       251       62.75000       9       5      28.597560     -30.208867      -1.611307       0.071339       0.009804       1.000000      93.556066       1.000000           18
       252       63.00000       9       5      28.602521     -30.213828      -1.611307       0.071340       0.009721       1.000000      93.963083       1.000000            8
       253       63.25000       9       5      28.607441     -30.218748      -1.611307       0.071340       0.009639       1.000000      94.370133       1.000000            7
       254       63.50000       9       5      28.612320     -30.223627      -1.611307       0.071339       0.009559       1.000000      94.777212       1.000000            8
       255       63.75000       9       5      28.617159     -30.228466      -1.611307       0.071339       0.009479       1.000000      95.184322       1.000000            8
       256       64.00000       9       5      28.621958     -30.233265      -1.611307       0.071339       0.009401       1.000000      95.591463       1.000000            7
       257       64.25000       9       5      28.626718     -30.238025      -1.611307       0.071339       0.009323       1.000000      95.998632       1.000000            7
       258       64.50000       9       5      28.631439     -30.242746      -1.611307       0.071339       0.009246       1.000000      96.405832       1.000000            8
       259       64.75000       9       5      28.636122     -30.247429      -1.611307       0.071339       0.009170       1.000000      96.813061       1.000000            7
       260       65.00000       9       5      28.640767     -30.252074      -1.611307       0.071339       0.009096       1.000000      97.220319       1.000000            7
       261       65.25000       9       5      28.645374     -30.256681      -1.611307       0.071339       0.009022       1.000000      97.627607       1.000000            8
       262       65.50000       9       5      28.649945     -30.261252      -1.611307       0.071339       0.008949       1.000000      98.034923       1.000000            8
       263       65.75000       9       5      28.654479     -30.265786      -1.611307       0.071339       0.008876       1.000000      98.442267       1.000000            7
       264       66.00000       9       5      28.658977     -30.270284      -1.611307       0.071339       0.008805       1.000000      98.849640       1.000000            7
       265       66.25000       9       5      28.663440     -30.274747      -1.611307       0.071339       0.008735       1.000000      99.257040       1.000000            8
       266       66.50000       9       5      28.667867     -30.279174      -1.611307       0.071339       0.008665       1.000000      99.664469       1.000000            7
       267       66.75000       9       5      28.672259     -30.283566      -1.611307       0.071339       0.008596       1.000000     100.071925       1.000000            8
       268       67.00000       9       5      28.676617     -30.287924      -1.611307       0.071339       0.008528       1.000000     100.479408       1.000000            7
       269       67.25000       9       5      28.680941     -30.292248      -1.611307       0.071338       0.008461       1.000000     100.886918       1.000000            7
       270       67.50000       9       5      28.685232     -30.296538      -1.611307       0.071338       0.008395       1.000000     101.294455       1.000000            8
       271       67.75000       9       5      28.689489     -30.300795      -1.611307       0.071338       0.008329       1.000000     101.702019       1.000000            8
       272       68.00000       9       5      28.693713     -30.305020      -1.611307       0.071338       0.008264       1.000000     102.109610       1.000000            7
       273       68.25000       9       5      28.697905     -30.309212      -1.611307       0.071338       0.008200       1.000000     102.517227       1.000000            8
       274       68.50000       9       5      28.702065     -30.313371      -1.611307       0.071338       0.008137       1.000000     102.924869       1.000000            7
       275       68.75000       9       5      28.706193     -30.317499      -1.611307       0.071339       0.008074       1.000000     103.332538       1.000000            8
       276       69.00000       9       5      28.710289     -30.321596      -1.611307       0.071339       0.008012       1.000000     103.740233       1.000000            7
       277       69.25000       9       5      28.714355     -30.325661      -1.611307       0.071339       0.007951       1.000000     104.147953       1.000000            8
       278       69.50000       9       5      28.718390     -30.329696      -1.611306       0.071339       0.007890       1.000000     104.555698       1.000000            7
       279       69.75000       9       5      28.722394     -30.333701      -1.611306       0.071338       0.007830       1.000000     104.963468       1.000000            8
       280       70.00000       9       5      28.726369     -30.337675      -1.611306       0.071338       0.007771       1.000000     105.371263       1.000000            7
       281       70.25000       9       5      28.730314     -30.341620      -1.611306       0.071338       0.007713       1.000000     105.779083       1.000000            8
       282       70.50000       9       5      28.734230     -30.345536      -1.611306       0.071338       0.007655       1.000000     106.186927       1.000000            7
       283       70.75000       9       5      28.738116     -30.349423      -1.611306       0.071338       0.007598       1.000000     106.594795       1.000000            8
       284       71.00000       9       5      28.741974     -30.353280      -1.611306       0.071338       0.007541       1.000000     107.002688       1.000000            7
       285       71.25000       9       5      28.745804     -30.357110      -1.611306       0.071338       0.007485       1.000000     107.410604       1.000000            8
       286       71.50000       9       5      28.749605     -30.360912      -1.611306       0.071338       0.007430       1.000000     107.818546       1.000000            8
       287       71.75000       9       5      28.753379     -30.364685      -1.611306       0.071338       0.007375       1.000000     108.226509       1.000000            8
       288       72.00000       9       5      28.757125     -30.368432      -1.611306       0.071338       0.007321       1.000000     108.634497       1.000000            7
       289       72.25000       9       5      28.760844     -30.372151      -1.611306       0.071338       0.007267       1.000000     109.042508       1.000000            8
       290       72.50000       9       5      28.764537     -30.375843      -1.611306       0.071338       0.007214       1.000000     109.450542       1.000000            7
       291       72.75000       9       5      28.768202     -30.379509      -1.611306       0.071338       0.007162       1.000000     109.858599       1.000000            7
       292       73.00000       9       5      28.771842     -30.383148      -1.611306       0.071338       0.007110       1.000000     110.266679       1.000000            8
       293       73.25000       9       5      28.775455     -30.386761      -1.611306       0.071338       0.007059       1.000000     110.674781       1.000000            7
       294       73.50000       9       5      28.779043     -30.390349      -1.611306       0.071338       0.007008       1.000000     111.082905       1.000000            8
       295       73.75000       9       5      28.782605     -30.393911      -1.611306       0.071338       0.006958       1.000000     111.491052       1.000000            7
       296       74.00000       9       5      28.786142     -30.397448      -1.611306       0.071338       0.006908       1.000000     111.899221       1.000000            7
       297       74.25000       9       5      28.789654     -30.400960      -1.611306       0.071338       0.006859       1.000000     112.307412       1.000000            8
       298       74.50000       9       5      28.793142     -30.404448      -1.611306       0.071338       0.006811       1.000000     112.715625       1.000000            8
       299       74.75000       9       5      28.796605     -30.407911      -1.611306       0.071338       0.006763       1.000000     113.123859       1.000000            7
       300       75.00000       9       5      28.800043     -30.411349      -1.611306       0.071337       0.006715       1.000000     113.532115       1.000000            8
       301       75.25000       9       5      28.803458     -30.414764      -1.611306       0.071337       0.006668       1.000000     113.940392       1.000000            7
       302       75.50000       9       5      28.806850     -30.418156      -1.611306       0.071337       0.006621       1.000000     114.348691       1.000000            8
       303       75.75000       9       5      28.810218     -30.421523      -1.611306       0.071337       0.006575       1.000000     114.757010       1.000000            8
       304       76.00000       9       5      28.813562     -30.424868      -1.611306       0.071337       0.006530       1.000000     115.165350       1.000000            7
       305       76.25000       9       5      28.816884     -30.428190      -1.611306       0.071337       0.006484       1.000000     115.573711       1.000000            7
       306       76.50000       9       5      28.820183     -30.431489      -1.611306       0.071337       0.006440       1.000000     115.982093       1.000000            8
       307       76.75000       9       5      28.823460     -30.434765      -1.611306       0.071337       0.006396       1.000000     116.390495       1.000000            8
       308       77.00000       9       5      28.826714     -30.438020      -1.611306       0.071336       0.006352       1.000000     116.798918       1.000000            7
       309       77.25000       9       5      28.829946     -30.441252      -1.611306       0.071336       0.006308       1.000000     117.207360       1.000000            7
       310       77.50000       9       5      28.833157     -30.444463      -1.611306       0.071336       0.006266       1.000000     117.615823       1.000000            8
       311       77.75000       9       5      28.836346     -30.447651      -1.611306       0.071336       0.006223       1.000000     118.024305       1.000000            7
       312       78.00000       9       5      28.839513     -30.450819      -1.611306       0.071336       0.006181       1.000000     118.432807       1.000000            7
       313       78.25000       9       5      28.842660     -30.453965      -1.611306       0.071336       0.006139       1.000000     118.841329       1.000000            8
       314       78.50000       9       5      28.845785     -30.457091      -1.611306       0.071336       0.006098       1.000000     119.249871       1.000000            7
       315       78.75000       9       5      28.848890     -30.460195      -1.611306       0.071336       0.006057       1.000000     119.658432       1.000000            8
       316       79.00000       9       5      28.851974     -30.463280      -1.611306       0.071335       0.006017       1.000000     120.067012       1.000000            6
       317       79.25000       9       5      28.855038     -30.466343      -1.611306       0.071335       0.005977       1.000000     120.475610       1.000000            8
       318       79.50000       9       5      28.858082     -30.469387      -1.611306       0.071335       0.005937       1.000000     120.884228       1.000000            8
       319       79.75000       9       5      28.861105     -30.472411      -1.611306       0.071334       0.005898       1.000000     121.292866       1.000000            8
       320       80.00000       9       5      28.864109     -30.475415      -1.611306       0.071335       0.005859       1.000000     121.701521       1.000000            7
       321       80.25000       9       5      28.867094     -30.478399      -1.611306       0.071334       0.005821       1.000000     122.110196       1.000000            7
       322       80.50000       9       5      28.870059     -30.481365      -1.611306       0.071334       0.005783       1.000000     122.518888       1.000000            8
       323       80.75000       9       5      28.873005     -30.484311      -1.611306       0.071335       0.005745       1.000000     122.927599       1.000000            7
       324       81.00000       9       5      28.875932     -30.487237      -1.611306       0.071335       0.005708       1.000000     123.336329       1.000000            8
       325       81.25000       9       5      28.878840     -30.490146      -1.611306       0.071334       0.005671       1.000000     123.745076       1.000000            7
       326       81.50000       9       5      28.881730     -30.493035      -1.611306       0.071334       0.005634       1.000000     124.153842       1.000000            8
       327       81.75000       9       5      28.884601     -30.495906      -1.611305       0.071334       0.005598       1.000000     124.562625       1.000000            8
       328       82.00000       9       5      28.887454     -30.498759      -1.611305       0.071334       0.005562       1.000000     124.971426       1.000000            7
       329       82.25000       9       5      28.890288     -30.501594      -1.611305       0.071334       0.005527       1.000000     125.380245       1.000000            9
       330       82.50000       9       5      28.893105     -30.504411      -1.611305       0.071334       0.005491       1.000000     125.789081       1.000000            7
       331       82.75000       9       5      28.895904     -30.507210      -1.611305       0.071334       0.005457       1.000000     126.197935       1.000000            9
       332       83.00000       9       5      28.898686     -30.509991      -1.611305       0.071334       0.005422       1.000000     126.606806       1.000000            9
       333       83.25000       9       5      28.901450     -30.512755      -1.611305       0.071334       0.005388       1.000000     127.015694       1.000000           10
       334       83.50000       9       5      28.904196     -30.515502      -1.611305       0.071334       0.005354       1.000000     127.424599       1.000000            8
       335       83.75000       9       5      28.906926     -30.518231      -1.611305       0.071333       0.005320       1.000000     127.833521       1.000000            9
       336       84.00000       9       5      28.909639     -30.520944      -1.611305       0.071333       0.005287       1.000000     128.242461       1.000000            9
       337       84.25000       9       5      28.912334     -30.523640      -1.611305       0.071333       0.005254       1.000000     128.651417       1.000000            9
       338       84.50000       9       5      28.915014     -30.526319      -1.611305       0.071333       0.005221       1.000000     129.060390       1.000000            9
       339       84.75000       9       5      28.917676     -30.528982      -1.611305       0.071333       0.005189       1.000000     129.469379       1.000000            9
       340       85.00000       9       5      28.920323     -30.531628      -1.611305       0.071333       0.005157       1.000000     129.878385       1.000000            9
       341       85.25000       9       5      28.922953     -30.534258      -1.611305       0.071332       0.005125       1.000000     130.287406       1.000000            9
       342       85.50000       9       5      28.925567     -30.536873      -1.611305       0.071332       0.005094       1.000000     130.696445       1.000000            9
       343       85.75000       9       5      28.928166     -30.539471      -1.611305       0.071332       0.005062       1.000000     131.105499       1.000000           10
       344       86.00000       9       5      28.930748     -30.542054      -1.611305       0.071332       0.005032       1.000000     131.514570       1.000000            8
       345       86.25000       9       5      28.933315     -30.544621      -1.611305       0.071331       0.005001       1.000000     131.923657       1.000000            9
       346       86.50000       9       5      28.935867     -30.547172      -1.611305       0.071331       0.004971       1.000000     132.332759       1.000000            9
       347       86.75000       9       5      28.938403     -30.549708      -1.611305       0.071332       0.004940       1.000000     132.741877       1.000000           10
       348       87.00000       9       5      28.940924     -30.552229      -1.611305       0.071332       0.004911       1.000000     133.151011       1.000000            9
       349       87.25000       9       5      28.943430     -30.554735      -1.611305       0.071331       0.004881       1.000000     133.560160       1.000000            9
       350       87.50000       9       5      28.945921     -30.557226      -1.611305       0.071331       0.004852       1.000000     133.969325       1.000000            9
       351       87.75000       9       5      28.948397     -30.559702      -1.611305       0.071331       0.004823       1.000000     134.378506       1.000000            9
       352       88.00000       9       5      28.950859     -30.562164      -1.611305       0.071332       0.004794       1.000000     134.787701       1.000000            9
       353       88.25000       9       5      28.953306     -30.564611      -1.611305       0.071332       0.004766       1.000000     135.196912       1.000000            9
       354       88.50000       9       5      28.955738     -30.567043      -1.611305       0.071332       0.004737       1.000000     135.606138       1.000000            9
       355       88.75000       9       5      28.958157     -30.569462      -1.611305       0.071332       0.004709       1.000000     136.015379       1.000000            9
       356       89.00000       9       5      28.960561     -30.571866      -1.611305       0.071332       0.004682       1.000000     136.424635       1.000000            9
       357       89.25000       9       5      28.962951     -30.574256      -1.611305       0.071332       0.004654       1.000000     136.833905       1.000000            9
       358       89.50000       9       5      28.965327     -30.576632      -1.611305       0.071332       0.004627       1.000000     137.243191       1.000000            9
       359       89.75000       9       5      28.967690     -30.578995      -1.611305       0.071332       0.004600       1.000000     137.652492       1.000000            9
       360       90.00000       9       5      28.970039     -30.581344      -1.611305       0.071331       0.004573       1.000000     138.061806       1.000000            9
       361       90.25000       9       5      28.972374     -30.583679      -1.611305       0.071331       0.004546       1.000000     138.471136       1.000000            9
       362       90.50000       9       5      28.974696     -30.586001      -1.611305       0.071331       0.004520       1.000000     138.880479       1.000000            9
       363       90.75000       9       5      28.977004     -30.588309      -1.611305       0.071331       0.004494       1.000000     139.289837       1.000000            9
       364       91.00000       9       5      28.979299     -30.590605      -1.611305       0.071331       0.004468       1.000000     139.699209       1.000000            9
       365       91.25000       9       5      28.981582     -30.592887      -1.611305       0.071331       0.004442       1.000000     140.108596       1.000000           10
       366       91.50000       9       5      28.983851     -30.595156      -1.611305       0.071331       0.004417       1.000000     140.517996       1.000000            9
       367       91.75000       9       5      28.986107     -30.597412      -1.611305       0.071332       0.004392       1.000000     140.927410       1.000000           10
       368       92.00000       9       5      28.988351     -30.599656      -1.611305       0.071331       0.004367       1.000000     141.336840       1.000000            9
       369       92.25000       9       5      28.990582     -30.601887      -1.611305       0.071331       0.004342       1.000000     141.746282       1.000000            9
       370       92.50000       9       5      28.992800     -30.604105      -1.611305       0.071331       0.004317       1.000000     142.155737       1.000000            9
       371       92.75000       9       5      28.995006     -30.606311      -1.611305       0.071331       0.004293       1.000000     142.565207       1.000000            9
       372       93.00000       9       5      28.997200     -30.608505      -1.611305       0.071331       0.004269       1.000000     142.974690       1.000000            9
       373       93.25000       9       5      28.999381     -30.610686      -1.611305       0.071331       0.004245       1.000000     143.384188       1.000000            9
       374       93.50000       9       5      29.001551     -30.612856      -1.611305       0.071330       0.004221       1.000000     143.793698       1.000000            9
       375       93.75000       9       5      29.003708     -30.615013      -1.611305       0.071330       0.004197       1.000000     144.203222       1.000000           10
       376       94.00000       9       5      29.005853     -30.617158      -1.611305       0.071330       0.004174       1.000000     144.612758       1.000000            9
       377       94.25000       9       5      29.007987     -30.619292      -1.611305       0.071330       0.004151       1.000000     145.022309       1.000000            9
       378       94.50000       9       5      29.010108     -30.621413      -1.611305       0.071330       0.004128       1.000000     145.431873       1.000000            9
       379       94.75000       9       5      29.012218     -30.623523      -1.611305       0.071330       0.004105       1.000000     145.841449       1.000000            9
       380       95.00000       9       5      29.014317     -30.625622      -1.611305       0.071330       0.004083       1.000000     146.251038       1.000000            9
       381       95.25000       9       5      29.016404     -30.627709      -1.611305       0.071330       0.004060       1.000000     146.660641       1.000000            9
       382       95.50000       9       5      29.018480     -30.629785      -1.611305       0.071330       0.004038       1.000000     147.070256       1.000000            9
       383       95.75000       9       5      29.020544     -30.631849      -1.611305       0.071329       0.004016       1.000000     147.479884       1.000000           10
       384       96.00000       9       5      29.022597     -30.633902      -1.611305       0.071329       0.003994       1.000000     147.889525       1.000000            9
       385       96.25000       9       5      29.024640     -30.635944      -1.611305       0.071329       0.003972       1.000000     148.299179       1.000000            9
       386       96.50000       9       5      29.026671     -30.637976      -1.611305       0.071329       0.003951       1.000000     148.708845       1.000000            9
       387       96.75000       9       5      29.028691     -30.639996      -1.611305       0.071329       0.003929       1.000000     149.118523       1.000000            9
       388       97.00000       9       5      29.030700     -30.642005      -1.611305       0.071329       0.003908       1.000000     149.528214       1.000000            9
       389       97.25000       9       5      29.032699     -30.644004      -1.611305       0.071329       0.003887       1.000000     149.937918       1.000000            9
       390       97.50000       9       5      29.034687     -30.645992      -1.611305       0.071329       0.003866       1.000000     150.347634       1.000000            9
       391       97.75000       9       5      29.036665     -30.647970      -1.611305       0.071329       0.003846       1.000000     150.757362       1.000000            9
       392       98.00000       9       5      29.038632     -30.649937      -1.611305       0.071329       0.003825       1.000000     151.167102       1.000000            9
       393       98.25000       9       5      29.040588     -30.651893      -1.611305       0.071329       0.003805       1.000000     151.576855       1.000000           10
       394       98.50000       9       5      29.042535     -30.653840      -1.611305       0.071329       0.003785       1.000000     151.986619       1.000000            9
       395       98.75000       9       5      29.044471     -30.655776      -1.611305       0.071329       0.003764       1.000000     152.396396       1.000000            9
       396       99.00000       9       5      29.046397     -30.657701      -1.611305       0.071329       0.003745       1.000000     152.806183       1.000000            9
       397       99.25000       9       5      29.048312     -30.659617      -1.611305       0.071329       0.003725       1.000000     153.215984       1.000000            9
       398       99.50000       9       5      29.050218     -30.661523      -1.611305       0.071329       0.003705       1.000000     153.625796       1.000000            9
       399       99.75000       9       5      29.052114     -30.663419      -1.611305       0.071329       0.003686       1.000000     154.035620       1.000000            9
       400      100.00000       9       5      29.054000     -30.665305      -1.611305       0.071329       0.003667       1.000000     154.445455       1.000000            9
       401      100.25000       9       5      29.055877     -30.667181      -1.611305       0.071329       0.003648       1.000000     154.855302       1.000000            9
       402      100.50000       9       5      29.057743     -30.669048      -1.611305       0.071329       0.003629       1.000000     155.265160       1.000000            9
       403      100.75000       9       5      29.059600     -30.670905      -1.611305       0.071329       0.003610       1.000000     155.675031       1.000000            9
       404      101.00000       9       5      29.061448     -30.672752      -1.611305       0.071329       0.003591       1.000000     156.084912       1.000000            9
       405      101.25000       9       5      29.063286     -30.674590      -1.611305       0.071329       0.003573       1.000000     156.494805       1.000000           10
       406      101.50000       9       5      29.065114     -30.676419      -1.611305       0.071329       0.003554       1.000000     156.904709       1.000000            9
       407      101.75000       9       5      29.066933     -30.678238      -1.611305       0.071329       0.003536       1.000000     157.314625       1.000000            9
       408      102.00000       9       5      29.068743     -30.680048      -1.611305       0.071329       0.003518       1.000000     157.724551       1.000000            9
       409      102.25000       9       5      29.070544     -30.681849      -1.611305       0.071329       0.003500       1.000000     158.134490       1.000000            9
       410      102.50000       9       5      29.072336     -30.683641      -1.611305       0.071328       0.003482       1.000000     158.544438       1.000000            9
       411      102.75000       9       5      29.074119     -30.685423      -1.611305       0.071328       0.003464       1.000000     158.954398       1.000000            9
       412      103.00000       9       5      29.075892     -30.687197      -1.611305       0.071328       0.003447       1.000000     159.364369       1.000000            8
       413      103.25000       9       5      29.077657     -30.688962      -1.611305       0.071328       0.003429       1.000000     159.774351       1.000000           10
       414      103.50000       9       5      29.079413     -30.690718      -1.611305       0.071328       0.003412       1.000000     160.184344       1.000000            9
       415      103.75000       9       5      29.081160     -30.692465      -1.611305       0.071328       0.003395       1.000000     160.594347       1.000000            9
       416      104.00000       9       5      29.082898     -30.694203      -1.611305       0.071328       0.003378       1.000000     161.004362       1.000000            9
       417      104.25000       9       5      29.084628     -30.695933      -1.611305       0.071328       0.003361       1.000000     161.414387       1.000000            9
       418      104.50000       9       5      29.086349     -30.697654      -1.611305       0.071328       0.003344       1.000000     161.824422       1.000000            9
       419      104.75000       9       5      29.088062     -30.699367      -1.611305       0.071328       0.003328       1.000000     162.234469       1.000000            9
       420      105.00000       9       5      29.089766     -30.701071      -1.611305       0.071327       0.003311       1.000000     162.644525       1.000000            9
       421      105.25000       9       5      29.091462     -30.702767      -1.611305       0.071328       0.003295       1.000000     163.054592       1.000000            9
       422      105.50000       9       5      29.093149     -30.704454      -1.611305       0.071328       0.003278       1.000000     163.464670       1.000000            8
       423      105.75000       9       5      29.094829     -30.706133      -1.611305       0.071328       0.003262       1.000000     163.874758       1.000000            9
       424      106.00000       9       5      29.096500     -30.707804      -1.611305       0.071328       0.003246       1.000000     164.284857       1.000000            9
       425      106.25000       9       5      29.098162     -30.709467      -1.611305       0.071328       0.003230       1.000000     164.694965       1.000000            9
       426      106.50000       9       5      29.099817     -30.711122      -1.611305       0.071328       0.003214       1.000000     165.105084       1.000000            9
       427      106.75000       9       5      29.101464     -30.712769      -1.611305       0.071328       0.003199       1.000000     165.515213       1.000000            9
       428      107.00000       9       5      29.103103     -30.714407      -1.611305       0.071327       0.003183       1.000000     165.925352       1.000000            9
       429      107.25000       9       5      29.104733     -30.716038      -1.611305       0.071327       0.003168       1.000000     166.335501       1.000000            9
       430      107.50000       9       5      29.106356     -30.717661      -1.611305       0.071327       0.003152       1.000000     166.745660       1.000000            9
       431      107.75000       9       5      29.107972     -30.719276      -1.611305       0.071327       0.003137       1.000000     167.155830       1.000000           10
       432      108.00000       9       5      29.109579     -30.720884      -1.611305       0.071327       0.003122       1.000000     167.566009       1.000000            9
       433      108.25000       9       5      29.111179     -30.722483      -1.611305       0.071327       0.003107       1.000000     167.976198       1.000000            9
       434      108.50000       9       5      29.112771     -30.724075      -1.611305       0.071327       0.003092       1.000000     168.386397       1.000000            9
       435      108.75000       9       5      29.114355     -30.725660      -1.611305       0.071327       0.003077       1.000000     168.796606       1.000000            9
       436      109.00000       9       5      29.115932     -30.727237      -1.611305       0.071327       0.003062       1.000000     169.206824       1.000000            9
       437      109.25000       9       5      29.117501     -30.728806      -1.611305       0.071327       0.003048       1.000000     169.617053       1.000000            9
       438      109.50000       9       5      29.119064     -30.730368      -1.611305       0.071327       0.003033       1.000000     170.027290       1.000000            9
       439      109.75000       9       5      29.120618     -30.731923      -1.611305       0.071327       0.003019       1.000000     170.437537       1.000000            8
       440      110.00000       9       5      29.122165     -30.733470      -1.611305       0.071327       0.003005       1.000000     170.847795       1.000000            9
       441      110.25000       9       5      29.123706     -30.735010      -1.611305       0.071326       0.002990       1.000000     171.258061       1.000000            9
       442      110.50000       9       5      29.125238     -30.736543      -1.611305       0.071326       0.002976       1.000000     171.668337       1.000000           10
       443      110.75000       9       5      29.126764     -30.738069      -1.611305       0.071326       0.002962       1.000000     172.078622       1.000000            9
       444      111.00000       9       5      29.128283     -30.739587      -1.611305       0.071326       0.002948       1.000000     172.488917       1.000000            9
       445      111.25000       9       5      29.129794     -30.741099      -1.611305       0.071326       0.002935       1.000000     172.899221       1.000000            9
       446      111.50000       9       5      29.131299     -30.742603      -1.611305       0.071326       0.002921       1.000000     173.309535       1.000000            9
       447      111.75000       9       5      29.132796     -30.744101      -1.611305       0.071326       0.002907       1.000000     173.719857       1.000000           10
       448      112.00000       9       5      29.134287     -30.745591      -1.611305       0.071326       0.002894       1.000000     174.130189       1.000000           10
       449      112.25000       9       5      29.135770     -30.747075      -1.611305       0.071326       0.002880       1.000000     174.540530       1.000000            9
       450      112.50000       9       5      29.137247     -30.748552      -1.611305       0.071326       0.002867       1.000000     174.950880       1.000000            8
       451      112.75000       9       5      29.138717     -30.750022      -1.611305       0.071326       0.002854       1.000000     175.361239       1.000000            9
       452      113.00000       9       5      29.140181     -30.751485      -1.611305       0.071326       0.002841       1.000000     175.771607       1.000000           10
       453      113.25000       9       5      29.141637     -30.752942      -1.611305       0.071326       0.002828       1.000000     176.181985       1.000000            9
       454      113.50000       9       5      29.143087     -30.754392      -1.611305       0.071327       0.002815       1.000000     176.592371       1.000000            9
       455      113.75000       9       5      29.144531     -30.755835      -1.611305       0.071327       0.002802       1.000000     177.002766       1.000000            9
       456      114.00000       9       5      29.145968     -30.757272      -1.611305       0.071327       0.002789       1.000000     177.413170       1.000000            9
       457      114.25000       9       5      29.147398     -30.758703      -1.611305       0.071327       0.002776       1.000000     177.823582       1.000000            9
       458      114.50000       9       5      29.148822     -30.760127      -1.611305       0.071327       0.002764       1.000000     178.234003       1.000000            9
       459      114.75000       9       5      29.150239     -30.761544      -1.611305       0.071328       0.002751       1.000000     178.644434       1.000000           10
       460      115.00000       9       5      29.151651     -30.762955      -1.611305       0.071328       0.002739       1.000000     179.054873       1.000000            8
       461      115.25000       9       5      29.153055     -30.764360      -1.611305       0.071328       0.002726       1.000000     179.465321       1.000000           10
       462      115.50000       9       5      29.154454     -30.765758      -1.611305       0.071328       0.002714       1.000000     179.875777       1.000000            8
       463      115.75000       9       5      29.155846     -30.767151      -1.611305       0.071328       0.002702       1.000000     180.286241       1.000000           10
       464      116.00000       9       5      29.157232     -30.768537      -1.611305       0.071328       0.002690       1.000000     180.696715       1.000000            9
       465      116.25000       9       5      29.158612     -30.769916      -1.611305       0.071328       0.002678       1.000000     181.107197       1.000000            9
       466      116.50000       9       5      29.159986     -30.771290      -1.611305       0.071328       0.002666       1.000000     181.517688       1.000000            9
       467      116.75000       9       5      29.161353     -30.772658      -1.611305       0.071328       0.002654       1.000000     181.928186       1.000000            8
       468      117.00000       9       5      29.162715     -30.774019      -1.611305       0.071327       0.002642       1.000000     182.338694       1.000000            9
       469      117.25000       9       5      29.164070     -30.775375      -1.611305       0.071327       0.002630       1.000000     182.749208       1.000000            9
       470      117.50000       9       5      29.165420     -30.776725      -1.611305       0.071327       0.002619       1.000000     183.159733       1.000000            9
       471      117.75000       9       5      29.166764     -30.778068      -1.611305       0.071328       0.002607       1.000000     183.570265       1.000000            9
       472      118.00000       9       5      29.168101     -30.779406      -1.611305       0.071328       0.002596       1.000000     183.980805       1.000000           10
       473      118.25000       9       5      29.169433     -30.780738      -1.611304       0.071327       0.002584       1.000000     184.391354       1.000000            9
       474      118.50000       9       5      29.170760     -30.782064      -1.611304       0.071327       0.002573       1.000000     184.801911       1.000000           10
       475      118.75000       9       5      29.172080     -30.783384      -1.611304       0.071327       0.002562       1.000000     185.212476       1.000000            9
       476      119.00000       9       5      29.173395     -30.784699      -1.611304       0.071327       0.002550       1.000000     185.623049       1.000000            9
       477      119.25000       9       5      29.174703     -30.786008      -1.611304       0.071327       0.002539       1.000000     186.033630       1.000000            9
       478      119.50000       9       5      29.176007     -30.787311      -1.611304       0.071327       0.002528       1.000000     186.444219       1.000000           10
       479      119.75000       9       5      29.177304     -30.788609      -1.611304       0.071327       0.002517       1.000000     186.854816       1.000000            9
       480      120.00000       9       5      29.178596     -30.789901      -1.611304       0.071326       0.002506       1.000000     187.265421       1.000000            9
       481      120.25000       9       5      29.179883     -30.791187      -1.611304       0.071327       0.002496       1.000000     187.676034       1.000000            8
       482      120.50000       9       5      29.181164     -30.792468      -1.611304       0.071327       0.002485       1.000000     188.086655       1.000000           10
       483      120.75000       9       5      29.182439     -30.793744      -1.611304       0.071327       0.002474       1.000000     188.497284       1.000000            9
       484      121.00000       9       5      29.183709     -30.795014      -1.611304       0.071327       0.002464       1.000000     188.907921       1.000000            9
       485      121.25000       9       5      29.184974     -30.796278      -1.611304       0.071327       0.002453       1.000000     189.318565       1.000000           10
       486      121.50000       9       5      29.186233     -30.797538      -1.611304       0.071327       0.002442       1.000000     189.729217       1.000000            9
       487      121.75000       9       5      29.187487     -30.798792      -1.611304       0.071328       0.002432       1.000000     190.139877       1.000000            9
       488      122.00000       9       5      29.188736     -30.800040      -1.611304       0.071328       0.002422       1.000000     190.550545       1.000000            9
       489      122.25000       9       5      29.189979     -30.801284      -1.611304       0.071327       0.002411       1.000000     190.961220       1.000000            9
       490      122.50000       9       5      29.191217     -30.802522      -1.611304       0.071327       0.002401       1.000000     191.371903       1.000000            9
       491      122.75000       9       5      29.192450     -30.803754      -1.611304       0.071327       0.002391       1.000000     191.782593       1.000000            9
       492      123.00000       9       5      29.193678     -30.804982      -1.611304       0.071327       0.002381       1.000000     192.193291       1.000000            9
       493      123.25000       9       5      29.194900     -30.806205      -1.611304       0.071328       0.002371       1.000000     192.603997       1.000000            9
       494      123.50000       9       5      29.196118     -30.807422      -1.611304       0.071328       0.002361       1.000000     193.014710       1.000000            9
       495      123.75000       9       5      29.197330     -30.808634      -1.611304       0.071328       0.002351       1.000000     193.425430       1.000000            9
       496      124.00000       9       5      29.198537     -30.809842      -1.611304       0.071328       0.002341       1.000000     193.836158       1.000000           10
       497      124.25000       9       5      29.199740     -30.811044      -1.611304       0.071329       0.002331       1.000000     194.246893       1.000000            9
       498      124.50000       9       5      29.200937     -30.812241      -1.611304       0.071329       0.002322       1.000000     194.657636       1.000000            9
       499      124.75000       9       5      29.202129     -30.813434      -1.611304       0.071329       0.002312       1.000000     195.068386       1.000000            9
       500      125.00000       9       5      29.203317     -30.814621      -1.611304       0.071329       0.002302       1.000000     195.479144       1.000000           10
       501      125.25000       9       5      29.204499     -30.815803      -1.611304       0.071329       0.002293       1.000000     195.889909       1.000000            9
       502      125.50000       9       5      29.205677     -30.816981      -1.611304       0.071329       0.002283       1.000000     196.300680       1.000000            9
       503      125.75000       9       5      29.206850     -30.818154      -1.611304       0.071328       0.002274       1.000000     196.711459       1.000000            9
       504      126.00000       9       5      29.208017     -30.819322      -1.611304       0.071328       0.002265       1.000000     197.122246       1.000000            9
       505      126.25000       9       5      29.209181     -30.820485      -1.611304       0.071328       0.002255       1.000000     197.533039       1.000000           10
       506      126.50000       9       5      29.210339     -30.821644      -1.611304       0.071327       0.002246       1.000000     197.943839       1.000000            9
       507      126.75000       9       5      29.211493     -30.822797      -1.611304       0.071327       0.002237       1.000000     198.354647       1.000000            8
       508      127.00000       9       5      29.212642     -30.823946      -1.611304       0.071327       0.002228       1.000000     198.765462       1.000000            9
       509      127.25000       9       5      29.213786     -30.825091      -1.611304       0.071327       0.002219       1.000000     199.176284       1.000000            9
       510      127.50000       9       5      29.214926     -30.826231      -1.611304       0.071327       0.002210       1.000000     199.587113       1.000000           10
       511      127.75000       9       5      29.216061     -30.827366      -1.611304       0.071327       0.002201       1.000000     199.997948       1.000000            9
       512      128.00000       9       5      29.217192     -30.828496      -1.611304       0.071326       0.002192       1.000000     200.408792       1.000000            9
       513      128.25000       9       5      29.218318     -30.829622      -1.611304       0.071326       0.002183       1.000000     200.819641       1.000000            9
       514      128.50000       9       5      29.219439     -30.830744      -1.611304       0.071325       0.002174       1.000000     201.230498       1.000000            9
       515      128.75000       9       5      29.220556     -30.831861      -1.611304       0.071325       0.002165       1.000000     201.641361       1.000000            9
       516      129.00000       9       5      29.221669     -30.832973      -1.611304       0.071325       0.002157       1.000000     202.052231       1.000000            9
       517      129.25000       9       5      29.222777     -30.834081      -1.611304       0.071324       0.002148       1.000000     202.463109       1.000000           10
       518      129.50000       9       5      29.223881     -30.835185      -1.611304       0.071324       0.002139       1.000000     202.873993       1.000000            9
       519      129.75000       9       5      29.224980     -30.836284      -1.611304       0.071324       0.002131       1.000000     203.284883       1.000000            9
       520      130.00000       9       5      29.226075     -30.837379      -1.611304       0.071324       0.002122       1.000000     203.695780       1.000000            9
       521      130.25000       9       5      29.227166     -30.838470      -1.611304       0.071324       0.002114       1.000000     204.106684       1.000000            9
       522      130.50000       9       5      29.228252     -30.839556      -1.611304       0.071324       0.002105       1.000000     204.517596       1.000000            9
       523      130.75000       9       5      29.229334     -30.840638      -1.611304       0.071324       0.002097       1.000000     204.928513       1.000000           10
       524      131.00000       9       5      29.230412     -30.841716      -1.611304       0.071325       0.002089       1.000000     205.339437       1.000000            9
       525      131.25000       9       5      29.231485     -30.842789      -1.611304       0.071325       0.002081       1.000000     205.750368       1.000000            9
       526      131.50000       9       5      29.232554     -30.843859      -1.611304       0.071325       0.002072       1.000000     206.161305       1.000000            8
       527      131.75000       9       5      29.233619     -30.844924      -1.611304       0.071325       0.002064       1.000000     206.572249       1.000000           10
       528      132.00000       9       5      29.234680     -30.845985      -1.611304       0.071324       0.002056       1.000000     206.983200       1.000000            9
       529      132.25000       9       5      29.235737     -30.847042      -1.611304       0.071324       0.002048       1.000000     207.394156       1.000000            8
       530      132.50000       9       5      29.236790     -30.848094      -1.611304       0.071325       0.002040       1.000000     207.805119       1.000000           10
       531      132.75000       9       5      29.237839     -30.849143      -1.611304       0.071325       0.002032       1.000000     208.216089       1.000000            9
       532      133.00000       9       5      29.238883     -30.850187      -1.611304       0.071325       0.002024       1.000000     208.627066       1.000000            9
       533      133.25000       9       5      29.239924     -30.851228      -1.611304       0.071324       0.002016       1.000000     209.038048       1.000000           10
       534      133.50000       9       5      29.240960     -30.852264      -1.611304       0.071324       0.002008       1.000000     209.449037       1.000000            8
       535      133.75000       9       5      29.241992     -30.853297      -1.611304       0.071324       0.002001       1.000000     209.860032       1.000000            9
       536      134.00000       9       5      29.243021     -30.854325      -1.611304       0.071324       0.001993       1.000000     210.271033       1.000000            9
       537      134.25000       9       5      29.244046     -30.855350      -1.611304       0.071325       0.001985       1.000000     210.682042       1.000000           10
       538      134.50000       9       5      29.245066     -30.856370      -1.611304       0.071325       0.001978       1.000000     211.093056       1.000000            9
       539      134.75000       9       5      29.246083     -30.857387      -1.611304       0.071325       0.001970       1.000000     211.504076       1.000000            9
       540      135.00000       9       5      29.247096     -30.858400      -1.611304       0.071325       0.001962       1.000000     211.915103       1.000000            9
       541      135.25000       9       5      29.248105     -30.859409      -1.611304       0.071326       0.001955       1.000000     212.326136       1.000000            9
       542      135.50000       9       5      29.249110     -30.860414      -1.611304       0.071326       0.001947       1.000000     212.737175       1.000000            9
       543      135.75000       9       5      29.250111     -30.861415      -1.611304       0.071326       0.001940       1.000000     213.148220       1.000000            8
       544      136.00000       9       5      29.251109     -30.862413      -1.611304       0.071326       0.001933       1.000000     213.559272       1.000000            9
       545      136.25000       9       5      29.252102     -30.863407      -1.611304       0.071326       0.001925       1.000000     213.970329       1.000000            9
       546      136.50000       9       5      29.253092     -30.864397      -1.611304       0.071327       0.001918       1.000000     214.381393       1.000000           10
       547      136.75000       9       5      29.254079     -30.865383      -1.611304       0.071326       0.001911       1.000000     214.792462       1.000000            9
       548      137.00000       9       5      29.255061     -30.866365      -1.611304       0.071326       0.001903       1.000000     215.203537       1.000000            9
       549      137.25000       9       5      29.256040     -30.867344      -1.611304       0.071326       0.001896       1.000000     215.614619       1.000000            9
       550      137.50000       9       5      29.257015     -30.868320      -1.611304       0.071326       0.001889       1.000000     216.025707       1.000000            8
       551      137.75000       9       5      29.257987     -30.869291      -1.611304       0.071326       0.001882       1.000000     216.436800       1.000000            9
       552      138.00000       9       5      29.258955     -30.870259      -1.611304       0.071326       0.001875       1.000000     216.847900       1.000000            9
       553      138.25000       9       5      29.259919     -30.871223      -1.611304       0.071326       0.001868       1.000000     217.259005       1.000000            9
       554      138.50000       9       5      29.260880     -30.872184      -1.611304       0.071326       0.001861       1.000000     217.670116       1.000000            9
       555      138.75000       9       5      29.261837     -30.873141      -1.611304       0.071325       0.001854       1.000000     218.081234       1.000000            9
       556      139.00000       9       5      29.262790     -30.874095      -1.611304       0.071325       0.001847       1.000000     218.492357       1.000000            9
       557      139.25000       9       5      29.263741     -30.875045      -1.611304       0.071325       0.001840       1.000000     218.903486       1.000000            9
       558      139.50000       9       5      29.264687     -30.875991      -1.611304       0.071325       0.001833       1.000000     219.314620       1.000000            9
       559      139.75000       9       5      29.265630     -30.876934      -1.611304       0.071325       0.001827       1.000000     219.725761       1.000000            9
       560      140.00000       9       5      29.266570     -30.877874      -1.611304       0.071324       0.001820       1.000000     220.136907       1.000000            9
       561      140.25000       9       5      29.267506     -30.878810      -1.611304       0.071324       0.001813       1.000000     220.548060       1.000000           10
       562      140.50000       9       5      29.268439     -30.879743      -1.611304       0.071324       0.001807       1.000000     220.959217       1.000000            9
       563      140.75000       9       5      29.269368     -30.880672      -1.611304       0.071325       0.001800       1.000000     221.370381       1.000000            9
       564      141.00000       9       5      29.270294     -30.881598      -1.611304       0.071325       0.001793       1.000000     221.781550       1.000000            9
       565      141.25000       9       5      29.271216     -30.882521      -1.611304       0.071325       0.001787       1.000000     222.192725       1.000000           10
       566      141.50000       9       5      29.272136     -30.883440      -1.611304       0.071325       0.001780       1.000000     222.603906       1.000000            9
       567      141.75000       9       5      29.273051     -30.884356      -1.611304       0.071325       0.001774       1.000000     223.015091       1.000000            9
       568      142.00000       9       5      29.273964     -30.885268      -1.611304       0.071325       0.001767       1.000000     223.426283       1.000000            9
       569      142.25000       9       5      29.274873     -30.886177      -1.611304       0.071325       0.001761       1.000000     223.837480       1.000000            9
       570      142.50000       9       5      29.275779     -30.887083      -1.611304       0.071324       0.001754       1.000000     224.248683       1.000000            8
       571      142.75000       9       5      29.276682     -30.887986      -1.611304       0.071324       0.001748       1.000000     224.659891       1.000000            9
       572      143.00000       9       5      29.277581     -30.888885      -1.611304       0.071324       0.001742       1.000000     225.071105       1.000000            9
       573      143.25000       9       5      29.278477     -30.889782      -1.611304       0.071324       0.001735       1.000000     225.482325       1.000000           10
       574      143.50000       9       5      29.279370     -30.890675      -1.611304       0.071324       0.001729       1.000000     225.893550       1.000000           10
       575      143.75000       9       5      29.280260     -30.891564      -1.611304       0.071324       0.001723       1.000000     226.304780       1.000000            8
       576      144.00000       9       5      29.281147     -30.892451      -1.611304       0.071324       0.001717       1.000000     226.716016       1.000000           10
       577      144.25000       9       5      29.282030     -30.893334      -1.611304       0.071324       0.001711       1.000000     227.127257       1.000000            9
       578      144.50000       9       5      29.282910     -30.894215      -1.611304       0.071323       0.001705       1.000000     227.538504       1.000000            9
       579      144.75000       9       5      29.283787     -30.895092      -1.611304       0.071323       0.001698       1.000000     227.949755       1.000000            9
       580      145.00000       9       5      29.284661     -30.895966      -1.611304       0.071323       0.001692       1.000000     228.361013       1.000000            9
       581      145.25000       9       5      29.285532     -30.896837      -1.611304       0.071323       0.001686       1.000000     228.772276       1.000000            8
       582      145.50000       9       5      29.286400     -30.897704      -1.611304       0.071322       0.001680       1.000000     229.183544       1.000000           10
       583      145.75000       9       5      29.287265     -30.898569      -1.611304       0.071322       0.001674       1.000000     229.594817       1.000000            9
       584      146.00000       9       5      29.288127     -30.899431      -1.611304       0.071322       0.001668       1.000000     230.006096       1.000000            9
       585      146.25000       9       5      29.288985     -30.900290      -1.611304       0.071322       0.001663       1.000000     230.417380       1.000000           10
       586      146.50000       9       5      29.289841     -30.901145      -1.611304       0.071322       0.001657       1.000000     230.828669       1.000000            9
       587      146.75000       9       5      29.290694     -30.901998      -1.611304       0.071322       0.001651       1.000000     231.239963       1.000000            9
       588      147.00000       9       5      29.291544     -30.902848      -1.611304       0.071322       0.001645       1.000000     231.651263       1.000000            9
       589      147.25000       9       5      29.292390     -30.903694      -1.611304       0.071322       0.001639       1.000000     232.062568       1.000000           10
       590      147.50000       9       5      29.293234     -30.904538      -1.611304       0.071322       0.001634       1.000000     232.473877       1.000000            9
       591      147.75000       9       5      29.294075     -30.905379      -1.611304       0.071322       0.001628       1.000000     232.885193       1.000000            9
       592      148.00000       9       5      29.294913     -30.906217      -1.611304       0.071322       0.001622       1.000000     233.296513       1.000000            9
       593      148.25000       9       5      29.295748     -30.907052      -1.611304       0.071322       0.001617       1.000000     233.707838       1.000000            9
       594      148.50000       9       5      29.296580     -30.907884      -1.611304       0.071322       0.001611       1.000000     234.119169       1.000000            9
       595      148.75000       9       5      29.297409     -30.908713      -1.611304       0.071321       0.001605       1.000000     234.530504       1.000000            9
       596      149.00000       9       5      29.298235     -30.909540      -1.611304       0.071321       0.001600       1.000000     234.941845       1.000000            9
       597      149.25000       9       5      29.299059     -30.910363      -1.611304       0.071321       0.001594       1.000000     235.353190       1.000000            9
       598      149.50000       9       5      29.299880     -30.911184      -1.611304       0.071321       0.001589       1.000000     235.764541       1.000000            9
       599      149.75000       9       5      29.300698     -30.912002      -1.611304       0.071320       0.001583       1.000000     236.175897       1.000000           10
       600      150.00000       9       5      29.301513     -30.912817      -1.611304       0.071320       0.001578       1.000000     236.587258       1.000000            9
       601      150.25000       9       5      29.302325     -30.913629      -1.611304       0.071320       0.001572       1.000000     236.998623       1.000000            8
       602      150.50000       9       5      29.303134     -30.914439      -1.611304       0.071320       0.001567       1.000000     237.409995       1.000000           10
       603      150.75000       9       5      29.303941     -30.915245      -1.611304       0.071321       0.001562       1.000000     237.821370       1.000000            9
       604      151.00000       9       5      29.304745     -30.916049      -1.611304       0.071321       0.001556       1.000000     238.232750       1.000000            9
       605      151.25000       9       5      29.305546     -30.916850      -1.611304       0.071321       0.001551       1.000000     238.644136       1.000000            9
       606      151.50000       9       5      29.306345     -30.917649      -1.611304       0.071321       0.001546       1.000000     239.055526       1.000000            9
       607      151.75000       9       5      29.307141     -30.918445      -1.611304       0.071321       0.001540       1.000000     239.466922       1.000000            9
       608      152.00000       9       5      29.307934     -30.919238      -1.611304       0.071321       0.001535       1.000000     239.878321       1.000000            9
       609      152.25000       9       5      29.308724     -30.920028      -1.611304       0.071321       0.001530       1.000000     240.289727       1.000000            9
       610      152.50000       9       5      29.309512     -30.920816      -1.611304       0.071321       0.001525       1.000000     240.701136       1.000000           10
       611      152.75000       9       5      29.310297     -30.921601      -1.611304       0.071321       0.001520       1.000000     241.112551       1.000000            9
       612      153.00000       9       5      29.311080     -30.922384      -1.611304       0.071322       0.001514       1.000000     241.523970       1.000000            9
       613      153.25000       9       5      29.311859     -30.923164      -1.611304       0.071322       0.001509       1.000000     241.935394       1.000000            9
       614      153.50000       9       5      29.312637     -30.923941      -1.611304       0.071322       0.001504       1.000000     242.346824       1.000000           10
       615      153.75000       9       5      29.313411     -30.924716      -1.611304       0.071322       0.001499       1.000000     242.758257       1.000000            9
       616      154.00000       9       5      29.314183     -30.925488      -1.611304       0.071322       0.001494       1.000000     243.169696       1.000000            9
       617      154.25000       9       5      29.314953     -30.926257      -1.611304       0.071321       0.001489       1.000000     243.581139       1.000000            9
       618      154.50000       9       5      29.315720     -30.927024      -1.611304       0.071321       0.001484       1.000000     243.992587       1.000000            9
       619      154.75000       9       5      29.316484     -30.927788      -1.611304       0.071321       0.001479       1.000000     244.404039       1.000000            9
       620      155.00000       9       5      29.317246     -30.928550      -1.611304       0.071322       0.001474       1.000000     244.815496       1.000000            9
       621      155.25000       9       5      29.318005     -30.929310      -1.611304       0.071322       0.001469       1.000000     245.226958       1.000000            9
       622      155.50000       9       5      29.318762     -30.930066      -1.611304       0.071322       0.001465       1.000000     245.638425       1.000000            9
       623      155.75000       9       5      29.319517     -30.930821      -1.611304       0.071322       0.001460       1.000000     246.049896       1.000000            9
       624      156.00000       9       5      29.320268     -30.931573      -1.611304       0.071322       0.001455       1.000000     246.461371       1.000000            9
       625      156.25000       9       5      29.321018     -30.932322      -1.611304       0.071322       0.001450       1.000000     246.872852       1.000000            9
       626      156.50000       9       5      29.321765     -30.933069      -1.611304       0.071322       0.001445       1.000000     247.284336       1.000000           10
       627      156.75000       9       5      29.322509     -30.933813      -1.611304       0.071322       0.001441       1.000000     247.695826       1.000000            9
       628      157.00000       9       5      29.323251     -30.934555      -1.611304       0.071322       0.001436       1.000000     248.107320       1.000000            9
       629      157.25000       9       5      29.323991     -30.935295      -1.611304       0.071322       0.001431       1.000000     248.518819       1.000000            9
       630      157.50000       9       5      29.324728     -30.936032      -1.611304       0.071322       0.001426       1.000000     248.930321       1.000000            8
       631      157.75000       9       5      29.325463     -30.936767      -1.611304       0.071323       0.001422       1.000000     249.341829       1.000000           10
       632      158.00000       9       5      29.326195     -30.937499      -1.611304       0.071323       0.001417       1.000000     249.753341       1.000000            8
       633      158.25000       9       5      29.326925     -30.938229      -1.611304       0.071323       0.001412       1.000000     250.164857       1.000000            9
       634      158.50000       9       5      29.327653     -30.938957      -1.611304       0.071323       0.001408       1.000000     250.576379       1.000000            9
       635      158.75000       9       5      29.328378     -30.939682      -1.611304       0.071323       0.001403       1.000000     250.987904       1.000000            9
       636      159.00000       9       5      29.329101     -30.940405      -1.611304       0.071323       0.001399       1.000000     251.399434       1.000000           10
       637      159.25000       9       5      29.329822     -30.941126      -1.611304       0.071323       0.001394       1.000000     251.810968       1.000000            9
       638      159.50000       9       5      29.330540     -30.941844      -1.611304       0.071323       0.001390       1.000000     252.222507       1.000000            9
       639      159.75000       9       5      29.331256     -30.942560      -1.611304       0.071323       0.001385       1.000000     252.634049       1.000000            9
       640      160.00000       9       5      29.331969     -30.943274      -1.611304       0.071322       0.001381       1.000000     253.045597       1.000000            9
       641      160.25000       9       5      29.332681     -30.943985      -1.611304       0.071322       0.001376       1.000000     253.457149       1.000000            8
       642      160.50000       9       5      29.333390     -30.944694      -1.611304       0.071322       0.001372       1.000000     253.868705       1.000000            9
       643      160.75000       9       5      29.334097     -30.945401      -1.611304       0.071322       0.001367       1.000000     254.280265       1.000000            9
       644      161.00000       9       5      29.334801     -30.946106      -1.611304       0.071322       0.001363       1.000000     254.691829       1.000000            9
       645      161.25000       9       5      29.335504     -30.946808      -1.611304       0.071322       0.001359       1.000000     255.103399       1.000000            9
       646      161.50000       9       5      29.336204     -30.947508      -1.611304       0.071322       0.001354       1.000000     255.514972       1.000000            9
       647      161.75000       9       5      29.336902     -30.948206      -1.611304       0.071322       0.001350       1.000000     255.926550       1.000000            9
       648      162.00000       9       5      29.337597     -30.948902      -1.611304       0.071322       0.001346       1.000000     256.338132       1.000000            9
       649      162.25000       9       5      29.338291     -30.949595      -1.611304       0.071323       0.001342       1.000000     256.749718       1.000000            9
       650      162.50000       9       5      29.338982     -30.950286      -1.611304       0.071323       0.001337       1.000000     257.161308       1.000000            9
       651      162.75000       9       5      29.339671     -30.950975      -1.611304       0.071323       0.001333       1.000000     257.572903       1.000000            9
       652      163.00000       9       5      29.340358     -30.951662      -1.611304       0.071323       0.001329       1.000000     257.984501       1.000000           10
       653      163.25000       9       5      29.341043     -30.952347      -1.611304       0.071323       0.001325       1.000000     258.396104       1.000000            9
       654      163.50000       9       5      29.341725     -30.953030      -1.611304       0.071322       0.001320       1.000000     258.807712       1.000000            9
       655      163.75000       9       5      29.342406     -30.953710      -1.611304       0.071322       0.001316       1.000000     259.219323       1.000000            9
       656      164.00000       9       5      29.343084     -30.954388      -1.611304       0.071323       0.001312       1.000000     259.630938       1.000000            9
       657      164.25000       9       5      29.343761     -30.955065      -1.611304       0.071323       0.001308       1.000000     260.042558       1.000000            9
       658      164.50000       9       5      29.344435     -30.955739      -1.611304       0.071323       0.001304       1.000000     260.454181       1.000000            9
       659      164.75000       9       5      29.345107     -30.956411      -1.611304       0.071323       0.001300       1.000000     260.865809       1.000000            9
       660      165.00000       9       5      29.345777     -30.957081      -1.611304       0.071322       0.001296       1.000000     261.277441       1.000000            9
       661      165.25000       9       5      29.346444     -30.957749      -1.611304       0.071322       0.001292       1.000000     261.689077       1.000000            9
       662      165.50000       9       5      29.347110     -30.958414      -1.611304       0.071322       0.001288       1.000000     262.100717       1.000000            9
       663      165.75000       9       5      29.347774     -30.959078      -1.611304       0.071322       0.001284       1.000000     262.512362       1.000000            8
       664      166.00000       9       5      29.348436     -30.959740      -1.611304       0.071322       0.001280       1.000000     262.924009       1.000000           10
       665      166.25000       9       5      29.349095     -30.960399      -1.611304       0.071322       0.001276       1.000000     263.335662       1.000000            9
       666      166.50000       9       5      29.349753     -30.961057      -1.611304       0.071322       0.001272       1.000000     263.747318       1.000000            9
       667      166.75000       9       5      29.350408     -30.961712      -1.611304       0.071322       0.001268       1.000000     264.158978       1.000000            9
       668      167.00000       9       5      29.351062     -30.962366      -1.611304       0.071321       0.001264       1.000000     264.570643       1.000000            9
       669      167.25000       9       5      29.351713     -30.963017      -1.611304       0.071321       0.001260       1.000000     264.982311       1.000000            9
       670      167.50000       9       5      29.352363     -30.963667      -1.611304       0.071321       0.001256       1.000000     265.393983       1.000000            9
       671      167.75000       9       5      29.353010     -30.964315      -1.611304       0.071322       0.001252       1.000000     265.805660       1.000000            9
       672      168.00000       9       5      29.353656     -30.964960      -1.611304       0.071322       0.001249       1.000000     266.217339       1.000000            9
       673      168.25000       9       5      29.354300     -30.965604      -1.611304       0.071321       0.001245       1.000000     266.629024       1.000000           10
       674      168.50000       9       5      29.354941     -30.966245      -1.611304       0.071321       0.001241       1.000000     267.040712       1.000000            9
       675      168.75000       9       5      29.355581     -30.966885      -1.611304       0.071321       0.001237       1.000000     267.452403       1.000000           10
       676      169.00000       9       5      29.356219     -30.967523      -1.611304       0.071321       0.001233       1.000000     267.864099       1.000000           10
       677      169.25000       9       5      29.356854     -30.968159      -1.611304       0.071321       0.001230       1.000000     268.275799       1.000000            9
       678      169.50000       9       5      29.357488     -30.968792      -1.611304       0.071321       0.001226       1.000000     268.687503       1.000000            8
       679      169.75000       9       5      29.358120     -30.969424      -1.611304       0.071321       0.001222       1.000000     269.099209       1.000000            9
       680      170.00000       9       5      29.358750     -30.970054      -1.611304       0.071321       0.001218       1.000000     269.510921       1.000000            9
       681      170.25000       9       5      29.359378     -30.970683      -1.611304       0.071322       0.001215       1.000000     269.922636       1.000000            9
       682      170.50000       9       5      29.360005     -30.971309      -1.611304       0.071322       0.001211       1.000000     270.334355       1.000000            9
       683      170.75000       9       5      29.360629     -30.971933      -1.611304       0.071322       0.001207       1.000000     270.746078       1.000000           10
       684      171.00000       9       5      29.361252     -30.972556      -1.611304       0.071322       0.001204       1.000000     271.157805       1.000000            8
       685      171.25000       9       5      29.361872     -30.973176      -1.611304       0.071322       0.001200       1.000000     271.569535       1.000000           10
       686      171.50000       9       5      29.362491     -30.973795      -1.611304       0.071322       0.001197       1.000000     271.981269       1.000000            9
       687      171.75000       9       5      29.363108     -30.974412      -1.611304       0.071322       0.001193       1.000000     272.393008       1.000000            8
       688      172.00000       9       5      29.363723     -30.975027      -1.611304       0.071323       0.001189       1.000000     272.804749       1.000000            9
       689      172.25000       9       5      29.364336     -30.975641      -1.611304       0.071323       0.001186       1.000000     273.216494       1.000000            9
       690      172.50000       9       5      29.364948     -30.976252      -1.611304       0.071323       0.001182       1.000000     273.628244       1.000000            9
       691      172.75000       9       5      29.365557     -30.976862      -1.611304       0.071324       0.001179       1.000000     274.039997       1.000000            9
       692      173.00000       9       5      29.366165     -30.977469      -1.611304       0.071324       0.001175       1.000000     274.451754       1.000000            9
       693      173.25000       9       5      29.366771     -30.978075      -1.611304       0.071324       0.001172       1.000000     274.863514       1.000000            9
       694      173.50000       9       5      29.367376     -30.978680      -1.611304       0.071324       0.001168       1.000000     275.275278       1.000000            9
       695      173.75000       9       5      29.367978     -30.979282      -1.611304       0.071324       0.001165       1.000000     275.687045       1.000000            9
       696      174.00000       9       5      29.368579     -30.979883      -1.611304       0.071323       0.001161       1.000000     276.098817       1.000000            8
       697      174.25000       9       5      29.369178     -30.980482      -1.611304       0.071323       0.001158       1.000000     276.510592       1.000000            9
       698      174.50000       9       5      29.369775     -30.981079      -1.611304       0.071323       0.001155       1.000000     276.922370       1.000000           10
       699      174.75000       9       5      29.370370     -30.981674      -1.611304       0.071323       0.001151       1.000000     277.334153       1.000000            9
       700      175.00000       9       5      29.370964     -30.982268      -1.611304       0.071323       0.001148       1.000000     277.745939       1.000000            9
       701      175.25000       9       5      29.371556     -30.982860      -1.611304       0.071323       0.001144       1.000000     278.157729       1.000000            8
       702      175.50000       9       5      29.372146     -30.983450      -1.611304       0.071323       0.001141       1.000000     278.569522       1.000000            9
       703      175.75000       9       5      29.372734     -30.984038      -1.611304       0.071323       0.001138       1.000000     278.981319       1.000000           10
       704      176.00000       9       5      29.373321     -30.984625      -1.611304       0.071322       0.001134       1.000000     279.393119       1.000000            8
       705      176.25000       9       5      29.373906     -30.985210      -1.611304       0.071322       0.001131       1.000000     279.804923       1.000000            9
       706      176.50000       9       5      29.374489     -30.985793      -1.611304       0.071322       0.001128       1.000000     280.216731       1.000000            9
       707      176.75000       9       5      29.375071     -30.986375      -1.611304       0.071322       0.001124       1.000000     280.628542       1.000000           10
       708      177.00000       9       5      29.375651     -30.986955      -1.611304       0.071323       0.001121       1.000000     281.040356       1.000000            8
       709      177.25000       9       5      29.376229     -30.987533      -1.611304       0.071323       0.001118       1.000000     281.452175       1.000000           10
       710      177.50000       9       5      29.376806     -30.988110      -1.611304       0.071323       0.001115       1.000000     281.863997       1.000000            9
       711      177.75000       9       5      29.377381     -30.988685      -1.611304       0.071323       0.001111       1.000000     282.275821       1.000000            9
       712      178.00000       9       5      29.377954     -30.989258      -1.611304       0.071323       0.001108       1.000000     282.687650       1.000000            9
       713      178.25000       9       5      29.378526     -30.989830      -1.611304       0.071323       0.001105       1.000000     283.099483       1.000000            9
       714      178.50000       9       5      29.379096     -30.990400      -1.611304       0.071323       0.001102       1.000000     283.511319       1.000000            8
       715      178.75000       9       5      29.379664     -30.990968      -1.611304       0.071323       0.001099       1.000000     283.923157       1.000000           10
       716      179.00000       9       5      29.380231     -30.991535      -1.611304       0.071322       0.001096       1.000000     284.335000       1.000000            9
       717      179.25000       9       5      29.380796     -30.992100      -1.611304       0.071322       0.001092       1.000000     284.746846       1.000000            8
       718      179.50000       9       5      29.381359     -30.992663      -1.611304       0.071322       0.001089       1.000000     285.158696       1.000000           10
       719      179.75000       9       5      29.381921     -30.993225      -1.611304       0.071322       0.001086       1.000000     285.570548       1.000000            9
       720      180.00000       9       5      29.382482     -30.993786      -1.611304       0.071322       0.001083       1.000000     285.982405       1.000000            9
       721      180.25000       9       5      29.383040     -30.994344      -1.611304       0.071322       0.001080       1.000000     286.394265       1.000000            9
       722      180.50000       9       5      29.383597     -30.994901      -1.611304       0.071321       0.001077       1.000000     286.806128       1.000000            9
       723      180.75000       9       5      29.384153     -30.995457      -1.611304       0.071321       0.001074       1.000000     287.217995       1.000000            8
       724      181.00000       9       5      29.384707     -30.996011      -1.611304       0.071321       0.001071       1.000000     287.629865       1.000000           10
       725      181.25000       9       5      29.385259     -30.996563      -1.611304       0.071321       0.001068       1.000000     288.041738       1.000000            9
       726      181.50000       9       5      29.385810     -30.997114      -1.611304       0.071321       0.001065       1.000000     288.453615       1.000000            9
       727      181.75000       9       5      29.386359     -30.997663      -1.611304       0.071322       0.001062       1.000000     288.865495       1.000000            8
       728      182.00000       9       5      29.386907     -30.998211      -1.611304       0.071322       0.001059       1.000000     289.277378       1.000000            9
       729      182.25000       9       5      29.387453     -30.998757      -1.611304       0.071321       0.001056       1.000000     289.689265       1.000000            9
       730      182.50000       9       5      29.387998     -30.999302      -1.611304       0.071321       0.001053       1.000000     290.101155       1.000000            9
       731      182.75000       9       5      29.388541     -30.999845      -1.611304       0.071321       0.001050       1.000000     290.513049       1.000000            9
       732      183.00000       9       5      29.389083     -31.000387      -1.611304       0.071321       0.001047       1.000000     290.924945       1.000000            9
       733      183.25000       9       5      29.389623     -31.000927      -1.611304       0.071321       0.001044       1.000000     291.336846       1.000000            9
       734      183.50000       9       5      29.390161     -31.001465      -1.611304       0.071321       0.001041       1.000000     291.748749       1.000000            8
       735      183.75000       9       5      29.390698     -31.002003      -1.611304       0.071321       0.001038       1.000000     292.160656       1.000000            9
       736      184.00000       9       5      29.391234     -31.002538      -1.611304       0.071321       0.001035       1.000000     292.572565       1.000000            9
       737      184.25000       9       5      29.391768     -31.003072      -1.611304       0.071321       0.001032       1.000000     292.984478       1.000000            9
       738      184.50000       9       5      29.392301     -31.003605      -1.611304       0.071321       0.001029       1.000000     293.396395       1.000000            9
       739      184.75000       9       5      29.392832     -31.004136      -1.611304       0.071321       0.001027       1.000000     293.808314       1.000000            9
       740      185.00000       9       5      29.393362     -31.004666      -1.611304       0.071321       0.001024       1.000000     294.220237       1.000000            9
       741      185.25000       9       5      29.393890     -31.005194      -1.611304       0.071321       0.001021       1.000000     294.632163       1.000000            9
       742      185.50000       9       5      29.394417     -31.005721      -1.611304       0.071321       0.001018       1.000000     295.044093       1.000000            8
       743      185.75000       9       5      29.394942     -31.006246      -1.611304       0.071321       0.001015       1.000000     295.456025       1.000000           10
       744      186.00000       9       5      29.395466     -31.006770      -1.611304       0.071320       0.001012       1.000000     295.867961       1.000000            8
       745      186.25000       9       5      29.395988     -31.007292      -1.611304       0.071321       0.001010       1.000000     296.279900       1.000000            9
       746      186.50000       9       5      29.396509     -31.007813      -1.611304       0.071321       0.001007       1.000000     296.691842       1.000000            9
       747      186.75000       9       5      29.397029     -31.008333      -1.611304       0.071321       0.001004       1.000000     297.103787       1.000000            9
       748      187.00000       9       5      29.397547     -31.008851      -1.611304       0.071321       0.001001       1.000000     297.515736       1.000000            9
       749      187.25000       9       5      29.398063     -31.009367      -1.611304       0.071321       0.000999       1.000000     297.927687       1.000000            9
       750      187.50000       9       5      29.398579     -31.009883      -1.611304       0.071321       0.000996       1.000000     298.339642       1.000000            9
       751      187.75000       9       5      29.399093     -31.010397      -1.611304       0.071321       0.000993       1.000000     298.751600       1.000000            8
       752      188.00000       9       5      29.399605     -31.010909      -1.611304       0.071320       0.000990       1.000000     299.163561       1.000000           10
       753      188.25000       9       5      29.400116     -31.011420      -1.611304       0.071319       0.000988       1.000000     299.575525       1.000000            9
       754      188.50000       9       5      29.400626     -31.011930      -1.611304       0.071319       0.000985       1.000000     299.987492       1.000000            9
       755      188.75000       9       5      29.401134     -31.012438      -1.611304       0.071319       0.000982       1.000000     300.399462       1.000000            9
       756      189.00000       9       5      29.401641     -31.012945      -1.611304       0.071319       0.000980       1.000000     300.811436       1.000000           10
       757      189.25000       9       5      29.402147     -31.013451      -1.611304       0.071319       0.000977       1.000000     301.223413       1.000000            9
       758      189.50000       9       5      29.402651     -31.013955      -1.611304       0.071319       0.000974       1.000000     301.635392       1.000000            9
       759      189.75000       9       5      29.403154     -31.014458      -1.611304       0.071319       0.000972       1.000000     302.047375       1.000000            9
       760      190.00000       9       5      29.403655     -31.014959      -1.611304       0.071319       0.000969       1.000000     302.459360       1.000000            9
       761      190.25000       9       5      29.404155     -31.015459      -1.611304       0.071319       0.000966       1.000000     302.871349       1.000000            9
       762      190.50000       9       5      29.404654     -31.015958      -1.611304       0.071320       0.000964       1.000000     303.283341       1.000000            9
       763      190.75000       9       5      29.405151     -31.016455      -1.611304       0.071320       0.000961       1.000000     303.695336       1.000000            9
       764      191.00000       9       5      29.405648     -31.016952      -1.611304       0.071320       0.000959       1.000000     304.107334       1.000000            9
       765      191.25000       9       5      29.406142     -31.017446      -1.611304       0.071320       0.000956       1.000000     304.519335       1.000000            9
       766      191.50000       9       5      29.406636     -31.017940      -1.611304       0.071320       0.000953       1.000000     304.931339       1.000000            9
       767      191.75000       9       5      29.407128     -31.018432      -1.611304       0.071320       0.000951       1.000000     305.343346       1.000000            9
       768      192.00000       9       5      29.407619     -31.018923      -1.611304       0.071319       0.000948       1.000000     305.755356       1.000000            9
       769      192.25000       9       5      29.408108     -31.019412      -1.611304       0.071319       0.000946       1.000000     306.167369       1.000000            9
       770      192.50000       9       5      29.408597     -31.019901      -1.611304       0.071319       0.000943       1.000000     306.579385       1.000000            9
       771      192.75000       9       5      29.409083     -31.020387      -1.611304       0.071319       0.000941       1.000000     306.991404       1.000000            8
       772      193.00000       9       5      29.409569     -31.020873      -1.611304       0.071319       0.000938       1.000000     307.403426       1.000000            9
       773      193.25000       9       5      29.410053     -31.021357      -1.611304       0.071319       0.000936       1.000000     307.815450       1.000000           10
       774      193.50000       9       5      29.410536     -31.021841      -1.611304       0.071319       0.000933       1.000000     308.227478       1.000000            9
       775      193.75000       9       5      29.411018     -31.022322      -1.611304       0.071319       0.000931       1.000000     308.639509       1.000000            9
       776      194.00000       9       5      29.411499     -31.022803      -1.611304       0.071319       0.000928       1.000000     309.051542       1.000000           10
       777      194.25000       9       5      29.411978     -31.023282      -1.611304       0.071318       0.000926       1.000000     309.463579       1.000000            8
       778      194.50000       9       5      29.412456     -31.023760      -1.611304       0.071319       0.000923       1.000000     309.875618       1.000000           10
       779      194.75000       9       5      29.412933     -31.024237      -1.611304       0.071319       0.000921       1.000000     310.287661       1.000000           10
       780      195.00000       9       5      29.413408     -31.024712      -1.611304       0.071319       0.000919       1.000000     310.699706       1.000000            9
       781      195.25000       9       5      29.413882     -31.025187      -1.611304       0.071318       0.000916       1.000000     311.111754       1.000000            9
       782      195.50000       9       5      29.414355     -31.025660      -1.611304       0.071318       0.000914       1.000000     311.523805       1.000000            9
       783      195.75000       9       5      29.414827     -31.026131      -1.611304       0.071318       0.000911       1.000000     311.935859       1.000000            9
       784      196.00000       9       5      29.415298     -31.026602      -1.611304       0.071318       0.000909       1.000000     312.347916       1.000000            9
       785      196.25000       9       5      29.415767     -31.027071      -1.611304       0.071318       0.000907       1.000000     312.759975       1.000000           10
       786      196.50000       9       5      29.416235     -31.027539      -1.611304       0.071318       0.000904       1.000000     313.172038       1.000000            9
       787      196.75000       9       5      29.416702     -31.028006      -1.611304       0.071317       0.000902       1.000000     313.584103       1.000000            9
       788      197.00000       9       5      29.417168     -31.028472      -1.611304       0.071318       0.000900       1.000000     313.996172       1.000000            8
       789      197.25000       9       5      29.417632     -31.028936      -1.611304       0.071318       0.000897       1.000000     314.408243       1.000000            9
       790      197.50000       9       5      29.418095     -31.029399      -1.611304       0.071319       0.000895       1.000000     314.820316       1.000000            9
       791      197.75000       9       5      29.418557     -31.029861      -1.611304       0.071319       0.000893       1.000000     315.232393       1.000000            9
       792      198.00000       9       5      29.419018     -31.030322      -1.611304       0.071320       0.000890       1.000000     315.644473       1.000000            9
       793      198.25000       9       5      29.419478     -31.030782      -1.611304       0.071320       0.000888       1.000000     316.056555       1.000000            9
       794      198.50000       9       5      29.419936     -31.031240      -1.611304       0.071320       0.000886       1.000000     316.468640       1.000000            9
       795      198.75000       9       5      29.420394     -31.031698      -1.611304       0.071321       0.000883       1.000000     316.880728       1.000000            9
       796      199.00000       9       5      29.420850     -31.032154      -1.611304       0.071321       0.000881       1.000000     317.292818       1.000000            9
       797      199.25000       9       5      29.421305     -31.032609      -1.611304       0.071321       0.000879       1.000000     317.704912       1.000000            9
       798      199.50000       9       5      29.421758     -31.033062      -1.611304       0.071321       0.000877       1.000000     318.117008       1.000000            9
       799      199.75000       9       5      29.422211     -31.033515      -1.611304       0.071320       0.000874       1.000000     318.529107       1.000000            8
       800      200.00000       9       5      29.422662     -31.033966      -1.611304       0.071320       0.000872       1.000000     318.941209       1.000000            9
