#===============================================================================================================================================================================
#     Step |         Time |         State |                                     Energy |      Angular |     Gradient |      Density |           Expectation Value |    Runtime |
#          |              |  diag |   MCH |          kin |          pot |          tot |     Momentum |          RMS |        Total |           DM |            S |            |
#          |         [fs] |       |       |         [eV] |         [eV] |         [eV] |       [hbar] |     [eV/Ang] |              |      [Debye] |              |      [sec] |
#===============================================================================================================================================================================
         0        0.00000       5       3       0.039813       6.596522       6.636335       0.015165      16.882923       1.000000       1.522216       1.000000           25
         1        0.25000       5       3       0.598267       6.028816       6.627083       0.015165      16.126635       1.000000       1.447263       1.000000            9
         2        0.50000       5       3       1.818564       4.792107       6.610670       0.015165      14.522993       1.000000       1.287205       1.000000            9
         3        0.75000       5       3       3.449172       3.146174       6.595346       0.015166      12.491711       1.000000       1.045361       1.000000           10
         4        1.00000       5       3       5.236290       1.460139       6.696429       0.015166      10.452700       1.000000       0.820726       1.000000           11
         5        1.25000       5       3       6.998623      -0.305344       6.693279       0.015166       8.586738       1.000000       0.426254       1.000000            9
         6        1.50000       5       3       8.644436      -1.949968       6.694468       0.015166       7.061104       1.000000       0.044373       1.000000            9
# Surface Hop/Pointer State Switch: new state=    3 old state=    5 randnum=  0.014535188
         7        1.75000       3       2      10.146397      -3.451929       6.694468       0.015191       0.000000       1.000000       0.568427       1.000000           16
         8        2.00000       3       2      10.774852      -4.780641       5.994211       0.015191       5.029622       1.000000       1.136109       1.000000            8
         9        2.25000       3       2      12.012019      -6.015216       5.996802       0.015191       4.398083       1.000000       1.755476       1.000000            9
        10        2.50000       3       2      13.177036      -7.178202       5.998834       0.015191       3.934610       1.000000       2.416318       1.000000            8
# Surface Hop/Pointer State Switch: new state=    5 old state=    3 randnum=  0.525928188
        11        2.75000       5       3      14.287342      -8.288508       5.998834       0.015178       0.000000       1.000000       3.107845       1.000000           15
        12        3.00000       5       3      14.798327      -9.337673       5.460655       0.015178       3.312608       1.000000       3.806568       1.000000           10
# Surface Hop/Pointer State Switch: new state=    7 old state=    5 randnum=  0.033028160
        13        3.25000       7       4      15.812961     -10.352306       5.460655       0.015168       0.000000       1.000000       4.516253       1.000000           16
        14        3.50000       7       4      16.281012     -11.314764       4.966248       0.015168       2.854230       1.000000       5.220271       1.000000           13
# Surface Hop/Pointer State Switch: new state=    1 old state=    7 randnum=  0.005714161
        15        3.75000       1       1      17.386652     -12.420404       4.966248       0.015247       0.000000       1.000000       5.882248       1.000000           35
        16        4.00000       1       1      17.810879     -13.304354       4.506525       0.015247       2.423587       1.000000       6.603562       1.000000           18
# Surface Hop/Pointer State Switch: new state=    7 old state=    1 randnum=  0.067207468
        17        4.25000       7       4      18.410906     -13.904382       4.506525       0.015154       0.000000       1.000000       7.316249       1.000000           34
        18        4.50000       7       4      18.775686     -14.658792       4.116895       0.015154       2.021970       1.000000       7.995255       1.000000           14
        19        4.75000       7       4      19.489179     -15.372176       4.117004       0.015154       1.876916       1.000000       8.677113       1.000000           10
        20        5.00000       7       4      20.162596     -16.045460       4.117135       0.015154       1.740246       1.000000       9.361090       1.000000           11
# Surface Hop/Pointer State Switch: new state=    9 old state=    7 randnum=  0.261884910
        21        5.25000       9       5      20.796453     -16.679318       4.117135       0.015151       0.000000       1.000000      10.047411       1.000000           18
        22        5.50000       9       5      21.081904     -17.270578       3.811326       0.015151       1.494096       1.000000      10.732637       1.000000           10
        23        5.75000       9       5      21.637573     -17.826035       3.811538       0.015151       1.385177       1.000000      11.421190       1.000000           10
        24        6.00000       9       5      22.159386     -18.347633       3.811753       0.015151       1.285263       1.000000      12.113307       1.000000           10
        25        6.25000       9       5      22.649420     -18.837456       3.811964       0.015151       1.193919       1.000000      12.809071       1.000000           10
        26        6.50000       9       5      23.109777     -19.297613       3.812165       0.015151       1.110543       1.000000      13.508455       1.000000            9
        27        6.75000       9       5      23.542509     -19.730156       3.812353       0.015151       1.034474       1.000000      14.211366       1.000000            8
        28        7.00000       9       5      23.949576     -20.137048       3.812528       0.015151       0.965053       1.000000      14.917676       1.000000           10
        29        7.25000       9       5      24.332824     -20.520134       3.812690       0.015151       0.901651       1.000000      15.627247       1.000000            9
        30        7.50000       9       5      24.693979     -20.881140       3.812839       0.015151       0.843690       1.000000      16.339934       1.000000            8
        31        7.75000       9       5      25.034644     -21.221669       3.812976       0.015151       0.790640       1.000000      17.055598       1.000000            8
        32        8.00000       9       5      25.356304     -21.543204       3.813101       0.015151       0.742020       1.000000      17.774107       1.000000            9
        33        8.25000       9       5      25.660329     -21.847113       3.813216       0.015151       0.697400       1.000000      18.495329       1.000000            9
        34        8.50000       9       5      25.947978     -22.134658       3.813321       0.015151       0.656389       1.000000      19.219140       1.000000            8
        35        8.75000       9       5      26.220414     -22.406997       3.813417       0.015151       0.618639       1.000000      19.945421       1.000000            9
        36        9.00000       9       5      26.478703     -22.665199       3.813505       0.015151       0.583839       1.000000      20.674057       1.000000            8
        37        9.25000       9       5      26.723826     -22.910241       3.813585       0.015151       0.551710       1.000000      21.404941       1.000000            9
        38        9.50000       9       5      26.956683     -23.143024       3.813659       0.015151       0.522002       1.000000      22.137968       1.000000            8
        39        9.75000       9       5      27.178103     -23.364376       3.813727       0.015151       0.494492       1.000000      22.873041       1.000000            9
        40       10.00000       9       5      27.388848     -23.575059       3.813789       0.015151       0.468981       1.000000      23.610069       1.000000            8
        41       10.25000       9       5      27.589619     -23.775773       3.813846       0.015151       0.445291       1.000000      24.348964       1.000000            9
        42       10.50000       9       5      27.781062     -23.967164       3.813898       0.015151       0.423260       1.000000      25.089646       1.000000            8
        43       10.75000       9       5      27.963771     -24.149825       3.813946       0.015151       0.402745       1.000000      25.832036       1.000000            8
        44       11.00000       9       5      28.138296     -24.324305       3.813991       0.015151       0.383615       1.000000      26.576062       1.000000           10
        45       11.25000       9       5      28.305143     -24.491111       3.814032       0.015151       0.365755       1.000000      27.321657       1.000000            8
        46       11.50000       9       5      28.464780     -24.650710       3.814070       0.015151       0.349059       1.000000      28.068753       1.000000            8
        47       11.75000       9       5      28.617640     -24.803536       3.814105       0.015151       0.333432       1.000000      28.817293       1.000000            9
        48       12.00000       9       5      28.764124     -24.949987       3.814137       0.015151       0.318789       1.000000      29.567216       1.000000            9
        49       12.25000       9       5      28.904603     -25.090436       3.814167       0.015151       0.305050       1.000000      30.318469       1.000000            9
        50       12.50000       9       5      29.039422     -25.225227       3.814195       0.015151       0.292147       1.000000      31.071000       1.000000            8
        51       12.75000       9       5      29.168901     -25.354680       3.814221       0.015151       0.280014       1.000000      31.824759       1.000000            8
        52       13.00000       9       5      29.293336     -25.479091       3.814245       0.015151       0.268594       1.000000      32.579701       1.000000            9
        53       13.25000       9       5      29.413004     -25.598737       3.814267       0.015151       0.257834       1.000000      33.335781       1.000000            9
        54       13.50000       9       5      29.528163     -25.713875       3.814288       0.015151       0.247685       1.000000      34.092958       1.000000            8
        55       13.75000       9       5      29.639052     -25.824745       3.814307       0.015151       0.238104       1.000000      34.851191       1.000000           11
        56       14.00000       9       5      29.745896     -25.931571       3.814325       0.015151       0.229049       1.000000      35.610444       1.000000            8
        57       14.25000       9       5      29.848903     -26.034561       3.814342       0.015151       0.220485       1.000000      36.370680       1.000000            9
        58       14.50000       9       5      29.948270     -26.133912       3.814358       0.015151       0.212377       1.000000      37.131864       1.000000            8
        59       14.75000       9       5      30.044178     -26.229805       3.814372       0.015151       0.204695       1.000000      37.893965       1.000000            9
        60       15.00000       9       5      30.136798     -26.322412       3.814386       0.015151       0.197409       1.000000      38.656953       1.000000            8
        61       15.25000       9       5      30.226293     -26.411893       3.814399       0.015151       0.190494       1.000000      39.420796       1.000000            9
        62       15.50000       9       5      30.312810     -26.498399       3.814411       0.015151       0.183926       1.000000      40.185467       1.000000            8
        63       15.75000       9       5      30.396493     -26.582071       3.814423       0.015151       0.177682       1.000000      40.950940       1.000000            9
        64       16.00000       9       5      30.477474     -26.663041       3.814433       0.015150       0.171742       1.000000      41.717188       1.000000            8
        65       16.25000       9       5      30.555877     -26.741434       3.814443       0.015150       0.166087       1.000000      42.484188       1.000000            8
        66       16.50000       9       5      30.631820     -26.817219       3.814600       0.015159       0.160708       1.000000      43.252350       1.000000           15
        67       16.75000       9       5      30.705412     -26.890804       3.814608       0.015177       0.155573       1.000000      44.020778       1.000000            8
        68       17.00000       9       5      30.776760     -26.962291       3.814469       0.015186       0.150663       1.000000      44.789470       1.000000           13
        69       17.25000       9       5      30.845961     -27.031485       3.814477       0.015186       0.145984       1.000000      45.559250       1.000000            9
        70       17.50000       9       5      30.913108     -27.098624       3.814484       0.015186       0.141515       1.000000      46.329675       1.000000            8
        71       17.75000       9       5      30.978289     -27.163797       3.814491       0.015186       0.137244       1.000000      47.100726       1.000000            8
        72       18.00000       9       5      31.041586     -27.227088       3.814498       0.015186       0.133158       1.000000      47.872384       1.000000            9
        73       18.25000       9       5      31.103077     -27.288573       3.814504       0.015186       0.129247       1.000000      48.644633       1.000000            8
        74       18.50000       9       5      31.162837     -27.348327       3.814510       0.015186       0.125503       1.000000      49.417455       1.000000            8
        75       18.75000       9       5      31.220937     -27.406421       3.814516       0.015186       0.121915       1.000000      50.190835       1.000000            8
        76       19.00000       9       5      31.277442     -27.462921       3.814521       0.015186       0.118476       1.000000      50.964757       1.000000           10
        77       19.25000       9       5      31.332416     -27.517890       3.814527       0.015186       0.115176       1.000000      51.739206       1.000000            8
        78       19.50000       9       5      31.385919     -27.571388       3.814531       0.015186       0.112010       1.000000      52.514169       1.000000           10
        79       19.75000       9       5      31.438008     -27.623472       3.814536       0.015186       0.108970       1.000000      53.289632       1.000000            8
        80       20.00000       9       5      31.488736     -27.674196       3.814540       0.015186       0.106049       1.000000      54.065582       1.000000            9
        81       20.25000       9       5      31.538156     -27.723611       3.814545       0.015186       0.103242       1.000000      54.842006       1.000000            8
        82       20.50000       9       5      31.586315     -27.771767       3.814549       0.015186       0.100543       1.000000      55.618892       1.000000            8
        83       20.75000       9       5      31.633261     -27.818709       3.814552       0.015186       0.097946       1.000000      56.396229       1.000000            8
        84       21.00000       9       5      31.679038     -27.864482       3.814556       0.015186       0.095446       1.000000      57.174005       1.000000            9
        85       21.25000       9       5      31.723689     -27.909129       3.814559       0.015186       0.093039       1.000000      57.952210       1.000000            8
        86       21.50000       9       5      31.767252     -27.952690       3.814563       0.015186       0.090721       1.000000      58.730835       1.000000            9
        87       21.75000       9       5      31.809767     -27.995202       3.814566       0.015186       0.088486       1.000000      59.509862       1.000000            8
        88       22.00000       9       5      31.851271     -28.036702       3.814569       0.015186       0.086331       1.000000      60.289294       1.000000            8
        89       22.25000       9       5      31.891798     -28.077226       3.814572       0.015187       0.084253       1.000000      61.069107       1.000000           10
        90       22.50000       9       5      31.931381     -28.116807       3.814574       0.015187       0.082247       1.000000      61.849307       1.000000            8
        91       22.75000       9       5      31.970054     -28.155477       3.814577       0.015187       0.080311       1.000000      62.629871       1.000000            8
        92       23.00000       9       5      32.007845     -28.193266       3.814579       0.015187       0.078441       1.000000      63.410804       1.000000            8
        93       23.25000       9       5      32.044785     -28.230203       3.814582       0.015187       0.076635       1.000000      64.192085       1.000000            8
        94       23.50000       9       5      32.080901     -28.266317       3.814584       0.015187       0.074889       1.000000      64.973718       1.000000            8
        95       23.75000       9       5      32.116220     -28.301634       3.814586       0.015187       0.073201       1.000000      65.755684       1.000000            9
        96       24.00000       9       5      32.150768     -28.336180       3.814588       0.015187       0.071569       1.000000      66.537986       1.000000            7
        97       24.25000       9       5      32.184569     -28.369979       3.814590       0.015187       0.069990       1.000000      67.320607       1.000000            9
        98       24.50000       9       5      32.217647     -28.403055       3.814592       0.015187       0.068462       1.000000      68.103549       1.000000            7
        99       24.75000       9       5      32.250024     -28.435430       3.814594       0.015187       0.066982       1.000000      68.886797       1.000000            8
       100       25.00000       9       5      32.281722     -28.467126       3.814596       0.015187       0.065549       1.000000      69.670354       1.000000            8
       101       25.25000       9       5      32.312762     -28.498165       3.814597       0.015187       0.064161       1.000000      70.454203       1.000000            8
       102       25.50000       9       5      32.343164     -28.528564       3.814599       0.015187       0.062816       1.000000      71.238347       1.000000            7
       103       25.75000       9       5      32.372946     -28.558346       3.814600       0.015187       0.061512       1.000000      72.022776       1.000000            8
       104       26.00000       9       5      32.402128     -28.587526       3.814602       0.015187       0.060248       1.000000      72.807479       1.000000            8
       105       26.25000       9       5      32.430726     -28.616123       3.814604       0.015187       0.059021       1.000000      73.592461       1.000000            8
       106       26.50000       9       5      32.458759     -28.644154       3.814605       0.015187       0.057831       1.000000      74.377712       1.000000            8
       107       26.75000       9       5      32.486242     -28.671636       3.814606       0.015187       0.056677       1.000000      75.163220       1.000000            8
       108       27.00000       9       5      32.513191     -28.698584       3.814608       0.015187       0.055555       1.000000      75.948991       1.000000            8
       109       27.25000       9       5      32.539622     -28.725013       3.814609       0.015187       0.054467       1.000000      76.735014       1.000000            8
       110       27.50000       9       5      32.565548     -28.750938       3.814610       0.015187       0.053410       1.000000      77.521285       1.000000            7
       111       27.75000       9       5      32.590985     -28.776374       3.814611       0.015188       0.052382       1.000000      78.307794       1.000000            9
       112       28.00000       9       5      32.615945     -28.801332       3.814612       0.015187       0.051384       1.000000      79.094547       1.000000            8
       113       28.25000       9       5      32.640441     -28.825828       3.814613       0.015187       0.050413       1.000000      79.881534       1.000000            8
       114       28.50000       9       5      32.664487     -28.849873       3.814615       0.015187       0.049470       1.000000      80.668751       1.000000            8
       115       28.75000       9       5      32.688094     -28.873479       3.814616       0.015188       0.048552       1.000000      81.456193       1.000000            7
       116       29.00000       9       5      32.711274     -28.896658       3.814616       0.015188       0.047659       1.000000      82.243851       1.000000            8
       117       29.25000       9       5      32.734039     -28.919422       3.814617       0.015188       0.046791       1.000000      83.031732       1.000000            9
       118       29.50000       9       5      32.756399     -28.941781       3.814618       0.015188       0.045945       1.000000      83.819826       1.000000            7
       119       29.75000       9       5      32.778365     -28.963746       3.814619       0.015188       0.045122       1.000000      84.608130       1.000000            8
       120       30.00000       9       5      32.799947     -28.985327       3.814620       0.015188       0.044321       1.000000      85.396640       1.000000            8
       121       30.25000       9       5      32.821155     -29.006534       3.814621       0.015188       0.043540       1.000000      86.185353       1.000000            7
       122       30.50000       9       5      32.841998     -29.027377       3.814622       0.015188       0.042780       1.000000      86.974264       1.000000            8
       123       30.75000       9       5      32.862486     -29.047864       3.814622       0.015188       0.042039       1.000000      87.763365       1.000000            8
       124       31.00000       9       5      32.882628     -29.068005       3.814623       0.015189       0.041317       1.000000      88.552663       1.000000            7
       125       31.25000       9       5      32.902431     -29.087807       3.814624       0.015189       0.040613       1.000000      89.342152       1.000000            8
       126       31.50000       9       5      32.921905     -29.107281       3.814624       0.015189       0.039927       1.000000      90.131825       1.000000            7
       127       31.75000       9       5      32.941058     -29.126433       3.814625       0.015189       0.039258       1.000000      90.921681       1.000000            8
       128       32.00000       9       5      32.959896     -29.145271       3.814626       0.015189       0.038605       1.000000      91.711716       1.000000            7
       129       32.25000       9       5      32.978429     -29.163803       3.814626       0.015189       0.037969       1.000000      92.501928       1.000000            8
       130       32.50000       9       5      32.996663     -29.182036       3.814627       0.015189       0.037347       1.000000      93.292315       1.000000            7
       131       32.75000       9       5      33.014605     -29.199977       3.814627       0.015189       0.036741       1.000000      94.082871       1.000000            8
       132       33.00000       9       5      33.032262     -29.217634       3.814628       0.015190       0.036149       1.000000      94.873596       1.000000            7
       133       33.25000       9       5      33.049641     -29.235012       3.814628       0.015190       0.035572       1.000000      95.664480       1.000000            9
       134       33.50000       9       5      33.066748     -29.252119       3.814629       0.015190       0.035007       1.000000      96.455534       1.000000            7
       135       33.75000       9       5      33.083589     -29.268960       3.814630       0.015190       0.034456       1.000000      97.246747       1.000000            8
       136       34.00000       9       5      33.100171     -29.285541       3.814630       0.015190       0.033918       1.000000      98.038119       1.000000            7
       137       34.25000       9       5      33.116500     -29.301869       3.814631       0.015190       0.033392       1.000000      98.829646       1.000000            8
       138       34.50000       9       5      33.132580     -29.317950       3.814631       0.015190       0.032878       1.000000      99.621327       1.000000            7
       139       34.75000       9       5      33.148419     -29.333787       3.814631       0.015190       0.032376       1.000000     100.413157       1.000000            8
       140       35.00000       9       5      33.164020     -29.349388       3.814632       0.015190       0.031885       1.000000     101.205137       1.000000            7
       141       35.25000       9       5      33.179389     -29.364757       3.814632       0.015190       0.031405       1.000000     101.997262       1.000000            8
       142       35.50000       9       5      33.194532     -29.379899       3.814633       0.015190       0.030935       1.000000     102.789531       1.000000            7
       143       35.75000       9       5      33.209453     -29.394820       3.814633       0.015191       0.030476       1.000000     103.581943       1.000000            8
       144       36.00000       9       5      33.224157     -29.409524       3.814634       0.015191       0.030027       1.000000     104.374494       1.000000            7
       145       36.25000       9       5      33.238649     -29.424015       3.814634       0.015191       0.029588       1.000000     105.167183       1.000000            8
       146       36.50000       9       5      33.252933     -29.438299       3.814634       0.015191       0.029158       1.000000     105.960008       1.000000            7
       147       36.75000       9       5      33.267013     -29.452379       3.814635       0.015192       0.028738       1.000000     106.752967       1.000000            8
       148       37.00000       9       5      33.280895     -29.466260       3.814635       0.015192       0.028326       1.000000     107.546057       1.000000            7
       149       37.25000       9       5      33.294581     -29.479946       3.814635       0.015192       0.027923       1.000000     108.339270       1.000000            9
       150       37.50000       9       5      33.308076     -29.493441       3.814636       0.015192       0.027529       1.000000     109.132620       1.000000            7
       151       37.75000       9       5      33.321385     -29.506749       3.814636       0.015192       0.027143       1.000000     109.926095       1.000000            8
       152       38.00000       9       5      33.334510     -29.519873       3.814636       0.015192       0.026764       1.000000     110.719695       1.000000            8
       153       38.25000       9       5      33.347455     -29.532819       3.814637       0.015192       0.026394       1.000000     111.513417       1.000000            7
       154       38.50000       9       5      33.360225     -29.545588       3.814637       0.015192       0.026031       1.000000     112.307262       1.000000            8
       155       38.75000       9       5      33.372822     -29.558185       3.814637       0.015192       0.025675       1.000000     113.101225       1.000000            8
       156       39.00000       9       5      33.385251     -29.570613       3.814637       0.015192       0.025327       1.000000     113.895306       1.000000            7
       157       39.25000       9       5      33.397514     -29.582876       3.814638       0.015193       0.024985       1.000000     114.689504       1.000000            8
       158       39.50000       9       5      33.409614     -29.594976       3.814638       0.015193       0.024651       1.000000     115.483817       1.000000            7
       159       39.75000       9       5      33.421556     -29.606917       3.814638       0.015193       0.024323       1.000000     116.278243       1.000000            9
       160       40.00000       9       5      33.433341     -29.618703       3.814638       0.015193       0.024001       1.000000     117.072780       1.000000            8
       161       40.25000       9       5      33.444973     -29.630335       3.814639       0.015193       0.023686       1.000000     117.867428       1.000000            8
       162       40.50000       9       5      33.456455     -29.641817       3.814639       0.015193       0.023377       1.000000     118.662185       1.000000            8
       163       40.75000       9       5      33.467790     -29.653151       3.814639       0.015193       0.023074       1.000000     119.457050       1.000000            7
       164       41.00000       9       5      33.478981     -29.664341       3.814639       0.015194       0.022776       1.000000     120.252020       1.000000            8
       165       41.25000       9       5      33.490030     -29.675390       3.814640       0.015194       0.022484       1.000000     121.047095       1.000000            8
       166       41.50000       9       5      33.500939     -29.686299       3.814640       0.015194       0.022198       1.000000     121.842274       1.000000            8
       167       41.75000       9       5      33.511712     -29.697072       3.814640       0.015195       0.021917       1.000000     122.637554       1.000000            7
       168       42.00000       9       5      33.522351     -29.707711       3.814640       0.015195       0.021642       1.000000     123.432936       1.000000            8
       169       42.25000       9       5      33.532859     -29.718218       3.814640       0.015195       0.021371       1.000000     124.228418       1.000000            8
       170       42.50000       9       5      33.543237     -29.728597       3.814641       0.015195       0.021106       1.000000     125.023997       1.000000            7
       171       42.75000       9       5      33.553489     -29.738848       3.814641       0.015195       0.020845       1.000000     125.819674       1.000000            8
       172       43.00000       9       5      33.563616     -29.748975       3.814641       0.015195       0.020589       1.000000     126.615446       1.000000            7
       173       43.25000       9       5      33.573621     -29.758980       3.814641       0.015195       0.020338       1.000000     127.411313       1.000000            8
       174       43.50000       9       5      33.583506     -29.768864       3.814641       0.015196       0.020091       1.000000     128.207274       1.000000            7
       175       43.75000       9       5      33.593273     -29.778631       3.814642       0.015196       0.019849       1.000000     129.003328       1.000000            8
       176       44.00000       9       5      33.602924     -29.788282       3.814642       0.015196       0.019611       1.000000     129.799472       1.000000            7
       177       44.25000       9       5      33.612461     -29.797819       3.814642       0.015196       0.019377       1.000000     130.595707       1.000000            8
       178       44.50000       9       5      33.621886     -29.807244       3.814642       0.015196       0.019148       1.000000     131.392027       1.000000            8
       179       44.75000       9       5      33.631202     -29.816560       3.814642       0.015196       0.018922       1.000000     132.188439       1.000000            9
       180       45.00000       9       5      33.640409     -29.825767       3.814642       0.015197       0.018701       1.000000     132.984939       1.000000            7
       181       45.25000       9       5      33.649510     -29.834868       3.814643       0.015197       0.018483       1.000000     133.781524       1.000000            7
       182       45.50000       9       5      33.658507     -29.843865       3.814643       0.015197       0.018269       1.000000     134.578194       1.000000            8
       183       45.75000       9       5      33.667402     -29.852759       3.814643       0.015197       0.018058       1.000000     135.374949       1.000000            8
       184       46.00000       9       5      33.676195     -29.861552       3.814643       0.015197       0.017852       1.000000     136.171787       1.000000            8
       185       46.25000       9       5      33.684890     -29.870246       3.814643       0.015198       0.017648       1.000000     136.968707       1.000000            7
       186       46.50000       9       5      33.693486     -29.878843       3.814643       0.015198       0.017448       1.000000     137.765708       1.000000            8
       187       46.75000       9       5      33.701987     -29.887344       3.814643       0.015198       0.017252       1.000000     138.562790       1.000000            7
       188       47.00000       9       5      33.710394     -29.895750       3.814644       0.015198       0.017059       1.000000     139.359951       1.000000            8
       189       47.25000       9       5      33.718708     -29.904064       3.814644       0.015198       0.016869       1.000000     140.157192       1.000000            7
       190       47.50000       9       5      33.726930     -29.912287       3.814644       0.015198       0.016682       1.000000     140.954509       1.000000            8
       191       47.75000       9       5      33.735063     -29.920419       3.814644       0.015198       0.016498       1.000000     141.751904       1.000000            7
       192       48.00000       9       5      33.743108     -29.928464       3.814644       0.015198       0.016317       1.000000     142.549374       1.000000            8
       193       48.25000       9       5      33.751066     -29.936421       3.814644       0.015199       0.016139       1.000000     143.346919       1.000000            7
       194       48.50000       9       5      33.758938     -29.944293       3.814644       0.015199       0.015964       1.000000     144.144539       1.000000            8
       195       48.75000       9       5      33.766726     -29.952081       3.814644       0.015199       0.015792       1.000000     144.942233       1.000000            8
       196       49.00000       9       5      33.774431     -29.959786       3.814644       0.015199       0.015622       1.000000     145.739999       1.000000            8
       197       49.25000       9       5      33.782055     -29.967410       3.814645       0.015199       0.015456       1.000000     146.537838       1.000000            7
       198       49.50000       9       5      33.789598     -29.974953       3.814645       0.015199       0.015291       1.000000     147.335747       1.000000            7
       199       49.75000       9       5      33.797063     -29.982418       3.814645       0.015200       0.015130       1.000000     148.133727       1.000000            7
       200       50.00000       9       5      33.804449     -29.989805       3.814645       0.015200       0.014971       1.000000     148.931777       1.000000            8
       201       50.25000       9       5      33.811760     -29.997115       3.814645       0.015200       0.014814       1.000000     149.729896       1.000000            7
       202       50.50000       9       5      33.818995     -30.004349       3.814645       0.015200       0.014660       1.000000     150.528083       1.000000            7
       203       50.75000       9       5      33.826155     -30.011510       3.814645       0.015200       0.014508       1.000000     151.326337       1.000000            8
       204       51.00000       9       5      33.833243     -30.018597       3.814645       0.015201       0.014359       1.000000     152.124659       1.000000            8
       205       51.25000       9       5      33.840258     -30.025613       3.814645       0.015201       0.014212       1.000000     152.923047       1.000000            8
       206       51.50000       9       5      33.847203     -30.032557       3.814645       0.015201       0.014067       1.000000     153.721500       1.000000            7
       207       51.75000       9       5      33.854078     -30.039432       3.814646       0.015201       0.013924       1.000000     154.520018       1.000000            7
       208       52.00000       9       5      33.860884     -30.046238       3.814646       0.015202       0.013784       1.000000     155.318600       1.000000            8
       209       52.25000       9       5      33.867622     -30.052976       3.814646       0.015202       0.013645       1.000000     156.117246       1.000000            7
       210       52.50000       9       5      33.874293     -30.059647       3.814646       0.015202       0.013509       1.000000     156.915955       1.000000            8
       211       52.75000       9       5      33.880899     -30.066253       3.814646       0.015202       0.013374       1.000000     157.714726       1.000000            7
       212       53.00000       9       5      33.887439     -30.072793       3.814646       0.015202       0.013242       1.000000     158.513559       1.000000            8
       213       53.25000       9       5      33.893916     -30.079270       3.814646       0.015202       0.013111       1.000000     159.312452       1.000000            8
       214       53.50000       9       5      33.900330     -30.085684       3.814646       0.015203       0.012983       1.000000     160.111407       1.000000            7
       215       53.75000       9       5      33.906682     -30.092036       3.814646       0.015203       0.012856       1.000000     160.910421       1.000000            8
       216       54.00000       9       5      33.912973     -30.098326       3.814646       0.015203       0.012731       1.000000     161.709494       1.000000            7
       217       54.25000       9       5      33.919203     -30.104557       3.814646       0.015204       0.012608       1.000000     162.508626       1.000000            8
       218       54.50000       9       5      33.925374     -30.110727       3.814646       0.015204       0.012487       1.000000     163.307816       1.000000            7
       219       54.75000       9       5      33.931486     -30.116840       3.814646       0.015203       0.012367       1.000000     164.107065       1.000000            8
       220       55.00000       9       5      33.937541     -30.122894       3.814647       0.015203       0.012250       1.000000     164.906369       1.000000            7
       221       55.25000       9       5      33.943538     -30.128892       3.814647       0.015204       0.012133       1.000000     165.705731       1.000000            8
       222       55.50000       9       5      33.949480     -30.134833       3.814647       0.015204       0.012019       1.000000     166.505149       1.000000            7
       223       55.75000       9       5      33.955366     -30.140719       3.814647       0.015204       0.011906       1.000000     167.304621       1.000000            8
       224       56.00000       9       5      33.961197     -30.146550       3.814647       0.015204       0.011794       1.000000     168.104149       1.000000            8
       225       56.25000       9       5      33.966974     -30.152328       3.814647       0.015204       0.011685       1.000000     168.903731       1.000000            7
       226       56.50000       9       5      33.972699     -30.158052       3.814647       0.015204       0.011576       1.000000     169.703367       1.000000            8
       227       56.75000       9       5      33.978371     -30.163724       3.814647       0.015205       0.011469       1.000000     170.503057       1.000000            7
       228       57.00000       9       5      33.983991     -30.169344       3.814647       0.015205       0.011364       1.000000     171.302799       1.000000            8
       229       57.25000       9       5      33.989560     -30.174913       3.814647       0.015205       0.011260       1.000000     172.102594       1.000000            7
       230       57.50000       9       5      33.995079     -30.180432       3.814647       0.015205       0.011158       1.000000     172.902441       1.000000            8
       231       57.75000       9       5      34.000548     -30.185901       3.814647       0.015205       0.011057       1.000000     173.702339       1.000000            7
       232       58.00000       9       5      34.005969     -30.191321       3.814647       0.015205       0.010957       1.000000     174.502289       1.000000            8
       233       58.25000       9       5      34.011341     -30.196693       3.814647       0.015205       0.010858       1.000000     175.302288       1.000000            8
       234       58.50000       9       5      34.016665     -30.202018       3.814647       0.015205       0.010761       1.000000     176.102338       1.000000            7
       235       58.75000       9       5      34.021942     -30.207295       3.814647       0.015205       0.010665       1.000000     176.902438       1.000000            8
       236       59.00000       9       5      34.027173     -30.212525       3.814647       0.015205       0.010571       1.000000     177.702587       1.000000            7
       237       59.25000       9       5      34.032358     -30.217710       3.814647       0.015205       0.010477       1.000000     178.502784       1.000000            8
       238       59.50000       9       5      34.037498     -30.222850       3.814648       0.015205       0.010385       1.000000     179.303030       1.000000            7
       239       59.75000       9       5      34.042593     -30.227945       3.814648       0.015206       0.010294       1.000000     180.103325       1.000000            8
       240       60.00000       9       5      34.047644     -30.232996       3.814648       0.015206       0.010205       1.000000     180.903666       1.000000            7
       241       60.25000       9       5      34.052651     -30.238004       3.814648       0.015206       0.010116       1.000000     181.704054       1.000000            8
       242       60.50000       9       5      34.057616     -30.242968       3.814648       0.015207       0.010029       1.000000     182.504489       1.000000            7
       243       60.75000       9       5      34.062538     -30.247890       3.814648       0.015207       0.009942       1.000000     183.304971       1.000000            8
       244       61.00000       9       5      34.067418     -30.252770       3.814648       0.015206       0.009857       1.000000     184.105498       1.000000            7
       245       61.25000       9       5      34.072257     -30.257609       3.814648       0.015206       0.009773       1.000000     184.906071       1.000000            8
       246       61.50000       9       5      34.077055     -30.262407       3.814648       0.015206       0.009690       1.000000     185.706689       1.000000            8
       247       61.75000       9       5      34.081813     -30.267165       3.814648       0.015206       0.009608       1.000000     186.507352       1.000000            7
       248       62.00000       9       5      34.086531     -30.271883       3.814648       0.015207       0.009527       1.000000     187.308059       1.000000            9
       249       62.25000       9       5      34.091210     -30.276562       3.814648       0.015207       0.009447       1.000000     188.108810       1.000000            7
       250       62.50000       9       5      34.095849     -30.281201       3.814648       0.015207       0.009368       1.000000     188.909605       1.000000            7
       251       62.75000       9       5      34.100451     -30.285803       3.814648       0.015207       0.009290       1.000000     189.710443       1.000000            7
       252       63.00000       9       5      34.105015     -30.290366       3.814648       0.015207       0.009213       1.000000     190.511324       1.000000            8
       253       63.25000       9       5      34.109541     -30.294893       3.814648       0.015207       0.009137       1.000000     191.312247       1.000000            7
       254       63.50000       9       5      34.114030     -30.299382       3.814648       0.015207       0.009062       1.000000     192.113212       1.000000            8
       255       63.75000       9       5      34.118483     -30.303835       3.814648       0.015207       0.008988       1.000000     192.914219       1.000000            7
       256       64.00000       9       5      34.122900     -30.308251       3.814648       0.015207       0.008914       1.000000     193.715268       1.000000            7
       257       64.25000       9       5      34.127281     -30.312632       3.814648       0.015207       0.008842       1.000000     194.516358       1.000000            7
       258       64.50000       9       5      34.131626     -30.316978       3.814648       0.015207       0.008771       1.000000     195.317489       1.000000            7
       259       64.75000       9       5      34.135938     -30.321289       3.814648       0.015207       0.008700       1.000000     196.118660       1.000000            8
       260       65.00000       9       5      34.140214     -30.325566       3.814648       0.015207       0.008630       1.000000     196.919872       1.000000            7
       261       65.25000       9       5      34.144457     -30.329808       3.814648       0.015207       0.008561       1.000000     197.721123       1.000000            7
       262       65.50000       9       5      34.148666     -30.334018       3.814648       0.015207       0.008493       1.000000     198.522414       1.000000            7
       263       65.75000       9       5      34.152842     -30.338194       3.814649       0.015207       0.008425       1.000000     199.323743       1.000000            8
       264       66.00000       9       5      34.156985     -30.342337       3.814649       0.015207       0.008359       1.000000     200.125113       1.000000            7
       265       66.25000       9       5      34.161096     -30.346448       3.814649       0.015207       0.008293       1.000000     200.926520       1.000000            8
       266       66.50000       9       5      34.165175     -30.350526       3.814649       0.015208       0.008228       1.000000     201.727966       1.000000            7
       267       66.75000       9       5      34.169222     -30.354573       3.814649       0.015208       0.008164       1.000000     202.529450       1.000000            7
       268       67.00000       9       5      34.173238     -30.358589       3.814649       0.015207       0.008100       1.000000     203.330972       1.000000            8
       269       67.25000       9       5      34.177223     -30.362574       3.814649       0.015208       0.008037       1.000000     204.132530       1.000000            7
       270       67.50000       9       5      34.181177     -30.366528       3.814649       0.015208       0.007975       1.000000     204.934126       1.000000            8
       271       67.75000       9       5      34.185101     -30.370453       3.814649       0.015207       0.007914       1.000000     205.735759       1.000000            8
       272       68.00000       9       5      34.188996     -30.374347       3.814649       0.015207       0.007853       1.000000     206.537428       1.000000            7
       273       68.25000       9       5      34.192860     -30.378211       3.814649       0.015207       0.007793       1.000000     207.339134       1.000000            7
       274       68.50000       9       5      34.196696     -30.382047       3.814649       0.015207       0.007734       1.000000     208.140876       1.000000            8
       275       68.75000       9       5      34.200502     -30.385853       3.814649       0.015207       0.007675       1.000000     208.942653       1.000000            7
       276       69.00000       9       5      34.204280     -30.389631       3.814649       0.015207       0.007617       1.000000     209.744466       1.000000            8
       277       69.25000       9       5      34.208030     -30.393381       3.814649       0.015207       0.007560       1.000000     210.546314       1.000000            8
       278       69.50000       9       5      34.211752     -30.397103       3.814649       0.015207       0.007504       1.000000     211.348196       1.000000            8
       279       69.75000       9       5      34.215446     -30.400797       3.814649       0.015207       0.007447       1.000000     212.150114       1.000000            7
       280       70.00000       9       5      34.219113     -30.404464       3.814649       0.015207       0.007392       1.000000     212.952066       1.000000            7
       281       70.25000       9       5      34.222753     -30.408104       3.814649       0.015207       0.007337       1.000000     213.754052       1.000000            7
       282       70.50000       9       5      34.226366     -30.411717       3.814649       0.015207       0.007283       1.000000     214.556072       1.000000            8
       283       70.75000       9       5      34.229953     -30.415304       3.814649       0.015207       0.007229       1.000000     215.358126       1.000000            7
       284       71.00000       9       5      34.233514     -30.418865       3.814649       0.015207       0.007176       1.000000     216.160212       1.000000            8
       285       71.25000       9       5      34.237049     -30.422400       3.814649       0.015207       0.007124       1.000000     216.962332       1.000000            8
       286       71.50000       9       5      34.240558     -30.425909       3.814649       0.015208       0.007072       1.000000     217.764486       1.000000            7
       287       71.75000       9       5      34.244042     -30.429393       3.814649       0.015208       0.007021       1.000000     218.566671       1.000000            7
       288       72.00000       9       5      34.247501     -30.432852       3.814649       0.015207       0.006970       1.000000     219.368889       1.000000            7
       289       72.25000       9       5      34.250935     -30.436286       3.814649       0.015208       0.006920       1.000000     220.171139       1.000000            8
       290       72.50000       9       5      34.254345     -30.439695       3.814649       0.015208       0.006870       1.000000     220.973422       1.000000            7
       291       72.75000       9       5      34.257730     -30.443081       3.814649       0.015208       0.006821       1.000000     221.775736       1.000000            8
       292       73.00000       9       5      34.261092     -30.446442       3.814649       0.015209       0.006772       1.000000     222.578081       1.000000            7
       293       73.25000       9       5      34.264429     -30.449780       3.814649       0.015209       0.006724       1.000000     223.380458       1.000000            7
       294       73.50000       9       5      34.267743     -30.453094       3.814649       0.015209       0.006677       1.000000     224.182866       1.000000            8
       295       73.75000       9       5      34.271034     -30.456385       3.814649       0.015209       0.006630       1.000000     224.985304       1.000000            7
       296       74.00000       9       5      34.274303     -30.459653       3.814649       0.015209       0.006583       1.000000     225.787774       1.000000            8
       297       74.25000       9       5      34.277548     -30.462898       3.814649       0.015209       0.006537       1.000000     226.590274       1.000000            7
       298       74.50000       9       5      34.280770     -30.466121       3.814649       0.015208       0.006491       1.000000     227.392803       1.000000            8
       299       74.75000       9       5      34.283971     -30.469322       3.814649       0.015208       0.006446       1.000000     228.195363       1.000000            8
       300       75.00000       9       5      34.287149     -30.472500       3.814649       0.015208       0.006402       1.000000     228.997953       1.000000            7
       301       75.25000       9       5      34.290306     -30.475657       3.814649       0.015208       0.006357       1.000000     229.800572       1.000000            8
       302       75.50000       9       5      34.293441     -30.478791       3.814649       0.015208       0.006314       1.000000     230.603221       1.000000            8
       303       75.75000       9       5      34.296554     -30.481905       3.814649       0.015208       0.006270       1.000000     231.405898       1.000000            7
       304       76.00000       9       5      34.299647     -30.484997       3.814649       0.015209       0.006227       1.000000     232.208605       1.000000            7
       305       76.25000       9       5      34.302718     -30.488069       3.814649       0.015209       0.006185       1.000000     233.011340       1.000000            7
       306       76.50000       9       5      34.305769     -30.491120       3.814650       0.015209       0.006143       1.000000     233.814104       1.000000            8
       307       76.75000       9       5      34.308799     -30.494150       3.814650       0.015209       0.006101       1.000000     234.616897       1.000000            7
       308       77.00000       9       5      34.311809     -30.497160       3.814650       0.015209       0.006060       1.000000     235.419717       1.000000            7
       309       77.25000       9       5      34.314799     -30.500149       3.814650       0.015209       0.006019       1.000000     236.222566       1.000000            8
       310       77.50000       9       5      34.317769     -30.503119       3.814650       0.015209       0.005979       1.000000     237.025442       1.000000            7
       311       77.75000       9       5      34.320719     -30.506069       3.814650       0.015209       0.005939       1.000000     237.828346       1.000000            8
       312       78.00000       9       5      34.323649     -30.509000       3.814650       0.015209       0.005900       1.000000     238.631278       1.000000            7
       313       78.25000       9       5      34.326560     -30.511911       3.814650       0.015209       0.005860       1.000000     239.434236       1.000000            8
       314       78.50000       9       5      34.329452     -30.514803       3.814650       0.015209       0.005822       1.000000     240.237221       1.000000            7
       315       78.75000       9       5      34.332326     -30.517676       3.814650       0.015209       0.005783       1.000000     241.040235       1.000000            8
       316       79.00000       9       5      34.335180     -30.520530       3.814650       0.015209       0.005745       1.000000     241.843274       1.000000            8
       317       79.25000       9       5      34.338016     -30.523366       3.814650       0.015210       0.005708       1.000000     242.646340       1.000000            7
       318       79.50000       9       5      34.340833     -30.526183       3.814650       0.015209       0.005670       1.000000     243.449432       1.000000            7
       319       79.75000       9       5      34.343632     -30.528982       3.814650       0.015209       0.005633       1.000000     244.252550       1.000000            8
       320       80.00000       9       5      34.346413     -30.531763       3.814650       0.015209       0.005597       1.000000     245.055695       1.000000            6
       321       80.25000       9       5      34.349176     -30.534526       3.814650       0.015209       0.005561       1.000000     245.858865       1.000000            8
       322       80.50000       9       5      34.351921     -30.537272       3.814650       0.015209       0.005525       1.000000     246.662061       1.000000            8
       323       80.75000       9       5      34.354649     -30.540000       3.814650       0.015209       0.005489       1.000000     247.465283       1.000000            7
       324       81.00000       9       5      34.357360     -30.542710       3.814650       0.015209       0.005454       1.000000     248.268530       1.000000            8
       325       81.25000       9       5      34.360053     -30.545403       3.814650       0.015209       0.005419       1.000000     249.071801       1.000000            7
       326       81.50000       9       5      34.362729     -30.548079       3.814650       0.015209       0.005385       1.000000     249.875099       1.000000            8
       327       81.75000       9       5      34.365389     -30.550739       3.814650       0.015209       0.005351       1.000000     250.678420       1.000000            7
       328       82.00000       9       5      34.368031     -30.553381       3.814650       0.015209       0.005317       1.000000     251.481767       1.000000            7
       329       82.25000       9       5      34.370657     -30.556007       3.814650       0.015209       0.005283       1.000000     252.285139       1.000000            8
       330       82.50000       9       5      34.373267     -30.558617       3.814650       0.015209       0.005250       1.000000     253.088535       1.000000            7
       331       82.75000       9       5      34.375860     -30.561210       3.814650       0.015209       0.005217       1.000000     253.891955       1.000000            8
       332       83.00000       9       5      34.378437     -30.563787       3.814650       0.015209       0.005185       1.000000     254.695399       1.000000            7
       333       83.25000       9       5      34.380998     -30.566348       3.814650       0.015209       0.005152       1.000000     255.498866       1.000000            7
       334       83.50000       9       5      34.383544     -30.568894       3.814650       0.015209       0.005120       1.000000     256.302358       1.000000            8
       335       83.75000       9       5      34.386074     -30.571424       3.814650       0.015209       0.005089       1.000000     257.105874       1.000000            8
       336       84.00000       9       5      34.388588     -30.573938       3.814650       0.015209       0.005057       1.000000     257.909412       1.000000            7
       337       84.25000       9       5      34.391087     -30.576437       3.814650       0.015209       0.005026       1.000000     258.712975       1.000000            8
       338       84.50000       9       5      34.393570     -30.578920       3.814650       0.015209       0.004995       1.000000     259.516560       1.000000            7
       339       84.75000       9       5      34.396038     -30.581389       3.814650       0.015209       0.004965       1.000000     260.320169       1.000000            7
       340       85.00000       9       5      34.398492     -30.583842       3.814650       0.015209       0.004934       1.000000     261.123800       1.000000            7
       341       85.25000       9       5      34.400931     -30.586281       3.814650       0.015209       0.004904       1.000000     261.927455       1.000000            8
       342       85.50000       9       5      34.403355     -30.588705       3.814650       0.015209       0.004875       1.000000     262.731132       1.000000            7
       343       85.75000       9       5      34.405764     -30.591114       3.814650       0.015209       0.004845       1.000000     263.534831       1.000000            8
       344       86.00000       9       5      34.408159     -30.593509       3.814650       0.015209       0.004816       1.000000     264.338553       1.000000            8
       345       86.25000       9       5      34.410539     -30.595889       3.814650       0.015209       0.004787       1.000000     265.142297       1.000000            7
       346       86.50000       9       5      34.412906     -30.598256       3.814650       0.015209       0.004758       1.000000     265.946064       1.000000            7
       347       86.75000       9       5      34.415258     -30.600608       3.814650       0.015209       0.004730       1.000000     266.749851       1.000000            8
       348       87.00000       9       5      34.417597     -30.602946       3.814650       0.015209       0.004702       1.000000     267.553661       1.000000            7
       349       87.25000       9       5      34.419921     -30.605271       3.814650       0.015209       0.004674       1.000000     268.357494       1.000000            7
       350       87.50000       9       5      34.422232     -30.607582       3.814650       0.015209       0.004646       1.000000     269.161347       1.000000            7
       351       87.75000       9       5      34.424529     -30.609879       3.814650       0.015209       0.004619       1.000000     269.965222       1.000000            8
       352       88.00000       9       5      34.426813     -30.612163       3.814650       0.015210       0.004592       1.000000     270.769118       1.000000            8
       353       88.25000       9       5      34.429084     -30.614434       3.814650       0.015209       0.004565       1.000000     271.573036       1.000000            8
       354       88.50000       9       5      34.431341     -30.616691       3.814650       0.015209       0.004538       1.000000     272.376974       1.000000            7
       355       88.75000       9       5      34.433585     -30.618935       3.814650       0.015210       0.004511       1.000000     273.180934       1.000000            7
       356       89.00000       9       5      34.435817     -30.621166       3.814650       0.015209       0.004485       1.000000     273.984914       1.000000            8
       357       89.25000       9       5      34.438035     -30.623385       3.814650       0.015209       0.004459       1.000000     274.788915       1.000000            7
       358       89.50000       9       5      34.440241     -30.625590       3.814650       0.015209       0.004433       1.000000     275.592937       1.000000            8
       359       89.75000       9       5      34.442433     -30.627783       3.814650       0.015209       0.004408       1.000000     276.396979       1.000000            7
       360       90.00000       9       5      34.444614     -30.629964       3.814650       0.015209       0.004383       1.000000     277.201041       1.000000            7
       361       90.25000       9       5      34.446782     -30.632132       3.814650       0.015209       0.004357       1.000000     278.005124       1.000000            8
       362       90.50000       9       5      34.448937     -30.634287       3.814650       0.015209       0.004332       1.000000     278.809227       1.000000            8
       363       90.75000       9       5      34.451081     -30.636431       3.814650       0.015209       0.004308       1.000000     279.613350       1.000000            7
       364       91.00000       9       5      34.453212     -30.638562       3.814650       0.015210       0.004283       1.000000     280.417493       1.000000            8
       365       91.25000       9       5      34.455331     -30.640681       3.814650       0.015210       0.004259       1.000000     281.221656       1.000000            8
       366       91.50000       9       5      34.457438     -30.642788       3.814650       0.015210       0.004235       1.000000     282.025838       1.000000            7
       367       91.75000       9       5      34.459534     -30.644884       3.814650       0.015210       0.004211       1.000000     282.830039       1.000000            8
       368       92.00000       9       5      34.461618     -30.646967       3.814650       0.015210       0.004187       1.000000     283.634260       1.000000            8
       369       92.25000       9       5      34.463690     -30.649039       3.814650       0.015210       0.004164       1.000000     284.438501       1.000000            7
       370       92.50000       9       5      34.465750     -30.651100       3.814650       0.015210       0.004141       1.000000     285.242761       1.000000            7
       371       92.75000       9       5      34.467799     -30.653149       3.814650       0.015209       0.004117       1.000000     286.047040       1.000000            8
       372       93.00000       9       5      34.469837     -30.655187       3.814650       0.015209       0.004095       1.000000     286.851338       1.000000            7
       373       93.25000       9       5      34.471864     -30.657213       3.814650       0.015209       0.004072       1.000000     287.655655       1.000000            7
       374       93.50000       9       5      34.473879     -30.659229       3.814650       0.015209       0.004049       1.000000     288.459991       1.000000            8
       375       93.75000       9       5      34.475883     -30.661233       3.814650       0.015209       0.004027       1.000000     289.264345       1.000000            7
       376       94.00000       9       5      34.477877     -30.663226       3.814650       0.015209       0.004005       1.000000     290.068718       1.000000            8
       377       94.25000       9       5      34.479859     -30.665209       3.814650       0.015209       0.003983       1.000000     290.873110       1.000000            7
       378       94.50000       9       5      34.481831     -30.667181       3.814650       0.015209       0.003961       1.000000     291.677520       1.000000            8
       379       94.75000       9       5      34.483792     -30.669141       3.814650       0.015210       0.003939       1.000000     292.481948       1.000000            7
       380       95.00000       9       5      34.485742     -30.671092       3.814650       0.015210       0.003918       1.000000     293.286395       1.000000            7
       381       95.25000       9       5      34.487682     -30.673032       3.814650       0.015210       0.003897       1.000000     294.090859       1.000000            8
       382       95.50000       9       5      34.489611     -30.674961       3.814650       0.015210       0.003876       1.000000     294.895342       1.000000            7
       383       95.75000       9       5      34.491530     -30.676880       3.814650       0.015210       0.003855       1.000000     295.699842       1.000000            8
       384       96.00000       9       5      34.493439     -30.678789       3.814650       0.015210       0.003834       1.000000     296.504361       1.000000            7
       385       96.25000       9       5      34.495337     -30.680687       3.814650       0.015211       0.003813       1.000000     297.308896       1.000000            8
       386       96.50000       9       5      34.497226     -30.682575       3.814650       0.015210       0.003793       1.000000     298.113450       1.000000            8
       387       96.75000       9       5      34.499104     -30.684454       3.814650       0.015211       0.003773       1.000000     298.918021       1.000000            7
       388       97.00000       9       5      34.500972     -30.686322       3.814650       0.015211       0.003753       1.000000     299.722610       1.000000            8
       389       97.25000       9       5      34.502831     -30.688181       3.814650       0.015211       0.003733       1.000000     300.527216       1.000000            7
       390       97.50000       9       5      34.504680     -30.690029       3.814650       0.015211       0.003713       1.000000     301.331839       1.000000            7
       391       97.75000       9       5      34.506519     -30.691868       3.814650       0.015211       0.003693       1.000000     302.136479       1.000000            8
       392       98.00000       9       5      34.508348     -30.693697       3.814650       0.015210       0.003674       1.000000     302.941137       1.000000            8
       393       98.25000       9       5      34.510168     -30.695517       3.814650       0.015210       0.003655       1.000000     303.745811       1.000000            7
       394       98.50000       9       5      34.511978     -30.697327       3.814650       0.015210       0.003635       1.000000     304.550503       1.000000            8
       395       98.75000       9       5      34.513779     -30.699128       3.814650       0.015210       0.003616       1.000000     305.355211       1.000000            7
       396       99.00000       9       5      34.515570     -30.700920       3.814650       0.015210       0.003597       1.000000     306.159935       1.000000            8
       397       99.25000       9       5      34.517352     -30.702702       3.814650       0.015210       0.003579       1.000000     306.964676       1.000000            7
       398       99.50000       9       5      34.519125     -30.704475       3.814650       0.015210       0.003560       1.000000     307.769435       1.000000            8
       399       99.75000       9       5      34.520889     -30.706239       3.814650       0.015210       0.003542       1.000000     308.574209       1.000000            8
       400      100.00000       9       5      34.522644     -30.707993       3.814650       0.015210       0.003523       1.000000     309.378999       1.000000            7
       401      100.25000       9       5      34.524390     -30.709739       3.814650       0.015210       0.003505       1.000000     310.183807       1.000000            8
       402      100.50000       9       5      34.526126     -30.711476       3.814650       0.015210       0.003487       1.000000     310.988630       1.000000            7
       403      100.75000       9       5      34.527854     -30.713204       3.814650       0.015210       0.003469       1.000000     311.793469       1.000000            8
       404      101.00000       9       5      34.529573     -30.714923       3.814651       0.015210       0.003452       1.000000     312.598324       1.000000            8
       405      101.25000       9       5      34.531284     -30.716633       3.814651       0.015211       0.003434       1.000000     313.403196       1.000000            7
       406      101.50000       9       5      34.532986     -30.718335       3.814651       0.015211       0.003417       1.000000     314.208083       1.000000            8
       407      101.75000       9       5      34.534679     -30.720028       3.814651       0.015211       0.003399       1.000000     315.012986       1.000000            9
       408      102.00000       9       5      34.536363     -30.721713       3.814651       0.015211       0.003382       1.000000     315.817905       1.000000            8
       409      102.25000       9       5      34.538040     -30.723389       3.814651       0.015211       0.003365       1.000000     316.622839       1.000000            8
       410      102.50000       9       5      34.539707     -30.725057       3.814651       0.015211       0.003348       1.000000     317.427789       1.000000            8
       411      102.75000       9       5      34.541367     -30.726716       3.814651       0.015211       0.003331       1.000000     318.232754       1.000000            8
       412      103.00000       9       5      34.543018     -30.728367       3.814651       0.015211       0.003315       1.000000     319.037734       1.000000            8
       413      103.25000       9       5      34.544661     -30.730010       3.814651       0.015211       0.003298       1.000000     319.842730       1.000000            9
       414      103.50000       9       5      34.546296     -30.731645       3.814651       0.015211       0.003282       1.000000     320.647742       1.000000            7
       415      103.75000       9       5      34.547922     -30.733272       3.814651       0.015211       0.003265       1.000000     321.452768       1.000000            8
       416      104.00000       9       5      34.549541     -30.734890       3.814651       0.015212       0.003249       1.000000     322.257810       1.000000            8
       417      104.25000       9       5      34.551152     -30.736501       3.814651       0.015211       0.003233       1.000000     323.062866       1.000000            7
       418      104.50000       9       5      34.552754     -30.738104       3.814651       0.015211       0.003217       1.000000     323.867937       1.000000            8
       419      104.75000       9       5      34.554349     -30.739699       3.814651       0.015211       0.003201       1.000000     324.673024       1.000000            8
       420      105.00000       9       5      34.555936     -30.741286       3.814651       0.015212       0.003185       1.000000     325.478125       1.000000            7
       421      105.25000       9       5      34.557516     -30.742865       3.814651       0.015212       0.003170       1.000000     326.283241       1.000000            8
       422      105.50000       9       5      34.559087     -30.744437       3.814651       0.015212       0.003154       1.000000     327.088371       1.000000            8
       423      105.75000       9       5      34.560651     -30.746001       3.814651       0.015212       0.003139       1.000000     327.893517       1.000000            6
       424      106.00000       9       5      34.562208     -30.747557       3.814651       0.015212       0.003124       1.000000     328.698675       1.000000            7
       425      106.25000       9       5      34.563757     -30.749106       3.814651       0.015211       0.003109       1.000000     329.503850       1.000000            8
       426      106.50000       9       5      34.565298     -30.750648       3.814651       0.015211       0.003093       1.000000     330.309038       1.000000            7
       427      106.75000       9       5      34.566832     -30.752182       3.814651       0.015211       0.003079       1.000000     331.114241       1.000000            8
       428      107.00000       9       5      34.568359     -30.753708       3.814651       0.015211       0.003064       1.000000     331.919458       1.000000           51
       429      107.25000       9       5      34.569878     -30.755228       3.814651       0.015211       0.003049       1.000000     332.724689       1.000000           80
       430      107.50000       9       5      34.571390     -30.756740       3.814651       0.015211       0.003034       1.000000     333.529934       1.000000           59
       431      107.75000       9       5      34.572895     -30.758245       3.814651       0.015211       0.003020       1.000000     334.335193       1.000000           66
       432      108.00000       9       5      34.574393     -30.759743       3.814651       0.015211       0.003005       1.000000     335.140466       1.000000           51
       433      108.25000       9       5      34.575884     -30.761233       3.814651       0.015211       0.002991       1.000000     335.945753       1.000000           13
       434      108.50000       9       5      34.577367     -30.762717       3.814651       0.015210       0.002977       1.000000     336.751054       1.000000            7
       435      108.75000       9       5      34.578844     -30.764193       3.814651       0.015210       0.002963       1.000000     337.556368       1.000000            7
       436      109.00000       9       5      34.580314     -30.765663       3.814651       0.015210       0.002949       1.000000     338.361696       1.000000            8
       437      109.25000       9       5      34.581776     -30.767126       3.814651       0.015209       0.002935       1.000000     339.167039       1.000000            7
       438      109.50000       9       5      34.583232     -30.768582       3.814651       0.015209       0.002921       1.000000     339.972393       1.000000            9
       439      109.75000       9       5      34.584681     -30.770031       3.814651       0.015208       0.002907       1.000000     340.777762       1.000000            7
       440      110.00000       9       5      34.586124     -30.771473       3.814651       0.015208       0.002894       1.000000     341.583145       1.000000            7
       441      110.25000       9       5      34.587559     -30.772908       3.814651       0.015209       0.002880       1.000000     342.388541       1.000000            7
       442      110.50000       9       5      34.588988     -30.774337       3.814651       0.015209       0.002867       1.000000     343.193950       1.000000            7
       443      110.75000       9       5      34.590410     -30.775760       3.814651       0.015209       0.002853       1.000000     343.999372       1.000000            8
       444      111.00000       9       5      34.591826     -30.777175       3.814651       0.015209       0.002840       1.000000     344.804807       1.000000            8
       445      111.25000       9       5      34.593235     -30.778585       3.814651       0.015209       0.002827       1.000000     345.610256       1.000000            7
       446      111.50000       9       5      34.594638     -30.779987       3.814651       0.015210       0.002814       1.000000     346.415717       1.000000            7
       447      111.75000       9       5      34.596034     -30.781384       3.814651       0.015210       0.002801       1.000000     347.221192       1.000000            8
       448      112.00000       9       5      34.597424     -30.782773       3.814651       0.015209       0.002788       1.000000     348.026679       1.000000            7
       449      112.25000       9       5      34.598808     -30.784157       3.814651       0.015209       0.002775       1.000000     348.832180       1.000000            7
       450      112.50000       9       5      34.600185     -30.785534       3.814651       0.015209       0.002763       1.000000     349.637693       1.000000            8
       451      112.75000       9       5      34.601556     -30.786905       3.814651       0.015209       0.002750       1.000000     350.443220       1.000000            7
       452      113.00000       9       5      34.602920     -30.788270       3.814651       0.015209       0.002737       1.000000     351.248758       1.000000            7
       453      113.25000       9       5      34.604279     -30.789628       3.814651       0.015209       0.002725       1.000000     352.054310       1.000000            8
       454      113.50000       9       5      34.605631     -30.790981       3.814651       0.015209       0.002713       1.000000     352.859873       1.000000            7
       455      113.75000       9       5      34.606978     -30.792327       3.814651       0.015209       0.002700       1.000000     353.665450       1.000000            8
       456      114.00000       9       5      34.608318     -30.793667       3.814651       0.015209       0.002688       1.000000     354.471039       1.000000            7
       457      114.25000       9       5      34.609652     -30.795001       3.814651       0.015209       0.002676       1.000000     355.276641       1.000000            7
       458      114.50000       9       5      34.610980     -30.796330       3.814651       0.015209       0.002664       1.000000     356.082254       1.000000            7
       459      114.75000       9       5      34.612303     -30.797652       3.814651       0.015209       0.002652       1.000000     356.887880       1.000000            8
       460      115.00000       9       5      34.613619     -30.798968       3.814651       0.015208       0.002640       1.000000     357.693519       1.000000            8
       461      115.25000       9       5      34.614930     -30.800279       3.814651       0.015208       0.002628       1.000000     358.499169       1.000000            7
       462      115.50000       9       5      34.616234     -30.801584       3.814651       0.015208       0.002617       1.000000     359.304832       1.000000            8
       463      115.75000       9       5      34.617533     -30.802883       3.814651       0.015208       0.002605       1.000000     360.110507       1.000000            8
       464      116.00000       9       5      34.618826     -30.804176       3.814651       0.015208       0.002593       1.000000     360.916193       1.000000            7
       465      116.25000       9       5      34.620114     -30.805463       3.814651       0.015209       0.002582       1.000000     361.721892       1.000000            7
       466      116.50000       9       5      34.621396     -30.806745       3.814651       0.015209       0.002571       1.000000     362.527602       1.000000            7
       467      116.75000       9       5      34.622672     -30.808021       3.814651       0.015209       0.002559       1.000000     363.333325       1.000000            8
       468      117.00000       9       5      34.623943     -30.809292       3.814651       0.015210       0.002548       1.000000     364.139059       1.000000            8
       469      117.25000       9       5      34.625208     -30.810557       3.814651       0.015210       0.002537       1.000000     364.944806       1.000000            7
       470      117.50000       9       5      34.626467     -30.811816       3.814651       0.015210       0.002526       1.000000     365.750564       1.000000            8
       471      117.75000       9       5      34.627721     -30.813070       3.814651       0.015210       0.002515       1.000000     366.556334       1.000000            7
       472      118.00000       9       5      34.628970     -30.814319       3.814651       0.015209       0.002504       1.000000     367.362114       1.000000            7
       473      118.25000       9       5      34.630213     -30.815562       3.814651       0.015209       0.002493       1.000000     368.167907       1.000000            8
       474      118.50000       9       5      34.631451     -30.816800       3.814651       0.015209       0.002482       1.000000     368.973711       1.000000            8
       475      118.75000       9       5      34.632683     -30.818032       3.814651       0.015209       0.002471       1.000000     369.779527       1.000000            7
       476      119.00000       9       5      34.633910     -30.819260       3.814651       0.015209       0.002461       1.000000     370.585354       1.000000            7
       477      119.25000       9       5      34.635132     -30.820482       3.814651       0.015209       0.002450       1.000000     371.391193       1.000000            8
       478      119.50000       9       5      34.636349     -30.821698       3.814651       0.015209       0.002439       1.000000     372.197043       1.000000            9
       479      119.75000       9       5      34.637560     -30.822910       3.814651       0.015209       0.002429       1.000000     373.002904       1.000000            9
       480      120.00000       9       5      34.638767     -30.824116       3.814651       0.015209       0.002418       1.000000     373.808776       1.000000            9
       481      120.25000       9       5      34.639968     -30.825317       3.814651       0.015209       0.002408       1.000000     374.614659       1.000000            9
       482      120.50000       9       5      34.641164     -30.826513       3.814651       0.015210       0.002398       1.000000     375.420554       1.000000            9
       483      120.75000       9       5      34.642355     -30.827704       3.814651       0.015210       0.002388       1.000000     376.226460       1.000000            9
       484      121.00000       9       5      34.643541     -30.828890       3.814651       0.015209       0.002377       1.000000     377.032377       1.000000            9
       485      121.25000       9       5      34.644721     -30.830071       3.814651       0.015209       0.002367       1.000000     377.838305       1.000000            9
       486      121.50000       9       5      34.645897     -30.831247       3.814651       0.015210       0.002357       1.000000     378.644243       1.000000            9
       487      121.75000       9       5      34.647068     -30.832417       3.814651       0.015210       0.002347       1.000000     379.450192       1.000000            9
       488      122.00000       9       5      34.648234     -30.833583       3.814651       0.015210       0.002338       1.000000     380.256153       1.000000           10
       489      122.25000       9       5      34.649395     -30.834745       3.814651       0.015211       0.002328       1.000000     381.062125       1.000000            8
       490      122.50000       9       5      34.650552     -30.835901       3.814651       0.015211       0.002318       1.000000     381.868107       1.000000            9
       491      122.75000       9       5      34.651703     -30.837052       3.814651       0.015212       0.002308       1.000000     382.674099       1.000000            9
       492      123.00000       9       5      34.652850     -30.838199       3.814651       0.015212       0.002299       1.000000     383.480103       1.000000            9
       493      123.25000       9       5      34.653992     -30.839341       3.814651       0.015212       0.002289       1.000000     384.286116       1.000000            9
       494      123.50000       9       5      34.655129     -30.840478       3.814651       0.015213       0.002279       1.000000     385.092141       1.000000            9
       495      123.75000       9       5      34.656261     -30.841611       3.814651       0.015213       0.002270       1.000000     385.898176       1.000000            9
       496      124.00000       9       5      34.657389     -30.842738       3.814651       0.015213       0.002261       1.000000     386.704222       1.000000           10
       497      124.25000       9       5      34.658512     -30.843861       3.814651       0.015212       0.002251       1.000000     387.510277       1.000000            9
       498      124.50000       9       5      34.659631     -30.844980       3.814651       0.015212       0.002242       1.000000     388.316343       1.000000           10
       499      124.75000       9       5      34.660745     -30.846094       3.814651       0.015213       0.002233       1.000000     389.122421       1.000000            8
       500      125.00000       9       5      34.661854     -30.847203       3.814651       0.015213       0.002223       1.000000     389.928508       1.000000            9
       501      125.25000       9       5      34.662959     -30.848308       3.814651       0.015213       0.002214       1.000000     390.734605       1.000000            9
       502      125.50000       9       5      34.664059     -30.849408       3.814651       0.015213       0.002205       1.000000     391.540713       1.000000            9
       503      125.75000       9       5      34.665155     -30.850504       3.814651       0.015214       0.002196       1.000000     392.346830       1.000000           10
       504      126.00000       9       5      34.666246     -30.851595       3.814651       0.015214       0.002187       1.000000     393.152958       1.000000            9
       505      126.25000       9       5      34.667333     -30.852682       3.814651       0.015214       0.002178       1.000000     393.959096       1.000000            9
       506      126.50000       9       5      34.668416     -30.853765       3.814651       0.015214       0.002170       1.000000     394.765244       1.000000           10
       507      126.75000       9       5      34.669494     -30.854843       3.814651       0.015214       0.002161       1.000000     395.571403       1.000000            9
       508      127.00000       9       5      34.670568     -30.855917       3.814651       0.015213       0.002152       1.000000     396.377570       1.000000            8
       509      127.25000       9       5      34.671637     -30.856986       3.814651       0.015214       0.002143       1.000000     397.183749       1.000000           10
       510      127.50000       9       5      34.672702     -30.858052       3.814651       0.015214       0.002135       1.000000     397.989937       1.000000            9
       511      127.75000       9       5      34.673763     -30.859113       3.814651       0.015214       0.002126       1.000000     398.796134       1.000000            9
       512      128.00000       9       5      34.674820     -30.860169       3.814651       0.015215       0.002118       1.000000     399.602342       1.000000           10
       513      128.25000       9       5      34.675873     -30.861222       3.814651       0.015215       0.002109       1.000000     400.408559       1.000000            9
       514      128.50000       9       5      34.676921     -30.862270       3.814651       0.015216       0.002101       1.000000     401.214786       1.000000            9
       515      128.75000       9       5      34.677965     -30.863314       3.814651       0.015215       0.002092       1.000000     402.021023       1.000000            9
       516      129.00000       9       5      34.679005     -30.864354       3.814651       0.015215       0.002084       1.000000     402.827269       1.000000            9
       517      129.25000       9       5      34.680041     -30.865390       3.814651       0.015215       0.002076       1.000000     403.633525       1.000000            9
       518      129.50000       9       5      34.681072     -30.866422       3.814651       0.015215       0.002067       1.000000     404.439791       1.000000           10
       519      129.75000       9       5      34.682100     -30.867449       3.814651       0.015216       0.002059       1.000000     405.246067       1.000000            9
       520      130.00000       9       5      34.683124     -30.868473       3.814651       0.015216       0.002051       1.000000     406.052351       1.000000            9
       521      130.25000       9       5      34.684143     -30.869493       3.814651       0.015216       0.002043       1.000000     406.858646       1.000000            9
       522      130.50000       9       5      34.685159     -30.870508       3.814651       0.015216       0.002035       1.000000     407.664950       1.000000            9
       523      130.75000       9       5      34.686171     -30.871520       3.814651       0.015215       0.002027       1.000000     408.471263       1.000000            9
       524      131.00000       9       5      34.687178     -30.872527       3.814651       0.015216       0.002019       1.000000     409.277585       1.000000            9
       525      131.25000       9       5      34.688182     -30.873531       3.814651       0.015216       0.002011       1.000000     410.083917       1.000000           10
       526      131.50000       9       5      34.689182     -30.874531       3.814651       0.015216       0.002003       1.000000     410.890258       1.000000            9
       527      131.75000       9       5      34.690178     -30.875527       3.814651       0.015217       0.001996       1.000000     411.696608       1.000000            9
       528      132.00000       9       5      34.691170     -30.876519       3.814651       0.015217       0.001988       1.000000     412.502968       1.000000            9
       529      132.25000       9       5      34.692158     -30.877507       3.814651       0.015217       0.001980       1.000000     413.309336       1.000000            9
       530      132.50000       9       5      34.693143     -30.878492       3.814651       0.015217       0.001972       1.000000     414.115714       1.000000            9
       531      132.75000       9       5      34.694123     -30.879472       3.814651       0.015217       0.001965       1.000000     414.922102       1.000000            9
       532      133.00000       9       5      34.695100     -30.880449       3.814651       0.015217       0.001957       1.000000     415.728498       1.000000            9
       533      133.25000       9       5      34.696073     -30.881422       3.814651       0.015217       0.001950       1.000000     416.534902       1.000000            9
       534      133.50000       9       5      34.697043     -30.882392       3.814651       0.015217       0.001942       1.000000     417.341317       1.000000            9
       535      133.75000       9       5      34.698008     -30.883358       3.814651       0.015217       0.001935       1.000000     418.147740       1.000000            9
       536      134.00000       9       5      34.698970     -30.884320       3.814651       0.015217       0.001927       1.000000     418.954172       1.000000            9
       537      134.25000       9       5      34.699929     -30.885278       3.814651       0.015217       0.001920       1.000000     419.760613       1.000000            9
       538      134.50000       9       5      34.700883     -30.886233       3.814651       0.015217       0.001913       1.000000     420.567063       1.000000            9
       539      134.75000       9       5      34.701835     -30.887184       3.814651       0.015217       0.001905       1.000000     421.373522       1.000000            9
       540      135.00000       9       5      34.702782     -30.888131       3.814651       0.015216       0.001898       1.000000     422.179989       1.000000            9
       541      135.25000       9       5      34.703726     -30.889075       3.814651       0.015215       0.001891       1.000000     422.986465       1.000000            9
       542      135.50000       9       5      34.704666     -30.890015       3.814651       0.015215       0.001884       1.000000     423.792950       1.000000            9
       543      135.75000       9       5      34.705603     -30.890952       3.814651       0.015215       0.001877       1.000000     424.599444       1.000000            9
       544      136.00000       9       5      34.706536     -30.891885       3.814651       0.015215       0.001869       1.000000     425.405946       1.000000            9
       545      136.25000       9       5      34.707466     -30.892815       3.814651       0.015215       0.001862       1.000000     426.212457       1.000000            9
       546      136.50000       9       5      34.708392     -30.893741       3.814651       0.015214       0.001855       1.000000     427.018977       1.000000            9
       547      136.75000       9       5      34.709315     -30.894664       3.814651       0.015214       0.001848       1.000000     427.825505       1.000000           10
       548      137.00000       9       5      34.710234     -30.895583       3.814651       0.015214       0.001842       1.000000     428.632041       1.000000            9
       549      137.25000       9       5      34.711150     -30.896499       3.814651       0.015214       0.001835       1.000000     429.438587       1.000000            9
       550      137.50000       9       5      34.712063     -30.897412       3.814651       0.015214       0.001828       1.000000     430.245140       1.000000            9
       551      137.75000       9       5      34.712972     -30.898321       3.814651       0.015215       0.001821       1.000000     431.051703       1.000000            8
       552      138.00000       9       5      34.713878     -30.899227       3.814651       0.015215       0.001814       1.000000     431.858273       1.000000           10
       553      138.25000       9       5      34.714780     -30.900129       3.814651       0.015215       0.001807       1.000000     432.664852       1.000000            9
       554      138.50000       9       5      34.715679     -30.901028       3.814651       0.015215       0.001801       1.000000     433.471439       1.000000            9
       555      138.75000       9       5      34.716575     -30.901924       3.814651       0.015215       0.001794       1.000000     434.278035       1.000000            9
       556      139.00000       9       5      34.717467     -30.902816       3.814651       0.015215       0.001788       1.000000     435.084639       1.000000           10
       557      139.25000       9       5      34.718357     -30.903706       3.814651       0.015216       0.001781       1.000000     435.891251       1.000000            9
       558      139.50000       9       5      34.719243     -30.904592       3.814651       0.015216       0.001774       1.000000     436.697872       1.000000            9
       559      139.75000       9       5      34.720125     -30.905474       3.814651       0.015216       0.001768       1.000000     437.504500       1.000000            9
       560      140.00000       9       5      34.721005     -30.906354       3.814651       0.015216       0.001761       1.000000     438.311136       1.000000            9
       561      140.25000       9       5      34.721881     -30.907230       3.814651       0.015216       0.001755       1.000000     439.117782       1.000000            9
       562      140.50000       9       5      34.722754     -30.908103       3.814651       0.015216       0.001749       1.000000     439.924434       1.000000            9
       563      140.75000       9       5      34.723624     -30.908973       3.814651       0.015215       0.001742       1.000000     440.731095       1.000000            9
       564      141.00000       9       5      34.724491     -30.909840       3.814651       0.015215       0.001736       1.000000     441.537764       1.000000            9
       565      141.25000       9       5      34.725354     -30.910703       3.814651       0.015215       0.001730       1.000000     442.344441       1.000000            9
       566      141.50000       9       5      34.726215     -30.911564       3.814651       0.015215       0.001723       1.000000     443.151127       1.000000            9
       567      141.75000       9       5      34.727072     -30.912421       3.814651       0.015215       0.001717       1.000000     443.957820       1.000000            9
       568      142.00000       9       5      34.727926     -30.913275       3.814651       0.015215       0.001711       1.000000     444.764520       1.000000            9
       569      142.25000       9       5      34.728778     -30.914127       3.814651       0.015215       0.001705       1.000000     445.571229       1.000000           10
       570      142.50000       9       5      34.729626     -30.914975       3.814651       0.015215       0.001699       1.000000     446.377947       1.000000            9
       571      142.75000       9       5      34.730471     -30.915820       3.814651       0.015215       0.001692       1.000000     447.184671       1.000000            9
       572      143.00000       9       5      34.731313     -30.916662       3.814651       0.015215       0.001686       1.000000     447.991403       1.000000            9
       573      143.25000       9       5      34.732152     -30.917501       3.814651       0.015215       0.001680       1.000000     448.798144       1.000000           10
       574      143.50000       9       5      34.732988     -30.918337       3.814651       0.015215       0.001674       1.000000     449.604891       1.000000            9
       575      143.75000       9       5      34.733822     -30.919171       3.814651       0.015215       0.001668       1.000000     450.411647       1.000000            9
       576      144.00000       9       5      34.734652     -30.920001       3.814651       0.015215       0.001662       1.000000     451.218411       1.000000            9
       577      144.25000       9       5      34.735479     -30.920828       3.814651       0.015215       0.001656       1.000000     452.025182       1.000000            9
       578      144.50000       9       5      34.736303     -30.921652       3.814651       0.015216       0.001651       1.000000     452.831961       1.000000            9
       579      144.75000       9       5      34.737125     -30.922474       3.814651       0.015216       0.001645       1.000000     453.638747       1.000000            9
       580      145.00000       9       5      34.737943     -30.923292       3.814651       0.015216       0.001639       1.000000     454.445541       1.000000            9
       581      145.25000       9       5      34.738759     -30.924108       3.814651       0.015216       0.001633       1.000000     455.252343       1.000000            9
       582      145.50000       9       5      34.739572     -30.924921       3.814651       0.015216       0.001627       1.000000     456.059152       1.000000            9
       583      145.75000       9       5      34.740382     -30.925731       3.814651       0.015217       0.001622       1.000000     456.865968       1.000000            9
       584      146.00000       9       5      34.741189     -30.926538       3.814651       0.015217       0.001616       1.000000     457.672792       1.000000           10
       585      146.25000       9       5      34.741993     -30.927342       3.814651       0.015216       0.001610       1.000000     458.479624       1.000000            9
       586      146.50000       9       5      34.742794     -30.928143       3.814651       0.015216       0.001605       1.000000     459.286463       1.000000            9
       587      146.75000       9       5      34.743593     -30.928942       3.814651       0.015216       0.001599       1.000000     460.093310       1.000000            8
       588      147.00000       9       5      34.744389     -30.929738       3.814651       0.015217       0.001594       1.000000     460.900163       1.000000           10
       589      147.25000       9       5      34.745182     -30.930531       3.814651       0.015217       0.001588       1.000000     461.707024       1.000000            8
       590      147.50000       9       5      34.745973     -30.931322       3.814651       0.015217       0.001582       1.000000     462.513893       1.000000            9
       591      147.75000       9       5      34.746760     -30.932109       3.814651       0.015217       0.001577       1.000000     463.320769       1.000000            9
       592      148.00000       9       5      34.747545     -30.932894       3.814651       0.015217       0.001572       1.000000     464.127652       1.000000           10
       593      148.25000       9       5      34.748327     -30.933676       3.814651       0.015217       0.001566       1.000000     464.934542       1.000000            9
       594      148.50000       9       5      34.749107     -30.934456       3.814651       0.015217       0.001561       1.000000     465.741440       1.000000            9
       595      148.75000       9       5      34.749884     -30.935233       3.814651       0.015216       0.001555       1.000000     466.548344       1.000000            9
       596      149.00000       9       5      34.750658     -30.936007       3.814651       0.015216       0.001550       1.000000     467.355257       1.000000            9
       597      149.25000       9       5      34.751430     -30.936779       3.814651       0.015216       0.001545       1.000000     468.162176       1.000000            9
       598      149.50000       9       5      34.752198     -30.937547       3.814651       0.015216       0.001539       1.000000     468.969102       1.000000            9
       599      149.75000       9       5      34.752965     -30.938314       3.814651       0.015216       0.001534       1.000000     469.776036       1.000000            9
       600      150.00000       9       5      34.753728     -30.939077       3.814651       0.015216       0.001529       1.000000     470.582976       1.000000            9
       601      150.25000       9       5      34.754490     -30.939839       3.814651       0.015216       0.001524       1.000000     471.389923       1.000000            9
       602      150.50000       9       5      34.755248     -30.940597       3.814651       0.015216       0.001518       1.000000     472.196879       1.000000            9
       603      150.75000       9       5      34.756004     -30.941353       3.814651       0.015216       0.001513       1.000000     473.003840       1.000000            9
       604      151.00000       9       5      34.756757     -30.942106       3.814651       0.015216       0.001508       1.000000     473.810808       1.000000            9
       605      151.25000       9       5      34.757508     -30.942857       3.814651       0.015216       0.001503       1.000000     474.617784       1.000000            9
       606      151.50000       9       5      34.758257     -30.943606       3.814651       0.015216       0.001498       1.000000     475.424767       1.000000            9
       607      151.75000       9       5      34.759002     -30.944351       3.814651       0.015215       0.001493       1.000000     476.231756       1.000000            8
       608      152.00000       9       5      34.759746     -30.945095       3.814651       0.015215       0.001488       1.000000     477.038752       1.000000            9
       609      152.25000       9       5      34.760486     -30.945835       3.814651       0.015215       0.001483       1.000000     477.845755       1.000000           10
       610      152.50000       9       5      34.761225     -30.946574       3.814651       0.015215       0.001478       1.000000     478.652765       1.000000            9
       611      152.75000       9       5      34.761961     -30.947310       3.814651       0.015215       0.001473       1.000000     479.459783       1.000000           10
       612      153.00000       9       5      34.762694     -30.948043       3.814651       0.015214       0.001468       1.000000     480.266806       1.000000            8
       613      153.25000       9       5      34.763425     -30.948774       3.814651       0.015214       0.001463       1.000000     481.073837       1.000000           10
       614      153.50000       9       5      34.764153     -30.949502       3.814651       0.015215       0.001458       1.000000     481.880874       1.000000            8
       615      153.75000       9       5      34.764879     -30.950228       3.814651       0.015214       0.001453       1.000000     482.687918       1.000000            9
       616      154.00000       9       5      34.765603     -30.950952       3.814651       0.015214       0.001449       1.000000     483.494968       1.000000            9
       617      154.25000       9       5      34.766324     -30.951673       3.814651       0.015215       0.001444       1.000000     484.302025       1.000000           10
       618      154.50000       9       5      34.767043     -30.952392       3.814651       0.015215       0.001439       1.000000     485.109090       1.000000            9
       619      154.75000       9       5      34.767760     -30.953109       3.814651       0.015216       0.001434       1.000000     485.916161       1.000000            9
       620      155.00000       9       5      34.768474     -30.953823       3.814651       0.015216       0.001429       1.000000     486.723238       1.000000            9
       621      155.25000       9       5      34.769186     -30.954535       3.814651       0.015215       0.001425       1.000000     487.530321       1.000000            9
       622      155.50000       9       5      34.769895     -30.955244       3.814651       0.015215       0.001420       1.000000     488.337412       1.000000            9
       623      155.75000       9       5      34.770603     -30.955951       3.814651       0.015215       0.001415       1.000000     489.144509       1.000000           10
       624      156.00000       9       5      34.771307     -30.956656       3.814651       0.015215       0.001411       1.000000     489.951612       1.000000            9
       625      156.25000       9       5      34.772010     -30.957359       3.814651       0.015214       0.001406       1.000000     490.758723       1.000000            9
       626      156.50000       9       5      34.772710     -30.958059       3.814651       0.015213       0.001402       1.000000     491.565839       1.000000            9
       627      156.75000       9       5      34.773408     -30.958757       3.814651       0.015213       0.001397       1.000000     492.372963       1.000000            9
       628      157.00000       9       5      34.774104     -30.959453       3.814651       0.015212       0.001392       1.000000     493.180092       1.000000            9
       629      157.25000       9       5      34.774797     -30.960146       3.814651       0.015212       0.001388       1.000000     493.987228       1.000000            9
       630      157.50000       9       5      34.775489     -30.960837       3.814651       0.015213       0.001383       1.000000     494.794370       1.000000            9
       631      157.75000       9       5      34.776177     -30.961526       3.814651       0.015213       0.001379       1.000000     495.601519       1.000000            9
       632      158.00000       9       5      34.776864     -30.962213       3.814651       0.015213       0.001374       1.000000     496.408674       1.000000            9
       633      158.25000       9       5      34.777549     -30.962898       3.814651       0.015212       0.001370       1.000000     497.215836       1.000000            9
       634      158.50000       9       5      34.778231     -30.963580       3.814651       0.015211       0.001366       1.000000     498.023003       1.000000            9
       635      158.75000       9       5      34.778911     -30.964260       3.814651       0.015211       0.001361       1.000000     498.830178       1.000000            8
       636      159.00000       9       5      34.779589     -30.964938       3.814651       0.015211       0.001357       1.000000     499.637358       1.000000           10
       637      159.25000       9       5      34.780265     -30.965614       3.814651       0.015211       0.001352       1.000000     500.444545       1.000000           10
       638      159.50000       9       5      34.780938     -30.966287       3.814651       0.015211       0.001348       1.000000     501.251738       1.000000            9
       639      159.75000       9       5      34.781610     -30.966959       3.814651       0.015211       0.001344       1.000000     502.058937       1.000000            9
       640      160.00000       9       5      34.782279     -30.967628       3.814651       0.015212       0.001339       1.000000     502.866142       1.000000           10
       641      160.25000       9       5      34.782946     -30.968295       3.814651       0.015211       0.001335       1.000000     503.673353       1.000000            9
       642      160.50000       9       5      34.783612     -30.968960       3.814651       0.015211       0.001331       1.000000     504.480571       1.000000            9
       643      160.75000       9       5      34.784274     -30.969623       3.814651       0.015211       0.001327       1.000000     505.287795       1.000000           10
       644      161.00000       9       5      34.784935     -30.970284       3.814651       0.015211       0.001322       1.000000     506.095025       1.000000            9
       645      161.25000       9       5      34.785594     -30.970943       3.814651       0.015211       0.001318       1.000000     506.902261       1.000000            8
       646      161.50000       9       5      34.786251     -30.971600       3.814651       0.015211       0.001314       1.000000     507.709503       1.000000            9
       647      161.75000       9       5      34.786905     -30.972254       3.814651       0.015211       0.001310       1.000000     508.516752       1.000000            9
       648      162.00000       9       5      34.787558     -30.972907       3.814651       0.015211       0.001306       1.000000     509.324006       1.000000           10
       649      162.25000       9       5      34.788208     -30.973557       3.814651       0.015211       0.001302       1.000000     510.131266       1.000000            9
       650      162.50000       9       5      34.788857     -30.974206       3.814651       0.015211       0.001298       1.000000     510.938532       1.000000            9
       651      162.75000       9       5      34.789503     -30.974852       3.814651       0.015210       0.001293       1.000000     511.745805       1.000000            9
       652      163.00000       9       5      34.790148     -30.975497       3.814651       0.015210       0.001289       1.000000     512.553083       1.000000            9
       653      163.25000       9       5      34.790790     -30.976139       3.814651       0.015209       0.001285       1.000000     513.360367       1.000000           10
       654      163.50000       9       5      34.791430     -30.976779       3.814651       0.015209       0.001281       1.000000     514.167657       1.000000            8
       655      163.75000       9       5      34.792069     -30.977418       3.814651       0.015208       0.001277       1.000000     514.974953       1.000000            9
       656      164.00000       9       5      34.792705     -30.978054       3.814651       0.015208       0.001273       1.000000     515.782256       1.000000           10
       657      164.25000       9       5      34.793340     -30.978689       3.814651       0.015208       0.001269       1.000000     516.589563       1.000000            9
       658      164.50000       9       5      34.793972     -30.979321       3.814651       0.015207       0.001265       1.000000     517.396878       1.000000            9
       659      164.75000       9       5      34.794603     -30.979951       3.814651       0.015207       0.001262       1.000000     518.204197       1.000000            9
       660      165.00000       9       5      34.795231     -30.980580       3.814651       0.015206       0.001258       1.000000     519.011522       1.000000           10
       661      165.25000       9       5      34.795858     -30.981207       3.814651       0.015206       0.001254       1.000000     519.818854       1.000000            9
       662      165.50000       9       5      34.796482     -30.981831       3.814651       0.015206       0.001250       1.000000     520.626191       1.000000            9
       663      165.75000       9       5      34.797105     -30.982454       3.814651       0.015206       0.001246       1.000000     521.433533       1.000000            9
       664      166.00000       9       5      34.797726     -30.983075       3.814651       0.015206       0.001242       1.000000     522.240882       1.000000            9
       665      166.25000       9       5      34.798345     -30.983694       3.814651       0.015206       0.001238       1.000000     523.048237       1.000000            9
       666      166.50000       9       5      34.798962     -30.984311       3.814651       0.015205       0.001235       1.000000     523.855596       1.000000            9
       667      166.75000       9       5      34.799577     -30.984926       3.814651       0.015204       0.001231       1.000000     524.662962       1.000000            9
       668      167.00000       9       5      34.800190     -30.985539       3.814651       0.015204       0.001227       1.000000     525.470333       1.000000            9
       669      167.25000       9       5      34.800802     -30.986151       3.814651       0.015204       0.001223       1.000000     526.277711       1.000000            9
       670      167.50000       9       5      34.801411     -30.986760       3.814651       0.015204       0.001219       1.000000     527.085094       1.000000           10
       671      167.75000       9       5      34.802019     -30.987368       3.814651       0.015204       0.001216       1.000000     527.892482       1.000000            9
       672      168.00000       9       5      34.802625     -30.987974       3.814651       0.015204       0.001212       1.000000     528.699876       1.000000            9
       673      168.25000       9       5      34.803229     -30.988578       3.814651       0.015204       0.001208       1.000000     529.507275       1.000000            9
       674      168.50000       9       5      34.803831     -30.989180       3.814651       0.015204       0.001205       1.000000     530.314680       1.000000            9
       675      168.75000       9       5      34.804431     -30.989780       3.814651       0.015205       0.001201       1.000000     531.122091       1.000000            9
       676      169.00000       9       5      34.805030     -30.990379       3.814651       0.015204       0.001197       1.000000     531.929507       1.000000            9
       677      169.25000       9       5      34.805627     -30.990976       3.814651       0.015204       0.001194       1.000000     532.736929       1.000000           10
       678      169.50000       9       5      34.806222     -30.991571       3.814651       0.015203       0.001190       1.000000     533.544356       1.000000            9
       679      169.75000       9       5      34.806815     -30.992164       3.814651       0.015203       0.001187       1.000000     534.351789       1.000000            8
       680      170.00000       9       5      34.807406     -30.992755       3.814651       0.015203       0.001183       1.000000     535.159228       1.000000           10
       681      170.25000       9       5      34.807996     -30.993345       3.814651       0.015202       0.001180       1.000000     535.966672       1.000000            9
       682      170.50000       9       5      34.808584     -30.993933       3.814651       0.015203       0.001176       1.000000     536.774120       1.000000            9
       683      170.75000       9       5      34.809170     -30.994519       3.814651       0.015203       0.001172       1.000000     537.581575       1.000000           10
       684      171.00000       9       5      34.809754     -30.995103       3.814651       0.015202       0.001169       1.000000     538.389035       1.000000            9
       685      171.25000       9       5      34.810337     -30.995686       3.814651       0.015202       0.001165       1.000000     539.196500       1.000000            9
       686      171.50000       9       5      34.810918     -30.996266       3.814651       0.015203       0.001162       1.000000     540.003971       1.000000           10
       687      171.75000       9       5      34.811497     -30.996846       3.814651       0.015203       0.001159       1.000000     540.811448       1.000000            9
       688      172.00000       9       5      34.812074     -30.997423       3.814651       0.015203       0.001155       1.000000     541.618929       1.000000            8
       689      172.25000       9       5      34.812650     -30.997999       3.814651       0.015203       0.001152       1.000000     542.426416       1.000000            9
       690      172.50000       9       5      34.813224     -30.998573       3.814651       0.015203       0.001148       1.000000     543.233908       1.000000            9
       691      172.75000       9       5      34.813796     -30.999145       3.814651       0.015203       0.001145       1.000000     544.041406       1.000000           10
       692      173.00000       9       5      34.814367     -30.999716       3.814651       0.015203       0.001141       1.000000     544.848908       1.000000            8
       693      173.25000       9       5      34.814936     -31.000285       3.814651       0.015204       0.001138       1.000000     545.656417       1.000000            9
       694      173.50000       9       5      34.815503     -31.000852       3.814651       0.015203       0.001135       1.000000     546.463930       1.000000           10
       695      173.75000       9       5      34.816069     -31.001418       3.814651       0.015203       0.001131       1.000000     547.271449       1.000000            9
       696      174.00000       9       5      34.816633     -31.001982       3.814651       0.015203       0.001128       1.000000     548.078973       1.000000            9
       697      174.25000       9       5      34.817195     -31.002544       3.814651       0.015203       0.001125       1.000000     548.886501       1.000000            9
       698      174.50000       9       5      34.817756     -31.003105       3.814651       0.015204       0.001122       1.000000     549.694036       1.000000            9
       699      174.75000       9       5      34.818315     -31.003664       3.814651       0.015204       0.001118       1.000000     550.501575       1.000000            9
       700      175.00000       9       5      34.818872     -31.004221       3.814651       0.015203       0.001115       1.000000     551.309120       1.000000            9
       701      175.25000       9       5      34.819428     -31.004777       3.814651       0.015203       0.001112       1.000000     552.116669       1.000000            9
       702      175.50000       9       5      34.819982     -31.005331       3.814651       0.015203       0.001108       1.000000     552.924224       1.000000            9
       703      175.75000       9       5      34.820535     -31.005884       3.814651       0.015203       0.001105       1.000000     553.731784       1.000000            9
       704      176.00000       9       5      34.821086     -31.006435       3.814651       0.015203       0.001102       1.000000     554.539349       1.000000            9
       705      176.25000       9       5      34.821635     -31.006984       3.814651       0.015203       0.001099       1.000000     555.346919       1.000000            9
       706      176.50000       9       5      34.822183     -31.007532       3.814651       0.015203       0.001096       1.000000     556.154494       1.000000            9
       707      176.75000       9       5      34.822729     -31.008078       3.814651       0.015202       0.001092       1.000000     556.962074       1.000000            9
       708      177.00000       9       5      34.823274     -31.008623       3.814651       0.015202       0.001089       1.000000     557.769660       1.000000            9
       709      177.25000       9       5      34.823817     -31.009166       3.814651       0.015202       0.001086       1.000000     558.577250       1.000000            9
       710      177.50000       9       5      34.824358     -31.009707       3.814651       0.015202       0.001083       1.000000     559.384846       1.000000           10
       711      177.75000       9       5      34.824898     -31.010247       3.814651       0.015203       0.001080       1.000000     560.192446       1.000000            9
       712      178.00000       9       5      34.825437     -31.010786       3.814651       0.015203       0.001077       1.000000     561.000052       1.000000            9
       713      178.25000       9       5      34.825974     -31.011322       3.814651       0.015204       0.001074       1.000000     561.807662       1.000000           10
       714      178.50000       9       5      34.826509     -31.011858       3.814651       0.015205       0.001071       1.000000     562.615277       1.000000            9
       715      178.75000       9       5      34.827043     -31.012392       3.814651       0.015206       0.001068       1.000000     563.422897       1.000000            9
       716      179.00000       9       5      34.827575     -31.012924       3.814651       0.015206       0.001065       1.000000     564.230522       1.000000            9
       717      179.25000       9       5      34.828106     -31.013455       3.814651       0.015206       0.001062       1.000000     565.038153       1.000000            9
       718      179.50000       9       5      34.828635     -31.013984       3.814651       0.015206       0.001059       1.000000     565.845787       1.000000            9
       719      179.75000       9       5      34.829163     -31.014512       3.814651       0.015207       0.001056       1.000000     566.653427       1.000000            9
       720      180.00000       9       5      34.829689     -31.015038       3.814651       0.015207       0.001053       1.000000     567.461072       1.000000            9
       721      180.25000       9       5      34.830214     -31.015563       3.814651       0.015207       0.001050       1.000000     568.268722       1.000000            9
       722      180.50000       9       5      34.830737     -31.016086       3.814651       0.015206       0.001047       1.000000     569.076376       1.000000            9
       723      180.75000       9       5      34.831259     -31.016608       3.814651       0.015206       0.001044       1.000000     569.884036       1.000000            9
       724      181.00000       9       5      34.831779     -31.017128       3.814651       0.015207       0.001041       1.000000     570.691700       1.000000            9
       725      181.25000       9       5      34.832298     -31.017647       3.814651       0.015208       0.001038       1.000000     571.499369       1.000000            9
       726      181.50000       9       5      34.832816     -31.018165       3.814651       0.015208       0.001035       1.000000     572.307042       1.000000            9
       727      181.75000       9       5      34.833332     -31.018681       3.814651       0.015208       0.001032       1.000000     573.114721       1.000000           10
       728      182.00000       9       5      34.833846     -31.019195       3.814651       0.015208       0.001029       1.000000     573.922404       1.000000            9
       729      182.25000       9       5      34.834360     -31.019708       3.814651       0.015208       0.001026       1.000000     574.730092       1.000000            9
       730      182.50000       9       5      34.834871     -31.020220       3.814651       0.015208       0.001023       1.000000     575.537785       1.000000            9
       731      182.75000       9       5      34.835382     -31.020730       3.814651       0.015207       0.001020       1.000000     576.345483       1.000000            8
       732      183.00000       9       5      34.835890     -31.021239       3.814651       0.015207       0.001018       1.000000     577.153184       1.000000            9
       733      183.25000       9       5      34.836398     -31.021747       3.814651       0.015206       0.001015       1.000000     577.960892       1.000000           10
       734      183.50000       9       5      34.836904     -31.022253       3.814651       0.015206       0.001012       1.000000     578.768603       1.000000            9
       735      183.75000       9       5      34.837408     -31.022757       3.814651       0.015206       0.001009       1.000000     579.576319       1.000000            9
       736      184.00000       9       5      34.837912     -31.023261       3.814651       0.015206       0.001006       1.000000     580.384040       1.000000            9
       737      184.25000       9       5      34.838413     -31.023762       3.814651       0.015205       0.001004       1.000000     581.191767       1.000000            9
       738      184.50000       9       5      34.838914     -31.024263       3.814651       0.015205       0.001001       1.000000     581.999496       1.000000            8
       739      184.75000       9       5      34.839413     -31.024762       3.814651       0.015205       0.000998       1.000000     582.807231       1.000000            9
       740      185.00000       9       5      34.839911     -31.025260       3.814651       0.015204       0.000995       1.000000     583.614970       1.000000            9
       741      185.25000       9       5      34.840407     -31.025756       3.814651       0.015204       0.000992       1.000000     584.422714       1.000000            9
       742      185.50000       9       5      34.840902     -31.026251       3.814651       0.015204       0.000990       1.000000     585.230463       1.000000            9
       743      185.75000       9       5      34.841396     -31.026744       3.814651       0.015205       0.000987       1.000000     586.038216       1.000000            8
       744      186.00000       9       5      34.841888     -31.027237       3.814651       0.015205       0.000984       1.000000     586.845974       1.000000            9
       745      186.25000       9       5      34.842379     -31.027728       3.814651       0.015205       0.000982       1.000000     587.653736       1.000000            9
       746      186.50000       9       5      34.842868     -31.028217       3.814651       0.015205       0.000979       1.000000     588.461503       1.000000            9
       747      186.75000       9       5      34.843357     -31.028705       3.814651       0.015205       0.000976       1.000000     589.269274       1.000000            9
       748      187.00000       9       5      34.843843     -31.029192       3.814651       0.015205       0.000974       1.000000     590.077050       1.000000            9
       749      187.25000       9       5      34.844329     -31.029678       3.814651       0.015205       0.000971       1.000000     590.884831       1.000000            9
       750      187.50000       9       5      34.844813     -31.030162       3.814651       0.015206       0.000968       1.000000     591.692616       1.000000            9
       751      187.75000       9       5      34.845296     -31.030645       3.814651       0.015206       0.000966       1.000000     592.500404       1.000000            9
       752      188.00000       9       5      34.845778     -31.031127       3.814651       0.015207       0.000963       1.000000     593.308198       1.000000            9
       753      188.25000       9       5      34.846258     -31.031607       3.814651       0.015208       0.000960       1.000000     594.115997       1.000000            9
       754      188.50000       9       5      34.846737     -31.032086       3.814651       0.015208       0.000958       1.000000     594.923799       1.000000            9
       755      188.75000       9       5      34.847215     -31.032564       3.814651       0.015208       0.000955       1.000000     595.731606       1.000000            9
       756      189.00000       9       5      34.847691     -31.033040       3.814651       0.015208       0.000953       1.000000     596.539417       1.000000            9
       757      189.25000       9       5      34.848167     -31.033515       3.814651       0.015208       0.000950       1.000000     597.347234       1.000000            9
       758      189.50000       9       5      34.848641     -31.033989       3.814651       0.015209       0.000948       1.000000     598.155054       1.000000            9
       759      189.75000       9       5      34.849113     -31.034462       3.814651       0.015209       0.000945       1.000000     598.962879       1.000000            9
       760      190.00000       9       5      34.849585     -31.034933       3.814651       0.015209       0.000942       1.000000     599.770708       1.000000            9
       761      190.25000       9       5      34.850055     -31.035403       3.814651       0.015209       0.000940       1.000000     600.578541       1.000000            8
       762      190.50000       9       5      34.850523     -31.035872       3.814651       0.015209       0.000937       1.000000     601.386379       1.000000           10
       763      190.75000       9       5      34.850991     -31.036340       3.814651       0.015209       0.000935       1.000000     602.194220       1.000000            9
       764      191.00000       9       5      34.851457     -31.036806       3.814651       0.015208       0.000932       1.000000     603.002067       1.000000            9
       765      191.25000       9       5      34.851923     -31.037271       3.814651       0.015208       0.000930       1.000000     603.809918       1.000000            9
       766      191.50000       9       5      34.852386     -31.037735       3.814651       0.015209       0.000927       1.000000     604.617773       1.000000           10
       767      191.75000       9       5      34.852849     -31.038198       3.814651       0.015209       0.000925       1.000000     605.425632       1.000000            9
       768      192.00000       9       5      34.853310     -31.038659       3.814651       0.015209       0.000923       1.000000     606.233495       1.000000            9
       769      192.25000       9       5      34.853771     -31.039119       3.814651       0.015209       0.000920       1.000000     607.041363       1.000000            9
       770      192.50000       9       5      34.854230     -31.039578       3.814651       0.015209       0.000918       1.000000     607.849235       1.000000            9
       771      192.75000       9       5      34.854687     -31.040036       3.814651       0.015209       0.000915       1.000000     608.657111       1.000000            9
       772      193.00000       9       5      34.855144     -31.040493       3.814651       0.015210       0.000913       1.000000     609.464992       1.000000            9
       773      193.25000       9       5      34.855599     -31.040948       3.814651       0.015209       0.000910       1.000000     610.272876       1.000000            9
       774      193.50000       9       5      34.856053     -31.041402       3.814651       0.015208       0.000908       1.000000     611.080765       1.000000            9
       775      193.75000       9       5      34.856506     -31.041855       3.814651       0.015207       0.000906       1.000000     611.888658       1.000000            9
       776      194.00000       9       5      34.856958     -31.042307       3.814651       0.015207       0.000903       1.000000     612.696556       1.000000            8
       777      194.25000       9       5      34.857409     -31.042758       3.814651       0.015207       0.000901       1.000000     613.504457       1.000000            9
       778      194.50000       9       5      34.857858     -31.043207       3.814651       0.015207       0.000898       1.000000     614.312363       1.000000            9
       779      194.75000       9       5      34.858306     -31.043655       3.814651       0.015207       0.000896       1.000000     615.120273       1.000000            8
       780      195.00000       9       5      34.858753     -31.044102       3.814651       0.015207       0.000894       1.000000     615.928187       1.000000            9
       781      195.25000       9       5      34.859199     -31.044548       3.814651       0.015208       0.000891       1.000000     616.736105       1.000000           10
       782      195.50000       9       5      34.859644     -31.044993       3.814651       0.015209       0.000889       1.000000     617.544027       1.000000            9
       783      195.75000       9       5      34.860088     -31.045437       3.814651       0.015209       0.000887       1.000000     618.351954       1.000000            9
       784      196.00000       9       5      34.860530     -31.045879       3.814651       0.015209       0.000884       1.000000     619.159884       1.000000            9
       785      196.25000       9       5      34.860971     -31.046320       3.814651       0.015209       0.000882       1.000000     619.967818       1.000000            9
       786      196.50000       9       5      34.861411     -31.046760       3.814651       0.015210       0.000880       1.000000     620.775756       1.000000            9
       787      196.75000       9       5      34.861851     -31.047199       3.814651       0.015210       0.000878       1.000000     621.583699       1.000000            9
       788      197.00000       9       5      34.862288     -31.047637       3.814651       0.015211       0.000875       1.000000     622.391646       1.000000            9
       789      197.25000       9       5      34.862725     -31.048074       3.814651       0.015211       0.000873       1.000000     623.199596       1.000000            9
       790      197.50000       9       5      34.863161     -31.048510       3.814651       0.015211       0.000871       1.000000     624.007551       1.000000            9
       791      197.75000       9       5      34.863595     -31.048944       3.814651       0.015210       0.000869       1.000000     624.815509       1.000000            9
       792      198.00000       9       5      34.864029     -31.049377       3.814651       0.015210       0.000866       1.000000     625.623472       1.000000            8
       793      198.25000       9       5      34.864461     -31.049810       3.814651       0.015210       0.000864       1.000000     626.431439       1.000000            9
       794      198.50000       9       5      34.864892     -31.050241       3.814651       0.015210       0.000862       1.000000     627.239410       1.000000            9
       795      198.75000       9       5      34.865322     -31.050671       3.814651       0.015211       0.000860       1.000000     628.047384       1.000000           10
       796      199.00000       9       5      34.865751     -31.051100       3.814651       0.015211       0.000857       1.000000     628.855363       1.000000            9
       797      199.25000       9       5      34.866179     -31.051528       3.814651       0.015212       0.000855       1.000000     629.663346       1.000000            9
       798      199.50000       9       5      34.866606     -31.051954       3.814651       0.015213       0.000853       1.000000     630.471333       1.000000            9
       799      199.75000       9       5      34.867031     -31.052380       3.814651       0.015213       0.000851       1.000000     631.279323       1.000000            9
       800      200.00000       9       5      34.867456     -31.052805       3.814651       0.015212       0.000849       1.000000     632.087317       1.000000            9
